dataset,length,uni_WQL,cl_WQL,uni_MASE,cl_MASE
monash_australian_electricity,230688,0.022296757411296022,0.023175697529908102,0.4205713359983187,0.426248825965658
monash_australian_electricity,230688,0.022780034349643367,0.018344419467714437,0.24158749902375665,0.19839789054204318
monash_australian_electricity,232224,0.016525104573130826,0.014666893316585418,0.34802134802442847,0.3118058125161081
monash_australian_electricity,230736,0.19161361912025746,0.18390535848818285,1.8354979623836114,1.820153732719973
monash_australian_electricity,230688,0.025709063645516016,0.026762161996022632,0.2902239445769686,0.3306263293638503
monash_cif_2016,108,0.012123029455712687,0.01222378407365232,0.2905665041056019,0.290566504105602
monash_cif_2016,108,0.009883329651618493,0.010571290626658294,0.3541379545450572,0.3668681201386068
monash_cif_2016,108,0.042832658884766645,0.03863927123970505,0.5729072006898318,0.5635417695285946
monash_cif_2016,108,0.027437800835849607,0.04095310357847343,0.7413467633050798,1.0803585737447359
monash_cif_2016,108,0.15899282505755452,0.15095948024083622,7.316613687874157,6.897877831081956
monash_cif_2016,108,0.03901733209687933,0.07895236785588577,0.7550014620723701,1.420265252184694
monash_cif_2016,108,0.014162958875395086,0.01333114502245708,0.2934121586084972,0.2890590201246007
monash_cif_2016,108,0.009256413824481887,0.00844544961386351,0.20135926579685107,0.19437838579519262
monash_cif_2016,108,0.0692669811155027,0.04438090642714035,0.6949642411624987,0.5014464180862096
monash_cif_2016,108,0.0442323604855547,0.04114081079968656,0.46875742834345474,0.4310687578825607
monash_cif_2016,108,0.008636366742125106,0.007000037197206369,0.1978085752535187,0.1391703414999677
monash_cif_2016,108,0.014301622190874531,0.0214738766620953,0.29834097055788167,0.5116960720401557
monash_cif_2016,108,0.014105369178136293,0.017483509344663944,0.3755189404142379,0.4749594310352763
monash_cif_2016,108,0.010241307034350382,0.009509312836919288,0.4036286532422983,0.3406366515114612
monash_cif_2016,108,0.028743375480018277,0.030185327768646117,0.4634965120419567,0.51479666474185
monash_cif_2016,108,0.038743945159817765,0.01945856585400007,1.274263736110548,0.6413590784861966
monash_cif_2016,108,0.14636698830200526,0.13479064225230428,8.381862660795143,7.702681006748594
monash_cif_2016,108,0.07859007716248514,0.10740479820505305,1.4092124852243737,1.8811659270147445
monash_cif_2016,108,0.015565041896585094,0.012234229000671991,0.3623207400459361,0.25783416305133317
monash_cif_2016,108,0.013350205577491978,0.011724849507990158,0.34687006435167844,0.3273935289318055
monash_cif_2016,108,0.02520993541766083,0.027458897126211454,0.3870289596605243,0.44320831426501717
monash_cif_2016,108,0.019551105965962726,0.022213274083188433,0.21392915246861885,0.2505842790301202
monash_cif_2016,108,0.010296617560090003,0.010208280070834823,0.2425140020376385,0.23055314786273048
monash_cif_2016,108,0.019543377643337738,0.017883503099514506,0.5476534116571898,0.4915655958613669
monash_cif_2016,108,0.05464178014366615,0.05162473353812794,0.7124827254545204,0.7067937575521883
monash_cif_2016,108,0.033576539730552336,0.033679908372315936,0.7453410696368578,0.7305454111595254
monash_cif_2016,108,0.06410535550353347,0.06820141025433704,0.5284256876491105,0.5799198349290733
monash_cif_2016,108,0.06230649546865155,0.055144690183571245,0.8480617857485292,0.7790284626625513
monash_cif_2016,108,0.14580937655646295,0.12992023968289493,2.627977967298667,2.374907951615418
monash_cif_2016,108,0.18604450436356124,0.16895528856840505,1.4178332364233839,1.3156709234297082
monash_cif_2016,108,0.032623978514476355,0.03764245441030151,0.3782837168196152,0.4710626303547747
monash_cif_2016,108,0.05900512323275927,0.03104708199639936,1.0695895991953555,0.502357752009962
monash_cif_2016,108,0.06990490761426488,0.0659775734662313,0.6110865535391528,0.5317299676870669
monash_cif_2016,108,0.07326179083586118,0.07510284358429019,0.5057018104787202,0.5022464605652369
monash_cif_2016,108,0.037373712621303706,0.03641922620843107,0.6206594207690782,0.6005009174001511
monash_cif_2016,108,0.047921376453019235,0.04666490923800423,0.7162607010900902,0.6702644483641022
monash_cif_2016,108,0.03510375188946098,0.04000158710205796,0.6447164314618622,0.6867352886503562
monash_cif_2016,108,0.04162095465064622,0.03679174188280217,0.9394733832905958,0.7928194957295694
monash_cif_2016,108,0.08444476788991724,0.08231037952434239,0.8998531110676904,0.9139480824324407
monash_cif_2016,108,0.07669166590585637,0.058178167959498435,1.1886311014355113,0.9157677995545201
monash_cif_2016,108,0.11988343220380858,0.09971351394101322,2.276430170841302,1.8837665648525206
monash_cif_2016,108,0.1889098879593349,0.11711555859381899,1.862770336050002,1.2339741520724539
monash_cif_2016,108,0.049990701451831314,0.04408368558135579,0.8885261767157336,0.8117398355360909
monash_cif_2016,108,0.031118214031373284,0.02449770953822801,0.5931267853149371,0.46240136655400316
monash_cif_2016,108,0.08715775230456219,0.08397549791032764,0.8043271137974392,0.7697962054222774
monash_cif_2016,108,0.20203502258084935,0.13652373653006866,1.7879499632485416,1.3152144692211127
monash_cif_2016,108,0.04711052418582318,0.039480705876444595,0.7383673791782273,0.6282846768110751
monash_cif_2016,108,0.048021557893103375,0.04365295330126429,0.9494123437520533,0.8776946861272337
monash_cif_2016,17,0.061308684029286714,0.03625012054296966,0.7261439698306811,0.43258102749483385
monash_cif_2016,17,0.042028555918294894,0.0198843198388552,0.5260835827661972,0.12239528951168273
monash_cif_2016,56,0.15952175126213594,0.10652399066659822,0.6299311661503013,0.4157602531302575
monash_cif_2016,56,0.147787533002073,0.14889321258674035,0.3510583082476571,0.26984759566831157
monash_cif_2016,54,0.004995443370058141,0.005088931284571052,0.04510756419153366,0.04510756419153366
monash_cif_2016,54,0.005244150618764581,0.0035444504131812776,0.040508546862104096,0.031086390229642446
monash_cif_2016,16,0.004053770714406761,0.0033997327873840247,0.8657543285226534,0.5190658337975945
monash_cif_2016,45,0.19630975819072138,0.16031933085971023,0.7530769230769231,0.597948717948718
monash_cif_2016,33,0.2166366684762741,0.1871158075889349,0.07690773791158435,0.08397897825833568
monash_cif_2016,25,0.6281997601848616,0.4234403520525068,0.25060608339421026,0.16570516952430062
monash_cif_2016,53,0.21146962694942448,0.168105366621251,0.7849254256792814,0.6735603646025754
monash_cif_2016,63,0.13546143854932455,0.11805416299478057,0.9853088879089329,0.8460648421860936
monash_cif_2016,63,0.34167205198195677,0.33847108487578403,1.4960007848387618,1.5116975600747906
monash_cif_2016,63,0.5885256169359888,0.5077456261221762,1.1119324551569507,1.0726247197309418
monash_cif_2016,48,0.34861186717474146,0.4241940361700841,0.30678466076696165,0.3713343744577477
monash_cif_2016,63,0.375009900990099,0.23562156215621557,0.5543849944684702,0.32570652720506893
monash_cif_2016,63,0.23450881755894346,0.30781766741454636,1.267905063008739,1.3962044963444094
monash_cif_2016,61,0.12735403835142486,0.1370005423368693,0.3298220064724919,0.4332416396979504
monash_cif_2016,26,0.5723025041637041,0.4255096165043914,0.6272713146395751,0.4983554595720741
monash_cif_2016,25,0.10638280803763389,0.10146357586142718,0.12294049313634059,0.08869582290286161
monash_cif_2016,63,1.025699378116637,0.41733491852621984,1.1516960297436805,0.6346199213686624
monash_cif_2016,32,0.11682428510732652,0.0896353773516663,1.867731186623996,1.4617441464915428
monash_cif_2016,32,0.14828231103783696,0.1454132355111399,0.2048002403145094,0.1394552622915655
monash_cif_2016,32,0.39688339204144174,0.21224940167164308,1.4338414340012104,0.8567905936170552
monash_car_parts,39,1.0352899551391603,1.0503298229641385,1.1439599990844727,1.1706962585449219
monash_car_parts,39,1.0923180858294168,1.019766754574246,1.2082074880599976,1.1599845886230469
monash_car_parts,39,1.0062943087683784,1.0093106495009527,0.5657111406326294,0.5694308280944824
monash_car_parts,39,1.0069641749064127,1.0068969302707247,1.1404495239257812,1.1330680847167969
monash_car_parts,14,,,,
monash_car_parts,39,1.001421864827474,1.001533822660093,3.3796359300613403,3.377327620983124
monash_car_parts,39,inf,inf,0.008313315255301339,0.019608633858816966
monash_car_parts,39,inf,inf,0.005605970110212053,0.012987409319196432
monash_car_parts,39,inf,inf,0.01343536376953125,0.027454376220703125
monash_car_parts,39,inf,inf,0.005985617637634277,0.017864227294921875
monash_car_parts,39,1.0068278418646919,1.0090362548828127,0.5663816928863525,0.5687398910522461
monash_car_parts,14,,,,
monash_car_parts,39,0.9579844156901041,0.9519903394911022,1.130940556526184,1.1437797546386719
monash_car_parts,39,inf,inf,0.013168144226074222,0.018741989135742192
monash_car_parts,39,inf,inf,0.011648450578962051,0.031948634556361606
monash_car_parts,39,1.0345035976833765,1.0310555299123128,0.7724876403808594,0.7773513793945312
monash_car_parts,39,inf,inf,0.008814811706542969,0.02096843719482422
monash_car_parts,39,1.026666580306159,1.0217524184121025,0.5673494338989258,0.566920280456543
monash_car_parts,39,inf,inf,0.0055694580078125,0.012722015380859375
monash_car_parts,39,1.0163713667127818,1.0237190246582033,0.462466049194336,0.4617244720458984
monash_car_parts,39,0.9999156549241808,0.9995945273505318,11.259973526000977,11.252463340759277
monash_car_parts,14,,,,
monash_car_parts,39,1.0125915103488499,1.0151203155517579,0.4519354820251465,0.4534066200256348
monash_car_parts,39,inf,inf,0.0007098734378814696,0.014604949951171876
monash_car_parts,39,inf,inf,0.00218963623046875,0.008564949035644531
monash_car_parts,39,inf,inf,0.040209960937500004,0.05619506835937502
monash_car_parts,39,inf,inf,0.012476348876953126,0.027136230468750005
monash_car_parts,39,1.171634848912557,1.211758009592692,0.34740339006696436,0.35636901855468756
monash_car_parts,39,0.740851174460517,0.867297993765937,1.3674323558807373,1.5018310546875
monash_car_parts,39,1.471285541852315,1.282300149069892,0.6675427385738919,0.6772090366908482
monash_car_parts,39,1.1428344726562498,1.1688161214192705,0.3476290021623883,0.36250959123883936
monash_car_parts,39,0.9411169475979274,0.9392951117621529,0.5139541625976562,0.5170440673828125
monash_car_parts,39,inf,inf,0.0065282821655273425,0.00737285614013672
monash_car_parts,14,,,,
monash_car_parts,39,inf,inf,0.015655517578125,0.032924652099609375
monash_car_parts,39,1.003873387089482,1.0021976329662179,0.6807909965515136,0.6797069549560547
monash_car_parts,39,1.0585810237460664,0.9949021763271754,0.7571104764938354,0.7713470458984375
monash_car_parts,39,1.2214576721191408,1.1414479573567706,0.3615980881911059,0.3729224571814904
monash_car_parts,39,1.2175125122070312,1.2458219740125867,0.23336334228515623,0.2323265075683594
monash_car_parts,39,0.8898572550879584,0.9176325374179416,1.1274717897176743,1.1385869979858398
monash_car_parts,39,inf,inf,0.031665802001953125,0.0342864990234375
monash_car_parts,14,,,,
monash_car_parts,39,inf,inf,0.012288665771484374,0.007104063034057618
monash_car_parts,39,1.5308586968315971,1.4447674221462674,0.1544480323791504,0.1576709747314453
monash_car_parts,39,0.8273792902628581,0.8293307569291856,0.7537111043930054,0.7636184692382812
monash_car_parts,39,1.319048210426613,1.3265970936527958,1.2960486778846156,1.2281024639423077
monash_car_parts,39,inf,inf,0.0032169342041015628,0.010883331298828125
monash_car_parts,39,0.673344612121582,0.6650374942355685,1.9889678955078125,1.985565185546875
monash_car_parts,39,2.394104342990451,2.4267103407118054,0.1429668225740132,0.17268773129111845
monash_car_parts,14,,,,
monash_car_parts,39,1.2192351326109871,1.1414167131696429,0.9318466186523438,0.9904861450195312
monash_car_parts,39,0.8688463846842449,0.9010837131076388,0.4824009945518093,0.48433082982113485
monash_car_parts,39,1.7964105394151473,2.0879909939236105,0.16238762350643382,0.19830322265625003
monash_car_parts,39,inf,inf,0.0205230712890625,0.050994873046875
monash_car_parts,39,0.8662615034315321,0.8488256101255063,1.7155362367630005,1.7188796997070312
monash_car_parts,39,0.8427221340603298,0.8458208550347223,0.501884128736413,0.5062070100203805
monash_car_parts,39,0.9449977168330439,1.0066496672453704,0.37260999177631576,0.3879041169819079
monash_car_parts,39,1.263502671983507,1.2986992730034723,0.4368357938878677,0.4573220645680147
monash_car_parts,39,1.8362714131673177,1.8133951822916667,0.30462890625,0.24815917968749998
monash_car_parts,39,0.7435550477769639,0.776035081327351,4.246299982070923,4.243659973144531
monash_car_parts,39,2.1949803670247396,2.5514350043402776,0.15693969726562504,0.17256774902343752
monash_car_parts,39,inf,inf,0.062425885881696425,0.049771990094866075
monash_car_parts,39,1.0652491251627603,1.0714147355821395,0.9968994140625002,1.0497985839843753
monash_car_parts,39,1.0741933610704208,1.0426131142510309,0.50933837890625,0.5078802108764648
monash_car_parts,39,0.8902576587818287,0.9307356657805267,0.5423416724571816,0.5448056734525241
monash_car_parts,39,0.8449271308051216,0.8553384992811414,0.8886696951729909,0.882476806640625
monash_car_parts,39,0.9836245528856913,0.9814761518107519,3.0027992248535154,3.006513977050781
monash_car_parts,39,1.1404677497016058,1.1788338555230036,0.07106754183769226,0.07457399368286133
monash_car_parts,39,0.9150825153456794,0.9089410085148282,4.507814025878907,4.511521911621094
monash_car_parts,39,0.6948326824701321,0.6897992675067388,3.043251514434815,3.034678867885045
monash_car_parts,39,0.8839477115207249,0.9104940854586088,6.502982139587402,6.5049543380737305
monash_car_parts,39,0.6197244771321615,0.6292340087890625,1.1002807617187502,1.085888671875
monash_car_parts,39,0.8883399256953486,0.8685308668348524,4.1496734619140625,4.147201538085938
monash_car_parts,39,0.7605388167636846,0.7621530470505259,2.009042990835089,2.0057348954050163
monash_car_parts,39,0.9783206515842013,1.0325206615306715,0.23265380859374996,0.24506835937499996
monash_car_parts,39,1.4532401756004052,1.3577347366898147,0.32622528076171875,0.2835845947265625
monash_car_parts,39,2.0390811496310763,2.578488498263889,0.077056884765625,0.09576416015625
monash_car_parts,39,0.5955896448206018,0.6177612304687501,1.0392626953125002,1.024365234375
monash_car_parts,39,0.6293775511376651,0.6778676492196541,2.063767282586349,2.0576236122532894
monash_car_parts,39,1.1582926432291667,1.108073933919271,0.2842192778716216,0.28911858635979737
monash_car_parts,39,0.9790705023871527,0.9220686848958333,0.3629688936121323,0.3667171702665441
monash_car_parts,39,0.7101868160187252,0.7181276109483506,0.9068487984793526,0.9047638484409877
monash_car_parts,39,0.8183696746826172,0.8172044542100694,0.8571428571428573,0.8575875418526785
monash_car_parts,39,2.3799094729953336,1.8321672439575194,0.08351963588169642,0.0800510951450893
monash_car_parts,39,0.709400921103395,0.6653782974054783,1.6013840895432692,1.3994891826923077
monash_car_parts,39,5.928842502170139,4.835237630208333,0.1673653080778302,0.10830861217570757
monash_car_parts,39,0.8591797960069444,0.8554184027777778,1.1249945068359375,1.1250274658203125
monash_car_parts,39,0.9281779940166169,1.1161204504588293,0.38089599609374997,0.5117431640625
monash_car_parts,39,0.9209772406684027,0.9184691026475692,0.3235931396484375,0.3414306640625
monash_car_parts,39,3.203814019097222,3.9057752821180554,0.4825613839285714,0.5721261160714285
monash_car_parts,39,2.08583747016059,1.9554199218749995,0.06083765029907227,0.06359367370605468
monash_car_parts,39,7.269411239624024,9.095152757432725,1.17982177734375,1.3707421875
monash_car_parts,39,0.9326087669089989,0.9384065981264467,0.2657318115234375,0.2818415715144231
monash_car_parts,39,1.5734429253472222,2.269588216145833,0.1855280949519231,0.3420973557692308
monash_car_parts,39,1.582622612847222,1.60412109375,0.5783203125,0.57392578125
monash_car_parts,39,1.367669677734375,1.548509837962963,0.49312250664893603,0.5290267619680852
monash_car_parts,39,2.4168292066786017,1.8022759670681425,0.2632818603515625,0.24736816406249998
monash_car_parts,39,0.6224330129187091,0.6162642335580065,0.6975319602272728,0.6771573153409092
monash_car_parts,39,1.9267750379774304,1.9017578124999999,0.11160198709239129,0.12883619225543477
monash_covid_deaths,182,0.08414640028828337,0.12143142913080858,25.23724002248455,31.911551433389548
monash_covid_deaths,182,0.013217092755177068,0.016964445264690462,3.1866969696969694,4.535969696969697
monash_covid_deaths,182,0.053337613329475314,0.01679123866705247,5.310590277777778,0.8484374999999997
monash_covid_deaths,182,0.02426297938951213,0.04408885796832575,6.79889224572004,14.855488418932527
monash_covid_deaths,182,inf,inf,,
monash_covid_deaths,182,0.0321227297008547,0.01844462250712251,2.6685897435897434,2.1464743589743596
monash_covid_deaths,182,0.0020421810699588483,0.0013323045267489711,0.1675925925925926,0.0
monash_covid_deaths,182,0.025436987269593946,0.032638442173143045,7.268882978723403,11.05576241134752
monash_covid_deaths,182,0.03366504359540133,0.019131516079218494,10.353992863295188,4.53223821828473
monash_covid_deaths,182,0.013096163851910871,0.008314511400633138,3.232340642529321,2.1296651368349484
monash_covid_deaths,182,0.04781334535617674,0.05534515579601242,8.028225806451614,15.472580645161292
monash_covid_deaths,182,0.17479848817925875,0.11902888657487755,55.351262626262624,43.23888888888889
monash_covid_deaths,182,0.1354243827160494,0.11069444444444443,30.13524305555556,27.150000000000002
monash_covid_deaths,182,0.007980324074074075,0.0050115740740740745,1.1626736111111111,1.1940972222222221
monash_covid_deaths,182,inf,inf,,
monash_covid_deaths,182,0.03315441632891517,0.028031547814656586,9.79569288389513,7.897565543071159
monash_covid_deaths,182,inf,inf,,
monash_covid_deaths,182,0.029037483121141978,0.0019097222222222224,1.099826388888889,0.03142361111111111
monash_covid_deaths,182,0.02983678921995702,0.011111111111111108,7.0628306878306875,2.442063492063492
monash_covid_deaths,182,0.02692698673018476,0.011007894205926187,7.105689045936396,2.4346525323910484
monash_covid_deaths,182,0.05513011614185455,0.05249052853860008,14.507424242424241,13.712121212121215
monash_covid_deaths,182,0.03985107576354117,0.048548711076920874,3.934843071722178,8.574050170950018
monash_covid_deaths,182,8.101851851851853e-05,0.0005478395061728395,0.0,0.0
monash_covid_deaths,182,0.0005324074074074075,0.00020543981481481485,0.0,0.0
monash_covid_deaths,182,0.0008333333333333335,0.00010127314814814815,0.09427083333333333,0.0
monash_covid_deaths,182,6.76638176638177e-05,0.0002207977207977208,0.0,0.0
monash_covid_deaths,182,0.004370895718413449,0.0028789072760703974,1.2885428253615123,0.300659992584353
monash_covid_deaths,182,0.0021730324074074074,0.0013917824074074073,0.70703125,0.353515625
monash_covid_deaths,182,0.009950810185185184,0.023871527777777776,1.5319010416666667,5.279166666666667
monash_covid_deaths,182,inf,inf,,
monash_covid_deaths,182,0.001936728395061729,0.0015084876543209878,0.2513888888888889,0.0
monash_covid_deaths,182,inf,inf,,
monash_covid_deaths,182,2.7006172839506174e-05,0.0007021604938271604,0.0,0.0
monash_covid_deaths,182,0.0008998842592592595,0.0003559027777777778,0.11783854166666667,0.0
monash_covid_deaths,182,0.1265046296296296,0.1258101851851852,26.85372023809524,28.308184523809523
monash_covid_deaths,182,0.35155767987438813,0.30285489978756813,256.4166666666667,223.01151960784313
monash_covid_deaths,182,0.13702969327556241,0.11630804631465572,36.39620596205962,30.24024390243902
monash_covid_deaths,182,0.04677796038404983,0.03475093465578718,11.669736842105264,8.71657894736842
monash_covid_deaths,182,inf,inf,,
monash_covid_deaths,182,0.04339271050470596,0.046491061840692315,9.588690476190473,11.824255952380952
monash_covid_deaths,182,0.04011286378484577,0.021461053781554336,9.715623058765065,1.5347558702944466
monash_covid_deaths,182,0.03633980035008313,0.03868638264525154,8.518655303030302,11.775284090909093
monash_covid_deaths,182,0.03856864917064304,0.036534310384003635,5.792874396135265,8.131884057971014
monash_covid_deaths,182,1.0000000006307619,1.0000000009550982,,
monash_covid_deaths,182,0.06551587301587301,0.11026190476190477,18.1,36.354700854700845
monash_covid_deaths,182,0.027454501915708814,0.016738505747126438,7.038888888888888,4.650694444444445
monash_covid_deaths,182,0.16379346904156067,0.10052215860899066,51.00052083333334,34.534548611111106
monash_covid_deaths,182,inf,inf,,
monash_covid_deaths,182,0.0892746913580247,0.07338697824808935,18.29673913043478,19.083695652173912
monash_covid_deaths,182,0.014941161043022141,0.00687055025974681,3.69716977700171,1.6849612572301647
monash_covid_deaths,182,0.06577499129223267,0.063357715081853,16.10930626057529,14.823011844331639
monash_covid_deaths,182,0.018608978832286578,0.021927580057377685,4.598577235772358,5.003252032520326
monash_covid_deaths,182,0.04176113446270115,0.03353076041268628,11.187637969094926,7.391832229580575
monash_covid_deaths,182,0.03072374588371031,0.04246969369196132,9.507995951417005,13.684919028340081
monash_covid_deaths,182,0.07605813672209877,0.09344958042410673,24.724824250017402,29.05192570938029
monash_covid_deaths,182,0.14016228998277078,0.09564759889455487,40.421805907173,28.65451476793249
monash_covid_deaths,182,0.08487403044825528,0.05227271269190549,25.510352941176468,17.645725490196078
monash_covid_deaths,182,0.061437658085274696,0.048317600190145776,13.340370370370373,10.902659932659935
monash_covid_deaths,182,0.13944115091980028,0.12182986319939666,47.08413333333333,42.064400000000006
monash_covid_deaths,182,0.2532601542551791,0.26830398273184347,101.47731481481479,106.37939814814814
monash_covid_deaths,182,inf,inf,,
monash_covid_deaths,182,0.41838378906249996,0.4263442887931035,315.6501736111111,307.7
monash_covid_deaths,182,0.42267756680731366,0.38957805907172993,168.96349999999998,158.8275
monash_covid_deaths,182,0.0640096618357488,0.04264069264069264,12.669999999999996,9.181159420289854
monash_covid_deaths,182,0.20124587813620073,0.18310394265232974,103.69791666666667,94.7421875
monash_covid_deaths,182,0.07864428599722718,0.06596850861556744,24.057916666666667,21.041249999999998
monash_covid_deaths,182,0.018458667044675976,0.023788598294232993,3.503225806451612,5.099139784946235
monash_covid_deaths,182,0.04958733800925447,0.038469469445543636,13.847993399339936,11.5093300330033
monash_covid_deaths,182,inf,inf,,
monash_covid_deaths,182,0.12382909815645242,0.0719357249626308,40.245075757575755,24.921780303030307
monash_covid_deaths,182,0.38837800369685765,0.395069572807558,132.39395833333333,135.56145833333332
monash_covid_deaths,182,0.0020746527777777777,0.0019618055555555556,0.5184895833333333,0.0
monash_covid_deaths,182,0.005702861952861953,0.004966329966329966,1.13125,1.1998106060606064
monash_covid_deaths,182,0.00640901771336554,0.007847557702630166,1.1367149758454105,1.7050724637681156
monash_covid_deaths,182,0.006702123059627275,0.010613856819590378,0.9700653594771241,2.3896732026143783
monash_covid_deaths,182,0.04125762597876735,0.022111735600710957,14.30509059534081,5.767845844118493
monash_covid_deaths,182,0.3869737090531483,0.311882847163221,174.36333333333334,144.84309523809526
monash_covid_deaths,182,0.05402334184446996,0.04354648816282829,12.439140179299104,10.993500407497963
monash_covid_deaths,182,0.07673497810235781,0.08016781478220335,19.054162648666022,20.06650594664095
monash_covid_deaths,182,0.13850530831879,0.11199461896451426,43.51541666666667,34.01291666666666
monash_covid_deaths,182,inf,inf,,
monash_covid_deaths,182,0.022816443349061293,0.023842032178091853,5.26648416112632,5.6440099074436185
monash_covid_deaths,182,0.0400433889711573,0.03231625197291846,11.301877934272296,6.251844399731723
monash_covid_deaths,182,0.014921124828532235,0.01587448559670782,1.3966049382716046,2.5697530864197526
monash_covid_deaths,182,0.07213659896455596,0.03534448426921545,16.705197132616483,8.920250896057347
monash_covid_deaths,182,0.03987068965517242,0.03897070561941251,6.703703703703704,3.117222222222222
monash_covid_deaths,182,0.03099707115820611,0.020640063831236437,8.8976430976431,5.223665223665224
monash_covid_deaths,182,0.00763783906861812,0.004024590990022508,1.7072008113590262,0.7342799188640972
monash_covid_deaths,182,0.013468915343915342,0.01657738095238095,1.13125,3.0436011904761897
monash_covid_deaths,182,0.024375,0.004533844189016603,2.756609195402299,0.23405172413793102
monash_covid_deaths,182,0.11975277125910962,0.09267796789184621,19.019140625,17.39296875
monash_covid_deaths,182,0.009540623252446923,0.017818179111338147,1.8414626860098204,5.258763233070073
monash_covid_deaths,182,0.014019219898247596,0.009115842807193852,3.892473118279571,1.521603128054741
monash_covid_deaths,182,0.007944958847736626,0.0033847736625514397,1.256944444444444,0.0
monash_covid_deaths,182,0.016519121813031164,0.007719546742209633,2.8096405228758172,0.5323529411764707
monash_covid_deaths,182,0.002608024691358025,0.002326388888888889,0.7541666666666667,0.5027777777777779
monash_covid_deaths,182,0.01925347222222222,0.05319444444444444,4.902083333333334,13.2921875
monash_covid_deaths,182,0.025078496910766735,0.023447786893548057,6.8560606060606055,5.6676767676767685
monash_covid_deaths,182,1.0000000000414417,1.0000000002618799,,
monash_covid_deaths,182,0.025722892890911883,0.03635097595121342,2.288961988304094,8.772149122807019
dominick,362,0.1676678757821866,0.2313441469700025,0.45457906604880993,0.7578857330740094
dominick,297,inf,inf,0.013259500146200334,0.03144850933169799
dominick,245,0.7811113176773987,0.7622242189410527,0.6361729274817438,0.7081676828887515
dominick,212,0.11435790668070729,0.10979163973034282,1.0299241664999133,1.0662197730355412
dominick,391,0.030750780513215052,0.024028205847894484,0.10028725472439731,0.08489789656421481
dominick,386,0.079721827417534,0.07727213781552747,0.4006226921364084,0.639964281495343
dominick,200,inf,inf,0.0024476065282537057,0.011437531191103363
dominick,236,inf,inf,0.009391323345370066,0.00847539454055504
dominick,207,inf,inf,0.17129001369724026,0.2457497336647727
dominick,223,inf,inf,0.007380745826381222,0.013928868655877618
dominick,264,inf,inf,0.025608118187180857,0.0483749373436361
dominick,259,0.6560947010802604,0.6702898869050758,1.2493904023888893,1.2749896665714766
dominick,264,1.0122043804047036,0.9676406992843432,1.7695016908967771,1.7380672714026562
dominick,391,0.056636038526424896,0.05644070231635282,0.8218699862120833,0.798766451491602
dominick,196,inf,inf,0.04321319981607773,0.05298635625369921
dominick,391,0.27503683496080006,0.2682475686300975,5.457706045369412,5.470984595030502
dominick,390,0.1695021194402867,0.1709915540963756,2.1118468219699,2.214164984974743
dominick,391,0.08788084154991781,0.08592125757452479,0.3518405292442294,0.37095474251641064
dominick,233,0.557625259634872,0.5478455444527279,2.203346889458115,2.184319715249778
dominick,263,0.6938776479843062,0.7122957617407921,1.878635129635771,1.8597915633091944
dominick,391,0.21585041061850718,0.22090686503989282,5.060889553866555,5.152131556381558
dominick,218,0.4514362580113864,0.48218479203049497,2.1297960792763577,2.2728617664456214
dominick,205,inf,inf,0.00463515509051572,0.0023316341186938438
dominick,269,inf,inf,0.13111633167815326,0.1442279648459686
dominick,391,0.17407898058449175,0.1795369913383429,0.3648495281619245,0.3273838364183015
dominick,216,inf,inf,0.01961936339864946,0.04134156389715416
dominick,391,0.10487546772527717,0.10290813726952942,2.5064193255623377,2.467462387164857
dominick,357,1.6477211051842646,1.6164046576686495,7.182265885821334,7.16596922129451
dominick,264,0.904661721608615,0.9502367539844006,1.7605262700280477,1.8103232220482748
dominick,303,inf,inf,0.029851424113827588,0.18191109659123383
dominick,235,0.7393772700880882,0.7513560797684737,1.030140103900318,1.078220788749206
dominick,219,0.5920627561418076,0.5984165860733747,1.8764358529261482,2.061986722182014
dominick,230,0.4886515012678873,0.42462144371405997,0.9630376357135293,0.8655543249747232
dominick,261,inf,inf,0.008078087317944373,0.006566239198705994
dominick,391,0.06287775002259467,0.061569124691377194,1.9094411754763225,1.9094411754763225
dominick,244,0.5868174735002298,0.6621565249673302,3.458725079922649,3.5834215936371434
dominick,214,0.00785856616489187,0.005027661520652113,0.005037685425018927,0.015524065393281477
dominick,263,inf,inf,0.031212927195173636,0.061448251735284294
dominick,309,inf,inf,0.02069579458219562,0.06337256156860759
dominick,264,0.606516673821597,0.6267859984386667,1.2606887665233435,1.2686859645380515
dominick,225,inf,inf,0.003569949668610615,0.00456045593504593
dominick,391,0.0,0.0,0.0,0.0
dominick,333,0.37735798121506886,0.3520377980741583,4.3102350455912175,3.507711702962936
dominick,253,inf,inf,0.014545902326959561,0.08608529468046067
dominick,389,0.010769771729478149,0.008692453652001704,0.08790103132535071,0.029038476942467355
dominick,255,0.2724266383133839,0.280485061569962,0.8770852087941085,0.8915471075713146
dominick,263,inf,inf,0.012916654672715131,0.00894393358094255
dominick,342,0.5710134587906501,0.5793115925960576,2.625830170923541,2.592108036658872
dominick,270,inf,inf,0.24968280060765558,0.43927596455454754
dominick,209,inf,inf,0.07942626422456203,0.1975221934116234
dominick,242,0.8638132498624178,0.8330364747475614,3.143269259270931,2.8400591328493388
dominick,353,inf,inf,0.03549387906151802,0.11445226746146328
dominick,391,0.0846529030147133,0.0824380882705542,0.802715378798434,0.8397540741701256
dominick,207,inf,inf,0.01564976632155765,0.022724177873135756
dominick,366,0.34976157027496646,0.34128818031616187,1.6103680764526518,1.5200681486641634
dominick,256,inf,inf,0.047273147975985357,0.09700478061639789
dominick,391,inf,inf,0.08868530095165499,0.41093112731034026
dominick,260,0.8576124719250874,0.8750802624952333,2.048424734669383,2.0544114799301396
dominick,273,inf,inf,0.037909019736258015,0.06672301095254513
dominick,261,inf,inf,0.08186803705870829,0.13992114450742563
dominick,263,0.31445631507053734,0.2806007380878589,0.8191092211658766,0.710790455203301
dominick,391,0.31536261184468106,0.326085806522022,1.4015807401566631,1.3545658601166553
dominick,276,inf,inf,0.03738869170182152,0.05438355156628584
dominick,285,0.12818444150793531,0.0737857898756164,0.2211733485906992,0.10908723153412515
dominick,207,inf,inf,0.0013772772548174008,0.034925672273105404
dominick,220,0.09600031577605327,0.08717197707659771,1.677432256002957,1.4872077085161466
dominick,250,inf,inf,2.3356886034738746,0.438223351161834
dominick,305,inf,inf,0.11553307731548612,0.16311812956787558
dominick,258,0.8641813542540624,0.8786488512160591,1.0713103368964878,1.07939096097632
dominick,351,inf,inf,0.01655110993359305,0.029186903538809254
dominick,292,0.047119830602483155,0.045447152013456976,0.12047648202659814,0.19155402534985205
dominick,199,inf,inf,0.03656145448890984,0.0899166871162663
dominick,264,0.4419603162557434,0.4664327313504992,1.8924097452495217,1.9483200254717263
dominick,203,inf,inf,0.008949983747229263,0.00663641819475089
dominick,261,inf,inf,0.043231460103817704,0.050990952942964476
dominick,264,1.6775802538841493,1.497934709949882,0.7321630100722899,0.5343916212890113
dominick,195,inf,inf,7.944832659688835,4.465541284092854
dominick,237,inf,inf,0.004975863897471903,0.008326278921769651
dominick,329,inf,inf,0.04548243957703928,0.06900527248431326
dominick,234,inf,inf,0.0024079112652190863,0.002803109483040084
dominick,391,0.0576103469262044,0.06473145079661821,0.5616501532864624,0.580125487894375
dominick,354,inf,inf,0.006587573743387992,0.011658527793788193
dominick,239,0.8118096743949779,0.6440831143512429,4.463784383754135,4.3933981598232545
dominick,193,0.1394684373375316,0.14497105076675634,1.8434694294151552,2.129451470530951
dominick,264,inf,inf,0.02772074370998949,0.03243672085567235
dominick,262,0.06293022989833778,0.06401893159146353,0.2138833150674183,0.2308292820960405
dominick,264,0.8447750515488788,0.816301880715724,1.6934893821726122,1.521247456181199
dominick,228,0.8018834860560371,0.7645323864466177,1.1741188596704286,1.0829726914061917
dominick,266,inf,inf,0.023125368064647645,0.02997460128124711
dominick,206,inf,inf,0.014423149489673614,0.014423149489673614
dominick,319,inf,inf,0.012372617662487637,0.041853555629282724
dominick,361,inf,inf,0.053152502333331575,0.09091223807478996
dominick,226,3.016721172428718,3.010458856328286,0.25226533737909773,0.24049869186840608
dominick,363,inf,inf,0.030196565665489693,0.105261036098725
dominick,377,0.9296372559362808,0.8774006909833564,0.38673404770425934,0.38330264969128536
dominick,391,0.12933052793611263,0.1341196094535776,0.8555307272830018,0.903675392744123
dominick,226,inf,inf,0.006058839022308821,0.021505839361411136
dominick,301,0.43718861093515454,0.44885164354299767,4.453956113803557,4.5620782432393305
dominick,391,0.18193909907615,0.1884449607814858,1.832747984669484,1.9054039933264941
dominick,391,0.2085123157728828,0.22793024448019475,1.4019836674534591,1.5203389276477308
ercot,154830,0.013534040714005416,0.01680939063746655,0.4682916986267011,0.6204861852864484
ercot,154830,0.03564719120481285,0.031130822398952335,0.9803950843612869,0.8449444100744102
ercot,154830,0.010207384975764292,0.009283396326919517,1.0714588493454726,0.9634780973602831
ercot,154830,0.015156747903150906,0.015079778791744818,0.3325774876883732,0.3336500037237673
ercot,154830,0.02686832498326765,0.02601233852273849,0.6898394321193572,0.6625092646699066
ercot,154830,0.01720620735859271,0.017732221724340233,0.5470941299110615,0.5745942639580052
ercot,154830,0.055079300899731884,0.045914100845660416,1.3619978376321846,1.1597171717541361
ercot,154830,0.04736914687658256,0.04107413208947254,1.2827418936291173,1.117496653153321
exchange_rate,7558,0.013188758000164051,0.013521616605903928,1.6004577806318967,1.6942607596487556
exchange_rate,7558,0.01814613113229624,0.01976762295909759,1.7692032484195146,2.121598118832482
exchange_rate,7558,0.006664093777319463,0.007079274874472889,1.0338952655108582,1.2088408003455624
exchange_rate,7558,0.0071734233201617885,0.006274086146222804,0.970719978961291,0.9021674191671959
exchange_rate,7558,0.003940825837789696,0.003945426054418163,3.1655280557185757,2.909465750077627
exchange_rate,7558,0.013810165749075327,0.015205361218402031,1.7550844859860206,1.8883351500841097
exchange_rate,7558,0.015381546447480965,0.01350241657798472,1.9261380224539926,1.7578904198865681
exchange_rate,7558,0.009241148715781784,0.008378330184759012,2.3103937539962827,2.3103937539962827
monash_fred_md,716,0.005354990988705655,0.005094594529564719,0.43070848690746216,0.38890019306213347
monash_fred_md,716,0.004065269336645755,0.004502911315233149,0.2851281345192909,0.3205073818513415
monash_fred_md,716,0.0035431044468765154,0.0034822407515242154,0.2654133532105569,0.312530974419578
monash_fred_md,716,0.006237961445863525,0.005721088495798254,0.3528124735571104,0.4022639425662624
monash_fred_md,716,0.0064217457911647895,0.007118750549995368,0.36234872257127354,0.40506816172901566
monash_fred_md,716,0.005654947784500444,0.005806664213096409,0.31426260235142395,0.3242364318825198
monash_fred_md,716,0.005906295834103126,0.006467842029305327,0.3332324322543389,0.3339038803966265
monash_fred_md,716,0.006183489463883984,0.00617686916346964,0.40209154091080035,0.40209154091080035
monash_fred_md,716,0.016017692377064335,0.013392159970622559,0.5865636644025601,0.48433324610662143
monash_fred_md,716,0.005293386521064334,0.005264203737906186,0.3305336093116638,0.3305336093116638
monash_fred_md,716,0.007843901428994774,0.011732868698382047,0.32714949031309476,0.4324003739179112
monash_fred_md,716,0.011445317192027788,0.008684172587472706,0.6383625303063593,0.46274422591292796
monash_fred_md,716,0.008044854324185951,0.00889848727706436,0.3772579881509035,0.3772579881509035
monash_fred_md,716,0.01329272480489507,0.010079671666157298,0.5994088277099491,0.45344723490032607
monash_fred_md,716,0.007758624548184285,0.006201129170322786,0.404355456015383,0.3577988928444142
monash_fred_md,716,0.007877690561826809,0.008159855336769155,0.35360650492913015,0.34157395861790946
monash_fred_md,716,0.00999466179771616,0.010322595399701694,0.40563290017031295,0.40563290017031295
monash_fred_md,716,0.003391038522379887,0.00287617421318221,0.4729804211160506,0.35153329604795264
monash_fred_md,716,0.002784418363764335,0.001876954250671555,0.32107585052793247,0.15929211315996433
monash_fred_md,716,0.02543209900090724,0.03547067924782082,0.15407011699003814,0.2231825373228642
monash_fred_md,716,0.037358125128554506,0.036834610727209796,0.4719628892909382,0.519369872709121
monash_fred_md,716,0.03338485856759848,0.03420751569773027,0.44552398232419305,0.4566835425750881
monash_fred_md,716,0.060203460038986356,0.05658706952566602,0.5672870190093942,0.5315524036387237
monash_fred_md,716,0.0464180581800419,0.03942514107953157,0.17925735811840007,0.1588706561390532
monash_fred_md,716,0.06703285005641779,0.044819143726980475,0.33728843327797525,0.2050338039880035
monash_fred_md,716,0.06076579387106721,0.06022935088964909,0.15280788306767032,0.24991550614506194
monash_fred_md,716,0.021661719481214065,0.024258722306054838,0.08712288539976325,0.1134472644357094
monash_fred_md,716,0.0034059966100057557,0.003078157053509723,0.26635447745745494,0.3457336930908757
monash_fred_md,716,0.0021099271796213973,0.002280356915468525,0.06998301237240488,0.06998301237240488
monash_fred_md,716,0.004122559902489382,0.004050421944864213,0.18973130227149518,0.1198111294574317
monash_fred_md,716,0.003533380001979445,0.00231508271403462,0.1359548045842534,0.07146584041252708
monash_fred_md,716,0.002596559558584875,0.0042037562640848385,0.07199826614651063,0.11586475942782835
monash_fred_md,716,0.0018832523259311,0.0025848637426389982,0.09805256707067954,0.09078941395433292
monash_fred_md,716,0.0035851508497763735,0.0022071926254283265,0.43670927308499136,0.24341250917492954
monash_fred_md,716,0.002813950815330105,0.002300082124372615,0.16585159467901095,0.16346237602817285
monash_fred_md,716,0.0031494427906580366,0.004055222596813037,0.12424496129715801,0.40757698563644995
monash_fred_md,716,0.0022575822922484643,0.0023010844170688713,0.2034511750238243,0.16448103801122818
monash_fred_md,716,0.002518918687161018,0.0023384140459193517,0.1782316882669166,0.14663032509902355
monash_fred_md,716,0.0013709846225844404,0.001657699626143704,0.11696522830062663,0.13096605363336997
monash_fred_md,716,0.00507910009636191,0.006494959689172831,0.8139214844298679,0.8139214844298679
monash_fred_md,716,0.02376219993293704,0.025842884272134672,0.39706722279919604,0.4280880921844316
monash_fred_md,716,0.005546702742303005,0.006543115896725315,0.6912961064163059,0.9715509379621575
monash_fred_md,716,0.035252361186308125,0.036040425915899656,0.2213253787214131,0.23014898185980834
monash_fred_md,716,0.115657336726039,0.10172462538874753,0.43943956609391743,0.391932585975656
monash_fred_md,716,0.04458088172593161,0.04321082402433132,0.31809145129224653,0.302944239325949
monash_fred_md,716,0.08572291704428735,0.08758383179264093,0.4496377266825815,0.46192291047172324
monash_fred_md,716,0.026513454727848915,0.017678205876468216,0.979842679533084,0.5732032732388693
monash_fred_md,716,0.012411601301710349,0.012271080747542691,0.6709958950131196,0.5877917235746302
monash_fred_md,716,0.008348065739603684,0.008153285560766237,0.3669317336309524,0.39444470279431215
monash_fred_md,716,0.008094905048728215,0.0055540998779621655,0.5555430381744406,0.2427970235427137
monash_fred_md,716,0.006938453553445617,0.006181802391259896,0.5794788297986836,0.4280397710213775
monash_fred_md,716,0.024639428989181263,0.021155458217576924,1.610921986000698,0.8839770973591324
monash_fred_md,716,0.04153454213112948,0.05050272369526803,1.2275248892319728,1.9124524717036582
monash_fred_md,716,0.03569633696864534,0.04176418134532176,0.6614377937844685,1.2467119812525975
monash_fred_md,716,0.011962302604691843,0.010900096749219804,0.6600527698739076,0.5540014147755187
monash_fred_md,716,0.00596517517589998,0.005405741419452621,0.35436905551235026,0.24394874566524957
monash_fred_md,716,0.05173032379356764,0.033605894110128876,2.239692234763067,1.3323891650446578
monash_fred_md,716,0.09568911712739299,0.07593879702742351,0.1973603764630898,0.15192208061845527
monash_fred_md,716,0.09305219530022783,0.07609703727577025,0.21131162789559874,0.16242841271510947
monash_fred_md,716,0.06240677094907901,0.06368889789600704,0.15429316832057824,0.14878269802341476
monash_fred_md,716,0.06651210084901321,0.06987409127624583,0.16657795755133745,0.16780411560150021
monash_fred_md,716,0.09167611233553258,0.10045473235565831,0.25097407925422655,0.2719400796707232
monash_fred_md,716,0.20648487931607581,0.1720152744148444,0.668086797021988,0.5717186220727873
monash_fred_md,716,0.1652303651713087,0.13375339846645026,0.6775273117371174,0.543771689283261
monash_fred_md,716,0.06604026792656466,0.057597122565493084,0.49602440570263456,0.4151902335843467
monash_fred_md,716,0.04728540539213582,0.04845678738345741,0.37361532880500187,0.3662664109600053
monash_fred_md,716,0.7475460360411642,0.9477894551989235,0.5001422710570408,0.6104649563910863
monash_fred_md,716,0.8428841774349787,0.9098958941830018,0.25766915023071385,0.275948006454348
monash_fred_md,716,0.9279113966145341,0.9873755311270797,0.3965852424406557,0.4138546573174429
monash_fred_md,716,0.8518603147534833,1.0392088678784719,0.5025277203020485,0.5921245926482055
monash_fred_md,716,1.60061286144747,1.297323602574884,0.7148496147102881,0.6266906814344066
monash_fred_md,716,0.2750237924743131,0.17627122926869418,0.42012020366725294,0.27890415400454444
monash_fred_md,716,0.1294401855430351,0.08350911784483088,0.30641219424636335,0.18435052148080802
monash_fred_md,716,0.019311927455673818,0.011533508998928334,0.2015998204179594,0.07635159854728502
monash_fred_md,716,0.015931104424508492,0.02287964828228657,0.10891783007692128,0.24380920278805904
monash_fred_md,716,0.023925773361867957,0.02183818769872262,0.2843557390546926,0.21334161919029057
monash_fred_md,716,0.01626468099107311,0.014606282171474657,0.5317850034972503,0.443194690822605
monash_fred_md,716,0.007376133523463906,0.005427208965487419,0.6031200660965755,0.3350667817426641
monash_fred_md,716,0.009426597146399603,0.00726926555510641,0.5924521061170721,0.4814909763283846
monash_fred_md,716,0.01772341542725725,0.013165441996605343,1.142287450565134,0.7770420602059026
monash_fred_md,716,0.03274761082666867,0.03254396854757121,0.5917279217502532,0.5917279217502533
monash_fred_md,716,0.10321985151518903,0.10158663134136427,1.1225064379643908,1.1521992339092573
monash_fred_md,716,0.029008483430577887,0.02440862081089607,0.3286118847736855,0.2488210832891622
monash_fred_md,716,0.0028196062483891245,0.0026554258997004165,0.23501026036676842,0.12562500225796983
monash_fred_md,716,0.012876215921386682,0.008793549929372335,1.0095963085549413,0.6273177940213962
monash_fred_md,716,0.0039266469344471245,0.003339838169907207,0.3452006804597571,0.23944267111221762
monash_fred_md,716,0.00443917486507354,0.004269453089721573,0.17958073999249702,0.15399222302122448
monash_fred_md,716,0.008757324095934226,0.0034056719541249838,0.5539573717316991,0.16185417292915638
monash_fred_md,716,0.0043399561612327804,0.0031091442714353146,0.4270333017445728,0.20944375531294704
monash_fred_md,716,0.003419242161488371,0.003350815463523099,0.24176025887233285,0.24292895155810837
monash_fred_md,716,0.006453918610764923,0.003900095503049329,0.6030130074021927,0.31059744902383907
monash_fred_md,716,0.0031040530799426908,0.003028025683831214,0.2738641037015583,0.14477100071310933
monash_fred_md,716,0.002596079031759972,0.002732478868007272,0.1656387138493621,0.14301564847107673
monash_fred_md,716,0.004910781118593271,0.004151308567488932,0.25090541795675586,0.1974226852818373
monash_fred_md,716,0.007947988116037738,0.01125870000431801,0.6590347242703248,0.9424222781511138
monash_fred_md,716,0.00357433201721074,0.0030215154071719197,0.2876562623556455,0.22095074034281917
monash_fred_md,716,0.007138448190190113,0.005346274443382434,0.651624092370106,0.48133887426728594
monash_fred_md,716,0.0034552316564907424,0.0033668045042006623,0.24787906356541234,0.24787906356541234
monash_fred_md,716,0.009202274496988447,0.006665314813015607,0.8180614055913961,0.5665453007473297
monash_fred_md,716,0.01618044028550825,0.019302492117850165,1.325022252411204,1.6715196437409636
monash_hospital,72,0.18858955938697317,0.2209600494891443,0.4276315789473684,0.5078947368421053
monash_hospital,72,0.32778181524547806,0.24605943152454784,1.1770504731861198,0.8073738170347003
monash_hospital,72,0.16293859649122808,0.15670230263157894,0.5740062761506276,0.6328451882845189
monash_hospital,72,0.11411889596602973,0.12486730360934183,0.47500000000000003,0.5859374999999999
monash_hospital,72,0.16849354541263253,0.2031264407561088,0.7848419540229886,0.9150502873563219
monash_hospital,72,0.14655425219941348,0.15790974258716192,0.8159307875894987,0.8770883054892601
monash_hospital,72,0.1329204204204204,0.11448323323323323,0.6260179153094463,0.5201547231270358
monash_hospital,72,0.04482366325369738,0.02839144303910415,1.1399770529421407,0.7498770693328963
monash_hospital,72,0.06492800869328987,0.06063569682151589,0.8025751072961372,0.6437768240343348
monash_hospital,72,0.21734784147204528,0.20355626326963908,0.9668935643564355,1.0318688118811883
monash_hospital,72,0.029920918643700573,0.029036218538980967,0.6413918462736952,0.5323292651259414
monash_hospital,72,0.141175645342312,0.13928170594837258,0.5859375,0.588107638888889
monash_hospital,72,0.04066130026831991,0.044636101528256915,0.4858956276445698,0.4915373765867419
monash_hospital,72,0.18129844961240313,0.18423772609819122,0.8885869565217392,0.8695652173913042
monash_hospital,72,0.09902104747919727,0.0640561266111927,0.7161266568483063,0.3405743740795288
monash_hospital,72,0.1508403361344538,0.15459383753501402,0.8647260273972605,0.892123287671233
monash_hospital,72,0.13125189221919464,0.1345254314259764,0.7251144164759725,0.7551487414187644
monash_hospital,72,0.06242988187157658,0.058426274225125946,0.5874340200919461,0.6470287757534479
monash_hospital,72,0.09729090354090353,0.10186202686202687,0.9125475285171101,0.9600760456273764
monash_hospital,72,0.16701005641402988,0.1687392690703949,1.4665653495440731,1.466565349544073
monash_hospital,72,0.13202589807852966,0.1342690058479532,1.0322141560798548,1.0526315789473684
monash_hospital,72,0.2137640449438202,0.24441359921192263,0.4488760964912281,0.5646929824561403
monash_hospital,72,0.06123092072870506,0.05616937469226982,0.5659922928709056,0.5467244701348747
monash_hospital,72,0.471103896103896,0.32609126984126985,1.1342042755344417,0.8202197149643705
monash_hospital,72,0.2022979797979798,0.2266856060606061,0.5116758241758241,0.5837912087912088
monash_hospital,72,0.040213585622390656,0.11455858374097366,0.1441150572351042,0.19029449173270718
monash_hospital,72,0.1771631006006006,0.1692849099099099,0.5399590163934426,0.5143442622950821
monash_hospital,72,0.04648017453551659,0.02899556673576658,0.9337228041901692,0.5549959709911362
monash_hospital,72,0.12316492769540546,0.11767343950210507,0.7038461538461537,0.7365384615384615
monash_hospital,72,0.12935631414547075,0.18663543061133425,0.4796875,0.7796875
monash_hospital,72,0.292258345789736,0.2447433981066268,1.0521108179419525,0.8987467018469658
monash_hospital,72,0.188718820861678,0.17109315948601664,0.6737918215613382,0.6087360594795539
monash_hospital,72,0.07649353120243531,0.07095700152207002,0.6690997566909976,0.6082725060827251
monash_hospital,72,0.025539586874774634,0.023276498566252853,0.4121431443506233,0.27141133896260555
monash_hospital,72,0.1037762634866553,0.09510694681052433,0.7384259259259259,0.6990740740740741
monash_hospital,72,0.17806122448979594,0.17215743440233233,0.9973086124401913,0.9659090909090909
monash_hospital,72,0.11046260268050151,0.10402075226977951,0.8021541950113379,0.7568027210884353
monash_hospital,72,0.04974192315044925,0.049648463221393824,0.6789623023915686,0.7032833400891771
monash_hospital,72,0.10697657812053699,0.10749785775492718,0.9212730318257959,0.9170854271356785
monash_hospital,72,0.06021526942104559,0.04988634844230512,0.26214340786430224,0.2595733744538679
monash_hospital,72,0.13630568974771873,0.13162909286097693,0.8019406392694064,0.7876712328767123
monash_hospital,72,0.13664135936370211,0.16440106049650516,0.6575520833333334,0.8962673611111113
monash_hospital,72,0.177705938697318,0.16556992337164753,0.5071721311475411,0.4467213114754098
monash_hospital,72,0.06694254009429107,0.055812900170876825,1.3734158561744767,1.149425287356322
monash_hospital,72,0.11797992299229922,0.1316487898789879,0.605544747081712,0.6639105058365758
monash_hospital,72,0.13078888888888887,0.1411444444444444,0.6125827814569537,0.7326158940397351
monash_hospital,72,0.11587301587301585,0.09575892857142856,0.9088785046728973,0.7523364485981308
monash_hospital,72,0.04188285637871089,0.030951036621001855,0.8255783036426484,0.5836213772932731
monash_hospital,72,0.2538162589194699,0.25235091743119265,1.303294573643411,1.3008720930232558
monash_hospital,72,0.10331457160725455,0.10059412132582862,0.7911764705882351,0.7941176470588237
monash_hospital,72,0.22174590455840457,0.17926460113960113,0.8653387404580153,0.6631679389312978
monash_hospital,72,0.17471863026819923,0.1987517959770115,0.3667604501607717,0.4330787781350482
monash_hospital,72,0.06295218783978371,0.04780628287637015,0.5797366495976591,0.4151426481346013
monash_hospital,72,0.20446486928104576,0.2045833333333333,1.0316593886462881,1.0316593886462881
monash_hospital,72,0.30265665374677,0.2852228682170543,1.1987895716945998,1.1592178770949721
monash_hospital,72,0.03364174059991551,0.03188001689902831,0.6180501680889577,0.5663304887509698
monash_hospital,72,0.055461489257628775,0.04253301727057231,0.7027027027027025,0.5506756756756755
monash_hospital,72,0.10374178806055413,0.11062553556126821,0.3838213213213213,0.4391891891891892
monash_hospital,72,0.20654761904761904,0.1189608134920635,0.7789367429340511,0.4542395693135935
monash_hospital,72,0.052902453620586466,0.036714542190305205,0.4376272172143065,0.2587961616749055
monash_hospital,72,0.09369207772795217,0.06993522670652715,0.6002715283165244,0.4354150504266873
monash_hospital,72,0.10325217192501143,0.10541838134430725,0.5513392857142856,0.5714285714285713
monash_hospital,72,0.18544776119402986,0.1871165008291874,0.8029411764705882,0.8235294117647057
monash_hospital,72,0.14843189964157708,0.16114695340501795,0.587596525096525,0.674469111969112
monash_hospital,72,0.07492635492635494,0.07202631202631202,1.199874686716792,1.1434837092731829
monash_hospital,72,0.12297008547008545,0.1261351495726496,0.7785836177474402,0.8553754266211605
monash_hospital,72,0.18993380062305296,0.17004802699896157,0.8570234113712375,0.8005852842809364
monash_hospital,72,0.16402724563644103,0.1544274159216688,0.6536388140161725,0.6351078167115903
monash_hospital,72,0.048184038993667,0.029340187327058224,0.9970139349701395,0.5789648307896481
monash_hospital,72,0.038684439720709146,0.03359461494176521,0.46201743462017436,0.40722291407222916
monash_hospital,72,0.13366377529946305,0.14635997521685254,0.9595959595959594,1.02020202020202
monash_hospital,72,0.12055847441136407,0.11749367581241486,0.84493041749503,0.837475149105368
monash_hospital,72,0.024362281456004588,0.025097926817617272,0.448901623686724,0.4711875198981217
monash_hospital,72,0.07348206474190727,0.07190726159230096,0.4128440366972477,0.4663608562691132
monash_hospital,72,0.260375,0.242125,0.77492774566474,0.7351878612716763
monash_hospital,72,0.037713149391001746,0.04245587869748943,0.5069344811095169,0.6217120994739358
monash_hospital,72,0.1413212435233161,0.158786701208981,0.6587837837837838,0.75
monash_hospital,72,0.1782014325646401,0.17966893780573026,0.7213438735177865,0.7262845849802372
monash_hospital,72,0.19885945548197204,0.19059510669610008,0.6959134615384617,0.7067307692307692
monash_hospital,72,0.18212832047986288,0.20276885175664094,0.6096178756476683,0.703125
monash_hospital,72,0.1402571041948579,0.13588182228236356,1.195175438596491,1.1342592592592593
monash_hospital,72,0.19083543771043773,0.2026094276094276,0.7202743902439025,0.7660060975609757
monash_hospital,72,0.30330882352941174,0.3303376906318083,0.6833910034602075,0.7644896193771625
monash_hospital,72,0.17812871758267904,0.17400071377587437,1.142857142857143,1.1291208791208793
monash_hospital,72,0.1722166218637993,0.17354390681003584,0.5422430830039525,0.5620059288537549
monash_hospital,72,0.06060363247863248,0.06176994301994301,0.6361892583120204,0.6873401534526854
monash_hospital,72,0.10316769435376617,0.09595574900253899,0.5788177339901478,0.5640394088669951
monash_hospital,72,0.22417145593869733,0.21559386973180078,0.5821428571428572,0.5964285714285714
monash_hospital,72,0.15572916666666667,0.12918002136752135,0.7768173758865249,0.5795656028368793
monash_hospital,72,0.11430745814307458,0.10554794520547944,0.37929017160686423,0.35686427457098274
monash_hospital,72,0.055138821237213836,0.06558423986577906,0.7227722772277229,0.7871287128712873
monash_hospital,72,0.04526005991738263,0.0335801296010347,0.6090858104318564,0.4430734716769489
monash_hospital,72,0.06115319865319865,0.06022727272727273,1.2244897959183676,1.1961451247165533
monash_hospital,72,0.06305516413548354,0.05722039559521946,0.9269067796610172,0.8845338983050848
monash_hospital,72,0.05393698992385902,0.05207677928235991,0.5339805825242718,0.5370145631067961
monash_hospital,72,0.017877578726253705,0.01692249832594916,0.6749838461156122,0.6267707142502114
monash_hospital,72,0.1622309941520468,0.07187719298245615,1.1116803278688523,0.4597848360655737
monash_hospital,72,0.12331768388106418,0.16562811210698533,1.130952380952381,1.3955026455026456
monash_hospital,72,0.11143847487001733,0.20127094165222414,0.4542645241038319,0.9626081582200249
monash_hospital,72,0.17235690235690235,0.19322811447811444,0.3243964716805942,0.31743268337975866
monash_m1_monthly,42,0.4052063838507598,0.26326814785413605,1.50254732868148,0.9658779654009676
monash_m1_monthly,129,0.08407473521879266,0.0810906174488025,1.3104272367443386,1.3089923461271917
monash_m1_monthly,42,0.27957457094512933,0.20847881359725692,0.8787451150673036,0.49156896801273703
monash_m1_monthly,112,0.2192871075712091,0.20273335647260127,1.0038224368461381,0.8900640914870812
monash_m1_monthly,102,0.19336943230817835,0.23485932111653499,0.7818044423164898,0.9310971444551901
monash_m1_monthly,70,0.17710882878523296,0.17385985992451108,0.7840526334569925,0.7435814459167096
monash_m1_monthly,58,0.22274297667828424,0.21431431612183952,1.0225260708342723,0.9116078686360655
monash_m1_monthly,63,0.2808247308247308,0.20736654838217336,1.626876520969628,1.1871148193799184
monash_m1_monthly,62,0.12090373906125694,0.11341925218774859,2.0694379814900987,1.963445530220775
monash_m1_monthly,63,0.28290039516503956,0.28379532775453276,1.6243104806934592,1.6410559495665877
monash_m1_monthly,63,0.1644883763499908,0.14833817107293223,1.2168803418803418,1.1316568047337279
monash_m1_monthly,39,0.03777286201690088,0.03203124034894853,0.2801588508062347,0.31566140472383825
monash_m1_monthly,101,0.026803483197138104,0.014371621687905274,0.5756580504663165,0.31021280121194905
monash_m1_monthly,42,0.05357181047460848,0.03726448870682305,0.7764837285966795,0.48879273886593577
monash_m1_monthly,66,0.04854738329231623,0.049232738028101186,0.7835035470599272,0.8198788162918687
monash_m1_monthly,75,0.06537610333692141,0.0597453893074991,0.5498130081300813,0.4666666666666667
monash_m1_monthly,83,0.058612031861909886,0.061127135342097065,0.9587838663456407,1.0556015328568364
monash_m1_monthly,126,0.16852012188847695,0.18221433241962448,1.3597142961205335,1.4588271464520601
monash_m1_monthly,121,0.03956107230709432,0.05265427819877932,0.6228177593251172,0.8779024131304705
monash_m1_monthly,124,0.04154632009953046,0.07128015149765655,0.39189446831449476,0.7670124423034503
monash_m1_monthly,110,0.022320537334707985,0.023871023853340823,0.6872253901170899,0.6806397650556997
monash_m1_monthly,132,0.11782373467263081,0.12737290094753123,1.022495423585899,1.1007859636246073
monash_m1_monthly,54,0.1585215650551877,0.09808734314394525,1.401689304987418,0.853964461690521
monash_m1_monthly,60,0.1312496169639027,0.12164736164736165,1.1082157075642416,1.0734708650018094
monash_m1_monthly,80,0.05519094654579258,0.053630370268999514,0.6768791884690509,0.6097774062198696
monash_m1_monthly,80,0.09217832830464091,0.052541114888786364,0.9791285256585779,0.4826539611861529
monash_m1_monthly,105,0.06100950618137825,0.0401751710706448,0.870668393143421,0.4795631739767885
monash_m1_monthly,105,0.09025616142279652,0.061204666584687914,1.3074776495659859,0.7646674723218463
monash_m1_monthly,105,0.1334746545782648,0.11950051998970891,0.72148645080371,0.6258169125656005
monash_m1_monthly,93,0.03907425228055591,0.061049552518367016,0.3910070336050017,0.7812046444121916
monash_m1_monthly,88,0.17446971144658896,0.15102065948998875,0.42966046400224656,0.3027395789456297
monash_m1_monthly,30,0.20386249199314738,0.18554939696569436,1.0411289954858418,0.9641147234508229
monash_m1_monthly,66,0.12213315519928747,0.062408149632598525,0.7793674698795181,0.2891566265060241
monash_m1_monthly,56,0.11125705044767877,0.1124797854297322,0.9721421709894332,1.0144092219020173
monash_m1_monthly,57,0.14474896396128936,0.12451603285182987,1.4285406228221555,1.276308675707662
monash_m1_monthly,30,0.21314193651903088,0.21359354039414966,1.0557504268198046,1.3305292565575044
monash_m1_monthly,81,0.2413417124162239,0.22496601881763137,1.158896717764814,1.146698823984982
monash_m1_monthly,53,0.22737826974800385,0.2689296436186755,0.726236299304951,0.9976271081626817
monash_m1_monthly,52,0.013002107638104284,0.019262642785372274,0.522538224293265,0.8957984412995206
monash_m1_monthly,78,0.03941812713285905,0.03708716524958065,0.3769689229459344,0.37931034482758613
monash_m1_monthly,30,0.0669318922492895,0.04842320385741683,1.0573853303697716,0.7886441705395029
monash_m1_monthly,30,0.07076835983737327,0.06777314600380833,1.761467889908257,1.7339449541284404
monash_m1_monthly,120,0.043241680524263096,0.03762711500124841,0.9619488358074917,0.8402158187499136
monash_m1_monthly,126,0.03113485859298136,0.03839675643920996,0.7072303379082724,0.7837010204443214
monash_m1_monthly,98,0.15136974256638455,0.15041045127977715,0.817178622311482,0.8097975350601645
monash_m1_monthly,86,0.08354944511838973,0.0872696230399425,0.19963506285900925,0.20056467898408034
monash_m1_monthly,68,0.8447297826952209,0.5735317694854244,1.523853736647939,1.12042603188651
monash_m1_monthly,64,0.06352976568963277,0.06658422973726646,0.6290054099042863,0.6603551116659732
monash_m1_monthly,66,0.022924170180347033,0.02285166357988204,0.7064321055525014,0.719626168224299
monash_m1_monthly,61,0.16222799482511494,0.1636872504577535,0.8140890920707353,0.767236005460843
monash_m1_monthly,54,0.05454887548599584,0.04725352736500906,0.6224873427188757,0.5565530073763144
monash_m1_monthly,66,0.014053517632465,0.01542300194931774,0.31545338441890164,0.29757343550446996
monash_m1_monthly,66,0.21848613258554536,0.19927574505424397,2.949373436691003,3.0302711333679637
monash_m1_monthly,67,0.0936022366382572,0.10487404229003243,1.06996951875308,1.1812392267357874
monash_m1_monthly,67,0.10321153607655466,0.10901788615999092,0.7924023188689385,0.8385669533326578
monash_m1_monthly,65,0.05638060538856547,0.04799545892571911,0.6717322085762726,0.5511929868089154
monash_m1_monthly,66,0.03945186707776635,0.041379467854288,0.945562671546203,0.9839890210430008
monash_m1_monthly,67,0.13013561024610748,0.09866342987889949,1.7768853190539935,1.2835787594823738
monash_m1_monthly,62,0.23346198569979462,0.21284915510032412,1.990707362012337,1.816069855002804
monash_m1_monthly,66,0.014676662785531267,0.019826455294061865,0.3046324521513168,0.44495527459897055
monash_m1_monthly,65,0.03477944595608716,0.028946500125075006,0.4572592934065793,0.3975356305942915
monash_m1_monthly,66,0.013870543219960972,0.019817307021825534,0.40345142162079983,0.5503268967614414
monash_m1_monthly,64,0.052454624606523344,0.05798673899939723,0.6011084718923198,0.6999208234362628
monash_m1_monthly,66,0.08323119489049208,0.06321981744369458,0.8165579812872129,0.594556280124752
monash_m1_monthly,65,0.038277494532639705,0.04775540765356425,0.48116158034111656,0.645432171282581
monash_m1_monthly,64,0.06727763412564415,0.0526811161158354,0.8368246853632978,0.5881034643757588
monash_m1_monthly,84,0.03106261786552746,0.03276373013123965,0.48394004282655256,0.48822269807280516
monash_m1_monthly,126,0.07571209325078153,0.07914265379261694,0.6100378374445171,0.5595757840355089
monash_m1_monthly,114,0.008701325984948651,0.008182271701525983,0.5770948691284498,0.5658586151367785
monash_m1_monthly,114,0.057573599240265914,0.05849952516619182,1.6355685131195334,1.631438289601555
monash_m1_monthly,90,0.08472623801000506,0.08006333471017485,1.9181600955794507,1.83273596176822
monash_m1_monthly,126,0.03825815914924826,0.03606894022735607,1.1984126984126986,1.2142857142857144
monash_m1_monthly,40,0.12918018032277823,0.1133218313525962,0.884105126515843,0.7622429092177918
monash_m1_monthly,40,0.12837142248469563,0.09992676801341889,1.3216795089171265,1.02234441372251
monash_m1_monthly,41,0.0844846357731535,0.074232125607303,1.101419105145833,0.9624529245876062
monash_m1_monthly,126,0.024930362805505268,0.03354442197040652,0.3064308161326359,0.7044586087010994
monash_m1_monthly,114,0.010951084476194037,0.015964174749825186,0.2129620270587046,0.3960545303222227
monash_m1_monthly,126,0.007686459087617668,0.007151822350953417,0.16497274598524758,0.14877162098352842
monash_m1_monthly,35,0.1578646995071451,0.19631624342811685,1.4878106908199698,1.8535467826958874
monash_m1_monthly,37,0.12280467019798519,0.11109198026401139,0.48501155967840504,0.42055152430054416
monash_m1_monthly,44,0.04866569626394954,0.030179524502668604,1.3290183387270764,0.8198489751887811
monash_m1_monthly,43,0.06592939650777484,0.08602959099989588,0.8595194732693174,1.1057028100256674
monash_m1_monthly,45,0.3433402641466295,0.33363408496228614,0.6266669052397495,0.5907809864325945
monash_m1_monthly,42,0.2534745121751116,0.25664150896702326,1.256930393151836,1.253884027670013
monash_m1_monthly,42,0.12312846671584442,0.13382956730733117,0.8887219555069861,0.9747777763516632
monash_m1_monthly,90,0.029167537443399512,0.041393242772553115,0.7138567138567137,0.9815529815529815
monash_m1_monthly,51,0.3869811467963953,0.4123791834099502,1.0232822305151439,1.0908612560452322
monash_m1_monthly,102,0.003813381195658827,0.0031817072007389465,0.2698483799595499,0.20713713672951364
monash_m1_monthly,42,0.07544222375373306,0.07763228424841107,0.4624491305956344,0.4513503514613392
monash_m1_monthly,53,0.8859479960784777,1.147769705818278,0.26399809640434974,0.3405464378146313
monash_m1_monthly,54,0.005980418667197908,0.006090341436118776,0.39606854600108876,0.3819301443032182
monash_m1_monthly,54,0.08327375427496427,0.04401977696509773,0.8738414608737818,0.46689838333099737
monash_m1_monthly,54,0.06083403447838328,0.05807496395125447,0.5913241895249209,0.5404732159489746
monash_m1_monthly,30,0.02625464127440412,0.020541382201461254,0.9384164222873902,0.7741935483870968
monash_m1_monthly,114,0.05325921762121874,0.08250994108217266,0.3543808125305923,0.620655898188938
monash_m1_monthly,114,0.1517479009922582,0.13628611928906334,0.7309664694280078,0.6683760683760683
monash_m1_monthly,42,0.04837077113760577,0.038686877440885684,0.7974639569220081,0.6835157199930519
monash_m1_monthly,42,0.10411101351291402,0.09178169945078832,0.7787618784020667,0.6901928222160717
monash_m1_monthly,42,0.09409341290283829,0.09877854449991698,1.9439650212863882,2.0590265792198825
monash_m1_monthly,78,0.03414203622359373,0.0278031095845271,0.7493020924733783,0.5389446691658367
monash_m1_quarterly,40,0.5562776507612326,0.4376801928265615,0.8283196014794744,0.7080641229834581
monash_m1_quarterly,48,0.11498364461327425,0.10127149941964757,1.8533201189296333,1.6734390485629336
monash_m1_quarterly,13,0.23702125613536898,0.14195338868934296,1.7001882216330795,1.0229677072210865
monash_m1_quarterly,50,0.11423264874650424,0.074905263721978,1.7703635332751229,0.9168811622722196
monash_m1_quarterly,33,0.08993610420339086,0.09467403687171144,2.11138262945829,2.210301767326838
monash_m1_quarterly,34,0.06642034788057301,0.08797437232085664,1.0118065500280182,1.2965413112508561
monash_m1_quarterly,34,0.1410040142907911,0.1396701931023171,0.5528931524477627,0.5355016482758909
monash_m1_quarterly,34,0.08410150072314676,0.09633673712242515,0.7430197628148891,0.8432829536909388
monash_m1_quarterly,24,0.03644971052642912,0.043205627671773855,1.014333233515972,1.221521702182763
monash_m1_quarterly,42,0.04558263349370426,0.045500282134921056,1.0886150047277094,1.1041525580741611
monash_m1_quarterly,106,0.0633814686974316,0.060425682988786936,0.9896404113438861,1.3835585878719223
monash_m1_quarterly,43,0.1733826247689464,0.14724086865345742,1.4752879078694816,1.24947216890595
monash_m1_quarterly,28,0.09464785974606699,0.09131071325769115,1.0008687638405191,0.9625345130703167
monash_m1_quarterly,66,0.13495625713198936,0.12869278559655128,1.571875,1.353125
monash_m1_quarterly,30,0.17856234135763266,0.18526496730211647,0.8067731331690796,0.7963889610405985
monash_m1_quarterly,33,0.01910864303004414,0.018026484408372487,0.8507653061224489,0.7450801749271136
monash_m1_quarterly,88,0.25348142840081217,0.25448465305147505,2.5225752508361206,2.525501672240803
monash_m1_quarterly,34,0.3365065297843208,0.39923559103754297,2.0167028214363674,2.39653255293604
monash_m1_quarterly,34,0.38079329023239555,0.3155586619294465,1.528280091860449,1.2972538126211857
monash_m1_quarterly,34,0.24145269798732658,0.1859803292112144,0.7841981744358716,0.40308050966261333
monash_m1_quarterly,56,0.10285521968775972,0.09031615530966461,2.78198902027027,2.628272804054054
monash_m1_quarterly,36,0.0725705062861026,0.08325688073394495,0.9652509652509653,1.2277992277992278
monash_m1_quarterly,32,0.06185305826999638,0.05142960550126675,1.1666666666666665,1.085897435897436
monash_m1_quarterly,36,0.18245257452574526,0.21803861788617881,1.695,2.055
monash_m1_quarterly,36,0.08148536784423459,0.04913139792468229,1.811659192825112,1.1390134529147982
monash_m1_quarterly,60,0.048652699097802954,0.04669843838983304,0.5917454002983591,0.5882645450024864
monash_m1_quarterly,57,0.022252619210013497,0.035538331871286334,0.6447340476013538,1.3037955184827377
monash_m1_quarterly,37,0.04189526215788873,0.043388068995978434,0.9327084910018598,1.1301071063530734
monash_m1_quarterly,52,0.41896730285545203,0.42066134043497555,11.82076813655761,11.581792318634424
monash_m1_quarterly,52,0.04069355980184006,0.0397310686482661,0.9342560553633219,0.8615916955017302
monash_m1_quarterly,44,0.06203069798249296,0.06532100392910241,2.8742928264313194,3.1214679037489628
monash_m1_quarterly,12,0.04965272384851336,0.048634711208626245,1.617792046125274,1.5189452785243773
monash_m1_quarterly,13,0.054791496670558194,0.05840606066052148,0.7899482979679333,0.8350513852330771
monash_m1_quarterly,10,0.019250007244277723,0.02713627612342179,0.17535957180252676,0.3534172871648246
monash_m1_quarterly,10,0.014649003208315883,0.03826201839571913,0.1454741411203437,0.6627155317704547
monash_m1_quarterly,10,0.08814084532820317,0.1012457791025872,2.2294512882981037,2.5139612256422197
monash_m1_quarterly,60,0.028760636045123782,0.0337795231800545,1.2882914137033825,1.4242844752818733
monash_m1_quarterly,60,0.0210170456156846,0.012055130869239396,0.6890544140826603,0.33910811677895414
monash_m1_quarterly,60,0.02726182088567725,0.02297104011245834,0.25874192322310907,0.21510832383124284
monash_m1_quarterly,32,0.05307666328942925,0.04193177980412023,1.0469208211143695,0.8929618768328447
monash_m1_quarterly,60,0.06814565197042029,0.06188336609566601,1.736907730673317,1.6234413965087282
monash_m1_quarterly,32,0.023749287749287747,0.02901424501424502,0.6852409638554215,0.7484939759036144
monash_m1_quarterly,44,0.04243938606254599,0.05009634009794096,0.8712120673207908,1.0897435669434115
monash_m1_quarterly,13,0.24682030431658994,0.22483047759021885,1.795099635862524,1.444069783034001
monash_m1_quarterly,13,0.4148412615094866,0.3721682456364708,3.35106390871145,2.956491086847877
monash_m1_quarterly,13,0.29730200174064403,0.27456121264868005,2.867413099541388,2.6262734467073496
monash_m1_quarterly,13,0.27456968980115926,0.23941818446294752,1.9554522666647287,1.6360475729039958
monash_m1_quarterly,18,0.3536887802556817,0.328662309941148,2.93594902304371,2.7434733689454536
monash_m1_quarterly,76,0.023220570908083313,0.016021286805340818,1.6514087336387397,0.7218315059600613
monash_m1_quarterly,60,0.016803024318681938,0.015422520641727321,0.15424760800231951,0.21919396926645407
monash_m1_quarterly,36,0.01844912828519386,0.020452771272443403,0.3340857787810384,0.32505643340857787
monash_m1_quarterly,16,0.24174292600186462,0.21928598100220634,2.101274824845416,1.9153683052466786
monash_m1_quarterly,60,0.05065895210543234,0.06665595199828564,1.4497041420118344,1.9467455621301777
monash_m1_quarterly,40,0.719844112022883,0.7567291491872497,14.377312461882495,13.78783566504648
monash_m1_quarterly,38,0.040068814391860594,0.04152138967706278,0.7651433044315992,0.6156972543352601
monash_m1_quarterly,60,0.058933408050807885,0.06315494536284673,1.696035242290749,1.7823788546255508
monash_m1_quarterly,60,0.023677145578938255,0.03684073785398805,0.7154696132596685,1.2955801104972375
monash_m1_quarterly,56,0.041424337876081574,0.04868754432088221,1.1244080714821936,1.3492903580573903
monash_m1_quarterly,56,0.06309817886191327,0.06854041500786562,1.365092350165369,1.589093977439634
monash_m1_quarterly,36,0.009824929941534631,0.012070096827403209,0.2960573544432391,0.412803140936041
monash_m1_quarterly,36,0.04643984938913675,0.045951764404927736,0.5914826711955268,0.7255520766665129
monash_m1_quarterly,52,0.034150678841352894,0.04324293514813675,1.5575342465753423,1.9191780821917808
monash_m1_quarterly,52,0.20118528103491853,0.2217528494187976,3.711766242610324,3.9522279102260787
monash_m1_quarterly,52,0.07644866640113622,0.08293161820169224,2.2376957859038824,2.3798758870179797
monash_m1_quarterly,36,0.017105392091361787,0.02422001894462409,0.5634563456345635,0.7362736273627364
monash_m1_quarterly,36,0.016293870808351218,0.015489526562780397,0.9213843685537475,0.9213843685537475
monash_m1_quarterly,52,0.25062242190348605,0.2745645384988621,3.3160130606676788,3.6348604755451546
monash_m1_quarterly,56,0.10921761998685074,0.10177514792899407,2.006284916201117,1.979050279329609
monash_m1_quarterly,56,0.06411522633744857,0.06215363511659807,2.4588815789473686,2.629934210526316
monash_m1_quarterly,56,0.08867970960994218,0.09077150239940937,2.2081881533101044,2.3440766550522647
monash_m1_quarterly,56,0.11461497468691711,0.1393951505462297,1.7477777777777779,2.1522222222222225
monash_m1_quarterly,36,0.02431741245504635,0.01853515932648404,0.4997887987732165,0.2971716555200426
monash_m1_quarterly,36,0.012102441106242416,0.010760019358304451,0.244759275960517,0.131444828368449
monash_m1_quarterly,36,0.01980557171342344,0.018008738556948675,0.5774647627872191,0.5171025860425361
monash_m1_quarterly,36,0.06290374018766415,0.049403916310497765,0.6717018043940086,0.46374606717401246
monash_m1_quarterly,56,0.05837818442770004,0.05937088864968306,1.9977064220183487,2.0871559633027523
monash_m1_quarterly,44,0.0595298679268145,0.0565854840664001,1.721105527638191,1.7336683417085428
monash_m1_quarterly,52,0.09441057399617513,0.1057193816991015,1.8003608157607232,2.004209333699251
monash_m1_quarterly,52,0.09703324025952051,0.08978363080390127,2.136205204556698,2.069686360122101
monash_m1_quarterly,52,0.03081858278106297,0.030584009783681414,0.6743966629401019,0.741724127067256
monash_m1_quarterly,36,0.03252008622378993,0.03946698020772095,0.8708133971291867,1.0909090909090908
monash_m1_quarterly,43,0.09928576688020027,0.09753331860687725,0.9910399529964746,0.9853113983548765
monash_m1_quarterly,13,0.042770156478798886,0.04405304605376594,0.8936914324235237,0.9402536106698263
monash_m1_quarterly,13,0.008883293029661073,0.014934692324055667,0.09301173785281817,0.2834643922061234
monash_m1_quarterly,51,0.24131389589757968,0.23723016540510228,4.259457933370977,4.159937888198758
monash_m1_quarterly,48,0.25304054054054054,0.18455858201951952,0.9941176470588236,0.5264705882352941
monash_m1_quarterly,47,0.504565257184697,0.45630605894197324,9.936717861205915,8.891069397042093
monash_m1_quarterly,36,0.06679880519134945,0.06289639681938997,0.5194464679299454,0.46163282136551187
monash_m1_quarterly,36,0.1635844467960732,0.2040622545915559,1.7518656964715262,2.1604477970444496
monash_m1_quarterly,36,0.0442526241339956,0.03871305360431078,2.197236779418771,2.0142925202477366
monash_m1_quarterly,36,0.33333049886621313,0.30623582766439905,2.2982456140350878,2.1947368421052635
monash_m1_quarterly,36,0.16418766950327904,0.14244500727663315,1.1882812976837158,1.029427131017049
monash_m1_quarterly,36,0.10637124812553388,0.11523289321494182,0.9187279399623248,0.9408127462114191
monash_m1_quarterly,12,0.31335436382755,0.2801239922888188,0.4696517412935323,0.4199004975124378
monash_m1_quarterly,40,0.01798019570875152,0.01430161409881415,2.4406779167878963,2.4406779167878963
monash_m1_quarterly,48,0.05128477760056707,0.06735778841042,1.553435114503817,1.9732824427480917
monash_m1_quarterly,40,0.08625594508999018,0.07442645744363889,3.6927759740259742,3.196022727272727
monash_m1_quarterly,40,0.6136407455793281,0.559214985570543,9.811832753682731,9.004474654287595
monash_m1_quarterly,40,0.4800283758153465,0.5010408370819033,2.982992467533717,2.9705477764280053
monash_m1_quarterly,40,0.012914244424738071,0.015265871842874503,0.756880733944954,0.9495412844036697
monash_m1_yearly,22,0.3300499148372807,0.3098191228722535,11.66336004584627,10.90430525145372
monash_m1_yearly,23,0.2565293931760752,0.28235514351459867,7.909702938794401,8.590947876894598
monash_m1_yearly,39,0.3275823104894723,0.30313924792211566,10.88106079341756,10.217997869761879
monash_m1_yearly,25,0.22183096829191828,0.1992997337363328,5.956735432321494,5.397356012249688
monash_m1_yearly,10,0.26487247605410796,0.2660486310007367,8.260020375491194,8.260020375491194
monash_m1_yearly,11,0.247413100717444,0.25057373493342205,7.882252769587066,8.055285661044413
monash_m1_yearly,9,0.14388660412041018,0.156136174503365,5.197549723032295,5.509837504413421
monash_m1_yearly,21,0.09512657180446425,0.08023618991850988,3.050280019750532,2.643775954709882
monash_m1_yearly,28,0.15466325334330422,0.14615737615991914,8.34549160249834,7.905008116702997
monash_m1_yearly,52,0.14946526343052813,0.16253807035343748,7.15646859170143,7.905720346435904
monash_m1_yearly,21,0.022851349270602575,0.0168370262374599,1.7266840837706428,1.2650035837635325
monash_m1_yearly,23,0.20629719562960272,0.1671840044151851,2.8518081864710845,2.373414881245519
monash_m1_yearly,22,0.22889837102664046,0.19143358595884571,5.0366549425645095,4.284808417968398
monash_m1_yearly,13,0.7037037450272843,0.5175124360429865,3.1140530810091005,2.5794298464720264
monash_m1_yearly,14,0.0035725051507214836,0.00399451977056627,0.7169126584314123,0.7169126584314123
monash_m1_yearly,13,0.23913043478260868,0.29789576479069413,0.6852791170454856,0.8663281677217003
monash_m1_yearly,33,0.31292069348676466,0.3094716457328465,1.2137774706013766,1.3001749182447333
monash_m1_yearly,22,0.04847558150310444,0.05314614030210361,1.43758389261745,1.5503355704697988
monash_m1_yearly,22,0.1587077123512988,0.14563120074201086,2.7873905273577075,2.7205237195861205
monash_m1_yearly,22,0.04439591439048663,0.04575221196590507,1.5001010674194593,1.6405636911434982
monash_m1_yearly,22,0.1077456758573445,0.0831348587298188,1.7077037706953064,1.3111781335890704
monash_m1_yearly,21,0.05461540442251213,0.053201315333081894,2.4830732999705623,2.4526543028162107
monash_m1_yearly,21,0.19257994477117985,0.1948649845064188,7.507788161993769,7.582554517133957
monash_m1_yearly,21,0.05642125748380338,0.07199905034184703,2.3634226753868752,3.0651770613517875
monash_m1_yearly,17,0.06274040105230101,0.11479873020062392,1.5692749675622044,3.0802910974151527
monash_m1_yearly,22,0.7902937063863542,0.7699612511227045,56.52060431245102,54.37538404429849
monash_m1_yearly,19,0.15698967718065038,0.1355162746158138,3.063061555357983,2.4918222547635236
monash_m1_yearly,44,0.20785688601222582,0.1537666307083783,2.400267402022228,1.7966073368429851
monash_m1_yearly,12,0.07972586637806874,0.07515991677574402,2.830802821558953,2.633460132668458
monash_m1_yearly,12,0.07114834259969238,0.07623991599284545,0.6910364679112931,0.6575184442368084
monash_m1_yearly,12,0.09787614675867218,0.08371676038903285,1.047066913630215,0.46978720967108906
monash_m1_yearly,12,0.10052562349526242,0.09016365430553956,3.1473258032905256,2.579581205838362
monash_m1_yearly,39,0.8866225407523641,1.210750809766319,4.441313747288484,5.933663436458763
monash_m1_yearly,18,0.17097881113151986,0.11664868973553551,2.317852379436881,1.5762908083676324
monash_m1_yearly,18,0.06560080569807644,0.05754563345547828,1.7347134103223036,1.5364582417922368
monash_m1_yearly,18,0.12943997383935016,0.14814815200681497,2.562832479822337,2.9505809012413198
monash_m1_yearly,18,0.06973752578370092,0.05562383923066781,1.5651622496537974,0.9495024354327692
monash_m1_yearly,18,0.1190967198270209,0.07465922254839615,2.4898935921275958,0.8032910884251864
monash_m1_yearly,13,0.3668188675841835,0.27720407557316673,4.144859918314231,3.3179813301080237
monash_m1_yearly,13,0.47334768407422384,0.3819930699348267,4.13854942247255,3.5014353379090988
monash_m1_yearly,21,0.05642125748380338,0.07199905034184703,2.3634226753868752,3.0651770613517875
monash_m1_yearly,26,0.4524529828395693,0.4554119989953241,13.259771450819427,13.542927769975313
monash_m1_yearly,20,0.13044902688226376,0.1397515328055956,1.0999390124950057,1.114411895691247
monash_m1_yearly,19,0.31682493005779166,0.27037513528967305,2.8055222088835534,2.454981992797119
monash_m1_yearly,19,0.09319414044784552,0.09157880229004677,2.318351493628942,2.3421905797973057
monash_m1_yearly,20,0.04789313666621588,0.04118761535412739,1.0304708567610052,0.5167408961292604
monash_m1_yearly,20,0.09436102287733726,0.08785073282853219,3.357203987751415,3.2766955027644493
monash_m1_yearly,13,0.10189701011630557,0.11087406521027526,0.9757541657738815,1.4191810835405365
monash_m1_yearly,12,0.12807549130622575,0.10552191712875947,2.6957239950199785,2.191298834996423
monash_m1_yearly,13,0.08556252511922816,0.11237315382503403,0.9576132972269087,1.4065875000283221
monash_m1_yearly,11,0.13100254170238532,0.10896325595641193,4.041219589020985,3.2571692650878394
monash_m1_yearly,13,0.05662266978535751,0.04372154465738922,1.841961377755147,1.3038142159557484
monash_m1_yearly,13,0.05503076648524308,0.06057822990832015,2.149362381760597,2.447316844499358
monash_m1_yearly,17,0.02853657171978214,0.02780486688381289,1.377048513276981,1.2896168192879098
monash_m1_yearly,37,0.05994723774053382,0.04461514587212911,1.1933085501858736,0.6356877323420074
monash_m1_yearly,34,0.11157300487554529,0.05612009237875288,2.7838114754098364,1.375
monash_m1_yearly,20,0.08042171066342448,0.05730253223429736,3.1221913486519868,2.07701340123209
monash_m1_yearly,13,0.09387286243351564,0.09337429978615847,3.52601912796829,3.7246202892226385
monash_m1_yearly,13,0.3017697953388245,0.2798211643455048,0.8330186610610008,0.6747429563077567
monash_m1_yearly,13,0.20296814202407606,0.1593885391060771,5.036100343855641,3.904408973448122
monash_m1_yearly,13,0.12542363684344124,0.1150284196056895,4.70211826212367,4.480593113394627
monash_m1_yearly,38,0.013027154956230877,0.009762276730132998,1.683388646280065,1.118071627947604
monash_m1_yearly,15,0.11402225141760969,0.09785649578659597,3.693130287508494,3.3581078124795614
monash_m1_yearly,15,0.021231294425483296,0.02007720511771852,0.7075615710028408,0.6427469278886306
monash_m1_yearly,15,0.03650586354304715,0.03491230593778073,1.494152638080605,1.4600395784127551
monash_m1_yearly,15,0.025003556639496185,0.02324298996856709,1.020833478205728,0.9843747754477882
monash_m1_yearly,15,0.02381727519241393,0.022257489544952238,0.8671177073583811,0.7882888795454582
monash_m1_yearly,15,0.02908541606255675,0.026406668142953612,1.5909092288372066,1.5113643068475315
monash_m1_yearly,15,0.05156524352699568,0.04470898561036401,2.5885414189348324,2.369791392857797
monash_m1_yearly,13,0.025294781514198457,0.026541473439203482,1.488540417533678,1.6091676659730574
monash_m1_yearly,13,0.06407864431045379,0.04857224335811666,2.9810598137951145,2.238636014711147
monash_m1_yearly,13,0.11626801591396282,0.09189792037229666,4.880187651615755,3.816131421075866
monash_m1_yearly,13,0.07246958201688708,0.07373518643610666,2.7167597575579143,2.8559063410325582
monash_m1_yearly,13,0.04424080027205997,0.0366705781028879,0.7600795954502004,0.7177643223612687
monash_m1_yearly,13,0.05429099575248422,0.06257738270048484,1.81061462082788,2.160208657149869
monash_m1_yearly,13,0.24791468667534852,0.20127038418639823,6.596402280010463,5.374205491154638
monash_m1_yearly,13,0.07925674754573633,0.05418090250670409,1.698865886911596,0.9143330223880598
monash_m1_yearly,13,0.29295104544704803,0.2527570106846215,7.640550830696203,6.454294049502713
monash_m1_yearly,33,0.04159792094329702,0.04036693877588143,1.3920378270720188,0.951138258092767
monash_m1_yearly,13,0.02492403354067173,0.02698892649062747,0.7625023344123506,0.8644943662848606
monash_m1_yearly,13,0.10711750217805195,0.0774576306846994,3.10965019189686,2.1017010663006754
monash_m1_yearly,13,0.11066715205132455,0.11122991494024442,3.786228466085402,3.8725749312769833
monash_m1_yearly,13,0.23419767325957258,0.1905905136201176,6.955089820359281,5.673652694610779
monash_m1_yearly,13,0.0576064517075349,0.05139579628249727,1.7925369827835649,1.6740184642650462
monash_m1_yearly,13,0.0811871727366508,0.06788027145953603,3.732872327547675,3.275184604067342
monash_m1_yearly,11,0.39729264475743353,0.3486463223787168,4.956331877729258,4.4905385735080054
monash_m1_yearly,39,0.02009789745055257,0.022398640772872628,4.777022637795276,5.54300688976378
monash_m1_yearly,9,0.31319444444444444,0.22355676328502413,1.3413375460768826,1.0380200105318589
monash_m1_yearly,39,0.04187356929036802,0.04705053706638493,0.6601884570082449,0.7608951707891638
monash_m1_yearly,39,0.04321787904581069,0.04815906065169471,0.7445945945945945,0.8244744744744744
monash_m1_yearly,39,0.023663824332608815,0.018818852291515725,1.6285714285714283,1.3138716356107658
monash_m1_yearly,15,0.3234557203381739,0.3007268716692988,3.7585752125566336,3.593767281949446
monash_m1_yearly,9,0.12575883245901961,0.08972590474532749,8.308651743177336,6.209883938881887
monash_m1_yearly,12,0.14416566386599616,0.13417644351535576,6.569444864733622,6.092014291666017
monash_m1_yearly,14,0.1249492371978671,0.11659794498086422,5.237629189716071,4.916582508076712
monash_m1_yearly,18,0.05946657886071781,0.058632422346613984,2.009607351712615,1.881787802840435
monash_m1_yearly,13,0.02322831602046236,0.01834555212814138,1.3364242076751218,0.857173925937642
monash_m1_yearly,15,0.002773681127263125,0.003266153046183666,0.9559606793283045,0.9579741379310344
monash_m1_yearly,12,0.1488447195619474,0.0937347166525379,5.081480514171512,3.642720824249031
monash_m1_yearly,22,0.30616087109237794,0.3122491511532608,4.2254125412541255,4.447194719471947
monash_m3_monthly,50,0.3168802588996764,0.315210355987055,0.5644495471361144,0.5536879704043883
monash_m3_monthly,51,0.09305001648427612,0.10969027285908249,0.6073925280312316,0.6997480593762768
monash_m3_monthly,51,0.1851116339869281,0.16386509803921567,0.42219192312686665,0.34318919620828464
monash_m3_monthly,51,0.1020773249738767,0.10002702890978753,0.6790899565933244,0.6702689218180912
monash_m3_monthly,51,0.14823613201897082,0.14659587670028112,0.7421777966822629,0.7586927548560897
monash_m3_monthly,51,0.2313551925230757,0.22058316919630788,0.65003701805342,0.640560396377926
monash_m3_monthly,51,0.08775651680905074,0.060821833082067345,0.6678033993720907,0.45585146692649137
monash_m3_monthly,51,0.10350093620130611,0.1025846462985797,1.1592365591397849,1.0714516129032257
monash_m3_monthly,51,0.14624013648965664,0.12585654368379895,0.8838828828828827,0.7667657657657657
monash_m3_monthly,51,0.14936249801870344,0.14699635441432873,0.9113323572474378,0.8869692532942898
monash_m3_monthly,51,0.2066058249778323,0.14962199031443968,1.080245447347585,0.8216864608076011
monash_m3_monthly,51,0.10831694579506572,0.10440842787682332,0.8662894450489663,0.7834892999637288
monash_m3_monthly,51,0.10206189213085765,0.08770857648099027,0.8984346846846846,0.7848310810810811
monash_m3_monthly,51,0.18641673141673143,0.15451955451955451,0.9580246913580246,0.7654320987654322
monash_m3_monthly,51,0.4260100453264731,0.4392257748376822,0.947950992817913,0.9831009716941276
monash_m3_monthly,51,0.2560588793922128,0.27559829059829055,0.6163992869875224,0.6596553773024361
monash_m3_monthly,51,0.27862131519274375,0.26730360292265054,0.7600285816362987,0.7479528403001071
monash_m3_monthly,51,0.16170517206367058,0.158043644656888,0.970830940072755,0.925033505648095
monash_m3_monthly,51,0.25479177119919716,0.3088119529464236,0.6543567108059507,0.8367009972208599
monash_m3_monthly,108,0.25935737061564873,0.24457444199166054,0.5031259671928195,0.4714329928814609
monash_m3_monthly,108,0.210716803760282,0.2395351873612743,0.21822666173387592,0.25591318288321624
monash_m3_monthly,108,0.03271149215421662,0.02794421952316689,0.768234064785789,0.6378265412748171
monash_m3_monthly,108,0.14403476101800125,0.14327057038416446,0.395193690559035,0.41419624217119
monash_m3_monthly,108,0.18885583415970159,0.19859847948245737,0.549958672806707,0.5866099893730075
monash_m3_monthly,108,0.028683760683760686,0.0254465811965812,0.3930628480509149,0.3594590294351631
monash_m3_monthly,108,0.19859233804250984,0.23724831360570192,0.3853048663204463,0.4772785975324925
monash_m3_monthly,108,0.39519140362659505,0.39084744919533365,0.8241624272423118,0.809349649388148
monash_m3_monthly,108,0.24468911271504756,0.19176645960481542,1.319707076270322,0.9786426779266875
monash_m3_monthly,108,0.20704886439365286,0.2394733524252085,0.3651244411434896,0.4612171785573856
monash_m3_monthly,108,0.2695979036776001,0.22812324929971992,2.068943089430894,1.7076422764227643
monash_m3_monthly,108,0.8347044058475548,0.7732914569695135,4.015771874916406,3.6870663135649897
monash_m3_monthly,108,0.04020540853936307,0.035625681589155314,0.8185867340796917,0.719971108703503
monash_m3_monthly,108,0.11064174559271367,0.1019294275416981,0.943363239015413,0.930848861283644
monash_m3_monthly,126,0.2135664176557582,0.17707886188110675,2.515533071013678,2.0101350775887035
monash_m3_monthly,126,0.016876847729505297,0.019402302731064365,0.4297022238974745,0.4861277684496681
monash_m3_monthly,126,0.029525166755735008,0.03316641265694173,0.47790999057492933,0.5644635563933397
monash_m3_monthly,126,0.1030712285224702,0.12029694513037942,1.2099307951496077,1.3178822912253092
monash_m3_monthly,126,0.18118483310852762,0.27662805717915234,1.3478993863375817,2.110806046068033
monash_m3_monthly,126,0.0608485195319253,0.056963396144682696,0.6767470080182731,0.5775932491057761
monash_m3_monthly,116,0.20789130176812626,0.12924182192160122,0.3835720467934221,0.19406054852909696
monash_m3_monthly,126,0.16658795513842442,0.09122530275969809,1.2525793857667489,0.785497978428851
monash_m3_monthly,126,0.036878936399900704,0.0287451435432939,0.481285047374382,0.3339079030965995
monash_m3_monthly,115,0.13190609373675732,0.12619713535045343,1.3062413867355727,1.2388167527993108
monash_m3_monthly,115,0.04811357448463633,0.034837287696097494,0.6145597435499714,0.31207279871774984
monash_m3_monthly,126,0.03825707562160925,0.04510876663860135,0.8533488386447023,1.0114423317405086
monash_m3_monthly,123,0.057649087572975426,0.06413596595355409,0.240896103173534,0.31288403819046395
monash_m3_monthly,126,0.030926876936901843,0.028997064963730605,0.8874100468105917,0.8051072451617409
monash_m3_monthly,126,0.03926917571777385,0.03570149588841178,0.5211547692518685,0.3976410889391758
monash_m3_monthly,121,0.1289095349598409,0.12039932522597378,0.40990357380312764,0.3688503799015369
monash_m3_monthly,124,0.02888884073359771,0.03301607022325595,0.6606890042472865,0.8087854766969196
monash_m3_monthly,126,0.2875416227075795,0.22497809960901988,0.9703030084786991,0.7734165224445548
monash_m3_monthly,126,0.07845236007847592,0.07471629247543703,0.5896822306394327,0.45023186661474746
monash_m3_monthly,115,0.19795101226860887,0.18725868123293016,1.5248262130459245,1.4515318356923343
monash_m3_monthly,115,0.03087050844076503,0.034435772330692914,0.47249727998435226,0.551823938582658
monash_m3_monthly,126,0.2465966796875,0.21106981065538194,0.3332555861361198,0.25975027600255013
monash_m3_monthly,116,0.061605590207358084,0.06354970514079687,0.2900857617603291,0.22710684093051559
monash_m3_monthly,116,0.08316659863444838,0.09710405806605593,0.20082167429588452,0.30053307680222785
monash_m3_monthly,80,0.011562908100225313,0.01147475259015425,0.27491936380825277,0.26357468579690807
monash_m3_monthly,116,0.047135255980326404,0.06144109099038676,1.2334869956177792,1.5491586515660272
monash_m3_monthly,116,0.03136277396140006,0.03819648893250463,1.483474270730908,1.6798164536217632
monash_m3_monthly,116,0.0185631137433794,0.021202026591020898,0.5899459372226256,0.6794588342881736
monash_m3_monthly,116,0.03828532463463629,0.025315419914855974,0.814513782273197,0.5600891056323188
monash_m3_monthly,92,0.019752312742464934,0.025452103849597132,0.7761674718196458,0.9822866344605473
monash_m3_monthly,116,0.01390907649333382,0.01634915407228504,0.5633061016847711,0.7425681539336266
monash_m3_monthly,115,0.02276812526812527,0.026532604032604032,0.9932354634427174,1.1200665259387195
monash_m3_monthly,116,0.020633772309355484,0.023515911366807307,0.737812680253794,0.8145444215667744
monash_m3_monthly,116,0.1339035450979802,0.10220205672238378,2.098810085506928,1.7607843569121815
monash_m3_monthly,116,0.017673646185790735,0.03819078925052857,0.6554732568593907,1.337772302859202
monash_m3_monthly,116,0.07134179263617905,0.07672318262909807,2.0456135180158967,2.2738374960868932
monash_m3_monthly,116,0.03976721974290035,0.06443268053054935,1.2184211818509558,1.8042919625364908
monash_m3_monthly,116,0.03469677125671089,0.04303214052436894,0.6121437170632132,0.756410483465349
monash_m3_monthly,116,0.04488518792426896,0.041085616288513024,0.5594780258633038,0.49267467949156607
monash_m3_monthly,116,0.06222963150801159,0.08043606488713234,1.1936088969428593,1.4954951471292206
monash_m3_monthly,114,0.018763657869446292,0.01835026243808679,0.38728774364056817,0.3872877436405682
monash_m3_monthly,66,0.06379072170555283,0.06596646181178731,0.6835221238938053,0.714
monash_m3_monthly,48,0.6442144690233499,0.6417390780500734,0.4705341843728582,0.4357386623257939
monash_m3_monthly,126,0.19787698921203795,0.2007462157843,1.7359518724849583,1.703552600614497
monash_m3_monthly,102,0.07236279639843492,0.06809296186300853,1.1997757847533632,1.1172645739910314
monash_m3_monthly,90,0.023640674874601003,0.025868369053047575,0.5421329507412722,0.6495648015303682
monash_m3_monthly,116,0.030184284752005894,0.018123313154117457,0.7817185952492762,0.36997108803232165
monash_m3_monthly,115,0.01695638351005345,0.015538622017913398,0.2721795400293187,0.2604384878269043
monash_m3_monthly,116,0.11505633529495658,0.11635582302838159,0.7725724397257244,0.842409496424095
monash_m3_monthly,116,0.0051172722099265275,0.005119334726557708,0.16023164291560618,0.12941548143534934
monash_m3_monthly,126,0.17152180469424497,0.19110372444275311,1.1224711259988138,1.3908405736417881
monash_m3_monthly,116,0.07249755686272463,0.13664250977401932,1.1199269955067757,1.7698763264055508
monash_m3_monthly,116,0.039180293126589126,0.062021498062824185,0.4957213851720168,1.0418744259426225
monash_m3_monthly,116,0.17832058956720787,0.17627949891485495,1.5730959760991994,1.5322197509792852
monash_m3_monthly,116,0.15929525120363017,0.16623795647120612,2.286258252562648,2.196610676785438
monash_m3_monthly,52,0.13093243429636114,0.13576227074670266,1.5067271513944906,1.5317577906389415
monash_m3_monthly,117,0.0034491162306478492,0.00360886240495436,0.32997613532123116,0.34409394037054186
monash_m3_monthly,117,0.03029910061786931,0.03159913871125483,0.8118885431558882,0.8746811313878843
monash_m3_monthly,117,0.003604292001642547,0.004155355499391912,0.2005479152427983,0.24725093133023796
monash_m3_monthly,117,0.005523818698521265,0.006548389341125721,0.08012619941593659,0.06552461410095953
monash_m3_monthly,117,0.027399165966144164,0.019141901135670606,1.1121236133122028,0.8089012150026412
monash_m3_monthly,116,0.050233032828712366,0.06777494282852338,0.7038235984048792,1.0852138556572055
monash_m3_monthly,54,0.07566208476517755,0.06761855670103092,0.3324624348359399,0.2981171419809875
monash_m3_monthly,114,0.05340328524139654,0.06577644536048133,0.3526186979931473,0.5069016152716593
monash_m3_monthly,78,0.09669003895381191,0.0937458727508811,1.2026131874810086,1.1598298389547248
monash_m3_monthly,53,0.12675399172861063,0.1389188499231782,1.098813203466905,1.114449340022026
monash_m3_monthly,53,0.05230757138457185,0.05994609599803047,0.14935927399100601,0.1449716544509246
monash_m3_quarterly,36,0.023281869950851058,0.02123949498010886,0.5411021645109065,0.3536847860776421
monash_m3_quarterly,38,0.06509054355907401,0.053148607948910784,1.0254038186118821,0.8099974814672901
monash_m3_quarterly,36,0.04632186056986054,0.04706037157931648,1.3709414845526235,1.3194676396764884
monash_m3_quarterly,36,0.11211622335122631,0.06785905905543858,1.019918460199063,0.43540841436321837
monash_m3_quarterly,36,0.047895273251890406,0.04890024020948293,0.7201124340700947,0.6166516194431761
monash_m3_quarterly,36,0.02790878910207453,0.03341178426513297,0.28317583393910023,0.2792989257733624
monash_m3_quarterly,35,0.088816105099864,0.03870216314074891,1.280532531182861,0.5891447459378963
monash_m3_quarterly,36,0.03398515522895963,0.04152864427073486,0.4979993844259772,0.4487534626038781
monash_m3_quarterly,36,0.20369259931778408,0.1435412355897133,2.2643080124869925,1.567597854798687
monash_m3_quarterly,36,0.08386323101744649,0.07147476557619224,1.5018387734661907,1.2715276660796038
monash_m3_quarterly,36,0.03051212732312673,0.037916757365635864,0.6604021359094279,0.7773059527737396
monash_m3_quarterly,36,0.03498778760205448,0.038567058063331446,0.7045974665659969,0.8635156750322468
monash_m3_quarterly,37,0.16635463509691414,0.10803934162808851,2.5274425153114537,1.6947575853959327
monash_m3_quarterly,36,0.0218365438442752,0.028599356842282722,0.44629811189994073,0.5234532014931379
monash_m3_quarterly,38,0.09351843511567108,0.09998180201095054,1.8106405996253583,1.9950176853469541
monash_m3_quarterly,36,0.13259982701222867,0.12675438600721026,0.4800862160690429,0.45243612651227494
monash_m3_quarterly,37,0.0985635721311197,0.08713906479601746,1.3282159805846212,1.195163917054657
monash_m3_quarterly,36,0.04127324460974606,0.037032473810501766,1.033808576790566,0.9190778969776756
monash_m3_quarterly,36,0.027552124755645436,0.045135357906478775,0.6483992782001248,1.0919037714904016
monash_m3_quarterly,36,0.10677243853828967,0.08785653999453553,1.4528408433454958,1.0506879853860263
monash_m3_quarterly,36,0.15126128650817935,0.16110955170936678,0.8486697334450446,0.9455358093837758
monash_m3_quarterly,36,0.07821351071913744,0.05801899500116256,0.7850233151124915,0.5746843426090021
monash_m3_quarterly,36,0.13680235267534216,0.1427689469594956,0.8992138290228575,0.8854237478821233
monash_m3_quarterly,36,0.12557925044569487,0.12326384169905451,1.655276682635697,1.5575261299731138
monash_m3_quarterly,35,0.10104892445754869,0.09433299987714772,0.44669599847379216,0.4163864644441264
monash_m3_quarterly,51,0.02026598026598027,0.023768339768339766,0.8964439655172414,1.1192887931034483
monash_m3_quarterly,56,0.002164576298694069,0.002111245557999281,0.20681301622016168,0.2215720194683289
monash_m3_quarterly,56,0.040209344764659295,0.04531212340322969,0.6805244968489531,0.7809514128887987
monash_m3_quarterly,24,0.5099625205552634,0.5595388943146437,0.7177129469157199,0.784469478143655
monash_m3_quarterly,63,0.02130751528521045,0.019611004443718195,0.49817586881299836,0.46203711663693614
monash_m3_quarterly,63,0.020100098858817896,0.016914020384894923,0.4163465315421478,0.20591366171733833
monash_m3_quarterly,63,0.016160384706559654,0.01521216431304819,0.3072982396098479,0.173210198712327
monash_m3_quarterly,60,0.0996304626323215,0.08963785159301545,2.2389168776571142,1.99240977291002
monash_m3_quarterly,27,0.043060194280179896,0.04814196659072768,0.7236207735492846,0.6588356192621135
monash_m3_quarterly,64,0.026648218092068358,0.026487000818551622,0.3876189837779863,0.38560799034723153
monash_m3_quarterly,64,0.2088710550619407,0.1518359287920767,0.8228738701725554,0.6047144617912901
monash_m3_quarterly,56,0.103104315912624,0.09421011541305785,2.78198902027027,2.635592623873874
monash_m3_quarterly,32,0.11593773483628556,0.11531937734836285,2.9998742138364776,3.042138364779874
monash_m3_quarterly,44,0.011075604903884168,0.011379156478504966,0.47490347490347495,0.4368874368874369
monash_m3_quarterly,44,0.007004236284941307,0.007200075393459617,0.32149532710280376,0.3411214953271028
monash_m3_quarterly,44,0.006556322316193639,0.005803628565004583,0.13851748850144402,0.20697400791528506
monash_m3_quarterly,44,0.00655681331053358,0.008409528789399056,0.44413183279742763,0.572749196141479
monash_m3_quarterly,44,0.006235789346173647,0.006273583477181187,0.32741347905282325,0.2982695810564663
monash_m3_quarterly,44,0.06436215689054438,0.0661671557233958,1.2566880909916884,1.2351515967291449
monash_m3_quarterly,44,0.11425247725966726,0.1015456106992078,0.6676194365046958,0.5742868809426589
monash_m3_quarterly,44,0.03708753840385823,0.042387622729197945,0.9052511979449687,1.0628365360865486
monash_m3_quarterly,44,0.020431646677877068,0.02407116595868211,0.5490436283653981,0.638137929114347
monash_m3_quarterly,16,0.029817418247932197,0.02604659175297571,1.4128933231005372,1.1611665387567154
monash_m3_quarterly,44,0.017251485502390206,0.014983246213644283,0.5292464878671775,0.46385696040868457
monash_m3_quarterly,44,0.0267716059012149,0.023191922434198722,0.620589647434922,0.5167082994121168
monash_m3_quarterly,44,0.040206041766300014,0.02942222620755619,0.8516368999903807,0.6053804469811139
monash_m3_quarterly,44,0.017976976071639925,0.014339522921574976,0.42919372511291054,0.33512386755391643
monash_m3_quarterly,44,0.07604824750692475,0.06914199328991814,1.3582726937505296,1.1877463560492632
monash_m3_quarterly,44,0.0645139238561846,0.06552247116248693,1.2544842628250046,1.2406864014935108
monash_m3_quarterly,44,0.23423984539066126,0.24746965935238208,2.5159754825247784,2.4898930620761606
monash_m3_quarterly,44,0.0070550212822238795,0.006664998127311559,0.27258297506830076,0.2710115599198587
monash_m3_quarterly,44,0.020412573463415587,0.014916430287098156,1.391241498391635,1.0896433750795314
monash_m3_quarterly,44,0.07856129894288204,0.09491265691074444,1.6853456501855661,2.074391083144249
monash_m3_quarterly,44,0.010674088912783443,0.010719875780507766,0.6232765310449011,0.4573800008975182
monash_m3_quarterly,44,0.006584968655647639,0.007110580589759326,0.4784137714879661,0.4457993105855564
monash_m3_quarterly,44,0.030819021952444767,0.026944437312419352,0.5309471418045524,0.4169043296833525
monash_m3_quarterly,44,0.12694357381803326,0.1559905499944775,2.5896232716049328,3.130193455941213
monash_m3_quarterly,44,0.03510433222862435,0.03755304684972923,0.3090966777679026,0.6153356786038948
monash_m3_quarterly,44,0.039029710849202086,0.041897490557480314,0.5979288558575064,0.666590522602983
monash_m3_quarterly,44,0.03646932373661634,0.04299421427915637,0.7373695404126153,0.84161974089377
monash_m3_quarterly,16,0.01256949995528356,0.010668050939964735,0.36670554096058977,0.28783446182471706
monash_m3_quarterly,16,0.011314549701802236,0.008025021641631973,0.3555811277330264,0.2184328904697144
monash_m3_quarterly,16,0.014644723077718016,0.011696162991690722,0.5907387580299787,0.32307280513918635
monash_m3_quarterly,16,0.045325836165530826,0.055594109029223536,1.9089473684210525,2.0921052631578947
monash_m3_quarterly,16,0.021509616222079697,0.010139591597583472,1.6163434903047091,0.6897506925207757
monash_m3_quarterly,16,0.07631468103537341,0.07237918126981856,3.091246290801187,2.806379821958457
monash_m3_quarterly,44,0.053949030113897865,0.08008097593370543,0.47603171450683646,0.9816439583926196
monash_m3_quarterly,44,0.005168041797859545,0.004725241892854681,0.1787907738501433,0.24566671216050223
monash_m3_quarterly,44,0.09768007631279695,0.08882602911999787,2.6412241566406958,2.434191107304365
monash_m3_quarterly,44,0.09186333896259608,0.06761311456862794,2.8687859160090445,2.2896271437891556
monash_m3_quarterly,45,0.03846469649661245,0.03185337567490197,1.010375667697498,0.8439608518414394
monash_m3_quarterly,44,0.057373639883722266,0.07459316198070463,0.962726394083288,1.3190738328360718
monash_m3_quarterly,45,0.05053121581238941,0.07636952355778762,1.4583926691845703,2.077797040430933
monash_m3_quarterly,45,0.02014038719622169,0.03799147281090297,0.8121676500582752,1.3855942234848486
monash_m3_quarterly,45,0.0042767083657669555,0.016301045008968045,0.31916863081297453,1.4668381537444546
monash_m3_quarterly,27,0.03352813049775283,0.061032234619071826,0.06635086877731586,0.10300477355950524
monash_m3_quarterly,31,0.09053687138314517,0.10867008321421096,1.2365374667337299,1.4197678444093567
monash_m3_quarterly,35,0.030639327473586813,0.04550489957893619,0.19199029027230685,0.13183098062613804
monash_m3_quarterly,31,0.038924636349906803,0.049645591112978976,0.6695978682484716,0.8232700657234704
monash_m3_quarterly,36,0.0838104987254335,0.07665041426889473,0.572188955012939,0.5479144250285412
monash_m3_quarterly,62,0.12567243889762372,0.09837242771195315,1.9037298144509993,1.5963652472221939
monash_m3_quarterly,41,0.056386503791220156,0.049183185495000475,0.851062706341637,0.7979798534505274
monash_m3_quarterly,43,0.09071312880093381,0.09716583525356247,0.8100056156367017,0.8889963287230155
monash_m3_quarterly,59,0.1358227328666411,0.12835770281933256,0.36130960503201026,0.11803079477819788
monash_m3_quarterly,44,0.06603222526448894,0.07792394976447545,0.2821294609189384,0.2933552602978451
monash_m3_quarterly,49,0.07015178647751823,0.07526243229433799,0.53564999196738,0.5558598346045274
monash_m3_quarterly,40,0.003515328744814141,0.003915694875361078,0.09495686794956869,0.08779031187790312
monash_m3_quarterly,64,0.0263696324335699,0.019751703905518527,0.9738821795146435,0.5041162004720363
monash_m3_quarterly,36,0.012290844248767118,0.010982353165933958,0.7976209720063103,0.6497788702904796
monash_m3_quarterly,53,0.04838264993258199,0.04202255203197505,2.951920080175678,2.411182457014448
monash_m3_quarterly,46,0.02287305881601947,0.022316007433561408,0.5493865864452492,0.4949796688398958
monash_m3_quarterly,44,0.19428941939286765,0.20584025935750075,5.093922651933702,5.226519337016574
monash_m3_quarterly,36,0.16327214170692433,0.17959420289855071,1.7408955223880598,1.9629850746268658
monash_m3_quarterly,36,0.33448163265306124,0.29892123960695394,2.299228070175439,2.1319298245614036
monash_m3_quarterly,40,0.6138173704816923,0.6047687464915834,9.813042128355594,9.753900461714963
monash_m3_yearly,14,0.11761720629745381,0.12226564082829472,3.582224329461434,3.7771323084958293
monash_m3_yearly,14,0.2016323705051471,0.17332138833327493,2.4257143039739737,2.1451142845434235
monash_m3_yearly,14,0.09416240910717068,0.07088359932839747,2.4281585167569353,1.9674763911159499
monash_m3_yearly,14,0.153752810927938,0.11851553296400533,1.8688559379668075,0.6365953590460974
monash_m3_yearly,14,0.20120923456337295,0.194733808318991,1.6068240052442542,1.5720122408317974
monash_m3_yearly,14,0.19728243209043944,0.18345042193966724,6.327345091656132,5.927072276571368
monash_m3_yearly,14,0.11906232673658895,0.10695130219951506,3.0733493279409463,2.76175537435509
monash_m3_yearly,14,0.07043221811221313,0.07699937920105984,0.9280930125965189,1.1034880809494594
monash_m3_yearly,14,0.07968148091023726,0.060662251806171824,2.242567854497057,0.8189932123872055
monash_m3_yearly,14,0.06416805732660587,0.0597463233736432,0.9725180112902706,0.825430850737216
monash_m3_yearly,14,0.24558694221951768,0.22598385003909435,7.187714616787583,6.805553206501408
monash_m3_yearly,14,0.08803526483227792,0.0896349851742995,2.463597851002626,2.6182251154885745
monash_m3_yearly,14,0.09267288990100829,0.08791396877400857,3.309573113108298,3.1960145620890987
monash_m3_yearly,14,0.07544116394496196,0.09090261484974486,2.4456930940702715,2.8281705805062085
monash_m3_yearly,14,0.13008403906985033,0.12043799441467695,3.0871850068316475,2.863441746004621
monash_m3_yearly,14,0.1598928543484283,0.15261996738106665,4.619209773564045,4.480388646209423
monash_m3_yearly,14,0.12845297322909263,0.13941948712921437,0.8688422324993114,0.9936837999794026
monash_m3_yearly,14,0.11012275795613834,0.09608554637048967,1.0076481601179743,0.592969298864266
monash_m3_yearly,14,0.4588123744187599,0.4768378149760376,3.328326479070554,3.5561850297916897
monash_m3_yearly,14,0.14807147004407836,0.1458083917943599,2.073129476515375,2.134573931899768
monash_m3_yearly,14,0.1265426178144383,0.16394768065591003,0.6772718534541248,1.4574853022406853
monash_m3_yearly,14,0.4590749866385577,0.6509004492178001,4.1380078789222985,6.7663537876458895
monash_m3_yearly,14,0.18921407472327184,0.1835962316921615,0.6570045364390024,0.5301203181601458
monash_m3_yearly,14,0.1237908141163196,0.08933216469711165,2.990439547627375,1.8506470793983911
monash_m3_yearly,25,0.08380973004172956,0.11806780031877623,0.4453401413192301,0.5337686535157578
monash_m3_yearly,37,0.4773736788039529,0.38487116437056845,6.353480445450004,5.011841448006347
monash_m3_yearly,40,0.052607437417320754,0.047234832613184376,1.6873518735187352,1.2981279812798128
monash_m3_yearly,41,0.17093347974464146,0.18191734220413613,8.921231266805814,9.354468701227882
monash_m3_yearly,35,0.32545772493947334,0.237570668345032,15.528119875407809,11.708729546673863
monash_m3_yearly,41,0.07454368889183165,0.13135653696469426,1.6076042055235489,3.2549978585540402
monash_m3_yearly,39,0.08476341433275608,0.09040005733956312,2.058249875588045,2.159060436228978
monash_m3_yearly,41,0.0406165924649337,0.08209296759059792,0.3573789173789174,0.8068376068376067
monash_m3_yearly,41,0.23478801297364488,0.1136592281846608,6.1323203545425775,3.37701804368471
monash_m3_yearly,41,0.09677383437717467,0.07321116523621742,3.35596437436122,2.5616878376405317
monash_m3_yearly,17,0.6140216658236386,0.4800061822064856,4.054691430946599,3.4736496685699283
monash_m3_yearly,38,0.018418586610259347,0.01653222137897841,0.9405124456896901,0.724164534860113
monash_m3_yearly,41,0.07549274093277383,0.1381408603182285,0.25634228691400285,0.9203628536374246
monash_m3_yearly,38,0.05296913836639702,0.08556340117486501,0.3630550571078641,0.9300321854795067
monash_m3_yearly,41,0.1030649211642172,0.0880068749742703,0.7687721610342338,0.7094668800401643
monash_m3_yearly,17,0.042767901307362965,0.04379649557278614,2.57606233577965,2.7152305880221075
monash_m3_yearly,17,0.04165676400496107,0.035415165033539184,2.627244633759292,2.156852919067903
monash_m3_yearly,17,0.014380339705024472,0.019484156417503326,0.7934498185194564,1.2688444331898372
monash_m3_yearly,16,0.019334163036714376,0.020544838553550437,0.6802078412848371,0.9069437883797828
monash_m3_yearly,17,0.0795815248605931,0.0814332555417421,4.093634496919917,4.023545516769336
monash_m3_yearly,17,0.060352818355698806,0.06480305420295819,4.016180394181943,4.280574920389018
monash_m3_yearly,17,0.023752694668106023,0.024864565073139815,1.4960358497069974,1.6284039986211651
monash_m3_yearly,17,0.016641371944831958,0.012338032871214946,0.7302121926574605,0.5218367576063769
monash_m3_yearly,17,0.07866498212375753,0.0584173402195192,2.662517504278824,1.836004356620507
monash_m3_yearly,17,0.1670716142495238,0.12565283670054553,6.194762538837106,4.717620949844652
monash_m3_yearly,17,0.137630560914331,0.12179541580452352,4.772903104066422,4.338145108029059
monash_m3_yearly,17,0.05873601449637062,0.050196708367933135,1.8463583863060364,1.5698201005442687
monash_m3_yearly,41,0.26433765661435477,0.20512755672110086,12.019950493200492,9.591427118420336
monash_m3_yearly,41,0.15952569982400022,0.12033915288858059,1.2972173775739435,0.7864837901657228
monash_m3_yearly,29,0.033794482443131095,0.07584931368715153,1.8586994239711292,4.5325838017905475
monash_m3_yearly,26,0.44498306069740895,0.42009178228734967,5.5863876536125865,5.452499641371396
monash_m3_yearly,26,0.3816095105240948,0.4420453109923102,2.605746855577484,2.9739462134378036
monash_m3_yearly,22,0.2781606091294401,0.28732055561806885,3.0724223365732803,3.3603964170001905
monash_m3_yearly,41,0.16604349484929415,0.17776760354402477,3.605002156101768,3.7153945666235444
monash_m3_yearly,36,0.1228108108108108,0.16651851851851854,4.166768978923675,5.53181911192961
monash_m3_yearly,19,0.04838494214880023,0.06465077690819729,1.0374189426639948,1.0980677289780911
monash_m3_yearly,41,0.021139209090715528,0.028656979563354463,2.1088580781519233,2.670310724932191
monash_m3_yearly,40,0.08208266237251743,0.09546323134728932,1.180184331797235,1.3479262672811059
monash_m3_yearly,40,0.10068057675996607,0.10085156912637827,1.021011235955056,1.1067041198501872
monash_m3_yearly,41,0.013402068059583654,0.01183910038351572,0.6099140826136952,0.7746305295742392
monash_m3_yearly,41,0.026266311921956165,0.026617678111406733,0.8144850103888395,0.7337488869100625
monash_m3_yearly,17,0.08400586648397479,0.19072975425415095,0.7209518934979623,1.7964644350958945
monash_m3_yearly,15,0.037975701987287794,0.03003298736825167,1.6926952141057934,1.5340050377833754
monash_m3_yearly,15,0.0059325723194703795,0.004887011223415451,0.6712718449245659,0.5651920269651108
monash_m3_yearly,15,0.019929229458071827,0.018888412271555185,0.5221609439795573,0.2906491687064639
monash_m3_yearly,15,0.041091103534158145,0.052866013152796015,2.701353311644644,3.3429702925480953
monash_m3_yearly,15,0.019119594435373043,0.021614542603262784,0.6104372706350688,1.3776202027741495
monash_m3_yearly,15,0.020806360486566332,0.0173011950871413,1.0105672105672105,0.6885780885780886
monash_m3_yearly,30,0.037378502183871315,0.05092063492063492,3.1371555555555553,4.044533333333333
monash_m3_yearly,19,0.015923083542600542,0.01111189341844837,1.9547511312217194,1.8099547511312215
monash_m3_yearly,19,0.09317223107375387,0.1365850664578648,2.9841076143995218,4.3010191471324175
monash_m3_yearly,19,0.12304099421297526,0.14857540677232428,3.9961580139252653,4.715323105779766
monash_m3_yearly,19,0.05062189116041872,0.05550215752343309,2.537329615255727,2.956536587255362
monash_m3_yearly,19,0.10461764535380942,0.0900940028208779,2.645524069824949,2.4777437930453643
monash_m3_yearly,19,0.03237843947306536,0.04801748618156809,2.3007769067304698,3.3487343044649704
monash_m3_yearly,19,0.06830914315059504,0.10753653478530835,3.513675296730756,4.941330015857677
monash_m3_yearly,16,0.14486633992208398,0.10879876483366545,2.717696629213483,2.0435393258426964
monash_m3_yearly,19,0.0068336361475893675,0.017151297246051276,0.35097744360902255,0.9590977443609022
monash_m3_yearly,20,0.013037272807649072,0.015000905190742634,2.896060606060606,3.0803030303030305
monash_m3_yearly,19,0.01320691679082577,0.02645296251147531,0.3302267002518892,0.9816120906801009
monash_m3_yearly,19,0.085386102581599,0.06852875393305281,1.2161699212058925,0.7447756080849607
monash_m3_yearly,19,0.04147716391770166,0.03735040860170126,1.8835227272727275,1.8445616883116884
monash_m3_yearly,19,0.05324908285016607,0.06308833570577138,0.5627435697583787,0.9368667186282152
monash_m3_yearly,19,0.037435811076308195,0.04211152650073535,0.8190459426157367,1.2066537581411725
monash_m3_yearly,19,0.055734968915592265,0.044486168481662286,1.3499288762446655,0.8975817923186344
monash_m3_yearly,19,0.05370109528671471,0.09849034761503739,0.5937090432503277,2.847968545216252
monash_m3_yearly,19,0.09217731310297932,0.08881465425644951,1.6210656474820144,1.5590152877697843
monash_m3_yearly,19,0.05429149341522066,0.0860512383499116,1.4711180124223604,2.5947204968944098
monash_m3_yearly,19,0.03679229267464561,0.030850522026992615,0.8253968253968255,0.7912087912087912
monash_m3_yearly,19,0.15891703986460923,0.19975549817247354,3.1068044053615647,3.7952702125843083
monash_m3_yearly,17,0.03242090814994825,0.032604293236127985,1.6912042280105701,1.884484711211778
monash_m3_yearly,17,0.0324029071598938,0.03292831105710814,1.6912042280105701,1.8522712973449103
monash_m3_yearly,17,0.10764374061998654,0.09103917611136987,3.6443435489973517,3.208475217555808
monash_m3_yearly,16,0.19373528807198317,0.17846869964790832,3.7728688205527443,3.695017516543402
monash_m3_yearly,31,0.1066763075439865,0.10174017835623042,1.0202808112324495,0.9953198127925118
monash_m3_yearly,30,0.07045302309183853,0.06269228509313121,0.7298131851165665,0.6698162729658793
m4_quarterly,55,0.004494210348252192,0.005764550524397298,0.21644778987828314,0.363468930172966
m4_quarterly,39,0.020955903193447478,0.020857284139048617,0.5431838646741252,0.5502658695837712
m4_quarterly,98,0.024169545192861255,0.023917674150834775,1.146281851274051,1.1853874154966197
m4_quarterly,67,0.05744649409189549,0.07426584675401238,0.5609535606386027,0.9774949806569677
m4_quarterly,39,0.05494998281606945,0.058243416349177464,2.2111972357116176,2.298359482007222
m4_quarterly,98,0.013531951160765566,0.016791358642284107,0.7458813364055299,0.8758352534562213
m4_quarterly,67,0.08374057067352444,0.038181911523722786,2.3312351515939564,1.1748273794696722
m4_quarterly,95,0.06136457078752741,0.05571301007190314,0.8472763535504849,0.9876716099300308
m4_quarterly,157,0.09343046639044451,0.11502800163912033,1.9829484950559602,2.4484488753667284
m4_quarterly,51,0.04004215996274236,0.07492217565017036,0.5129223744292237,1.019406392694064
m4_quarterly,83,0.2130419093296791,0.2212054356514788,2.438103448275862,2.4492793987621573
m4_quarterly,102,0.0055064540622627185,0.005506454062262719,0.4102539981185324,0.3341956726246472
m4_quarterly,53,0.6451281003638559,0.6357178009423105,1.016409917505354,1.0087780319576785
m4_quarterly,197,0.07588795202106698,0.05022037205136947,0.8329970202721996,0.6021999416714255
m4_quarterly,122,0.038878738158584995,0.03307620567488155,0.5035275086978338,0.3560285755196085
m4_quarterly,113,0.05471482063345479,0.04376836947123601,0.5701356633888732,0.6009497688283575
m4_quarterly,78,0.06473285816895961,0.08201558097132437,0.08191131794971236,0.10343545989270247
m4_quarterly,121,0.11609681360448049,0.08984273189006535,1.0412854939925547,0.71821952458198
m4_quarterly,118,0.004672449401073937,0.005908302354399009,0.22642487046632126,0.2618652849740932
m4_quarterly,162,0.06313348181344397,0.04920594392831772,0.6703570158820389,0.5605542933798335
m4_quarterly,184,0.007346357833330728,0.004953102788236017,0.6804808654453155,0.3833793802948057
m4_quarterly,76,0.07759496044186513,0.06555802890531422,0.9416024503627913,0.8400089428963685
m4_quarterly,98,0.049439927732610654,0.050322192110809995,1.6542763157894735,1.6697368421052632
m4_quarterly,67,0.047053748755599714,0.046152939268651334,2.156732076390167,2.0801376958284603
m4_quarterly,67,0.045634834835583296,0.048333103826287464,1.6305204950493353,1.5673676134764065
m4_quarterly,39,0.034379752581999774,0.028062648961525365,0.7364597093791281,0.4986789960369881
m4_quarterly,23,0.04873240167966441,0.05973438343254099,0.6626177762536946,0.8939813680824311
m4_quarterly,69,0.04425097416605301,0.04293234921878685,0.18787986488862207,0.18416039308491183
m4_quarterly,35,0.024566647876897687,0.027764508563043123,1.6703861131459967,1.9142063044232924
m4_quarterly,126,0.005201816787001821,0.005159799470015976,0.20842617650155054,0.18459650217642942
m4_quarterly,51,0.03961368971817079,0.047648530815468354,1.1181248082233815,1.3488704357164776
m4_quarterly,45,0.5045113788487282,0.4848995983935743,1.7963039867109634,1.8371677740863785
m4_quarterly,106,0.06294874071896504,0.06639229304083144,0.7120037765677147,0.7818044089232391
m4_quarterly,106,0.09416890779077282,0.07846866943245703,2.612275606250708,2.267936621188284
m4_quarterly,37,0.08925410337933426,0.07649951623847367,1.735896882875883,1.446799739805416
m4_quarterly,108,0.007536156408336859,0.009433757554058305,0.19440097374369675,0.26975018837303655
m4_quarterly,74,0.12107148734698013,0.11053384477105567,1.8281570841889117,1.7383213552361398
m4_quarterly,30,0.020055852836783596,0.021187323207754537,0.3870603015075377,0.4284338358458961
m4_quarterly,70,0.07574447732639823,0.07164559232355842,1.1157389259114074,1.079517836142689
m4_quarterly,114,0.05387977358952447,0.0483555466996031,2.01786401668646,1.7937864170859168
m4_quarterly,114,0.15778737010391686,0.14610871302957631,0.824760938858302,0.6502463054187193
m4_quarterly,114,0.017734877629644166,0.015484664014707062,0.7343191351594831,0.6754807015568255
m4_quarterly,233,0.005008846191940617,0.007895597664436435,0.24215243813676388,0.42847968040120676
m4_quarterly,33,0.018718055365521014,0.03581654261694576,0.4074404633284918,0.8012802603905373
m4_quarterly,110,0.028021719303742074,0.03556791027297978,0.4995565731727148,0.50787848225595
m4_quarterly,115,0.019856135709576162,0.020091892948335893,1.7084615399746084,1.7465170348929089
m4_quarterly,88,0.11445807789481775,0.11717987454634672,1.1378147675257175,1.1662074441586927
m4_quarterly,88,0.006646139584319164,0.006178239986378046,0.7562961547510385,0.600377149576986
m4_quarterly,93,0.10811613184894127,0.12373717528923815,0.807519422863485,1.0174250832408434
m4_quarterly,56,0.012504932609156905,0.012696882987604526,0.30761848027535077,0.1656407201482658
m4_quarterly,39,0.057431169897029205,0.04856060389170412,2.0163485937830408,1.7203029181645166
m4_quarterly,39,0.030802022066850995,0.025719364896342967,0.9392591414754721,0.7816554562580514
m4_quarterly,58,0.03342731649308553,0.03256804188963691,0.6241038318912238,0.6508034610630408
m4_quarterly,136,0.011130636557861822,0.011499639203701346,0.4550924841957387,0.4798173729805666
m4_quarterly,58,0.06966161026837807,0.05614806171398937,1.3451707317073172,1.2046829268292683
m4_quarterly,177,0.09482039503904455,0.08928372377890062,1.4888030743040257,1.315560534748648
m4_quarterly,83,0.030116901129383793,0.020901305506021182,0.6377676377676378,0.3500789750789751
m4_quarterly,107,0.0126712508529736,0.010468975090254814,0.5387541607227769,0.4163100332857822
m4_quarterly,66,0.02062400278883928,0.010840540069452823,0.9940399137001078,0.4857335490830636
m4_quarterly,170,0.006574451640414701,0.007979531462381069,0.4573002754820937,0.5670523415977962
m4_quarterly,127,0.19826640159045728,0.33848288049480896,2.0043433895297253,2.942941437444543
m4_quarterly,120,0.07717988810009425,0.05611426705869343,2.3385288138771805,1.7607129598841755
m4_quarterly,710,0.033603542527185754,0.033661253511569775,0.5636741268074855,0.5786806765607825
m4_quarterly,20,0.23051764756907162,0.14876864007210452,1.0150372499050315,0.46156625556674336
m4_quarterly,122,0.012219292051551789,0.013083932577253229,0.23981573480263751,0.3983605816999368
m4_quarterly,70,0.0700814479638009,0.06070588235294119,1.1419736842105261,1.0030263157894737
m4_quarterly,70,0.14771584699453555,0.11869823922282936,1.082258064516129,0.8504301075268816
m4_quarterly,70,0.055717643756797525,0.057536399677226964,1.5139175257731958,1.5976605868358447
m4_quarterly,70,0.04074918223066372,0.045301255671626045,0.7882591093117409,0.9174089068825911
m4_quarterly,71,0.25067867522595894,0.3240771613809843,0.991117635825456,1.0755633533848945
m4_quarterly,47,0.04737850045167119,0.06251851851851853,0.3473076923076923,0.5504945054945055
m4_quarterly,71,0.25858612260703306,0.2659241511169196,0.9371942519364044,0.9863585405625764
m4_quarterly,63,0.06220287050475729,0.04645630633052017,0.8915729762878168,0.5490545789043335
m4_quarterly,118,0.034841123846024585,0.027654188948720754,1.915217855605396,1.4784676017197116
m4_quarterly,147,0.008430331870952622,0.010276301152755294,0.24479005408021826,0.34348925982750433
m4_quarterly,62,0.04139770412432407,0.03145495909252841,1.294974837784921,1.1742890977547558
m4_quarterly,26,0.03392211663871809,0.03030867647972176,1.038684503901895,0.920958751393534
m4_quarterly,103,0.11064918238621518,0.08852844243402175,0.7175026254715977,0.6193206870630721
m4_quarterly,123,0.28342722440360546,0.1949134392045874,2.058540516405747,1.361543931864038
m4_quarterly,103,0.11772585183555691,0.10848097114555083,2.004512589209503,1.855399604008018
m4_quarterly,39,0.05723964060018437,0.04584754014001341,0.860111439527081,0.6532093784949672
m4_quarterly,123,0.5832055670801748,0.4884614911443199,0.13533845122775842,0.10484830529766166
m4_quarterly,100,0.012012814800670442,0.012338701122355886,0.27566109681619494,0.32327866819605044
m4_quarterly,85,0.01249146074222785,0.009734563746905905,1.1639154323936933,0.9975035833731487
m4_quarterly,115,0.0866173912517633,0.08075633690134322,0.7368143814265011,0.6850021475326283
m4_quarterly,32,0.029718232152108615,0.031082074045547484,0.5248750786190517,0.5463789488411515
m4_quarterly,97,0.11176891945130905,0.13215262108568224,1.9869393322053797,2.3851300024170436
m4_quarterly,39,0.020133509875317222,0.019058810548383535,0.7010086455331412,0.7010086455331412
m4_quarterly,96,0.05222878008417278,0.05986786841970536,0.7706380991632288,0.8560184349037618
m4_quarterly,118,0.016906002139156287,0.03037879734966871,0.32917522515405284,0.7263469742455365
m4_quarterly,96,0.025780589443999885,0.028506839530002548,0.5940358798035084,0.7786114036939539
m4_quarterly,96,0.06925777657431667,0.06832756501851472,1.756307549525899,1.7151566900504842
m4_quarterly,96,0.00891077995941931,0.009220268992062021,0.8633926401107936,0.9278271617925521
m4_quarterly,106,0.11673176344309205,0.12472861929356213,4.775735665294708,4.799326463600474
m4_quarterly,74,0.03472895953028062,0.03348814807169642,0.763881253435954,0.7542605827377682
m4_quarterly,94,0.03543211299348213,0.05822032704595802,1.2807237620359861,2.0848237442763016
m4_quarterly,42,0.005820488318307089,0.005895827274363981,0.2813694267515924,0.2410297239915074
m4_quarterly,70,0.2832884688812524,0.16474226804123712,0.48170573361579994,0.2577666917241851
m4_quarterly,70,0.06328550053944909,0.07536771454990653,1.0410930733982497,1.2248761724283466
m4_quarterly,60,0.10960921475562008,0.11870236828560118,0.5791810378543543,0.6329740067373985
m4_yearly,45,0.16065856950087337,0.1374257170353241,8.357020876001068,7.181109674474818
m4_yearly,54,0.10520132400086228,0.05157952091345888,3.0758336540860647,1.4337331287019597
m4_yearly,55,0.03225979390365067,0.02957538186042869,1.8579768814411206,1.6853638025260302
m4_yearly,35,0.1740055928418,0.11679753597722563,7.1162014424381965,5.762064865152691
m4_yearly,18,0.0553627977419799,0.06678507503786314,1.37357910906298,2.042089093701997
m4_yearly,18,0.695007191879472,0.6733247002514839,11.448907786771281,11.042444959880113
m4_yearly,20,0.1352475575426395,0.14498426891869515,0.20728500355366028,0.3072139303482587
m4_yearly,21,0.14709137254257693,0.12829935465929512,5.774312665609192,5.246659304889898
m4_yearly,29,0.029004026488303216,0.03427173804532295,0.5600991325898389,1.0111524163568772
m4_yearly,29,0.0315055630587176,0.04852702210217163,1.1885906040268455,2.8673378076062637
m4_yearly,29,0.05578764996240723,0.04485051885267635,1.473087401516825,1.5720491863633017
m4_yearly,41,0.6395353619052003,0.7258561586030168,12.69767441860465,14.020671834625324
m4_yearly,26,0.04772374060396323,0.03585512320201238,3.0475294867419955,2.324519782331345
m4_yearly,34,0.05332855396549664,0.03574967141846123,4.090759415517596,2.7664128421485903
m4_yearly,40,0.05707457883538553,0.043088191357001614,3.609170506697714,2.685155480887467
m4_yearly,17,0.07279644540092038,0.06182032220981042,2.8803183638334358,2.597799266304532
m4_yearly,16,0.2295872068955087,0.20291783717519007,4.431135131874855,3.991933322036202
m4_yearly,28,0.0987635776211661,0.09611868662899642,0.9688112213704979,0.7069879358453464
m4_yearly,15,0.028618394146277364,0.02861133764665834,0.8521978920620885,0.5328156190009814
m4_yearly,40,0.09222574471039907,0.06854516876339999,4.911222008821485,3.7243679744500806
m4_yearly,20,0.04262152777777777,0.06414351851851852,2.1762863534675616,3.3664429530201345
m4_yearly,40,0.1124456457879054,0.104814290120631,5.7627189443534155,5.558004527914737
m4_yearly,40,0.05714482331632339,0.07974338449475586,2.492922096868906,3.633234918374692
m4_yearly,40,0.06623188410632583,0.057598532849080425,3.334368683426359,2.940238544044618
m4_yearly,40,0.03910664093635708,0.02666474743144261,2.6285988104608964,1.733316709339653
m4_yearly,20,0.09516853932584271,0.09136079900124844,2.594871794871795,2.482051282051282
m4_yearly,40,0.032252312084812065,0.027907667755546713,1.7382547653533853,1.2539497918319922
m4_yearly,40,0.03422583932191139,0.03139743656388197,1.442154431867101,1.2670604214854722
m4_yearly,40,0.18730956611308328,0.16671331055965194,4.8667427799218705,4.303296018552541
m4_yearly,20,0.02493827160493827,0.03024691358024691,1.6502347417840373,2.0427230046948357
m4_yearly,40,0.1140132976590991,0.10524534122277032,5.841689186859912,5.463207782367506
m4_yearly,40,0.02726879740760156,0.02548014550392684,1.3330493018056455,1.2310668262308153
m4_yearly,40,0.05771047692308854,0.06401624333585777,3.5150943184527,4.030257536191105
m4_yearly,26,0.03780494716849541,0.05354775104584183,1.9535195586613232,2.688251522340744
m4_yearly,42,0.11554251334394279,0.1055850905365127,6.457871476404157,6.1940425542276865
m4_yearly,24,0.2797178373922961,0.35047777873621055,2.9277463502567573,3.485282432608722
m4_yearly,41,0.02710322829210818,0.028246766752800762,1.1417487942964983,1.450128761270707
m4_yearly,29,0.2292893504377927,0.2077051517002647,7.527160493827162,6.7781893004115235
m4_yearly,15,0.04008006739880801,0.040050377529746786,0.5246443416922648,0.672688642358974
m4_yearly,29,0.23001565584371386,0.2290572459328841,9.327430830039527,9.327430830039527
m4_yearly,29,0.1070356682563496,0.11373917003102117,5.0566572237960346,5.437393767705383
m4_yearly,34,0.030326650205851673,0.02801413092093917,1.4536964355712303,1.3993221390600368
m4_yearly,49,0.022967334446289886,0.04370113969134949,1.232966737090295,2.7557362679784325
m4_yearly,15,0.1136654814788051,0.1315495865127449,3.811970429452469,4.083221710591814
m4_yearly,23,0.27620986366621486,0.25021221847669634,9.800086355785837,8.570379965457686
m4_yearly,47,0.19407089378873776,0.1663035861121299,10.686286573193728,9.401574477813321
m4_yearly,40,0.06964925271085673,0.06208523426111211,4.0441043247759,3.85159439907035
m4_yearly,322,0.010904999774987625,0.01641690292966113,2.5596842744383728,3.5991499696417724
m4_yearly,27,0.026666004834942067,0.024628441655770394,1.3539115042323748,1.2804067776664239
m4_yearly,20,0.058222222222222224,0.03490909090909091,2.4215686274509802,1.415686274509804
m4_yearly,15,0.16004564194181098,0.16481036583518469,2.756132601624785,2.8033864954059116
m4_yearly,29,0.09343519225872168,0.09228758169934641,3.7347242921013417,3.8014903129657225
m4_yearly,32,0.14530785125738438,0.10050672634205315,2.0686346322883096,1.3541117296610998
m4_yearly,29,0.13680917788098923,0.16761700607359772,4.295641931684334,4.849705535924617
m4_yearly,29,0.07540853329517759,0.08512746368131986,2.676964107024194,2.8809440439340857
m4_yearly,50,0.6683569739952717,0.57475768321513,0.7744956505645012,0.5541180825467333
m4_yearly,50,0.7531452113721392,0.7417003680647067,2.298748353096179,2.2846431062543595
m4_yearly,49,0.09738467940715131,0.12106661544863792,2.3531453362255963,3.007375271149675
m4_yearly,33,0.2954597361685371,0.24946380521099953,2.7675183143071624,2.3202091584478786
m4_yearly,39,0.13391338954804366,0.12454294455637638,1.0022706077930505,0.8831177607482195
m4_yearly,50,0.05870730284090207,0.051886300774947214,1.8180678439777023,1.5917014784541863
m4_yearly,19,0.12382687927107061,0.11612756264236901,0.7725190839694657,0.781679389312977
m4_yearly,35,0.04343070473835369,0.045912969990576286,1.9725182093647187,2.307394304733584
m4_yearly,15,0.1113349608120262,0.10247291104544093,1.6316431705480696,1.4920684373133941
m4_yearly,29,0.10078905836218024,0.13194446394521503,3.328671229934315,3.980584032168183
m4_yearly,30,0.0872155122284983,0.07780594536555825,2.2023425405994135,2.1653507590273136
m4_yearly,49,0.06677633882633213,0.04404234941971552,5.630984598762933,4.248735633759705
m4_yearly,18,0.19316034307788485,0.2984079612583349,5.802109090189702,8.540295329306053
m4_yearly,36,0.05397692264275456,0.10444503879482253,2.5811833359536354,5.442909483465336
m4_yearly,57,0.012493106988029488,0.009970391862428206,1.0283999249671731,0.6964546989307823
m4_yearly,20,0.10156916099773244,0.06462973760932944,5.259234234234234,3.38490990990991
m4_yearly,26,0.11371418833714259,0.11321773528277973,4.215299070060248,4.030510411373947
m4_yearly,16,0.10317757277521922,0.07194266007052715,2.889631221955158,1.8837897092638205
m4_yearly,17,0.08614046882703599,0.10755412041005558,4.029780263553089,5.3947558724548275
m4_yearly,21,0.10072586957650018,0.08287326992963735,3.563835303878864,3.066013275254097
m4_yearly,51,0.05122674888402489,0.06344952026799094,1.983858858858859,3.4240490490490494
m4_yearly,21,0.020227130708788357,0.021037003551825747,0.6024328071415329,1.0095678272467599
m4_yearly,21,0.030501753113287386,0.04445121508886471,0.8153153153153153,2.352852852852853
m4_yearly,29,0.19786941105628272,0.08493263758170509,7.709645669291338,3.7556097876681434
m4_yearly,29,0.2212883700821444,0.17634932987462174,8.92156862745098,7.5380392156862746
m4_yearly,29,0.05535814325730292,0.0446125116713352,1.4770127504553734,1.4647723132969037
m4_yearly,16,0.025144295038137924,0.019045372336242823,1.3734177215189876,0.5632911392405063
m4_yearly,22,0.02656521494638503,0.02089008719853814,2.313100936632961,1.7611412157806516
m4_yearly,15,0.017789531896711598,0.022498356776980134,0.9650106968464717,1.289463403694498
m4_yearly,20,0.08342964038775547,0.07315217579406451,2.1524360543397276,1.998113794783685
m4_yearly,28,0.15871804212804294,0.1562551027650558,4.366606453689335,4.227839616719853
m4_yearly,15,0.2366994705105694,0.2743789728721739,3.4452399893927343,3.7744188102183336
m4_yearly,15,0.10027477856029293,0.08944240084401806,3.478296329473905,2.9856842554211656
m4_yearly,19,0.15838596491228066,0.1895672514619883,2.602105263157895,3.157894736842105
m4_yearly,34,0.05048177628822789,0.03722478238607271,4.102171136653895,3.3575989782886335
m4_yearly,24,0.07889417456604592,0.07540190771660304,1.0231984625768609,1.6101102672710945
m4_yearly,24,0.0394038157246588,0.10607859853548346,1.4119651078590474,4.539357266889034
m4_yearly,15,0.020893075878042802,0.0229117391594842,1.4418238993710695,1.6135220125786163
m4_yearly,37,0.7111680601250495,0.6943481791357217,44.21380255571946,42.64631163144821
m4_yearly,22,0.10015070313401198,0.062441209699086765,2.9322465044385146,1.238478498036303
m4_yearly,15,0.20835807249386717,0.1668170744492632,6.558143203941224,5.311158662178297
m4_yearly,15,0.06570287135542241,0.07938167010870789,2.0010923966172993,2.5713189822328215
m4_yearly,65,0.2760951886535916,0.23831098346176927,9.0348966436986,8.048603393346669
m4_yearly,13,0.49596837944664035,0.5015054896794028,8.39388379204893,8.41834862385321
m4_yearly,14,0.026420181012901982,0.03170729828615444,2.2243021346469622,2.702463054187192
m5,1941,1.0183543735080294,1.058017243279351,0.29676638273003597,0.3027266624764727
m5,1941,0.4435388223424352,0.4500976730207797,2.1776048136645962,2.215636645962733
m5,1941,0.6223087699324996,0.6337697723765432,1.0719975264822719,1.1623062104604973
m5,1941,0.7515035695043104,0.7879055914750958,0.26899437470038345,0.2643624910115053
m5,1756,0.7477848162596255,0.7575047518558429,1.6602803947947093,1.6787684071399531
m5,1192,0.6693698301487806,0.6811536054586563,0.8884504955431465,0.922474493556267
m5,1531,0.8755209656588755,0.8855122057079945,1.0318881241732805,1.0350844861478543
m5,206,0.4470733984773191,0.4474784578873598,1.1826664259453783,1.2238066391329259
m5,1941,0.5497493642410016,0.48914258118153353,0.9696078528042912,0.8772500147905655
m5,795,0.8555713825755649,0.854234066274431,3.8223846116128946,3.817165220198798
m5,1940,6.823261176215278,6.861865234374999,1.489636578376704,1.4800833284928747
m5,1468,0.9644652472601997,1.0209774441189237,0.3592577130095957,0.3710344870060478
m5,1237,0.8483557450143915,0.8764237253289473,0.6914957560265726,0.7015786872955291
m5,1142,0.8214349208733973,0.8359479724851429,0.8630609203696638,0.8690610472052614
m5,1210,0.866624281141493,0.8884610493977865,0.5217996620852471,0.5298636686888759
m5,1293,0.9817647661481583,0.9809929620651973,0.4675277026273984,0.47779485339593375
m5,1941,0.778891490418234,0.7926231855227623,0.7800841766023694,0.7737948327113349
m5,363,0.5935537382408426,0.5996920550311055,1.3342919287743509,1.4088299826322574
m5,691,0.3693626469017094,0.36974659455128206,1.151326317764436,1.1658428339660958
m5,1932,0.41144914215686273,0.42695261437908494,1.0939825654826676,1.1344352970037308
m5,1937,1.0503683471679688,1.0647058953179251,0.5618160402885815,0.5668480097909095
m5,1923,1.10730819255985,1.176104962895488,1.9801441100804733,2.1028504887124346
m5,481,0.9460669732862903,0.903363015232975,0.7503711646321346,0.6912941273507094
m5,1941,0.3463898719432573,0.34405790004748343,1.019283710235423,1.0176850845920176
m5,831,0.48891445583767357,0.4997254774305555,0.7901057200430383,0.8005099007097553
m5,1941,0.21864583333333334,0.27067930911680915,0.659573512503593,0.7615155217016383
m5,1941,1.0124605799478197,1.0441632770356675,0.3573987072210576,0.36824482299916234
m5,1865,0.9292704176249098,0.9008755594448954,1.1758723419742567,1.1755897986497155
m5,623,0.3284984061388465,0.3308154429200542,0.7192308027011977,0.7368225250626567
m5,772,0.9004483258282696,0.9070613154658564,0.5367463829871103,0.5340328952507193
m5,1838,0.6542074415418837,0.6595060560438368,1.8028350315906838,1.827980237018618
m5,1550,0.37699652777777776,0.3901712436868687,0.7362768329781385,0.7739226258507493
m5,1709,0.4969335676037483,0.5136452058232932,2.4166744577412116,2.4487542071802544
m5,955,0.3894037603021978,0.36846430479242975,1.4997735211543481,1.3508667406633588
m5,1941,2.0035493638780384,2.444099934895833,0.23431146680051382,0.273550773972294
m5,1940,0.7956642073814315,0.8314322885840829,0.45321256433415885,0.4630006759706719
m5,1941,0.21628075806205105,0.21343038361607825,0.9388338136582519,0.912847247555815
m5,1311,0.858348194067029,0.8769719957729469,0.6164918606384131,0.5826582992358552
m5,1941,0.9260910252943688,0.9256475742572524,1.5314514274639712,1.53088492770883
m5,1941,0.633503902467907,0.6384152143429487,0.570923402255639,0.5695559210526315
m5,857,0.5571322866586538,0.567482638888889,1.1554173605328892,1.2766268065302724
m5,1025,0.9164365980360244,0.923289052849142,0.7319184482852774,0.7377983016601136
m5,1910,0.8554832002036591,0.8595390124198717,0.528953780486804,0.5375603068375788
m5,1940,0.84194985848886,0.8658953631365739,0.5636969212392108,0.54191203652416
m5,713,0.7599553686940772,0.9865694486177886,0.5988810044767916,0.8563780591918041
m5,1597,45.1648708767361,58.34956597222223,0.2041432584269663,0.23112993838347226
m5,1941,0.6524550677740085,0.6692290724369516,1.068979465380797,1.0693321588955367
m5,1941,0.9647388264536859,0.9593128023876082,0.40847765683634185,0.41216105901429867
m5,1035,1.0098916709423065,1.0013043185075123,0.42962943338309545,0.42225050783079726
m5,1059,0.9452393425835504,0.9485050201416014,0.6433534458705356,0.643666611291412
m5,1934,1.3917147035951967,1.6004860206886573,0.13412899540569131,0.15376449633515119
m5,980,0.7324998027146464,0.7654607599431817,0.9122293470348388,0.9088521231867154
m5,1126,0.9301137288411461,0.9264059399801587,0.8479913689455011,0.8527542173172058
m5,1775,1.2125630696614582,1.1322996775309244,0.699005335304489,0.5395965242023462
m5,1412,0.6173268741373361,0.6082416752933058,7.942881880522827,7.906353553019145
m5,1941,1.001163724263509,1.0019793955485026,1.4063127610364905,1.406941954423542
m5,1941,0.9891791873508029,0.9709108201284258,0.6105721967560905,0.6135923658098494
m5,1521,0.5341561662161568,0.5369567785249647,2.5768999259167793,2.6315170082726267
m5,1107,0.8073677850652624,0.8004524796097368,9.014753540950036,8.88835280688841
m5,754,0.9783117223668982,0.9954260649504485,0.3830524923327131,0.385219306589287
m5,1479,1.0091412650214302,1.0209046893649631,0.4671168849286874,0.4664195290154414
m5,1655,1.0669166300031874,1.0846170319451227,0.9793707665570729,0.9737474348841004
m5,1489,0.9539004502473054,0.964779864417182,0.5975567704367541,0.6025515465933745
m5,1403,0.8810503874884712,0.8840848774380153,2.608408133777136,2.6071653489621807
m5,662,0.9216166743525752,0.9373579519766349,0.6475142668198214,0.6561610906757532
m5,1389,0.9367679949159976,0.9744623478548026,10.382515602333601,10.38395886405362
m5,1941,0.4644930636202609,0.4600248686186187,0.5294501211316035,0.5322138428675628
m5,1369,0.23265824915824915,0.2578670033670034,1.0964706695486075,1.2103617925002512
m5,1941,0.8356982866923015,0.8541895548502604,0.8292175806597257,0.8312704857326626
m5,1806,0.7036627451578776,0.7014860930266203,0.9092994623561607,0.8477889981815416
m5,525,1.00123528374566,0.9996873961554633,0.6765290681306306,0.6779713256325348
m5,1184,0.9254270106186103,0.9231954786512586,0.9263312631440394,0.927583467613146
m5,1941,0.5021350678943451,0.5028565228174604,0.4707682322190445,0.47067940802428615
m5,1936,0.7592894400319746,0.7418962813620071,0.9310311644616788,0.8860805857542035
m5,812,0.7030773144413307,0.7096462673611111,0.8794668321614826,0.86958352492317
m5,1563,0.8787993080595619,0.8837903145032049,0.532733234846113,0.512437061059568
m5,1920,0.40709509829925405,0.4201055330504115,0.7607925166704341,0.8259216087851774
m5,1929,0.8383437347412109,0.8614911482069229,0.7504258106267784,0.7570347490838761
m5,1890,0.45001695421006943,0.45539641203703707,1.741122574590484,1.760445540589481
m5,1940,0.7499217452634359,0.7609525966183575,0.7321256814402144,0.7127765205719792
m5,1941,0.9483711383960866,0.9424269852814849,0.7551313618742207,0.7650282379896638
m5,1936,0.7220216404307972,0.7235835489600596,1.70118709569987,1.6951512803836746
m5,1938,0.9835318395069668,0.9740706498660737,1.0694940216687259,1.0679089098560568
m5,1153,1.1146134297053019,1.1057300806045534,0.12082062170184693,0.12081730882491516
m5,1898,1.0035386257701449,1.0017643676863777,1.0252639655780074,1.022700549404424
m5,892,0.9114344420256438,0.9171774405020255,0.9259403477544371,0.9319611306516281
m5,1939,1.0070399531611691,1.0048818800184462,0.540124379752359,0.5394755001677515
m5,1940,0.7391195327516585,0.7506004696800597,1.0354610349478055,1.047514077820671
m5,1735,0.922271294063992,0.9354042927424112,1.1791016792212332,1.177762434475328
m5,1855,0.9687189059787327,0.9358114030626083,1.469142104785648,1.4636046533842666
m5,1926,0.8541907670762803,0.8587320878770616,1.3241983377016506,1.330439127408541
m5,1440,0.8902527533637153,0.8960645294189453,0.9210812321199787,0.9269242370465586
m5,1934,1.002036123805576,1.0109667672051323,0.8822038600507707,0.8924138231424985
m5,1940,0.8660610622829861,0.8777235921223957,1.065538765642946,1.0702767949009377
m5,1878,0.9885763592190213,0.9898712290657892,0.8348434170702294,0.8331185871391685
m5,1941,0.8744360787527902,0.881827878195142,0.5521439208099664,0.55771903727515
m5,589,0.81715008770978,0.8322440394648799,0.6848387359290994,0.6945183866767474
m5,1940,1.0721210029390125,1.0524982611338296,0.31832633714997355,0.32065813728932585
m5,1939,0.8032034079233805,0.8406775580512151,0.9506197105785625,0.9542144315326634
m5,1941,1.1242842610677082,1.126189236111111,0.650281728093491,0.5637776619590446
nn5,719,0.08593357573951693,0.08340439406169536,0.45838971083853003,0.4437696398573826
nn5,717,0.1203142525872119,0.11741168297760154,0.4478331672740395,0.4424301790027191
nn5,723,0.1595597595957792,0.15379553757080275,0.6251751433099085,0.607881155254581
nn5,722,0.17958372368929798,0.17145853480372827,0.4938766964144032,0.47114827658872066
nn5,723,0.1452392681595654,0.14997362765015315,0.3366294753504646,0.34544514584684444
nn5,724,0.1786887742645101,0.16172783231512888,0.7131115786568566,0.638686591635099
nn5,726,0.12067675406155276,0.11728967517141554,0.6803946229956416,0.6576949906143704
nn5,719,0.17191102467345737,0.17391978423988744,0.752011107918172,0.736885028029177
nn5,721,0.16396915310395135,0.16944201122979663,0.6304767318620514,0.6660314622041985
nn5,723,0.13817192702109757,0.1401483044270561,0.5357414799598753,0.5476643242833613
nn5,724,0.12552271528969994,0.12069307980434082,0.5385315639688851,0.5102371141290775
nn5,723,0.1348270960641883,0.12972315288461908,0.4661730459776102,0.4449111764208979
nn5,709,0.12834573501956126,0.11016954400091256,0.3481830784014454,0.29530678453167897
nn5,719,0.1824744091801996,0.1706464853957943,0.5395631382012852,0.504921734852945
nn5,715,0.14694103029599745,0.13618474360270366,0.37985014335482364,0.34664614638796476
nn5,716,0.11704283639329237,0.12480921612422888,0.30972122089100196,0.30782455996297947
nn5,722,0.12449632146031872,0.13273405817132888,0.5863561516700388,0.6083421184866337
nn5,722,0.1265236896884837,0.12197061467873811,0.5659677320978409,0.5481761316633696
nn5,722,0.08056816205464487,0.08019127814146661,0.3726465618119878,0.37845003347012623
nn5,723,0.15208133754807995,0.12379233253734122,0.4823048947914352,0.3904250910122883
nn5,722,0.12700919139244854,0.13855704694388746,0.5714551151764038,0.6109263800928666
nn5,722,0.1314004084140764,0.12250555310097866,0.6575471991144312,0.6040549407102015
nn5,726,0.14709213856337697,0.15213416904756233,0.5778732567499276,0.5731329799158461
nn5,725,0.1427851597522692,0.13669485917108,0.5938410416286711,0.5669459619676974
nn5,722,0.14813380882614244,0.15274507767589568,0.5304132843916786,0.5471158699625085
nn5,720,0.1951846129440819,0.18529083305901842,0.3769751430055561,0.3566504187178093
nn5,720,0.11858227257605224,0.11613575932632078,0.35798275315456907,0.33953765102625183
nn5,717,0.20199377058134108,0.19146112676936114,0.5929421942225679,0.5548447068057378
nn5,717,0.12161977069941167,0.10740369408020764,0.5490276438707435,0.4862453265533935
nn5,721,0.15503747270406815,0.1564872118991552,0.3770419091224077,0.3814185495750816
nn5,716,0.29076740946164364,0.2832317737537747,0.6967389739292261,0.6695591951065311
nn5,722,0.0962773338205097,0.10273039528517926,0.41308065197070576,0.4342201393341519
nn5,727,0.13685184651276439,0.12545619904098493,0.708224564552868,0.6545338799158765
nn5,716,0.16516528144687895,0.16958683746001693,0.559028304327875,0.5673181492750438
nn5,723,0.11771542951956945,0.11295518212026628,0.3844015781891327,0.3715226824430507
nn5,722,0.14322941697629574,0.15425669871899722,0.6103909673512227,0.6380633870875254
nn5,722,0.12401440848382118,0.12379685959485119,0.552607355138286,0.5503952799349217
nn5,719,0.1456226519313247,0.1444184237176755,0.5398688654782601,0.5396366660193719
nn5,724,0.11750610253261956,0.11840489403233218,0.5140378467971762,0.5099647235426105
nn5,719,0.08593357573951693,0.08340439406169536,0.45838971083853003,0.4437696398573826
nn5,720,0.17181847134174283,0.16360149209696134,0.6421270091169244,0.6066532280149778
nn5,725,0.17305375579820534,0.14590582754191467,0.5730760562374818,0.4679313024063246
nn5,712,0.1715349383967247,0.16705785412963878,0.7232146570041821,0.7029754837496858
nn5,713,0.15770465966898223,0.1552744659398585,0.47166161584848926,0.46462395255728833
nn5,721,0.10899284281938895,0.11627848994958133,0.4496087551848709,0.46661342167320546
nn5,716,0.17673211863581728,0.17694214788611531,0.7527740845091095,0.7489180670516704
nn5,723,0.10519472898993595,0.10509839874225747,0.5496222712181664,0.5349638838783314
nn5,717,0.20820891085410484,0.2021615363208377,0.5086178334025465,0.49095878296985884
nn5,722,0.15293544038644316,0.13246305328802976,0.614982559126364,0.5290857808138902
nn5,715,0.13946512007522713,0.13812857702817316,0.43034244811273864,0.4216403206727067
nn5,723,0.23464497570735515,0.21342266091439976,0.8000850311867337,0.7121795211098458
nn5,721,0.2526436598388806,0.2460225573711341,0.9889495135360312,0.9435653260095945
nn5,724,0.1360795724913182,0.13271074141411876,0.43972544601697416,0.4198819086391916
nn5,712,0.15445733942536025,0.14717116179695403,0.5207536301994912,0.49642039580400354
nn5,726,0.1256935097767785,0.12257084852485388,0.42789027199500634,0.41255307383199546
nn5,707,0.20551895315405555,0.21021256435792665,0.48820010713396705,0.4797319635917373
nn5,718,0.1405785999191035,0.1268132249147798,0.543339706729643,0.4775592171410997
nn5,717,0.14657739226668512,0.14359323256391657,0.6303462041112302,0.6040381340363814
nn5,719,0.1364978884309397,0.12828500443242893,0.5755816682872988,0.5277040287438268
nn5,724,0.15545975117582855,0.15533537199272113,1.0122099698477698,1.0164752176960123
nn5,721,0.16701093479375695,0.16715779278020756,0.4153772704563652,0.3997173275623621
nn5,721,0.14274939266178013,0.1620187275933912,0.564348651341211,0.6499627983905797
nn5,722,0.15749023801013384,0.1522165796990468,0.6927988381074649,0.6801539319241847
nn5,718,0.14794369079234634,0.16090094737706104,0.3515903712781091,0.40290232735415216
nn5,720,0.12287507696097538,0.12507769628215748,0.5170177966869793,0.5255958831990691
nn5,721,0.16273592804941217,0.17496332677722545,0.4113691719695719,0.43104622028733797
nn5,720,0.1314441975049698,0.13174712109599923,0.6269584614395223,0.6261899941515525
nn5,712,0.1381856669410516,0.12699164555063036,0.7330695791018107,0.6969584608633269
nn5,716,0.129632393085061,0.1293770112460245,0.47421260286906186,0.46172491717523545
nn5,720,0.14019901997617634,0.14162644097207833,0.6006420979051086,0.6018757898635575
nn5,722,0.16705657434806076,0.1583676700466531,0.5513958695227952,0.5294302648052159
nn5,723,0.12666890262728153,0.12305918756182559,0.5113727267836489,0.4893611086275218
nn5,717,0.15664407194530047,0.15826465049338923,0.5761347019863321,0.5764163985357451
nn5,718,0.15107604786462106,0.1458998885358435,0.8529246914681224,0.8097526696821441
nn5,720,0.18857808388986835,0.19500625003098604,0.4234642645157746,0.43221525591253057
nn5,714,0.17353597184922795,0.15969247117221502,0.5548844649032831,0.49909784562161036
nn5,714,0.13180265310621533,0.10898261290997735,0.3912237134310632,0.2921944492073706
nn5,713,0.255883154152089,0.20118349677974726,0.8090967001984907,0.6301345862153339
nn5,722,0.25569187089945866,0.2415171707825245,0.8974448979670754,0.8946180611153016
nn5,720,0.1315293188737281,0.14081652604889813,0.40525354869208535,0.4304265511349537
nn5,723,0.1469498279083111,0.1397485727440076,0.451024370854941,0.4109096095490801
nn5,726,0.1520500823950453,0.13688783602739518,0.5308658636197,0.47560807916239983
nn5,715,0.1604416033701489,0.13869849077533186,1.0458803452822407,0.9058305102683262
nn5,722,0.15824254859308606,0.1614466337666352,0.6850004619269627,0.6921718623164167
nn5,706,0.14589399052570412,0.15296038833157424,0.5043464181192173,0.5258181049983555
nn5,718,0.12866676606520303,0.12752005020956775,0.496677542733124,0.47657853263013145
nn5,719,0.1918226749989354,0.20695019810806112,0.609719437382425,0.6683926724419911
nn5,725,0.1711406372930032,0.16280713839420236,0.5874008379266276,0.5525327368343929
nn5,722,0.14104265191372345,0.11931741997514202,0.8604027868908266,0.7330251994614514
nn5,724,0.14708372808218848,0.1306147536499373,0.6749240136192639,0.5916693498350488
nn5,712,0.13987457097829067,0.11679039888896064,0.6599181671823438,0.5422300605289989
nn5,717,0.11738887030888992,0.13457144806066842,0.31866106997768867,0.35123752854933443
nn5,725,0.17420176555433714,0.18926893902035313,0.9512743974173973,1.0130054594177866
nn5,725,0.16712913551470587,0.17140534915352063,0.622300456793547,0.6310509244609727
nn5,719,0.12841362300015838,0.10626604777273634,0.3810370133865573,0.3242289741700561
nn5,721,0.18063717625787687,0.19354817579175673,0.5511977137736862,0.5758849719814682
nn5,726,0.13896176278202899,0.15444091131688245,0.4121746243641047,0.5044027937694482
nn5,722,0.09430651998406825,0.09505114070201151,0.3156201315617747,0.3103247401279017
nn5,720,0.3168513048481121,0.29739182662892394,2.0307559068869803,1.9013246640355719
nn5,716,0.129632393085061,0.13277733133925043,0.47421260286906186,0.4649134911395216
monash_nn5_weekly,105,0.03271883168781356,0.039952804849060185,0.5203227304922685,0.6848889580924524
monash_nn5_weekly,105,0.07927549687732388,0.06704161000651937,0.9622968871672655,0.8273043446455731
monash_nn5_weekly,105,0.08542594384202322,0.0844680282290523,1.3496324192070566,1.3417848398083083
monash_nn5_weekly,105,0.07470585293273843,0.06105796505743756,0.853341344171611,0.7238961121267695
monash_nn5_weekly,105,0.09984335794416754,0.0846343486341553,0.9551167840221408,0.8124394569788687
monash_nn5_weekly,105,0.0949309786032534,0.0774397089115726,0.7915220096580803,0.5557465421134932
monash_nn5_weekly,105,0.0854396767363165,0.07517401781388983,1.1663997831479755,1.0144441910434945
monash_nn5_weekly,105,0.0933908323938041,0.08680364580268532,0.637517407402316,0.5192959167567159
monash_nn5_weekly,105,0.08843413466815556,0.09609600371155487,0.5701108881595595,0.5621610809879053
monash_nn5_weekly,105,0.0774014404815041,0.06137072228840344,0.8907952601952562,0.7007777006048199
monash_nn5_weekly,105,0.07605970613299683,0.1061175380830923,0.7188367556153079,1.107744126369841
monash_nn5_weekly,105,0.1018371474218813,0.08954023955263486,1.3941370614246074,1.233250163238551
monash_nn5_weekly,105,0.06445122232560835,0.0522584008570115,0.9383396228002933,0.7514265288946057
monash_nn5_weekly,105,0.046058226083520636,0.04804293208944124,0.6514083243063884,0.7405429577181868
monash_nn5_weekly,105,0.058898171470123786,0.042367882216541905,0.86197760087999,0.5455703042032379
monash_nn5_weekly,105,0.09507769254854058,0.09615636019322599,0.7678202284138564,0.8205560129303783
monash_nn5_weekly,105,0.06253471553614116,0.05174408400975693,0.5352851680760876,0.49861177985618027
monash_nn5_weekly,105,0.04814683985354245,0.04761404217290722,0.3454951196273296,0.3722735946594947
monash_nn5_weekly,105,0.08416585930799364,0.07651270840843359,1.132086009666406,1.0377118280251731
monash_nn5_weekly,105,0.030510136745874106,0.032630964555621964,0.5117586913907866,0.5241431040933249
monash_nn5_weekly,105,0.07120242656793457,0.0767041516581333,0.7863001929152896,0.922631554017743
monash_nn5_weekly,105,0.11761245203796415,0.09076681072567593,1.1227062148101865,0.8420511186610571
monash_nn5_weekly,105,0.05713209602957441,0.059214744840200235,0.6753518957876181,0.6915616426330616
monash_nn5_weekly,105,0.07545604339693264,0.07847135770013318,1.2551624518603486,1.297448087965141
monash_nn5_weekly,105,0.09485681094870213,0.09964574833930016,0.875169450689286,0.9789426710795934
monash_nn5_weekly,105,0.09151400636009054,0.08988711690614942,1.2937461181267418,1.2759269812947254
monash_nn5_weekly,105,0.08151894702852351,0.08479183060321889,1.0844337799767896,1.1247544370290352
monash_nn5_weekly,105,0.06460133630818028,0.05872588431561629,0.729513158464048,0.6661441663017819
monash_nn5_weekly,105,0.13154014848519358,0.12480514922840308,1.3779607714777822,1.2466546877851234
monash_nn5_weekly,105,0.1333377208928797,0.13845254726719483,1.2342168178219977,1.2512087888008547
monash_nn5_weekly,105,0.08049564884691905,0.07027075257185052,1.0244429541116857,0.9582753977060862
monash_nn5_weekly,105,0.06853731582936262,0.06625223474796273,0.8950196232377261,0.8587676579961807
monash_nn5_weekly,105,0.07488193612964061,0.07585606318529348,0.6713420809899735,0.8226749115691318
monash_nn5_weekly,105,0.19769833570200276,0.21790444182026716,1.4185979828722013,1.6135374819711445
monash_nn5_weekly,105,0.04619385733563905,0.051936614203756795,0.5410286717030879,0.6416654896080314
monash_nn5_weekly,105,0.05679774111434625,0.0518299928029348,0.7835683433465478,0.7279075887883357
monash_nn5_weekly,105,0.0726983443023444,0.07203028144304185,1.0128116447387416,0.9413047532969944
monash_nn5_weekly,105,0.05260737628097371,0.060242231097210545,0.6961906600770105,0.8050375269325808
monash_nn5_weekly,105,0.08384087096240404,0.08363056630747084,0.8878637883746775,0.8926732277041977
monash_nn5_weekly,105,0.05282947465472054,0.0547551241653873,0.7372693145737736,0.8356526651164753
monash_nn5_weekly,105,0.08748826406999619,0.08891133712299112,0.7455889457851863,0.760163569091223
monash_nn5_weekly,105,0.06331285224347029,0.06037366945423227,0.877899709239553,0.8468834395748038
monash_nn5_weekly,105,0.03271883168781356,0.039952804849060185,0.5203227304922685,0.6848889580924524
monash_nn5_weekly,105,0.10738709882714781,0.09794868636702324,1.3961676142015564,1.2405227455568144
monash_nn5_weekly,105,0.10117336571932233,0.13880785327961948,0.9233615470938851,1.2103855223124262
monash_nn5_weekly,105,0.09275695854882166,0.09700639249539829,0.9245128839363638,0.9814098435149496
monash_nn5_weekly,105,0.08648529022031917,0.08858007416872654,0.8564114583202154,0.917284270761635
monash_nn5_weekly,105,0.05074273719120058,0.0492665443653058,0.5449303688502085,0.5350721190340576
monash_nn5_weekly,105,0.0930151388676716,0.09133460562967688,1.0395889131741185,1.015224099878896
monash_nn5_weekly,105,0.051599239623533175,0.04413134315305768,0.7392767584633843,0.5921012245218619
monash_nn5_weekly,105,0.12992876021529878,0.1345390529064423,0.8832724546051651,1.0336538387633227
monash_nn5_weekly,105,0.07094724600383016,0.05654505137705338,0.896179439483282,0.6481543578507751
monash_nn5_weekly,105,0.06051274897275121,0.06616679318521677,0.6824650590190648,0.7451472870928797
monash_nn5_weekly,105,0.14924731838124888,0.16844827570377666,1.35246177695871,1.5221624524424038
monash_nn5_weekly,105,0.042735757278635045,0.037757235364385466,0.3531897163408001,0.33158689492085386
monash_nn5_weekly,105,0.0928464460422083,0.09094156273717467,1.111937350833534,1.0486825273057674
monash_nn5_weekly,105,0.06289566401897478,0.0676978906505502,0.678998211424164,0.7658646102510029
monash_nn5_weekly,105,0.0898074333784748,0.09646877237388089,0.5727394234619906,0.624280260296348
monash_nn5_weekly,105,0.10058441053536099,0.08674460482200258,1.16542457589132,0.9895325352688173
monash_nn5_weekly,105,0.08563634820016171,0.0809593409817948,1.2211361742645699,1.1140960177891008
monash_nn5_weekly,105,0.0681951340583634,0.06380788217478464,0.6645994745232191,0.6318512069738375
monash_nn5_weekly,105,0.07046625319000023,0.07647198042703676,0.8558327111739942,0.9540729636277321
monash_nn5_weekly,105,0.06823390946618825,0.06887094376130504,0.6377585269559027,0.6871005445253858
monash_nn5_weekly,105,0.09344599544813331,0.09188933769175811,1.1817412434975658,1.0653205487597381
monash_nn5_weekly,105,0.09130488871476543,0.06600705549121949,0.8995599952606084,0.6562899788187809
monash_nn5_weekly,105,0.10933427182970476,0.0875630483620825,0.9287305183106576,0.7214368223952212
monash_nn5_weekly,105,0.09409543304246232,0.10207793229034491,1.0508699357845783,1.2151822532387573
monash_nn5_weekly,105,0.08153634149064565,0.07540826636546755,0.8379484121162741,0.7798709201983471
monash_nn5_weekly,105,0.05056178722219283,0.058927965669114006,0.5823515266266766,0.8085399337882279
monash_nn5_weekly,105,0.06067210868367415,0.056690759736198554,0.6815600410221307,0.6427220375017801
monash_nn5_weekly,105,0.07057865287053623,0.07157852268610641,0.8386198137019375,0.8897714082266701
monash_nn5_weekly,105,0.07263783663299579,0.0658740230660034,0.7744466438792172,0.6876485702328813
monash_nn5_weekly,105,0.07413894963971795,0.07177082586023341,0.6435082989348365,0.6454245585155203
monash_nn5_weekly,105,0.08113095267158382,0.07815297177360485,1.1638178119668388,1.0820656659024683
monash_nn5_weekly,105,0.09984962395987351,0.1056137031693342,0.9573565588096611,1.0264449606351136
monash_nn5_weekly,105,0.09577864531852356,0.09640929766383474,1.119866640042618,1.102455803834141
monash_nn5_weekly,105,0.12356910750959241,0.11527344252966659,0.9314428338816519,0.9127162487159787
monash_nn5_weekly,105,0.0663035336037793,0.06400550748644071,0.7952948015562231,0.7733807547625231
monash_nn5_weekly,105,0.05368169598964388,0.04602769030932242,0.5120829276189526,0.3905383677156874
monash_nn5_weekly,105,0.11964761962855529,0.09839474438189472,0.6830223559594923,0.5976980796645777
monash_nn5_weekly,105,0.18641286277225935,0.19225472567781937,1.1473435461064203,1.1323093504317066
monash_nn5_weekly,105,0.08540541186610112,0.07957441932927495,0.5251572558939314,0.45516575821008776
monash_nn5_weekly,105,0.07884097857596034,0.12743158894436635,0.8748748115272601,1.4071807250141124
monash_nn5_weekly,105,0.0792489662283786,0.08405719711316688,0.9549983607020607,1.023598609676543
monash_nn5_weekly,105,0.09384106639689634,0.09143328069037117,1.295840972819084,1.2298377229248745
monash_nn5_weekly,105,0.07220557628833965,0.09996066662070585,0.6098681649214972,0.905567578212677
monash_nn5_weekly,105,0.034916922767753364,0.03573621497041916,0.5566961968193381,0.5655191623783234
monash_nn5_weekly,105,0.12309957725703152,0.18189844074826655,0.9838919293000731,1.3209194683399976
monash_nn5_weekly,105,0.10170848171723976,0.09687740220780497,1.3740610436037068,1.319289528261535
monash_nn5_weekly,105,0.0735883007255435,0.0809307179556393,0.9396930699326063,1.0347612716548453
monash_nn5_weekly,105,0.05934643178571893,0.09129139771093826,0.6176302814174961,0.9203957744187937
monash_nn5_weekly,105,0.05431950733813879,0.05456850406635046,0.49757282022699006,0.47560885897576033
monash_nn5_weekly,105,0.09072109480664386,0.11849048090933884,0.783548145583494,1.0621601669834912
monash_nn5_weekly,105,0.05231269828878866,0.055476316516714065,0.4649553195856272,0.69546052106507
monash_nn5_weekly,105,0.05355275525684906,0.047716406567482016,0.5935277816748827,0.5414522666302503
monash_nn5_weekly,105,0.056013204531713164,0.05331984561307726,0.5281084990762521,0.4494376398341759
monash_nn5_weekly,105,0.11141127545163933,0.11060506081415053,0.8769138518743922,0.9170477200537166
monash_nn5_weekly,105,0.08456986072431001,0.07895847063523795,0.7479686276178754,0.7525427842855399
monash_nn5_weekly,105,0.05416563434437032,0.04859509142559299,0.862998444802509,0.7829941076282807
monash_nn5_weekly,105,0.07263783663299579,0.06763921554586173,0.7744466438792172,0.7312057223895772
monash_tourism_monthly,240,0.05348122197932683,0.06293121474762926,0.8418846804892199,0.990273815294875
monash_tourism_monthly,240,0.07445269508522717,0.07160956136788019,0.30835034725121,0.25318974465156435
monash_tourism_monthly,240,0.06878861987326208,0.06926229113410895,0.7515928220715455,0.7830919745148468
monash_tourism_monthly,228,0.04383798680774268,0.043681180314480525,0.5429801235947871,0.541230535979697
monash_tourism_monthly,306,0.08287805961491602,0.08889975697746383,1.0793867850896615,1.1843634817125037
monash_tourism_monthly,306,0.07114091604091671,0.08329892896759847,0.6158392609427114,0.7301953897464656
monash_tourism_monthly,306,0.0763336941595475,0.07738735862231878,0.8709861954416276,0.8386342060423507
monash_tourism_monthly,306,0.03789828814959314,0.03837804832824995,0.5478485621539653,0.5901151540521116
monash_tourism_monthly,306,0.06544979607192632,0.04041718563107497,1.5327177233658453,0.8806147390687785
monash_tourism_monthly,306,0.09107735633658709,0.06868497846734899,2.061483737796822,1.5675245870697514
monash_tourism_monthly,306,0.07750796807228455,0.09091565893749906,0.7749366835675454,0.9214834480267048
monash_tourism_monthly,306,0.19755752717461803,0.23647884400861285,0.6467261190065564,0.8645894732246163
monash_tourism_monthly,306,0.0815043355094846,0.07406349636516722,1.039735381347441,1.1320362911306159
monash_tourism_monthly,306,0.06010776097842891,0.052708028691202995,0.8211537831526038,0.6200361771134126
monash_tourism_monthly,306,0.048970412319334924,0.040496959390777625,0.7125928326266867,0.7334713097436434
monash_tourism_monthly,306,0.0740279867783051,0.07447235405332407,1.0996266536807078,1.094324053783513
monash_tourism_monthly,306,0.10380851283015995,0.10230535287978752,1.4567067247148564,1.4293796999244412
monash_tourism_monthly,306,0.13522923916557325,0.136682545115713,2.8262542233326706,2.8029513642429236
monash_tourism_monthly,306,0.06049601726512756,0.05436609197137238,1.040531117175425,0.9971910621136012
monash_tourism_monthly,306,0.1137265802940775,0.11070892387366914,1.101423382298705,1.0683491409604264
monash_tourism_monthly,306,0.10880767897129785,0.08965302690038013,1.2070126582278482,0.9102835443037973
monash_tourism_monthly,306,0.14143105810132972,0.1018343993655306,1.3536346885918407,0.9635357819534497
monash_tourism_monthly,306,0.14792912306925762,0.12664735924265075,1.7049438035351787,1.4380724860127743
monash_tourism_monthly,306,0.13796178658334937,0.12904999531093442,1.5548872883432416,1.4866412829011002
monash_tourism_monthly,306,0.17658216363452264,0.15919753699075367,2.99631721495574,2.7579435856784245
monash_tourism_monthly,306,0.09369762334553833,0.09197183927354588,0.9606641863869237,0.9382501829714566
monash_tourism_monthly,306,0.17139165567893586,0.16072623164078148,2.159688945516993,2.255034207683572
monash_tourism_monthly,306,0.26030609972780033,0.24279306913146018,4.549622578366118,4.4840293013051715
monash_tourism_monthly,306,0.1363210358090904,0.13167754018558506,1.0525820562356734,0.9120579373579845
monash_tourism_monthly,175,0.216993894993895,0.20616239316239315,0.8978583333333333,0.8313
monash_tourism_monthly,175,0.11591190299430834,0.14084663449641177,0.506436298076923,0.6628405448717949
monash_tourism_monthly,175,0.1255291409184539,0.09372882588149764,1.2072287968441815,0.8857297830374753
monash_tourism_monthly,175,0.2782857142857143,0.29322398589065257,2.7034336198662845,2.7766045845272203
monash_tourism_monthly,175,0.1122116402116402,0.10684826762246118,1.078163097199341,1.033407468423943
monash_tourism_monthly,175,0.14677658303464755,0.1422700119474313,1.16678955453149,1.112956989247312
monash_tourism_monthly,175,0.1728860153256705,0.18143103448275863,1.446802792321117,1.5850541012216404
monash_tourism_monthly,175,0.1429661645928836,0.16780091683038637,1.2225,1.4736635220125784
monash_tourism_monthly,175,0.2112204696810375,0.17382124079915875,1.4395669934640525,1.1665686274509806
monash_tourism_monthly,175,0.18632638888888892,0.1849097222222222,1.816934619506967,1.7863612004287244
monash_tourism_monthly,175,0.2096620644312952,0.2624299802761341,1.926289023162135,2.393293051359517
monash_tourism_monthly,67,0.2635829174983366,0.2338756653359947,0.7807938856015779,0.7013313609467455
monash_tourism_monthly,175,0.08946395209580839,0.08061679308050565,1.2290118601747815,1.0885998751560548
monash_tourism_monthly,175,0.1768550404709345,0.166532744665195,1.52904833836858,1.4625679758308159
monash_tourism_monthly,175,0.14544284013869482,0.1429604098742431,2.2766095990635056,2.2317690956979805
monash_tourism_monthly,175,0.05095885393278214,0.049218127867149186,1.0165667535476397,0.9681340863017667
monash_tourism_monthly,175,0.1375118708452042,0.10782905982905984,1.1260078277886496,0.8569993476842791
monash_tourism_monthly,175,0.2281214203894616,0.21586941580756014,1.6762663755458516,1.5991557496360993
monash_tourism_monthly,175,0.06662808109699672,0.051372573212566476,1.098103968613249,0.7975365927267241
monash_tourism_monthly,175,0.082923510032944,0.10142485774183889,1.277929745889387,1.5586113602391627
monash_tourism_monthly,175,0.19577734794756071,0.187324306898775,0.5657725207163861,0.4829871692060947
monash_tourism_monthly,307,0.37019317770539273,0.34527274475208114,1.3231995449416152,1.2524148145422431
monash_tourism_monthly,309,0.04406501311351529,0.03932641588042718,1.1146612249557621,0.9617154790947469
monash_tourism_monthly,309,0.06569098451618627,0.06398967607568168,0.7498753098361647,0.726614926546158
monash_tourism_monthly,309,0.08852544132917965,0.09810574593284875,1.1133933419656656,1.2091913453907521
monash_tourism_monthly,309,0.3242620394545982,0.32652125036263413,3.3724321885450395,3.3257935665375022
monash_tourism_monthly,309,0.08625998518488859,0.08215624381313383,1.1574828030954427,1.0774656061908858
monash_tourism_monthly,309,0.04920705896381089,0.047485656893633994,0.8961616458713891,0.8293518181677452
monash_tourism_monthly,309,0.20169884617614656,0.19022052144334278,1.6210971451494285,1.5482884268235608
monash_tourism_monthly,309,0.12256105139719747,0.1138485149671376,1.535635899611006,1.4623682895581613
monash_tourism_monthly,309,0.18823373408769448,0.19306930693069307,1.3238435138194162,1.3279099273430937
monash_tourism_monthly,309,0.227854558291413,0.22712381960991967,0.8920393485988262,0.9431883938166488
monash_tourism_monthly,309,0.13611319294754878,0.1195649146078594,1.0206592485220556,0.8841909674852205
monash_tourism_monthly,309,0.0923472799771999,0.08861923774174583,0.8132666783721877,0.7247729394957582
monash_tourism_monthly,309,0.13724591166131744,0.15391206887768097,2.2326472624817932,2.5287182732026454
monash_tourism_monthly,309,0.11058837434506805,0.10070956277877839,1.4462860747900308,1.274588586628213
monash_tourism_monthly,309,0.139881512868801,0.15560329043732998,1.3635592708315354,1.5818825631376339
monash_tourism_monthly,309,0.230565557374068,0.2102436806692126,1.1478952442159382,1.0193203727506426
monash_tourism_monthly,309,0.17282976812629164,0.1484478635807879,1.5227387621259734,1.2995525344992485
monash_tourism_monthly,309,0.22925758382118147,0.20617497486842884,1.3152023281596452,1.216671286031042
monash_tourism_monthly,309,0.16307202908429902,0.14501249715973644,2.8199753752345216,2.477515243902439
monash_tourism_monthly,309,0.17401916528074757,0.16781658351152293,1.1630857411007576,1.1854846819065497
monash_tourism_monthly,309,0.11650326797385621,0.1324338473253379,2.0188177081380965,2.1394272219514936
monash_tourism_monthly,309,0.08558982467503604,0.08689370222908027,1.7348518394408676,1.7538087316594464
monash_tourism_monthly,309,0.06554577256338967,0.056104334503065054,0.5774331870164535,0.5626078208448841
monash_tourism_monthly,309,0.05981993648964609,0.04782040277147886,0.7207095087600521,0.6503986755381338
monash_tourism_monthly,309,0.13981322660567944,0.13155272400555418,1.5296653372117432,1.4732584640297481
monash_tourism_monthly,309,0.16434001027221365,0.15824345146379043,1.5881839212520183,1.5393817538194015
monash_tourism_monthly,309,0.19125531834782933,0.19022647690048566,1.0495006741951796,1.0588867352098432
monash_tourism_monthly,309,0.1007375969153525,0.09752423750676152,2.4343090636069618,2.339014130602187
monash_tourism_monthly,309,0.08916830004031305,0.09884621265829824,0.8108707971288251,1.0233282961843597
monash_tourism_monthly,309,0.22535796342247952,0.22074257880709494,1.5168735453840185,1.4863266097750196
monash_tourism_monthly,309,0.08033020577952282,0.0854808383564674,1.3976059750935523,1.4955370836145023
monash_tourism_monthly,309,0.16329852290902247,0.15994637313011573,1.1837171052631579,1.1284539473684212
monash_tourism_monthly,309,0.11401038009884495,0.11382315285177384,1.5808858931150696,1.5345450168512278
monash_tourism_monthly,309,0.19455247340234902,0.18055069169252194,1.5033725910064242,1.3808886509635976
monash_tourism_monthly,309,0.3048596295167463,0.332347226455349,0.6939007617435463,0.713670387219636
monash_tourism_monthly,309,0.09820995425097485,0.12181522306487766,1.169218950496387,1.4773333558452084
monash_tourism_monthly,309,0.03610411555177051,0.03755892153483247,0.8739301587927999,0.9812484892732232
monash_tourism_monthly,309,0.08064853331212862,0.06957767804929767,1.117126795384978,0.910892983282317
monash_tourism_monthly,309,0.18778747026169706,0.1975227521619274,0.9931900783094157,1.0576407883397654
monash_tourism_monthly,309,0.14992809248986758,0.14307913561569638,2.732287297783104,2.6358972438585977
monash_tourism_monthly,309,0.05278206288698786,0.04979821031174346,0.9973558018037009,0.9794693536488054
monash_tourism_monthly,309,0.09529425253468297,0.08482793638314251,0.5296231236026828,0.4360827211753433
monash_tourism_monthly,309,0.10053678859458012,0.09217536215265833,0.7653054669264866,0.7177830360393157
monash_tourism_monthly,309,0.14077754773406947,0.1422035398846993,1.0184648714175306,1.016630625813897
monash_tourism_monthly,309,0.0315404018342587,0.028919088108318995,0.9059918885884661,0.8254889069965555
monash_tourism_monthly,309,0.08368288315265891,0.08203926393547473,1.3411752000727537,1.385191205893052
monash_tourism_monthly,216,0.0981408826446989,0.09433595721582361,1.4383647046766646,1.4005269360844466
monash_tourism_monthly,216,0.055773205020488006,0.0641613581289363,0.6524671290715781,0.8618223732005373
monash_tourism_monthly,216,0.15067047389917676,0.15529060939669323,0.7930379210000913,0.8081228061018101
monash_tourism_quarterly,55,0.16490156327799743,0.1734470890349948,3.354869954192834,3.650534691708237
monash_tourism_quarterly,80,0.08630665949008802,0.09169184781215726,1.3260513941563539,1.463678158269521
monash_tourism_quarterly,80,0.08993902194545539,0.11869928757745406,0.9812869807341891,1.36019491022255
monash_tourism_quarterly,80,0.08174071856733783,0.04576811663956207,0.9522219383783748,0.30375734497709556
monash_tourism_quarterly,76,0.0689283905406907,0.07400722007510917,0.8946868268186658,0.9983236313224136
monash_tourism_quarterly,114,0.022845413853648886,0.02304325246680021,0.8062096029547553,0.8189058171745153
monash_tourism_quarterly,114,0.04313601149899067,0.04643140239069089,1.9089126748622296,1.9322276388300126
monash_tourism_quarterly,114,0.03936485628517361,0.03877064186252935,1.1154296221999331,1.182296890672016
monash_tourism_quarterly,99,0.06702163284441766,0.0882727211841136,1.0510481366459627,1.7148680124223603
monash_tourism_quarterly,104,0.18688524590163935,0.2361316383061053,3.0634604209710745,3.760774470557852
monash_tourism_quarterly,38,0.09020705715294157,0.06540854105145988,1.2474264898228373,0.854514074218018
monash_tourism_quarterly,38,0.22398887876244805,0.2619014972776946,0.4244538124772532,0.5033204667605988
monash_tourism_quarterly,76,0.08061228639037112,0.11227852019748889,1.5095864056062935,2.0821385076236547
monash_tourism_quarterly,76,0.11578723905869376,0.11504038566267637,2.0187260703097807,2.0989209885137488
monash_tourism_quarterly,76,0.0439005445203798,0.039121859482294935,1.3776989109226556,1.193203020035429
monash_tourism_quarterly,122,0.03242915780586739,0.03451691398326682,0.8634363888297869,0.6484835777404372
monash_tourism_quarterly,122,0.06763249162885182,0.05283275397138976,0.5655319374469996,0.4298741706988577
monash_tourism_quarterly,102,0.194016927150231,0.12820883440597985,2.09149168343436,1.3596086767293851
monash_tourism_quarterly,102,0.04359272520969118,0.044809115863821185,1.0186258142118165,1.0083195851216962
monash_tourism_quarterly,122,0.03325117839236483,0.03279147424719479,1.0122181917693365,1.0298067517525675
monash_tourism_quarterly,102,0.08662385037568582,0.08345898608874917,0.9235512361083407,0.8383687038543035
monash_tourism_quarterly,102,0.09613134614885724,0.0960236853711054,0.48425533811795124,0.398631480408327
monash_tourism_quarterly,102,0.08256862603164535,0.09262439395802143,1.9385460136858983,2.8964715459325934
monash_tourism_quarterly,102,0.06671193744911424,0.049682519629036935,1.7328875149832816,1.1784430004416124
monash_tourism_quarterly,102,0.04000972570544538,0.04344104200864698,0.6211807271478728,0.5727505115518429
monash_tourism_quarterly,102,0.08229000420382213,0.07010115214487933,1.6505854893583352,1.3249268138302082
monash_tourism_quarterly,102,0.07523120996921939,0.07203514533705829,1.2331759081776403,1.1698055472159996
monash_tourism_quarterly,102,0.029003305354745417,0.038185357150277606,0.3864907132807147,0.5360380151370125
monash_tourism_quarterly,102,0.03285354093430258,0.03147510035782094,0.7268967771040471,0.6069192979464828
monash_tourism_quarterly,102,0.12037746456250249,0.12367626390394733,3.304121915820029,3.3610159651669087
monash_tourism_quarterly,102,0.09344484613773615,0.09274720445501893,1.15799380686759,1.0041835457803985
monash_tourism_quarterly,102,0.08579347284504235,0.09187842551071251,1.6252057048820625,1.6636039495337356
monash_tourism_quarterly,102,0.09548010534557619,0.1813674272841834,2.065716336597217,3.9127309872634912
monash_tourism_quarterly,102,0.09028531672618766,0.10120284345415981,0.8115350386321651,0.9198938795323688
monash_tourism_quarterly,102,0.13887606217123272,0.08768026827675032,2.1336070979575856,1.0843500752251605
monash_tourism_quarterly,102,0.09605582278101446,0.09626889760237908,0.8600787742253122,0.8604442985662494
monash_tourism_quarterly,102,0.10979390618591009,0.1382353168798805,0.8811595010024504,1.296906326576075
monash_tourism_quarterly,58,0.06362298461104053,0.06030235775801215,0.8942240373395565,0.7266161026837806
monash_tourism_quarterly,58,0.09099099099099099,0.094998998998999,0.5059701492537313,0.4611940298507462
monash_tourism_quarterly,58,0.1984947283049473,0.14471370640713707,1.6826621160409556,1.177679180887372
monash_tourism_quarterly,58,0.16693989655787406,0.15697235598359194,3.058054054054054,2.82454054054054
monash_tourism_quarterly,58,0.13305396825396826,0.11494179894179896,1.1215384615384616,0.9774519230769232
monash_tourism_quarterly,58,0.056028091296714315,0.06055079006772008,0.6311803278688525,0.7055409836065574
monash_tourism_quarterly,58,0.22512471655328797,0.22138049886621317,1.5477464788732391,1.5230281690140843
monash_tourism_quarterly,58,0.12744759901857694,0.10567122327374695,1.247056856187291,1.0122742474916389
monash_tourism_quarterly,58,0.20054288626765693,0.19477384592980923,2.8143020594965673,2.7290389016018306
monash_tourism_quarterly,22,0.13714208754208754,0.14214343434343435,0.6037864077669903,0.5094174757281553
monash_tourism_quarterly,58,0.0556896439497494,0.05676547549306776,0.9214285714285713,1.0223076923076921
monash_tourism_quarterly,58,0.1407946127946128,0.11399027310138424,1.574816326530612,1.2133469387755103
monash_tourism_quarterly,58,0.09582558767516558,0.07750160598050085,1.3707934655775962,1.162438739789965
monash_tourism_quarterly,58,0.14013737373737373,0.10484040404040404,0.959862385321101,0.5907798165137614
monash_tourism_quarterly,58,0.163177207977208,0.14056296296296295,1.9003184713375796,1.6767515923566878
monash_tourism_quarterly,58,0.1270297339593114,0.1294585289514867,0.9955102040816326,1.1057142857142859
monash_tourism_quarterly,58,0.02866876352361195,0.03628686787570546,0.7359516987310684,0.7944640664288638
monash_tourism_quarterly,102,0.22935029842833446,0.27281993398662624,5.416176300911504,6.170935733241029
monash_tourism_quarterly,103,0.022732374750884955,0.027684630479579312,0.6416027248798312,0.699131021753862
monash_tourism_quarterly,103,0.07339740060921583,0.07111677335807945,2.07462929513568,2.0902241031672686
monash_tourism_quarterly,103,0.0675561838390602,0.05508144951618036,1.561076164569874,1.1330876281148297
monash_tourism_quarterly,103,0.0422448521737434,0.04957081126425345,0.787044001504325,1.1355772846934937
monash_tourism_quarterly,103,0.17790783720147998,0.16325148559255523,2.541642099056604,2.643794221698113
monash_tourism_quarterly,103,0.13142991422864528,0.14668859906787293,1.1838803088803087,1.412162162162162
monash_tourism_quarterly,103,0.20484311050477488,0.20396392299530086,1.2023037542662118,1.168515358361775
monash_tourism_quarterly,103,0.036345110250446865,0.040169811959365045,0.5143040239538451,0.5698302052143431
monash_tourism_quarterly,103,0.0290117511813094,0.033158678401032184,0.5966770908138114,0.6889077450847194
monash_tourism_quarterly,103,0.14700914168647686,0.12956649465607545,1.8010319434126802,1.6027825328639256
monash_tourism_quarterly,103,0.1611779035046362,0.170002357378595,1.5459095491862307,1.6029454126458302
monash_tourism_quarterly,103,0.14383909392696737,0.15299529171819742,1.2988947013162337,1.4269743503206211
monash_tourism_quarterly,103,0.06940907146516996,0.075583947953538,0.7099170124481328,0.8339004149377593
monash_tourism_quarterly,103,0.12809033788549082,0.17864012310059624,1.5583784032942045,2.695409009894905
monash_tourism_quarterly,103,0.15496459320393297,0.15169596005909625,3.222984155199362,3.421718410003371
monash_tourism_quarterly,103,0.059658729292117955,0.08126474030232309,0.5095029865523483,0.6510091370592681
monash_tourism_quarterly,103,0.10275812570491132,0.09698896066167675,0.9002071823204418,0.8910911602209944
monash_tourism_quarterly,103,0.08594639113507035,0.08678496555855046,0.8643810679611651,1.0345873786407767
monash_tourism_quarterly,103,0.26401016401016403,0.2736929236929237,1.8227808599167825,1.9137482662968102
monash_tourism_quarterly,103,0.21330606680299935,0.1827602817541468,4.174388976845439,3.620905897486642
monash_tourism_quarterly,103,0.11343628732082046,0.11963253346004593,1.472152126892574,1.5129390256463076
monash_tourism_quarterly,103,0.15208199225011676,0.20183775733020307,2.1017006962739933,2.6326566616484754
monash_tourism_quarterly,103,0.11086259298440046,0.13409679892980483,1.5475777719327612,2.051798139690586
monash_tourism_quarterly,103,0.054902055803094645,0.051060070458852067,0.47799932724385896,0.5354785060337405
monash_tourism_quarterly,103,0.1015213189803168,0.06862503044197549,2.752916520648505,1.8764386631499346
monash_tourism_quarterly,103,0.04636316295171665,0.042675534138667016,1.5038294117647057,1.3778470588235292
monash_tourism_quarterly,103,0.06193471099131477,0.06365622885539028,1.1330900130184118,1.2865212944020827
monash_tourism_quarterly,103,0.1218984148499567,0.102582928574118,1.0740294288802064,0.7756879208579266
monash_tourism_quarterly,103,0.29983100971694127,0.29221588508660756,2.974374079528719,2.9488586156111927
monash_tourism_quarterly,103,0.09248352708795103,0.10332624658856168,1.6714107686829922,1.8525537049491634
monash_tourism_quarterly,103,0.10180603725112396,0.09988182402055233,1.603208507544083,1.5342210507180514
monash_tourism_quarterly,103,0.05484709395564894,0.056525773132530856,1.3942165053091815,1.35943355715178
monash_tourism_quarterly,103,0.15089199792730773,0.13871122955066995,1.4516453995970449,1.4987407656145062
monash_tourism_quarterly,103,0.07644103030052725,0.06304051542559781,1.6318681318681318,1.236996336996337
monash_tourism_quarterly,103,0.05633127187143668,0.04671860577022096,1.4195752890931344,1.2267133295037338
monash_tourism_quarterly,103,0.12000680476195402,0.0905331431371715,3.2171284436758434,2.572588848917537
monash_tourism_quarterly,103,0.16147678209533878,0.1285273718263409,1.2523039995892593,0.9854507881090517
monash_tourism_quarterly,103,0.13911239239655207,0.11791808430511908,2.5714036312849164,2.3010125698324027
monash_tourism_quarterly,103,0.13973762334527756,0.13078291726759542,2.7259991843393148,2.6075652528548123
monash_tourism_quarterly,103,0.1787957950679127,0.20405770560089054,1.854281003551169,1.9912546695567956
monash_tourism_quarterly,103,0.08886320376103657,0.0836277185338073,0.5462763995724889,0.7036859673947404
monash_tourism_quarterly,103,0.05316821372338475,0.051933459503311234,1.1297617080502578,1.1700288848356202
monash_tourism_quarterly,72,0.10063622232773521,0.10306885560687958,1.6521113690585136,1.7123565368260056
monash_tourism_quarterly,72,0.14268155591055132,0.11030452465291445,1.1927990916964724,0.941193629309842
monash_tourism_quarterly,72,0.04987926559956156,0.06184641671657484,0.22405914844484265,0.19347757388697817
monash_tourism_yearly,11,0.03320155326582694,0.03371503188344053,0.7489984507228945,0.8445179859060744
monash_tourism_yearly,31,0.2530296162197227,0.3026716424889835,5.962387088820284,7.114205043016508
monash_tourism_yearly,31,0.35111469786949606,0.41468386794882445,9.347864197754483,10.977429041631842
monash_tourism_yearly,29,0.0902366336959395,0.09355803393777776,1.3358700087607165,1.432907030039781
monash_tourism_yearly,17,0.11044907916784867,0.09801738108961042,1.861762280137149,1.1323215216577298
monash_tourism_yearly,26,0.026518084066471166,0.027362658846529813,0.8399940793368857,1.0768206039076378
monash_tourism_yearly,26,0.08724063801319924,0.12541559554413026,4.188409525209467,5.099772159341467
monash_tourism_yearly,26,0.04403651319089177,0.04864126410921475,0.40343381330462474,0.7981765576638407
monash_tourism_yearly,22,0.07393205516313489,0.06941734873117315,1.6833538083538084,1.7607493857493859
monash_tourism_yearly,24,0.20968438501973954,0.19118808209915591,3.1630539499036607,2.808526011560694
monash_tourism_yearly,7,0.42017408176155546,0.4157315181378084,9.398545858408452,9.378709610765299
monash_tourism_yearly,7,0.5991166688799456,0.596187314626387,11.986758955835258,11.42049694645118
monash_tourism_yearly,17,0.10565321358254305,0.08578758125461368,1.804785097588887,1.482019749831926
monash_tourism_yearly,17,0.24680306769630864,0.16972666719740997,6.36962448117494,4.722351843210452
monash_tourism_yearly,43,0.08037304932574013,0.056783034676615815,1.541802574226639,0.8435651042262681
monash_tourism_yearly,25,0.09816883282070103,0.06697796345527829,3.008271559740507,2.035761223463714
monash_tourism_yearly,25,0.09662694955606019,0.15975054853318094,0.2069216735643799,0.2234331457473964
monash_tourism_yearly,7,0.04468541215424783,0.0478977629437054,0.9694651764286047,1.0317966927774465
monash_tourism_yearly,25,0.08724245786020884,0.12159685106604062,0.36913353537473415,0.941078732770291
monash_tourism_yearly,25,0.11946319969763215,0.12862225597067115,3.9996424308052,4.267966721840253
monash_tourism_yearly,10,0.09116667448870791,0.09728144956784826,1.973645229827083,2.276405297315634
monash_tourism_yearly,28,0.033666001330671984,0.037624750499002,0.7469262295081968,0.7745901639344263
monash_tourism_yearly,18,0.21839167573291265,0.23273404876691073,1.8778361086371493,2.048178762422653
monash_tourism_yearly,18,0.2903209359157974,0.2758850819661418,2.604815358192513,2.578619195652683
monash_tourism_yearly,18,0.39343121941520853,0.3884229397112841,3.9000265339542857,3.9873969990870153
monash_tourism_yearly,18,0.18788343529685422,0.25185907808932234,0.3517417975167091,0.37623934441434576
monash_tourism_yearly,18,0.3047670986946889,0.24557253535105694,2.028151587020007,1.5470909944659774
monash_tourism_yearly,18,0.2547725559980807,0.24241247113533493,1.2316449614685434,1.146209900169593
monash_tourism_yearly,18,0.38212999304776624,0.3005850599625059,2.581800373444752,2.2921539886304045
monash_tourism_yearly,18,0.415704348166978,0.6798251373688413,1.0300374415786953,1.5822964652813498
monash_tourism_yearly,10,0.4551427796192445,0.5722149279919884,1.331565758371422,1.6272067025582357
monash_tourism_yearly,18,0.23369027617598315,0.24123961613950495,0.7006394075401438,0.41949193896829623
monash_tourism_yearly,23,0.3528751777846492,0.20624541252427372,4.445383997244863,2.7320560211227187
monash_tourism_yearly,23,0.24755014532297434,0.15492893158415535,3.6282680690945437,2.1053292386719997
monash_tourism_yearly,28,0.03283025032378117,0.026365220381111675,0.9452413496478023,0.6326852903450957
monash_tourism_yearly,23,0.13994812998451156,0.14457530406816102,3.820351412162604,3.836371756179011
monash_tourism_yearly,23,0.0784924066590478,0.06920157666060561,0.6742488483487269,0.5799624137693947
monash_tourism_yearly,23,0.12875635894503817,0.13116652739294246,0.6503769508248408,0.8658092155899072
monash_tourism_yearly,23,0.13853885926180784,0.13468088766557715,3.2697757966868473,2.9887565697558376
monash_tourism_yearly,23,0.07472419540381545,0.09431505213167862,1.655076526214299,2.282763882947137
monash_tourism_yearly,23,0.15536729891412204,0.10252615463128349,2.6607305203486815,1.597144232311888
monash_tourism_yearly,23,0.38049294864802347,0.3157948891720415,8.751018909956207,8.055983089891907
monash_tourism_yearly,23,0.183962030816538,0.14743814648757994,5.1485749858754115,4.3088838435623265
monash_tourism_yearly,23,0.12761227422915647,0.12004741372923794,2.600512029178649,2.4029950199901804
monash_tourism_yearly,23,0.2976171358130803,0.24660275669854625,8.211504385576326,6.964051563745903
monash_tourism_yearly,23,0.20751750627917326,0.14995652522002706,2.934350652990303,2.0267782074995795
monash_tourism_yearly,23,0.08583697984144409,0.08561752451384227,1.9955101085266134,1.9013310814200433
monash_tourism_yearly,23,0.520532095517845,0.7025540265831948,4.435716459489196,6.4397523234309535
monash_tourism_yearly,23,0.24383796629351767,0.18844747937276454,5.54761828130029,4.369375603476022
monash_tourism_yearly,23,0.30549176377193726,0.21582508765463604,5.123857243319268,3.6540963431786215
monash_tourism_yearly,13,0.3727559985234403,0.4071672203765227,2.8178272980501395,3.1922005571030643
monash_tourism_yearly,13,0.5546812386156649,0.6105053944234272,7.878178217821782,8.972019801980199
monash_tourism_yearly,13,0.4961268641041799,0.5753673597983617,7.243018867924528,8.686037735849057
monash_tourism_yearly,13,0.618111394919824,0.6398235774088263,8.532576419213974,9.188646288209608
monash_tourism_yearly,13,0.43135416666666665,0.4825189393939394,5.73504,6.568319999999999
monash_tourism_yearly,13,0.6901023118227709,0.7280709945017845,5.6927916018662525,6.4294012441679635
monash_tourism_yearly,13,0.6104450629038296,0.6511853913383135,8.064692942254812,9.078423464711275
monash_tourism_yearly,13,0.5919218209110683,0.6410575008424471,9.24243161094225,10.29726443768997
monash_tourism_yearly,13,0.5076686653342217,0.5898485454141683,5.893438485804417,6.935583596214511
monash_tourism_yearly,13,0.8142962962962963,0.8265246913580246,9.382929936305732,10.022006369426752
monash_tourism_yearly,13,0.7587788662815037,0.8610191744117893,12.765888324873096,14.551472081218275
monash_tourism_yearly,13,0.6508236714975846,0.6532119565217391,4.4487804878048784,4.768975609756098
monash_tourism_yearly,13,0.6577841927273995,0.7253218979883556,7.567473684210526,8.443263157894737
monash_tourism_yearly,24,0.4404648476974159,0.7841977046340407,3.377133260711692,5.936864560639071
monash_tourism_yearly,23,0.14665668099808593,0.13318580626997012,6.127071110525426,5.7925678522442325
monash_tourism_yearly,23,0.13984313260629047,0.10900703334913862,2.4446904881731255,2.0549572219426273
monash_tourism_yearly,23,0.243598615916955,0.16521850570293478,1.6751775192627283,1.4890466837890919
monash_tourism_yearly,23,0.06389928009216718,0.06250544261914971,1.4534096677759605,1.0025476150187078
monash_tourism_yearly,23,0.13454738367051286,0.1412318019975719,1.4485041687101519,1.2704757233938204
monash_tourism_yearly,23,0.34191673930187194,0.2126343751297057,2.7789717656974293,1.8101559207753897
monash_tourism_yearly,23,0.10136664731259327,0.07751743427419103,1.4634483587832152,0.28369604424672357
monash_tourism_yearly,23,0.058317591169191836,0.05776697688327386,1.4599543469630807,1.1211955802567157
monash_tourism_yearly,23,0.2402836050809679,0.19416822273917442,5.225595102505695,4.295481207289294
monash_tourism_yearly,23,0.34254754917943697,0.48366409448248376,1.6485673691688376,2.682145394269477
monash_tourism_yearly,23,0.0665099536067278,0.067188009123493,1.3438969764837625,1.290929451287794
monash_tourism_yearly,23,0.20782217782217782,0.17200910200910202,4.611060677584517,3.582119902683467
monash_tourism_yearly,23,0.34796131034943883,0.2694234251920896,9.32547093865722,8.26756292599152
monash_tourism_yearly,23,0.10407874480714217,0.13129776268923632,2.637990706617529,3.6757731132831277
monash_tourism_yearly,23,0.11596498915742519,0.09745733194009056,3.89021426993594,3.2292909211398277
monash_tourism_yearly,23,0.15240930782549938,0.11726001942649604,2.263809347866248,1.4428228339183449
monash_tourism_yearly,23,0.1486190382470642,0.10930044391961337,2.4748867846850557,1.73219431864965
monash_tourism_yearly,23,0.11306199247375719,0.11641909288968111,0.5682864450127877,0.6104859335038364
monash_tourism_yearly,23,0.22296177362591024,0.21785497656465397,5.2630785686503305,4.920799299883313
monash_tourism_yearly,23,0.07750010607153465,0.07329401615115902,1.9083013066871637,1.7789392774788624
monash_tourism_yearly,23,0.1432561748745511,0.1514606630422069,2.4256233105422167,2.568908411512164
monash_tourism_yearly,23,0.04998696060976418,0.044069191938414604,0.7947672829948083,0.44209399763184254
monash_tourism_yearly,23,0.09818466531542624,0.09305247737935128,3.7162162162162167,3.520061298411814
monash_tourism_yearly,23,0.07090424086743893,0.05957659934738998,3.204464799539612,2.6980385574525227
monash_tourism_yearly,23,0.1513032501440309,0.16788826873043658,4.523020687509721,5.015787836366464
monash_tourism_yearly,23,0.07954702771548025,0.0741534457457707,0.9067076051015587,0.771610769957487
monash_tourism_yearly,23,0.039919404193618245,0.039177470835804876,0.7937718859429714,0.7717608804402201
monash_tourism_yearly,23,0.08514006372175228,0.07675574707547894,0.828425012973534,0.6800077841203944
monash_tourism_yearly,23,0.139697407185699,0.13062353525750126,3.4837440213113764,3.3558757643639883
monash_tourism_yearly,23,0.040840380634353385,0.037997304736977856,1.039459893405883,0.9738829546045835
monash_tourism_yearly,23,0.025943573271181367,0.02682046370637512,0.7729346609254231,0.7094087590623388
monash_tourism_yearly,23,0.2116781156918215,0.2595771838148966,2.5105502506865536,2.856422110805976
monash_tourism_yearly,23,0.03566467732571291,0.038730238816732314,0.8516251549821867,0.8516251549821867
monash_tourism_yearly,16,0.09173262972735269,0.09196716505423629,0.69580078125,0.74462890625
monash_tourism_yearly,16,0.09919163977255264,0.08614107883817428,0.8488707983193278,0.7937237394957983
monash_tourism_yearly,16,0.11236669201224386,0.11274882532997992,0.8916596814752724,0.8748952221290864
monash_traffic,17520,0.05971000240211001,0.0585320486627012,0.17378021596167556,0.15911311532249958
monash_traffic,17520,0.14493454669021782,0.163889992001695,0.3278177250051171,0.3695841543556299
monash_traffic,17520,0.15963962583631597,0.18791980270310468,0.7006084159575005,0.8304995088306956
monash_traffic,17520,0.011762232175563228,0.013518171050992973,0.075050401240549,0.08445661136213863
monash_traffic,17520,0.9932099006021975,0.9832483341899917,3.9726309228884253,3.9680539780231996
monash_traffic,17520,0.2584343633496545,0.26446399153637556,1.6021906990211725,1.6884543900815678
monash_traffic,17520,0.1988123030982739,0.22876589001626707,0.299204127799643,0.3580559780432
monash_traffic,17520,0.05467370014993774,0.06452860045432712,0.2857346358038398,0.33683652846653095
monash_traffic,17520,0.035210459130251046,0.03399620019558112,0.2378236763664727,0.2429298190068505
monash_traffic,17520,0.3729333470023611,0.34988260755773604,1.737908425467906,1.6752762713016718
monash_traffic,17520,0.09382356085139737,0.1304371769620156,0.22674911658101896,0.3003162813192134
monash_traffic,17520,0.11785527868616279,0.11981859760375779,0.6192394255720138,0.6275943613520406
monash_traffic,17520,0.06892814580050945,0.08406338683615697,0.24831499658563475,0.3027552173691222
monash_traffic,17520,0.04597078094154059,0.05314639452960281,0.26974519176935036,0.3073442342905573
monash_traffic,17520,0.02706495071741621,0.030208670875589254,0.16422320226502182,0.17183020316040643
monash_traffic,17520,0.07778739040323401,0.090130712777372,0.3414466078024014,0.4251986142054444
monash_traffic,17520,0.15458464814121564,0.1340619009153539,0.5863768545513832,0.5261195436696343
monash_traffic,17520,0.24859718999170527,0.23421471433535646,0.7050186505011703,0.685797107602096
monash_traffic,17520,0.04879857467428241,0.05751634400958431,0.14957974948825406,0.17575396985211147
monash_traffic,17520,0.17584672038700827,0.1886163939493957,0.4698902529472189,0.49758870097465335
monash_traffic,17520,0.30741244552786895,0.3149945096958642,0.9756187893243807,1.021744733363288
monash_traffic,17520,0.18536364003064543,0.190858384887434,1.1573745844942884,1.2431048217803828
monash_traffic,17520,0.04420805385561841,0.04755922082079623,0.2615207121335066,0.2543859021582819
monash_traffic,17520,0.05096517248655464,0.05742295096572455,0.18363689683699205,0.21037333325745464
monash_traffic,17520,0.07293015927740717,0.062163054198294154,0.4413382500460871,0.38430239981494346
monash_traffic,17520,0.6490259784803714,0.6065791998237782,2.0172330425947815,1.9185431179558392
monash_traffic,17520,0.09393162397603168,0.07248043115642999,0.36394294876332184,0.2677184623518151
monash_traffic,17520,0.9928099855026034,0.9809877528227643,2.633036657277408,2.6243975812966096
monash_traffic,17520,0.04262062461097285,0.040869174595162254,0.2325734175947456,0.207271027847466
monash_traffic,17520,0.04479886501649191,0.054797616902230874,0.21251389592206196,0.2567069616536181
monash_traffic,17520,0.9845084448251582,0.9586456186395852,2.3211849188426155,2.3386542956415375
monash_traffic,17520,6.4623859631678195,6.382563800057371,4.40693890924332,4.4003799409468165
monash_traffic,17520,0.010401278447744253,0.01225303560770971,0.07921962382822835,0.08308029205641938
monash_traffic,17520,0.2697345038822003,0.23157195325291585,1.4223015047255743,1.2759893806103781
monash_traffic,17520,0.4847010040831313,0.4784746286842996,1.3757108581231716,1.3597349253352637
monash_traffic,17520,0.24185581591752645,0.2103907549375562,1.146151796336265,1.0000300201264594
monash_traffic,17520,0.26256589963471755,0.2972102727486324,0.7859399109976319,0.8539891362815495
monash_traffic,17520,0.3395501844469861,0.339506827069013,0.7900311167375124,0.8064134625144742
monash_traffic,17520,0.07024275007013701,0.07586478482914466,0.27946869662115764,0.3199268477594483
monash_traffic,17520,0.16253382466115895,0.1782452516065622,0.6097602667287686,0.6690968691132214
monash_traffic,17520,0.2963987327514714,0.27871330228131586,1.7554892870786993,1.6858942554151302
monash_traffic,17520,0.287110461849407,0.2536416028083862,1.2574494542894528,1.1782033198885975
monash_traffic,17520,0.053222936959635585,0.06312636365749225,0.09716098982345646,0.1221436145960409
monash_traffic,17520,0.18286703947298577,0.19381232377577343,0.5542389210878351,0.6078151770762062
monash_traffic,17520,0.27574441310558434,0.28300479114064186,0.5605211272375831,0.5687881585873084
monash_traffic,17520,0.07333084004069487,0.07675933692923305,0.3241901191029894,0.3404909886573911
monash_traffic,17520,0.08521500048789045,0.09901012587083724,0.5320170664618505,0.6174631464678672
monash_traffic,17520,0.3555139944690517,0.35368410665046984,1.0866115657372726,1.1017217225494063
monash_traffic,17520,0.042046739023453635,0.04904046643261987,0.253392362646847,0.31641375015710227
monash_traffic,17520,0.2892666501236516,0.3073312660658625,0.7927541608469983,0.857191667425968
monash_traffic,17520,0.2604168144190133,0.29492967409887383,0.29882375935220234,0.3331524355476268
monash_traffic,17520,0.3296020285301256,0.3313701783422106,0.8770033895703465,0.8835764435211869
monash_traffic,17520,0.11538753335416937,0.10813995012271334,0.7351473093321692,0.6979597682063702
monash_traffic,17520,0.046834345829356167,0.054133195658393106,0.3056335476289363,0.36329638765956335
monash_traffic,17520,0.17613091148373083,0.19894424427488386,0.5538181183820656,0.6101734046583877
monash_traffic,17520,0.0946440429560857,0.10388953779212157,0.4776553677102838,0.5270902396929095
monash_traffic,17520,0.16371046175833165,0.16068450543870083,0.5759841655199883,0.572168718159276
monash_traffic,17520,0.04886047562786551,0.047287393763659785,0.17748344471254238,0.16621658640511175
monash_traffic,17520,0.06671442896001634,0.0677961934214201,0.40605793762221015,0.41023822292848977
monash_traffic,17520,0.5111597107004966,0.49130778331507075,0.9202539389388051,0.8921211002126342
monash_traffic,17520,0.0905426457969444,0.1052061934732372,0.3651186826334456,0.4195607686997121
monash_traffic,17520,0.04132329239584566,0.039838366716004416,0.15710069465738116,0.1445367053240619
monash_traffic,17520,0.10831877710464494,0.10686430513926357,0.34346818900456505,0.35074125152252195
monash_traffic,17520,0.03623600542422376,0.038336519529780184,0.22867323298438236,0.24579150324668844
monash_traffic,17520,0.06873680211859003,0.07772988194847336,0.20661341378313805,0.23359664363547575
monash_traffic,17520,0.09025964068816568,0.09130716355041305,0.5204844204880827,0.5351305953522779
monash_traffic,17520,0.055288947334341663,0.05701653750680248,0.20846007921922174,0.21037350938408214
monash_traffic,17520,0.011217562460159244,0.013268437139108278,0.07464550384343661,0.07377040363020461
monash_traffic,17520,0.7599126050650287,0.7216330638106033,4.7305851931428515,4.633906250004173
monash_traffic,17520,0.11131650302810933,0.1236023119185284,0.5935893576809564,0.6715488944351202
monash_traffic,17520,0.05650597139139538,0.07112827621729725,0.30766257026934807,0.3757026972205284
monash_traffic,17520,0.05462848529890676,0.0714490466126474,0.26465332117652274,0.33017606271083894
monash_traffic,17520,0.2450969799195544,0.24478380021852056,0.8655548348780607,0.8687542963678757
monash_traffic,17520,0.9870958947756395,0.9768107243030523,1.972921976111797,1.967280814077524
monash_traffic,17520,0.17997273875229317,0.19192970276089527,0.6602243681296404,0.6989342902495959
monash_traffic,17520,0.9927143579521367,0.9935828775795914,2.8519867122143636,2.850415040579185
monash_traffic,17520,0.06495354529567486,0.06492865259271802,0.2673217405433562,0.2642773318192
monash_traffic,17520,0.0753832683733947,0.0745063478267937,0.42374924080833526,0.4203993998584579
monash_traffic,17520,0.10826538384616251,0.11843325056669772,0.7505788857837582,0.7984999977447744
monash_traffic,17520,0.08083073127739687,0.06428673666125867,0.17591577909746706,0.1472504528981324
monash_traffic,17520,0.12012493433407553,0.13704870723392817,0.6518120608329526,0.7433194051519011
monash_traffic,17520,0.2171793152936831,0.3065716732954973,0.711460809138733,0.9562177684281359
monash_traffic,17520,0.1963758731619643,0.23600236920245932,0.5191001392234794,0.6091686610398414
monash_traffic,17520,0.029731420365782562,0.030824414488310154,0.21042060724491418,0.20580022219088723
monash_traffic,17520,0.11170785347117723,0.10842264527125915,0.701303451966334,0.6912459617056474
monash_traffic,17520,0.9856616488379528,0.9721309643487738,3.1441997163240596,3.1336971903300537
monash_traffic,17520,0.8879669464126003,0.8123820593437836,3.9211064832594587,3.883242881732867
monash_traffic,17520,0.028755446094603412,0.02794457737554845,0.12796355386542785,0.1271145711027532
monash_traffic,17520,0.09990299803443745,0.1320828616753159,0.2348592441696223,0.309759067560686
monash_traffic,17520,0.04019989148936945,0.048404778986944626,0.1427640746764888,0.17874862230614177
monash_traffic,17520,0.137784720866588,0.15675139076565003,0.42250890595875185,0.4817223745589338
monash_traffic,17520,0.0694298879946079,0.07322425636185005,0.49943931748048226,0.5295167997896678
monash_traffic,17520,0.0949410196182655,0.10243567717173091,0.537915170908314,0.5907927493533113
monash_traffic,17520,0.18443977789003754,0.12802556330263715,0.6294859774137771,0.3229681812011719
monash_traffic,17520,0.02978468065460523,0.033409231928763564,0.15127594261087643,0.16676130846220358
monash_traffic,17520,0.04867882041199792,0.05128672018755455,0.3426308087039733,0.3636826779300018
monash_traffic,17520,0.11141303705965871,0.11784964536599264,0.4145208675823329,0.4513060715716417
monash_traffic,17520,0.0929738592829286,0.11354123541156749,0.2437379819471638,0.29246810069170265
monash_traffic,17520,0.35026314417455484,0.3467514013351216,1.0360193793303771,1.0491249814933694
monash_traffic,17520,0.20626357357800346,0.19532000278358805,1.193503854822966,1.1493465856124923
monash_weather,9338,0.9097370520486587,0.903849093049105,0.2853858988192438,0.2829142622021114
monash_weather,5320,0.9587512955081589,0.9654800129704442,0.3848182935749948,0.38681311354986775
monash_weather,10799,0.7589880359138205,0.758839267746922,1.1330025327540498,1.1005545570094335
monash_weather,22852,0.9663555877966237,0.9751703396758358,0.5958810111743791,0.5996737532013705
monash_weather,8242,2.0414759162841847,1.727877288144669,0.027157937280386225,0.021903897643431793
monash_weather,50610,1.0867334181636767,1.1250815826786094,0.051132368790284266,0.053305346696461205
monash_weather,5686,0.9045614219831233,0.8885471229367179,0.9367615002963466,0.9277736348127575
monash_weather,13721,0.7453056960416775,0.736206742696414,0.9881128322559876,0.9818707518051636
monash_weather,9338,inf,inf,0.01586962169185688,0.0408882170961528
monash_weather,58281,0.825856046107859,0.808673339005128,1.0215294624150038,0.9667353159010477
monash_weather,28696,1.1652681316455638,1.4176955569867975,0.0684436951156768,0.08288885797342872
monash_weather,49149,1.10193844749814,1.1466081891741071,0.11321428312830013,0.11737192421649852
monash_weather,45132,0.856127896800651,0.8584173037341667,0.4915398465839875,0.480993870136536
monash_weather,29427,0.92830198514204,0.9539061279817762,0.2471086876411826,0.25322079983447315
monash_weather,15182,1.1649816219655444,1.324157253199873,0.05241705371992741,0.0586153756393302
monash_weather,6781,inf,inf,0.013047451033564366,0.012496446492817451
monash_weather,12299,0.03431609216945091,0.037170854756932895,0.028957517644433262,0.03284595946957829
monash_weather,7512,0.966171486441065,0.9736693936201226,0.8056993115233815,0.8104829588711164
monash_weather,1668,1.0305436380258886,1.0653684785993136,0.08904633010958625,0.09818850458071161
monash_weather,18835,1.04225377857239,1.0641061463239583,0.08385891997209312,0.08773963395953552
monash_weather,10799,inf,inf,0.00533152355108206,0.008056801606949066
monash_weather,10069,0.7235617106123591,0.7289634885386538,1.1310821736561671,1.1366137620134196
monash_weather,8608,0.8893414884413373,0.8455326454831984,0.8806401583183614,0.8121134118660203
monash_weather,2398,0.2849683486052059,0.28502246558459604,1.2524951291281012,1.2471335940627948
monash_weather,6199,0.14440503286872067,0.14672864846649708,1.1954921295206173,1.230576323917717
monash_weather,18467,0.19210575228839125,0.23926174339808798,0.9514827451471695,1.2099921234171966
monash_weather,12991,0.38177311663541924,0.37889629059046775,0.8371916327618844,0.8305319024548231
monash_weather,9703,0.5254649012849147,0.5293967102836297,0.8180729191973526,0.8265557372262202
monash_weather,19930,0.46782429007748466,0.4748892258648849,0.9952254892199709,1.0347302849637077
monash_weather,9338,0.7121819728206045,0.7262297906058763,0.9607668044344458,0.9808904094905878
monash_weather,22122,0.5788980932305914,0.5864408194688486,1.130934336515362,1.1421638886921732
monash_weather,8242,0.704603613482274,0.7353244706685707,0.9976522404325515,1.0366318358747215
monash_weather,19565,0.8183355002565247,0.843567587765863,1.204763488077078,1.2533840316758045
monash_weather,2764,0.22158092455063672,0.2235427506777203,0.7773639607079558,0.7808251578396085
monash_weather,8242,0.092222546170012,0.09212627656864858,1.1787921995864221,1.180164043406535
monash_weather,4590,0.15224428293444575,0.15415936299098842,1.2810526672463338,1.3080573921195555
monash_weather,20876,0.07304033939380594,0.06843574885086995,0.8558211510630321,0.7256480943914291
monash_weather,22852,0.3033303311651638,0.3002642569986061,1.2103940566546856,1.1930597661924485
monash_weather,25409,0.20481425369681389,0.19661255459885152,3.1360234090597414,3.0156184093964615
monash_weather,7877,0.25062992040880494,0.24058055098855494,2.3567030725541818,2.216198123012643
monash_weather,18833,0.14420210545584175,0.14185352193630474,2.0753054687354187,2.024451970933247
monash_weather,7147,0.1061961608879276,0.10443543452889731,1.7790046820755978,1.7577591603375495
monash_weather,11530,0.41783339082456367,0.42222781313693564,1.672349108593784,1.6702462359606014
monash_weather,8973,0.023316081380927837,0.022381019403210686,0.8210256179944413,0.7823891217920332
monash_weather,40017,0.4809319858485823,0.4906029064318176,1.6242775621257273,1.6238832767413827
monash_weather,8608,0.4826225138922079,0.5129891444605366,1.0008606883207358,1.0473204677599297
monash_weather,7877,0.13962052788960264,0.1379530075583182,1.9948357560824397,1.971189754640169
monash_weather,21026,0.15861296158873986,0.16088134237005286,1.4373376697608553,1.4408473934361388
monash_weather,28330,0.1393937443265867,0.14161926348006354,1.0159044301078297,1.0270418542581192
monash_weather,19929,0.1035918471173162,0.10532148495391258,0.8115733344397196,0.8238699051299122
monash_weather,18103,0.16070976573156184,0.1483156274667788,1.3035447726510498,1.1297812718056048
monash_weather,4954,0.12330567342786909,0.12528938397849856,0.8958410309246748,0.8972666653052598
monash_weather,10798,0.09381641393142352,0.09551704755489253,0.938060344732636,0.9377454345082157
monash_weather,9702,0.1052206720319169,0.10847371042351289,0.45488428093858096,0.483692213058966
monash_weather,17738,0.08249700584196246,0.0859808600069301,0.8363425080255307,0.8675684112016242
monash_weather,7876,0.09535663860784313,0.09295804806137954,0.551719704297304,0.5481193405576988
monash_weather,17133,0.1771187947458967,0.1788672798491655,1.9706392991257873,2.0065035335777344
monash_weather,35270,0.10251249948360552,0.10250866571681908,0.6691219784305936,0.6758031765706102
monash_weather,5685,0.06757810046561852,0.06817878420434625,1.5287748859792634,1.5208796628580088
monash_weather,3128,0.08707860884607764,0.08761611035664674,0.5784720823279994,0.5816193732568526
monash_weather,6780,0.06631366320998458,0.06494791007737981,1.2272831115251999,1.210987622940684
monash_weather,22851,0.07111318528449657,0.06965564653326861,1.0711728076539506,1.042488789941805
monash_weather,47997,0.14836263136461325,0.15063867902704514,2.2272512702442815,2.2214529642155942
monash_weather,2397,0.07380993174978809,0.07632109655030922,1.659717003042332,1.6904111647910716
monash_weather,6780,0.04440795717637417,0.04513773084827018,1.2455105222774228,1.251636987879192
monash_weather,41112,0.07823615565904445,0.08048774598400786,0.6712766906821843,0.687007801707924
monash_weather,19564,0.10312217386763829,0.10304005207110206,0.9111012345528882,0.9030861084900265
monash_weather,9337,0.05190872132099791,0.05141898408723164,1.5141237165714116,1.5111273090769628
monash_weather,8607,0.11248018118047358,0.11379307581163091,0.9271833975378619,0.9362411395548483
monash_weather,16642,0.0758359488988221,0.06999239095615264,1.4240970611382835,1.3074313508516637
monash_weather,8241,0.02952642027481646,0.030241661948049385,1.501113088338797,1.5206224772969736
monash_weather,7146,0.06850013480141204,0.06936134386146862,1.0076034718580247,1.0172216798189597
monash_weather,27234,0.07351162156698134,0.07400350107794335,1.2111629707694684,1.213314453888941
monash_weather,3493,0.06864274129860903,0.07005579083097359,0.2667270875155168,0.2821507815415821
monash_weather,10798,0.2432115858650559,0.24048368578091806,0.5861691862462953,0.5800890280483515
monash_weather,10798,0.05396242817694081,0.055704154684714076,0.17409755326184911,0.1927326235563859
monash_weather,10798,0.05146657726066274,0.054744573484033464,0.16787104000909295,0.18500073863598626
monash_weather,10798,0.15338502071076296,0.15036823178164532,0.37051827632013534,0.3646494544363926
monash_weather,10798,0.08161599169346744,0.08151825773655319,0.3574504740086307,0.3545531002668353
monash_weather,10798,0.1563648515588992,0.15426460553858715,0.38819912928126493,0.382362189467464
monash_weather,10798,0.15991025712643728,0.15406311769905415,0.44771291692748616,0.42745858018871374
monash_weather,4589,0.13965255796394355,0.13651413168322615,0.4162144151284498,0.40757527810065997
monash_weather,10798,0.16907390877276918,0.16885456738207033,0.4027970219434737,0.40194732882546563
monash_weather,10798,0.13184566917151197,0.1324762915601649,0.3405727014633101,0.3419284844721042
monash_weather,10798,0.06047157403944062,0.05943996687215346,0.24693151350679302,0.2503394799479349
monash_weather,10798,0.11770820186487642,0.12109554416186705,0.28473897015792776,0.2917338082530064
monash_weather,10798,0.045071147092391434,0.04357790351375604,0.2036784732248491,0.19332194893976015
monash_weather,10798,0.0457529713355215,0.04448931257118793,0.2158610513641722,0.20811002787466293
monash_weather,10798,0.05792718275551423,0.05670526172089214,0.31116372299793743,0.3127748572382331
monash_weather,10798,0.1038850155826637,0.10350449829407762,0.45668004662648964,0.4545485178966684
monash_weather,4589,0.09891446190885524,0.09637341822636222,0.4847414834450449,0.4731253442463272
monash_weather,1302,0.029896629215839316,0.029508008246387933,0.2530913324505273,0.25007436983494885
monash_weather,4589,0.18628200277130505,0.18302415259235538,1.0396440057787735,0.9956969293743918
monash_weather,10798,0.13240816398923688,0.13638290728497882,0.6002358921874625,0.6052723672147073
monash_weather,10798,0.019797250286062905,0.020161777338223774,0.20393622078976797,0.21006150363530315
monash_weather,10798,0.017249665261067772,0.017367665329332736,0.1756313444912806,0.1645679606046892
monash_weather,10798,0.12805811869548075,0.12811183087614877,0.6681996646251407,0.6598998018033312
monash_weather,4589,0.010002510806164109,0.00986027519706103,0.09239736904437645,0.07855190767979989
monash_weather,3493,0.005510148347043432,0.0057022616356165855,0.039676177117070936,0.044125828620763786
monash_weather,10798,0.03705126562076837,0.036410977276732974,0.29007799636576664,0.29652418590251917
