dataset,model,family,severity,MASE,WQL,n_series,latency_s,MASE_clean,WQL_clean,MASE_degr,WQL_degr
monash_australian_electricity,chronos-2-CL,clean,0.0,0.6174465182215265,0.02885914602907158,5,0.837,0.6174465182215265,0.02885914602907158,1.0,1.0
monash_australian_electricity,chronos-2-CL,spikes_intensity,1.0,0.6394638570470128,0.029015589715897887,5,0.038,0.6174465182215265,0.02885914602907158,1.035658697839781,1.0054209395755755
monash_australian_electricity,chronos-2-CL,spikes_intensity,2.0,0.5836254518831514,0.030236671301068996,5,0.041,0.6174465182215265,0.02885914602907158,0.9452242982342952,1.0477327108227579
monash_australian_electricity,chronos-2-CL,spikes_intensity,4.0,0.6479275929686431,0.03186247142789181,5,0.036,0.6174465182215265,0.02885914602907158,1.0493663399947792,1.1040684085313819
monash_australian_electricity,chronos-2-CL,spikes_intensity,6.0,0.6877511088151435,0.03868524769111054,5,0.041,0.6174465182215265,0.02885914602907158,1.113863449738319,1.3404848380523986
monash_australian_electricity,chronos-2-CL,spikes_intensity,8.0,0.8052437943773891,0.03904264416866878,5,0.063,0.6174465182215265,0.02885914602907158,1.3041514861834316,1.352869004832601
monash_australian_electricity,chronos-2-CL,spikes_intensity,12.0,0.7445891533872834,0.037741088352190845,5,0.065,0.6174465182215265,0.02885914602907158,1.2059168388089296,1.307768716169631
monash_australian_electricity,chronos-2-CL,spikes_intensity,16.0,0.9355996393040199,0.04548664444039474,5,0.181,0.6174465182215265,0.02885914602907158,1.5152723542743292,1.5761604447537452
monash_australian_electricity,chronos-2-CL,spikes_intensity,20.0,0.8773311014584355,0.04113209762958145,5,0.044,0.6174465182215265,0.02885914602907158,1.420902176249163,1.425270782030299
monash_australian_electricity,chronos-2-CL,spikes_intensity,30.0,1.0809133283280254,0.05056910379182242,5,0.04,0.6174465182215265,0.02885914602907158,1.7506185498323872,1.7522730485815856
monash_australian_electricity,chronos-2-CL,spikes_intensity,40.0,1.267896097582395,0.0715685456642123,5,0.045,0.6174465182215265,0.02885914602907158,2.053450882247102,2.4799259684301442
monash_australian_electricity,chronos-2-CL,spikes_density,0.01,0.6252399371712289,0.03121328386292304,5,0.038,0.6174465182215265,0.02885914602907158,1.0126220145708333,1.0815733712799398
monash_australian_electricity,chronos-2-CL,spikes_density,0.02,0.6519819247921153,0.032387333559031416,5,0.131,0.6174465182215265,0.02885914602907158,1.0559326282542874,1.1222554377182774
monash_australian_electricity,chronos-2-CL,spikes_density,0.05,0.9346566823079013,0.04661569227311498,5,0.051,0.6174465182215265,0.02885914602907158,1.5137451661401493,1.6152831489246475
monash_australian_electricity,chronos-2-CL,spikes_density,0.08,1.2561073856617555,0.06776678047209143,5,0.051,0.6174465182215265,0.02885914602907158,2.0343581971760205,2.3481907747313735
monash_australian_electricity,chronos-2-CL,spikes_density,0.12,1.5134356839681098,0.09607647797872097,5,0.052,0.6174465182215265,0.02885914602907158,2.451120282170126,3.3291518010247865
monash_australian_electricity,chronos-2-CL,spikes_density,0.16,1.4867156372305743,0.11241993560994455,5,0.055,0.6174465182215265,0.02885914602907158,2.407845203359253,3.895469931670781
monash_australian_electricity,chronos-2-CL,spikes_density,0.2,1.736636668623135,0.17982065779294762,5,0.099,0.6174465182215265,0.02885914602907158,2.8126106753752347,6.2309763986710935
monash_australian_electricity,chronos-2-CL,spikes_density,0.3,1.9056784217943765,0.3020168688886987,5,0.096,0.6174465182215265,0.02885914602907158,3.0863862141184835,10.465204638573113
monash_australian_electricity,chronos-2-CL,spikes_density,0.4,1.9727216646689754,0.5903321240291083,5,0.073,0.6174465182215265,0.02885914602907158,3.194967671614929,20.455633837343303
monash_australian_electricity,chronos-2-CL,drift,0.5,1.5752415806146212,0.0976430646422879,5,0.074,0.6174465182215265,0.02885914602907158,2.5512194726628263,3.383435689466559
monash_australian_electricity,chronos-2-CL,drift,1.0,3.6021860595216793,0.22229830188982597,5,0.073,0.6174465182215265,0.02885914602907158,5.834004975681623,7.702871792044411
monash_australian_electricity,chronos-2-CL,drift,2.0,6.709467014528419,0.44612732746375017,5,0.179,0.6174465182215265,0.02885914602907158,10.866474773967722,15.458784782277995
monash_australian_electricity,chronos-2-CL,drift,4.0,13.08331128017535,0.9047004996452443,5,0.044,0.6174465182215265,0.02885914602907158,21.189383847948655,31.348831276361548
monash_australian_electricity,chronos-2-CL,drift,6.0,18.512406718499463,1.3317185149438513,5,0.046,0.6174465182215265,0.02885914602907158,29.982202785468797,46.14545813664513
monash_australian_electricity,chronos-2-CL,drift,9.0,28.749277745382482,2.043975609974739,5,0.051,0.6174465182215265,0.02885914602907158,46.56156751550077,70.82592145712549
monash_australian_electricity,chronos-2-CL,drift,12.0,37.47190421059642,2.6980802089596314,5,0.047,0.6174465182215265,0.02885914602907158,60.68850192649772,93.49133914917962
monash_australian_electricity,chronos-2-CL,drift,16.0,50.17967556643316,3.61215356384902,5,0.042,0.6174465182215265,0.02885914602907158,81.26967127609548,125.16494979478178
monash_australian_electricity,chronos-2-CL,drift,20.0,63.588838360566434,4.553765039564714,5,0.072,0.6174465182215265,0.02885914602907158,102.98679559118047,157.7927855168489
monash_australian_electricity,chronos-2-CL,drift,26.0,82.64043042218492,5.914254957793737,5,0.08,0.6174465182215265,0.02885914602907158,133.84224865372926,204.93520327441246
monash_australian_electricity,chronos-2-CL,drift,32.0,100.8379041503154,7.252911073411017,5,0.089,0.6174465182215265,0.02885914602907158,163.31439432319695,251.32105662810383
monash_australian_electricity,chronos-2-CL,drift_step,0.5,0.6174465182215265,0.02885914602907158,5,0.186,0.6174465182215265,0.02885914602907158,1.0,1.0
monash_australian_electricity,chronos-2-CL,drift_step,1.0,0.6174465182215265,0.02885914602907158,5,0.175,0.6174465182215265,0.02885914602907158,1.0,1.0
monash_australian_electricity,chronos-2-CL,drift_step,2.0,0.589404410405996,0.027191271038114733,5,0.036,0.6174465182215265,0.02885914602907158,0.9545837461416057,0.9422063636506536
monash_australian_electricity,chronos-2-CL,drift_step,4.0,0.6174465182215265,0.02885914602907158,5,0.042,0.6174465182215265,0.02885914602907158,1.0,1.0
monash_australian_electricity,chronos-2-CL,drift_step,8.0,0.5696213872662402,0.02757612257943857,5,0.034,0.6174465182215265,0.02885914602907158,0.922543686709838,0.9555418774921288
monash_australian_electricity,chronos-2-CL,drift_step,12.0,0.6174465182215265,0.02885914602907158,5,0.034,0.6174465182215265,0.02885914602907158,1.0,1.0
monash_australian_electricity,chronos-2-CL,drift_step,16.0,0.6174465182215265,0.02885914602907158,5,0.038,0.6174465182215265,0.02885914602907158,1.0,1.0
monash_australian_electricity,chronos-2-CL,drift_step,20.0,0.5370254521418474,0.02667301951215263,5,0.061,0.6174465182215265,0.02885914602907158,0.8697521749554578,0.924248398940262
monash_australian_electricity,chronos-2-CL,gap,0.05,0.6174465182215265,0.02885914602907158,5,0.067,0.6174465182215265,0.02885914602907158,1.0,1.0
monash_australian_electricity,chronos-2-CL,gap,0.1,0.6174465182215265,0.02885914602907158,5,0.069,0.6174465182215265,0.02885914602907158,1.0,1.0
monash_australian_electricity,chronos-2-CL,gap,0.15,0.6174465182215265,0.02885914602907158,5,0.075,0.6174465182215265,0.02885914602907158,1.0,1.0
monash_australian_electricity,chronos-2-CL,gap,0.2,0.6174465182215265,0.02885914602907158,5,0.083,0.6174465182215265,0.02885914602907158,1.0,1.0
monash_australian_electricity,chronos-2-CL,gap,0.3,0.6174465182215265,0.02885914602907158,5,0.089,0.6174465182215265,0.02885914602907158,1.0,1.0
monash_australian_electricity,chronos-2-CL,gap,0.4,0.6108384423618,0.028389523919758814,5,0.091,0.6174465182215265,0.02885914602907158,0.9892977356504329,0.9837270961226751
monash_australian_electricity,chronos-2-CL,gap,0.5,0.6139108559558547,0.0285896159368349,5,0.187,0.6174465182215265,0.02885914602907158,0.9942737351959554,0.9906604966077247
monash_australian_electricity,chronos-2-CL,gap,0.6,0.6121429882573796,0.028583124422236532,5,0.161,0.6174465182215265,0.02885914602907158,0.9914105435731939,0.9904355587460213
monash_australian_electricity,chronos-2-CL,gap,0.7,0.6203521533482674,0.028735228656141438,5,0.159,0.6174465182215265,0.02885914602907158,1.0047058895645087,0.9957061316781407
monash_australian_electricity,chronos-2-CL,gap_boundary,0.05,12.497525893583115,2.865118122008681,5,0.045,0.6174465182215265,0.02885914602907158,20.24066137676279,99.27937989303193
monash_australian_electricity,chronos-2-CL,gap_boundary,0.1,12.497525893583115,2.865118122008681,5,0.047,0.6174465182215265,0.02885914602907158,20.24066137676279,99.27937989303193
monash_australian_electricity,chronos-2-CL,gap_boundary,0.15,12.497525893583115,2.865118122008681,5,0.044,0.6174465182215265,0.02885914602907158,20.24066137676279,99.27937989303193
monash_australian_electricity,chronos-2-CL,gap_boundary,0.2,12.497525893583115,2.865118122008681,5,0.043,0.6174465182215265,0.02885914602907158,20.24066137676279,99.27937989303193
monash_australian_electricity,chronos-2-CL,gap_boundary,0.3,12.497525893583115,2.865118122008681,5,0.047,0.6174465182215265,0.02885914602907158,20.24066137676279,99.27937989303193
monash_australian_electricity,chronos-2-CL,gap_boundary,0.4,12.497525893583115,2.865118122008681,5,0.174,0.6174465182215265,0.02885914602907158,20.24066137676279,99.27937989303193
monash_australian_electricity,chronos-2-CL,gap_boundary,0.5,12.497525893583115,2.865118122008681,5,0.154,0.6174465182215265,0.02885914602907158,20.24066137676279,99.27937989303193
monash_australian_electricity,chronos-2-CL,gap_boundary,0.6,12.497525893583115,2.865118122008681,5,0.042,0.6174465182215265,0.02885914602907158,20.24066137676279,99.27937989303193
monash_australian_electricity,chronos-2-CL,gap_boundary,0.7,12.497525893583115,2.865118122008681,5,0.043,0.6174465182215265,0.02885914602907158,20.24066137676279,99.27937989303193
monash_cif_2016,chronos-2-CL,clean,0.0,0.8374135906353518,0.008104641215428011,72,0.226,0.8374135906353518,0.008104641215428011,1.0,1.0
monash_cif_2016,chronos-2-CL,spikes_intensity,1.0,0.8991933279379394,0.00866068980753453,72,0.038,0.8374135906353518,0.008104641215428011,1.0737744622173075,1.0686086622869897
monash_cif_2016,chronos-2-CL,spikes_intensity,2.0,0.9240702906182607,0.018182626798448186,72,0.041,0.8374135906353518,0.008104641215428011,1.1034813632737461,2.243483248072191
monash_cif_2016,chronos-2-CL,spikes_intensity,4.0,0.9849987152333988,0.05911843856168897,72,0.04,0.8374135906353518,0.008104641215428011,1.1762392278420906,7.294393050879413
monash_cif_2016,chronos-2-CL,spikes_intensity,6.0,1.0054378050393296,0.03577215089821181,72,0.038,0.8374135906353518,0.008104641215428011,1.2006466294349205,4.413785872484506
monash_cif_2016,chronos-2-CL,spikes_intensity,8.0,1.0112883989219055,0.02825903839473537,72,0.04,0.8374135906353518,0.008104641215428011,1.2076331340104398,3.4867722880738268
monash_cif_2016,chronos-2-CL,spikes_intensity,12.0,1.0951497993430717,0.07250942080531102,72,0.04,0.8374135906353518,0.008104641215428011,1.3077764817647317,8.946654007000573
monash_cif_2016,chronos-2-CL,spikes_intensity,16.0,1.1736108711210014,0.019403698805058642,72,0.04,0.8374135906353518,0.008104641215428011,1.401471010555936,2.3941465500189842
monash_cif_2016,chronos-2-CL,spikes_intensity,20.0,1.077104625914868,0.055232067704140526,72,0.04,0.8374135906353518,0.008104641215428011,1.2862277827347666,6.814868941884885
monash_cif_2016,chronos-2-CL,spikes_intensity,30.0,1.3248598316507338,0.7574748228241509,72,0.04,0.8374135906353518,0.008104641215428011,1.5820854192795617,93.46185755665782
monash_cif_2016,chronos-2-CL,spikes_intensity,40.0,1.2649779846337532,0.041863336772176296,72,0.039,0.8374135906353518,0.008104641215428011,1.5105773285504063,5.165353488132845
monash_cif_2016,chronos-2-CL,spikes_density,0.01,1.5005227685956126,0.03290015329983023,72,0.04,0.8374135906353518,0.008104641215428011,1.791853852595293,4.059421314937598
monash_cif_2016,chronos-2-CL,spikes_density,0.02,0.9600116063907825,0.020189932917245,72,0.04,0.8374135906353518,0.008104641215428011,1.1464007954091295,2.491156903875202
monash_cif_2016,chronos-2-CL,spikes_density,0.05,1.2113587652989883,0.01946814157353465,72,0.04,0.8374135906353518,0.008104641215428011,1.446547773818576,2.4020978913261524
monash_cif_2016,chronos-2-CL,spikes_density,0.08,1.4071466004884294,0.05446800087301193,72,0.041,0.8374135906353518,0.008104641215428011,1.6803484159133566,6.7205937221905065
monash_cif_2016,chronos-2-CL,spikes_density,0.12,1.6688481683291723,0.03630183619325695,72,0.041,0.8374135906353518,0.008104641215428011,1.992860143412534,4.4791416705964355
monash_cif_2016,chronos-2-CL,spikes_density,0.16,1.892772187498143,0.09060112346212275,72,0.047,0.8374135906353518,0.008104641215428011,2.260259695644637,11.178918480642212
monash_cif_2016,chronos-2-CL,spikes_density,0.2,2.6872466975159486,0.164633514512159,72,0.041,0.8374135906353518,0.008104641215428011,3.208983861220971,20.313485833125135
monash_cif_2016,chronos-2-CL,spikes_density,0.3,3.3540066939198163,0.4808826880005231,72,0.044,0.8374135906353518,0.008104641215428011,4.005197349824603,59.334235189228835
monash_cif_2016,chronos-2-CL,spikes_density,0.4,3.695643613606156,0.6137153775314882,72,0.045,0.8374135906353518,0.008104641215428011,4.413164122166019,75.72394153157802
monash_cif_2016,chronos-2-CL,drift,0.5,1.3359745831758618,0.09420859627383851,72,0.043,0.8374135906353518,0.008104641215428011,1.5953581338013014,11.624030449923291
monash_cif_2016,chronos-2-CL,drift,1.0,2.3767400793178557,0.18629115996493806,72,0.107,0.8374135906353518,0.008104641215428011,2.838191433595681,22.98573804973795
monash_cif_2016,chronos-2-CL,drift,2.0,4.183334010273621,0.3747586674227849,72,0.049,0.8374135906353518,0.008104641215428011,4.9955411006641235,46.24000710967853
monash_cif_2016,chronos-2-CL,drift,4.0,8.269589222233488,0.763995713220572,72,0.041,0.8374135906353518,0.008104641215428011,9.875155257462792,94.26644473369508
monash_cif_2016,chronos-2-CL,drift,6.0,12.387195480032718,1.1741926707649952,72,0.041,0.8374135906353518,0.008104641215428011,14.792207361519488,144.8790439396379
monash_cif_2016,chronos-2-CL,drift,9.0,18.86181845536876,1.7632358859974033,72,0.04,0.8374135906353518,0.008104641215428011,22.523898186388593,217.5587838041373
monash_cif_2016,chronos-2-CL,drift,12.0,25.022839618733197,2.3553993526878725,72,0.041,0.8374135906353518,0.008104641215428011,29.88110044852292,290.6235192995502
monash_cif_2016,chronos-2-CL,drift,16.0,33.45576456449889,3.148528769745881,72,0.041,0.8374135906353518,0.008104641215428011,39.95130355970908,388.4846578713855
monash_cif_2016,chronos-2-CL,drift,20.0,41.856033423753836,3.964976117653271,72,0.04,0.8374135906353518,0.008104641215428011,49.982510305328766,489.2229047851661
monash_cif_2016,chronos-2-CL,drift,26.0,54.403929364307274,5.160525706232085,72,0.041,0.8374135906353518,0.008104641215428011,64.96661861318803,636.7370953335353
monash_cif_2016,chronos-2-CL,drift,32.0,66.69364746452437,6.304536113755526,72,0.043,0.8374135906353518,0.008104641215428011,79.64242306352278,777.8920677887872
monash_cif_2016,chronos-2-CL,drift_step,0.5,0.8716251097754272,0.0188992339699961,72,0.048,0.8374135906353518,0.008104641215428011,1.04085379019717,2.331902605882106
monash_cif_2016,chronos-2-CL,drift_step,1.0,0.8522834088645257,0.026319608479156716,72,0.044,0.8374135906353518,0.008104641215428011,1.0177568389090652,3.2474736116701446
monash_cif_2016,chronos-2-CL,drift_step,2.0,1.009287498407523,0.01723604228810295,72,0.046,0.8374135906353518,0.008104641215428011,1.2052437525425987,2.126687885367755
monash_cif_2016,chronos-2-CL,drift_step,4.0,1.1102569850014792,0.03436844932559148,72,0.054,0.8374135906353518,0.008104641215428011,1.3258167737152666,4.240588622253584
monash_cif_2016,chronos-2-CL,drift_step,8.0,1.5485524394347463,0.03439461153262904,72,0.049,0.8374135906353518,0.008104641215428011,1.8492086308986797,4.243816674716628
monash_cif_2016,chronos-2-CL,drift_step,12.0,1.46120912240541,0.07064820563547818,72,0.04,0.8374135906353518,0.008104641215428011,1.744907341779323,8.717005942347221
monash_cif_2016,chronos-2-CL,drift_step,16.0,1.5642706280487464,0.1935502717910686,72,0.041,0.8374135906353518,0.008104641215428011,1.8679785538970328,23.88141148341347
monash_cif_2016,chronos-2-CL,drift_step,20.0,1.3807705189731136,0.11675984524797925,72,0.059,0.8374135906353518,0.008104641215428011,1.6488513375159257,14.406540912102928
monash_cif_2016,chronos-2-CL,gap,0.05,0.8685179808828868,0.008749393181645438,72,0.05,0.8374135906353518,0.008104641215428011,1.037143402728795,1.0795534248931433
monash_cif_2016,chronos-2-CL,gap,0.1,0.8576897529609459,0.008709606026595809,72,0.051,0.8374135906353518,0.008104641215428011,1.0242128412439668,1.074644243352338
monash_cif_2016,chronos-2-CL,gap,0.15,0.8555650937583844,0.019494656382402616,72,0.137,0.8374135906353518,0.008104641215428011,1.0216756729601928,2.4053694499507947
monash_cif_2016,chronos-2-CL,gap,0.2,0.9070154759026352,0.022622284719834705,72,0.092,0.8374135906353518,0.008104641215428011,1.0831153041288426,2.7912752851749785
monash_cif_2016,chronos-2-CL,gap,0.3,0.9149164350405138,0.010637141238367427,72,0.11,0.8374135906353518,0.008104641215428011,1.092550258643832,1.3124752787475087
monash_cif_2016,chronos-2-CL,gap,0.4,0.8876007159544756,0.010556627122167369,72,0.069,0.8374135906353518,0.008104641215428011,1.0599311091679877,1.302540956664652
monash_cif_2016,chronos-2-CL,gap,0.5,0.8838042160120533,0.014785953092667205,72,0.044,0.8374135906353518,0.008104641215428011,1.0553975071523554,1.8243809564969558
monash_cif_2016,chronos-2-CL,gap,0.6,0.9543600784087533,0.009869915276903188,72,0.046,0.8374135906353518,0.008104641215428011,1.1396520059874755,1.2178102663094816
monash_cif_2016,chronos-2-CL,gap,0.7,1.0490069399786845,0.00833852019528448,72,0.044,0.8374135906353518,0.008104641215428011,1.2526748451536298,1.0288574131340023
monash_cif_2016,chronos-2-CL,gap_boundary,0.05,1.4104935739605298,0.021742365223476848,72,0.04,0.8374135906353518,0.008104641215428011,1.6843452145198383,2.6827054579650036
monash_cif_2016,chronos-2-CL,gap_boundary,0.1,1.3767187583605898,0.030992673733684712,72,0.042,0.8374135906353518,0.008104641215428011,1.6440129151905252,3.824064867262353
monash_cif_2016,chronos-2-CL,gap_boundary,0.15,1.6222795707097073,0.04089537555106973,72,0.05,0.8374135906353518,0.008104641215428011,1.937250110162258,5.045920536645251
monash_cif_2016,chronos-2-CL,gap_boundary,0.2,2.0530887466456496,0.05197053672734305,72,0.04,0.8374135906353518,0.008104641215428011,2.4517022049856583,6.412441383390523
monash_cif_2016,chronos-2-CL,gap_boundary,0.3,2.3492992407143096,0.042201300430723315,72,0.042,0.8374135906353518,0.008104641215428011,2.805422872265399,5.207053502922355
monash_cif_2016,chronos-2-CL,gap_boundary,0.4,2.854861538642791,0.08293866795874728,72,0.049,0.8374135906353518,0.008104641215428011,3.40914163630517,10.233478047228676
monash_cif_2016,chronos-2-CL,gap_boundary,0.5,3.505040631167319,0.12572104071064583,72,0.043,0.8374135906353518,0.008104641215428011,4.1855549878382305,15.512227792554592
monash_cif_2016,chronos-2-CL,gap_boundary,0.6,3.901791347335566,0.18072218230845583,72,0.046,0.8374135906353518,0.008104641215428011,4.659336068782032,22.298603664827596
monash_cif_2016,chronos-2-CL,gap_boundary,0.7,4.056388287535736,0.1043332750674169,72,0.039,0.8374135906353518,0.008104641215428011,4.84394847766696,12.873274990730973
monash_car_parts,chronos-2-CL,clean,0.0,0.8957706891017735,1.0214469106119983,100,0.246,0.8957706891017735,1.0214469106119983,1.0,1.0
monash_car_parts,chronos-2-CL,spikes_intensity,1.0,0.9172659437040729,1.0397877531214255,100,0.164,0.8957706891017735,1.0214469106119983,1.0239963808414558,1.0179557472041678
monash_car_parts,chronos-2-CL,spikes_intensity,2.0,0.9098206900775481,1.0587291308493243,100,0.127,0.8957706891017735,1.0214469106119983,1.0156848188344532,1.0364994204299744
monash_car_parts,chronos-2-CL,spikes_intensity,4.0,0.9533866734510962,1.1466587724793207,100,0.124,0.8957706891017735,1.0214469106119983,1.0643200152118135,1.1225828386835122
monash_car_parts,chronos-2-CL,spikes_intensity,6.0,0.9755563385990886,1.1859790822198026,100,0.097,0.8957706891017735,1.0214469106119983,1.0890692790777956,1.161077555669756
monash_car_parts,chronos-2-CL,spikes_intensity,8.0,0.9829741193087513,1.1676456495873606,100,0.106,0.8957706891017735,1.0214469106119983,1.0973501714980431,1.1431290627603616
monash_car_parts,chronos-2-CL,spikes_intensity,12.0,1.024578415356747,1.2952323608272538,100,0.108,0.8957706891017735,1.0214469106119983,1.1437954242331085,1.2680368870578083
monash_car_parts,chronos-2-CL,spikes_intensity,16.0,1.0432163087031265,1.3546538033501152,100,0.102,0.8957706891017735,1.0214469106119983,1.164601969449573,1.3262106814131696
monash_car_parts,chronos-2-CL,spikes_intensity,20.0,1.0891080885837598,1.6170208867364724,100,0.102,0.8957706891017735,1.0214469106119983,1.2158335853519093,1.58306894850525
monash_car_parts,chronos-2-CL,spikes_intensity,30.0,1.2041333352913273,1.6938214664412017,100,0.082,0.8957706891017735,1.0214469106119983,1.3442428402058588,1.6582569772778022
monash_car_parts,chronos-2-CL,spikes_intensity,40.0,1.1370076131831632,1.692032087806559,100,0.046,0.8957706891017735,1.0214469106119983,1.2693065613960735,1.6565051695078117
monash_car_parts,chronos-2-CL,spikes_density,0.01,0.990870068947718,1.2518337432045092,100,0.045,0.8957706891017735,1.0214469106119983,1.1061648712141996,1.2255494927822288
monash_car_parts,chronos-2-CL,spikes_density,0.02,1.0097097536788442,1.2995467168138628,100,0.055,0.8957706891017735,1.0214469106119983,1.1271966876827841,1.2722606562442305
monash_car_parts,chronos-2-CL,spikes_density,0.05,1.0947786122656669,1.4707109764464223,100,0.049,0.8957706891017735,1.0214469106119983,1.222163914922743,1.4398310486496535
monash_car_parts,chronos-2-CL,spikes_density,0.08,1.2515300815909363,2.1542735405028584,100,0.051,0.8957706891017735,1.0214469106119983,1.3971545361077817,2.1090411240385745
monash_car_parts,chronos-2-CL,spikes_density,0.12,1.1826243281456714,2.0619141104460024,100,0.046,0.8957706891017735,1.0214469106119983,1.3202311066145043,2.0186209278469596
monash_car_parts,chronos-2-CL,spikes_density,0.16,1.2745116363457256,2.463471297462388,100,0.044,0.8957706891017735,1.0214469106119983,1.422810158729051,2.4117467798560406
monash_car_parts,chronos-2-CL,spikes_density,0.2,1.5697863782982828,3.793667486398527,100,0.053,0.8957706891017735,1.0214469106119983,1.7524422236592412,3.714013373563935
monash_car_parts,chronos-2-CL,spikes_density,0.3,2.640238505503602,8.315907769575631,100,0.054,0.8957706891017735,1.0214469106119983,2.947449093418182,8.14130199345668
monash_car_parts,chronos-2-CL,spikes_density,0.4,3.1265699997492065,10.089528395843715,100,0.045,0.8957706891017735,1.0214469106119983,3.490368726938753,9.877682619646468
monash_car_parts,chronos-2-CL,drift,0.5,1.5487094174609664,1.8048724402164338,100,0.048,0.8957706891017735,1.0214469106119983,1.7289128080468024,1.7669762583500763
monash_car_parts,chronos-2-CL,drift,1.0,2.3539957419104907,2.873916112419271,100,0.05,0.8957706891017735,1.0214469106119983,2.6278999419716893,2.8135736498506505
monash_car_parts,chronos-2-CL,drift,2.0,4.100199002167582,5.6679775666088945,100,0.054,0.8957706891017735,1.0214469106119983,4.5772864105198865,5.548969317664229
monash_car_parts,chronos-2-CL,drift,4.0,7.647576179062936,12.116816078580516,100,0.049,0.8957706891017735,1.0214469106119983,8.537426232076736,11.862404156982318
monash_car_parts,chronos-2-CL,drift,6.0,11.155271657412197,17.96169181127097,100,0.049,0.8957706891017735,1.0214469106119983,12.453267106337282,17.584557380969756
monash_car_parts,chronos-2-CL,drift,9.0,16.90956577208442,28.244365803767877,100,0.112,0.8957706891017735,1.0214469106119983,18.877114397480838,27.65133019673564
monash_car_parts,chronos-2-CL,drift,12.0,22.878300092350344,37.989225663288984,100,0.125,0.8957706891017735,1.0214469106119983,25.54035354214522,37.19158114691228
monash_car_parts,chronos-2-CL,drift,16.0,30.731308137078003,51.72401763613862,100,0.104,0.8957706891017735,1.0214469106119983,34.307115103189595,50.637989208022816
monash_car_parts,chronos-2-CL,drift,20.0,38.4682899180468,64.92127595572056,100,0.115,0.8957706891017735,1.0214469106119983,42.944349916852666,63.55814999413242
monash_car_parts,chronos-2-CL,drift,26.0,49.80523351438022,84.4131342821782,100,0.126,0.8957706891017735,1.0214469106119983,55.60042778841312,82.64074559842
monash_car_parts,chronos-2-CL,drift,32.0,61.57529706582468,105.04713283828384,100,0.095,0.8957706891017735,1.0214469106119983,68.74002221212305,102.84150037258914
monash_car_parts,chronos-2-CL,drift_step,0.5,0.998496273989499,1.1137005183825266,100,0.099,0.8957706891017735,1.0214469106119983,1.114678439624691,1.0903165958133396
monash_car_parts,chronos-2-CL,drift_step,1.0,1.0574430602146834,1.2676476799090965,100,0.101,0.8957706891017735,1.0214469106119983,1.1804841050057415,1.241031390608042
monash_car_parts,chronos-2-CL,drift_step,2.0,1.0984959318931817,1.4159982624095921,100,0.088,0.8957706891017735,1.0214469106119983,1.226313771211569,1.3862671154991295
monash_car_parts,chronos-2-CL,drift_step,4.0,1.3178695110264693,1.6639300939929234,100,0.052,0.8957706891017735,1.0214469106119983,1.4712130314823673,1.6289932219737022
monash_car_parts,chronos-2-CL,drift_step,8.0,1.7020885908817824,2.434226945078674,100,0.051,0.8957706891017735,1.0214469106119983,1.9001387426379595,2.383116459396026
monash_car_parts,chronos-2-CL,drift_step,12.0,2.0870302429968697,2.2298833970189484,100,0.057,0.8957706891017735,1.0214469106119983,2.329871102491221,2.183063430759135
monash_car_parts,chronos-2-CL,drift_step,16.0,1.2151579935034855,1.9352354594189731,100,0.051,0.8957706891017735,1.0214469106119983,1.3565502960606748,1.8946020975867262
monash_car_parts,chronos-2-CL,drift_step,20.0,3.619256135529235,4.5992666630592804,100,0.05,0.8957706891017735,1.0214469106119983,4.040382409875917,4.5026977078070916
monash_car_parts,chronos-2-CL,gap,0.05,0.8917183845254992,1.0237268781920994,100,0.05,0.8957706891017735,1.0214469106119983,0.9954761808735474,1.0022320960163609
monash_car_parts,chronos-2-CL,gap,0.1,0.8944663069876694,1.0083456221178015,100,0.053,0.8957706891017735,1.0214469106119983,0.9985438437203029,0.9871737939993894
monash_car_parts,chronos-2-CL,gap,0.15,0.9063324761489562,1.1044523684334573,100,0.053,0.8957706891017735,1.0214469106119983,1.011790726327263,1.0812626255550828
monash_car_parts,chronos-2-CL,gap,0.2,0.9156259760421627,1.0468203482427831,100,0.048,0.8957706891017735,1.0214469106119983,1.022165591241101,1.0248406817497566
monash_car_parts,chronos-2-CL,gap,0.3,0.8975527502889211,1.0483460696199902,100,0.061,0.8957706891017735,1.0214469106119983,1.0019894167210746,1.026334368167872
monash_car_parts,chronos-2-CL,gap,0.4,0.9103826253481206,1.1039953569907826,100,0.045,0.8957706891017735,1.0214469106119983,1.0163121392831007,1.0808152097981534
monash_car_parts,chronos-2-CL,gap,0.5,0.9411983643318178,1.0738138172872898,100,0.046,0.8957706891017735,1.0214469106119983,1.0507135093643178,1.0512673797641778
monash_car_parts,chronos-2-CL,gap,0.6,0.9582385597602496,1.2489597360566316,100,0.046,0.8957706891017735,1.0214469106119983,1.0697364531106899,1.2227358300083548
monash_car_parts,chronos-2-CL,gap,0.7,1.057816579310281,1.499827500068509,100,0.049,0.8957706891017735,1.0214469106119983,1.1809010857131277,1.4683362243172187
monash_car_parts,chronos-2-CL,gap_boundary,0.05,0.8827668100923214,1.0560513290241607,100,0.053,0.8957706891017735,1.0214469106119983,0.9854830268866113,1.0338778433344413
monash_car_parts,chronos-2-CL,gap_boundary,0.1,0.8935127408230444,1.0598950717036741,100,0.121,0.8957706891017735,1.0214469106119983,0.9974793233288386,1.0376408804923984
monash_car_parts,chronos-2-CL,gap_boundary,0.15,0.8996851254738901,1.0822478942869735,100,0.093,0.8957706891017735,1.0214469106119983,1.0043699089730673,1.0595243698358698
monash_car_parts,chronos-2-CL,gap_boundary,0.2,0.9153007659178333,1.1254394658647278,100,0.112,0.8957706891017735,1.0214469106119983,1.0218025405984688,1.1018090653291246
monash_car_parts,chronos-2-CL,gap_boundary,0.3,0.9109790203726155,1.1838230679433528,100,0.102,0.8957706891017735,1.0214469106119983,1.0169779291239056,1.158966810359304
monash_car_parts,chronos-2-CL,gap_boundary,0.4,0.9317319769375548,1.297355002316918,100,0.09,0.8957706891017735,1.0214469106119983,1.040145640255143,1.2701149602964776
monash_car_parts,chronos-2-CL,gap_boundary,0.5,0.9715261377197697,1.399748635286026,100,0.047,0.8957706891017735,1.0214469106119983,1.0845701355711463,1.37035867527111
monash_car_parts,chronos-2-CL,gap_boundary,0.6,1.0193116746013098,1.55749608240822,100,0.047,0.8957706891017735,1.0214469106119983,1.1379158606131843,1.52479396259082
monash_car_parts,chronos-2-CL,gap_boundary,0.7,1.0519528869890693,1.7715734342248861,100,0.047,0.8957706891017735,1.0214469106119983,1.1743551109535704,1.734376418215853
monash_covid_deaths,chronos-2-CL,clean,0.0,39.47622616241893,0.023617583012749868,100,0.248,39.47622616241893,0.023617583012749868,1.0,1.0
monash_covid_deaths,chronos-2-CL,spikes_intensity,1.0,45.34123607227522,0.03002845432004115,100,0.043,39.47622616241893,0.023617583012749868,1.1485706836749185,1.2714448512292895
monash_covid_deaths,chronos-2-CL,spikes_intensity,2.0,46.8196262550737,0.049953739456420176,100,0.044,39.47622616241893,0.023617583012749868,1.1860208233289946,2.1151080290245123
monash_covid_deaths,chronos-2-CL,spikes_intensity,4.0,45.918540423098904,0.04603924228709876,100,0.043,39.47622616241893,0.023617583012749868,1.1631947854937816,1.9493629920658961
monash_covid_deaths,chronos-2-CL,spikes_intensity,6.0,45.039426372466004,0.03484639097398598,100,0.054,39.47622616241893,0.023617583012749868,1.140925330277472,1.4754427222791715
monash_covid_deaths,chronos-2-CL,spikes_intensity,8.0,48.04101861758315,0.05243216485638776,100,0.043,39.47622616241893,0.023617583012749868,1.2169607707668326,2.220047869762221
monash_covid_deaths,chronos-2-CL,spikes_intensity,12.0,48.187233623425506,0.05906849623552844,100,0.045,39.47622616241893,0.023617583012749868,1.2206646457330155,2.501039001477862
monash_covid_deaths,chronos-2-CL,spikes_intensity,16.0,49.752979614704195,0.1049920780748289,100,0.05,39.47622616241893,0.023617583012749868,1.2603276567016088,4.445504775749038
monash_covid_deaths,chronos-2-CL,spikes_intensity,20.0,49.49553258369124,0.07346528166602649,100,0.042,39.47622616241893,0.023617583012749868,1.2538060852131456,3.1106181198290495
monash_covid_deaths,chronos-2-CL,spikes_intensity,30.0,49.991184405149596,0.06680475979203145,100,0.062,39.47622616241893,0.023617583012749868,1.2663617894848527,2.8286027302610575
monash_covid_deaths,chronos-2-CL,spikes_intensity,40.0,56.54757434526885,0.09217698678574927,100,0.042,39.47622616241893,0.023617583012749868,1.4324463061036394,3.9028966992933976
monash_covid_deaths,chronos-2-CL,spikes_density,0.01,44.266592609129,0.03611141966522873,100,0.045,39.47622616241893,0.023617583012749868,1.1213481356348713,1.529005726188582
monash_covid_deaths,chronos-2-CL,spikes_density,0.02,45.24014583922295,0.038796915691006,100,0.043,39.47622616241893,0.023617583012749868,1.146009896009037,1.6427132137129197
monash_covid_deaths,chronos-2-CL,spikes_density,0.05,55.042088960391794,0.13240850288026407,100,0.047,39.47622616241893,0.023617583012749868,1.3943097988629787,5.606352809632713
monash_covid_deaths,chronos-2-CL,spikes_density,0.08,57.643541539482754,0.06748390332414483,100,0.042,39.47622616241893,0.023617583012749868,1.4602090205461171,2.857358574233184
monash_covid_deaths,chronos-2-CL,spikes_density,0.12,64.92737707156238,0.16175906485137237,100,0.044,39.47622616241893,0.023617583012749868,1.6447209721726832,6.849094793656375
monash_covid_deaths,chronos-2-CL,spikes_density,0.16,66.13339351825816,0.1762097690517486,100,0.048,39.47622616241893,0.023617583012749868,1.6752714214920739,7.460956904718928
monash_covid_deaths,chronos-2-CL,spikes_density,0.2,84.16885308844762,0.3215996151306495,100,0.052,39.47622616241893,0.023617583012749868,2.132140310022231,13.616957118644828
monash_covid_deaths,chronos-2-CL,spikes_density,0.3,126.09033644628822,0.5548707487466983,100,0.05,39.47622616241893,0.023617583012749868,3.1940828367815275,23.49396838987094
monash_covid_deaths,chronos-2-CL,spikes_density,0.4,150.83405155628938,1.3982699498107494,100,0.051,39.47622616241893,0.023617583012749868,3.8208832560565846,59.204616706794184
monash_covid_deaths,chronos-2-CL,drift,0.5,63.158110530395,0.2145870793222484,100,0.057,39.47622616241893,0.023617583012749868,1.5999024392691579,9.085903464651922
monash_covid_deaths,chronos-2-CL,drift,1.0,92.3044355024754,0.425676087807946,100,0.051,39.47622616241893,0.023617583012749868,2.3382284599014818,18.023693939305574
monash_covid_deaths,chronos-2-CL,drift,2.0,153.50049003391476,0.8406571071298236,100,0.053,39.47622616241893,0.023617583012749868,3.888428681160158,35.59454439838309
monash_covid_deaths,chronos-2-CL,drift,4.0,277.85486572427567,1.6760362664229982,100,0.053,39.47622616241893,0.023617583012749868,7.038536677267073,70.96561343801336
monash_covid_deaths,chronos-2-CL,drift,6.0,388.1418642894292,2.5018720421376206,100,0.057,39.47622616241893,0.023617583012749868,9.832294067129885,105.93260287418039
monash_covid_deaths,chronos-2-CL,drift,9.0,588.6821463376615,3.7698838500674845,100,0.061,39.47622616241893,0.023617583012749868,14.91232074503825,159.62191592731256
monash_covid_deaths,chronos-2-CL,drift,12.0,784.5809492268747,5.02176493936129,100,0.057,39.47622616241893,0.023617583012749868,19.87477085572556,212.6282328149459
monash_covid_deaths,chronos-2-CL,drift,16.0,1031.711971852164,6.688741571371769,100,0.054,39.47622616241893,0.023617583012749868,26.13502029315928,283.2102492351091
monash_covid_deaths,chronos-2-CL,drift,20.0,1299.7500400517754,8.387360854572291,100,0.055,39.47622616241893,0.023617583012749868,32.924880780248635,355.13205775732445
monash_covid_deaths,chronos-2-CL,drift,26.0,1676.6757856763934,10.902731490407966,100,0.057,39.47622616241893,0.023617583012749868,42.47305147097815,461.6362091125991
monash_covid_deaths,chronos-2-CL,drift,32.0,2033.2984756644332,13.437509189723782,100,0.056,39.47622616241893,0.023617583012749868,51.50691120520831,568.9620814487914
monash_covid_deaths,chronos-2-CL,drift_step,0.5,40.182311114435706,0.029975869411436658,100,0.056,39.47622616241893,0.023617583012749868,1.0178863336407005,1.2692183359852822
monash_covid_deaths,chronos-2-CL,drift_step,1.0,40.0593077893057,0.026564654409102727,100,0.059,39.47622616241893,0.023617583012749868,1.0147704500548702,1.1247829379814984
monash_covid_deaths,chronos-2-CL,drift_step,2.0,42.325823703287945,0.10402532024646897,100,0.062,39.47622616241893,0.023617583012749868,1.0721851559251074,4.404570958438519
monash_covid_deaths,chronos-2-CL,drift_step,4.0,48.59649504868386,0.188152293790154,100,0.063,39.47622616241893,0.023617583012749868,1.2310319342264626,7.966619348329617
monash_covid_deaths,chronos-2-CL,drift_step,8.0,71.01602722243518,0.45003209036345637,100,0.059,39.47622616241893,0.023617583012749868,1.7989568438039274,19.054959608716445
monash_covid_deaths,chronos-2-CL,drift_step,12.0,65.83061763816748,0.1655196539705053,100,0.058,39.47622616241893,0.023617583012749868,1.6676015931035912,7.008323158265184
monash_covid_deaths,chronos-2-CL,drift_step,16.0,69.93560616284671,0.4411004734442022,100,0.059,39.47622616241893,0.023617583012749868,1.7715879394121234,18.67678302246575
monash_covid_deaths,chronos-2-CL,drift_step,20.0,59.45184571135467,0.09792239069460008,100,0.061,39.47622616241893,0.023617583012749868,1.5060164430801741,4.146164772311249
monash_covid_deaths,chronos-2-CL,gap,0.05,41.35111849986331,0.030978341626727357,100,0.058,39.47622616241893,0.023617583012749868,1.047494214105736,1.3116643481258776
monash_covid_deaths,chronos-2-CL,gap,0.1,42.04279698831416,0.02751393773400582,100,0.061,39.47622616241893,0.023617583012749868,1.0650156075035,1.1649768614829266
monash_covid_deaths,chronos-2-CL,gap,0.15,41.615198331680226,0.025897982161585325,100,0.059,39.47622616241893,0.023617583012749868,1.0541838057280557,1.0965551448513757
monash_covid_deaths,chronos-2-CL,gap,0.2,42.767075755543594,0.029529438007485382,100,0.06,39.47622616241893,0.023617583012749868,1.0833628214506867,1.250315834247053
monash_covid_deaths,chronos-2-CL,gap,0.3,42.888884416969965,0.026975658454250893,100,0.059,39.47622616241893,0.023617583012749868,1.0864484421715026,1.1421853980438295
monash_covid_deaths,chronos-2-CL,gap,0.4,46.35986445559007,0.023310982355237916,100,0.063,39.47622616241893,0.023617583012749868,1.1743742744012422,0.9870181187742016
monash_covid_deaths,chronos-2-CL,gap,0.5,49.618402154690216,0.03066027206230557,100,0.058,39.47622616241893,0.023617583012749868,1.256918580579178,1.2981968580677257
monash_covid_deaths,chronos-2-CL,gap,0.6,45.85560972442264,0.03366023771300147,100,0.06,39.47622616241893,0.023617583012749868,1.1616006437838486,1.4252194094048538
monash_covid_deaths,chronos-2-CL,gap,0.7,52.70386283045846,0.05137493854720627,100,0.059,39.47622616241893,0.023617583012749868,1.3350785511668828,2.1752834961762044
monash_covid_deaths,chronos-2-CL,gap_boundary,0.05,65.32879394686026,0.08664262201138934,100,0.062,39.47622616241893,0.023617583012749868,1.6548895448636571,3.6685643050186645
monash_covid_deaths,chronos-2-CL,gap_boundary,0.1,82.00805975188838,0.17813789665030538,100,0.06,39.47622616241893,0.023617583012749868,2.0774037369853615,7.542596401762969
monash_covid_deaths,chronos-2-CL,gap_boundary,0.15,91.59779587370821,0.21390314538721672,100,0.059,39.47622616241893,0.023617583012749868,2.3203280753545945,9.056944788623877
monash_covid_deaths,chronos-2-CL,gap_boundary,0.2,113.64854176096786,0.3819820364365565,100,0.058,39.47622616241893,0.023617583012749868,2.8789110005950977,16.173629462013317
monash_covid_deaths,chronos-2-CL,gap_boundary,0.3,150.79735989569056,0.7275400818281255,100,0.06,39.47622616241893,0.023617583012749868,3.8199537938418366,30.80501850825995
monash_covid_deaths,chronos-2-CL,gap_boundary,0.4,171.38615192794623,0.766156388949655,100,0.06,39.47622616241893,0.023617583012749868,4.341502939587081,32.440084513984694
monash_covid_deaths,chronos-2-CL,gap_boundary,0.5,179.38654592673092,0.8306934179569068,100,0.06,39.47622616241893,0.023617583012749868,4.544166536808059,35.172668494843855
monash_covid_deaths,chronos-2-CL,gap_boundary,0.6,197.28281767826252,0.9159756244333315,100,0.06,39.47622616241893,0.023617583012749868,4.997509560984182,38.7836309896252
monash_covid_deaths,chronos-2-CL,gap_boundary,0.7,218.46748013898454,0.958124222931683,100,0.061,39.47622616241893,0.023617583012749868,5.534153118895745,40.56825892871608
dominick,chronos-2-CL,clean,0.0,0.8595546257389911,0.2524395605258728,100,0.27,0.8595546257389911,0.2524395605258728,1.0,1.0
dominick,chronos-2-CL,spikes_intensity,1.0,0.9028723765246653,0.262946041120708,100,0.048,0.8595546257389911,0.2524395605258728,1.0503955763700676,1.0416197864270897
dominick,chronos-2-CL,spikes_intensity,2.0,0.882439925942993,0.2557888173415913,100,0.062,0.8595546257389911,0.2524395605258728,1.0266246024612182,1.013267559208
dominick,chronos-2-CL,spikes_intensity,4.0,0.9266441151369037,0.27343721976328156,100,0.084,0.8595546257389911,0.2524395605258728,1.078051455240827,1.0831789565536685
dominick,chronos-2-CL,spikes_intensity,6.0,0.9681044208423925,0.2854056595679459,100,0.084,0.8595546257389911,0.2524395605258728,1.1262860926495242,1.1305900666813051
dominick,chronos-2-CL,spikes_intensity,8.0,1.020130775291943,0.29553189252668133,100,0.083,0.8595546257389911,0.2524395605258728,1.186813199236638,1.1707035613239072
dominick,chronos-2-CL,spikes_intensity,12.0,0.9843632618496492,0.29970988097408213,100,0.084,0.8595546257389911,0.2524395605258728,1.1452015175921546,1.1872540118107382
dominick,chronos-2-CL,spikes_intensity,16.0,1.0307303743796674,0.3313806549485911,100,0.095,0.8595546257389911,0.2524395605258728,1.199144700656471,1.3127128499917806
dominick,chronos-2-CL,spikes_intensity,20.0,1.0808840045477013,0.32659093726288196,100,0.078,0.8595546257389911,0.2524395605258728,1.2574930925634018,1.2937391294080047
dominick,chronos-2-CL,spikes_intensity,30.0,1.1527335669772951,0.3332239046530322,100,0.065,0.8595546257389911,0.2524395605258728,1.3410823843641666,1.3200145965983796
dominick,chronos-2-CL,spikes_intensity,40.0,1.0842725175567915,0.3289557258387876,100,0.066,0.8595546257389911,0.2524395605258728,1.2614352655302181,1.3031068710210048
dominick,chronos-2-CL,spikes_density,0.01,0.9189672219161088,0.27550692514017505,100,0.083,0.8595546257389911,0.2524395605258728,1.0691202099296928,1.0913777720348157
dominick,chronos-2-CL,spikes_density,0.02,0.927656937371504,0.2866290078408329,100,0.088,0.8595546257389911,0.2524395605258728,1.0792297657335772,1.1354361703202853
dominick,chronos-2-CL,spikes_density,0.05,0.9952771305340352,0.30772810289034264,100,0.085,0.8595546257389911,0.2524395605258728,1.1578986381212926,1.2190169490443368
dominick,chronos-2-CL,spikes_density,0.08,1.1926295721173796,0.36195384265438574,100,0.09,0.8595546257389911,0.2524395605258728,1.387497125144352,1.433823771125163
dominick,chronos-2-CL,spikes_density,0.12,1.4295720759671589,0.45531068817422415,100,0.087,0.8595546257389911,0.2524395605258728,1.6631544210911582,1.8036423737457699
dominick,chronos-2-CL,spikes_density,0.16,1.4839672600665068,0.5285712604429834,100,0.09,0.8595546257389911,0.2524395605258728,1.7264374079665792,2.0938527200011094
dominick,chronos-2-CL,spikes_density,0.2,1.9441955391217962,0.6927823685332145,100,0.091,0.8595546257389911,0.2524395605258728,2.2618638547262764,2.7443494478045984
dominick,chronos-2-CL,spikes_density,0.3,2.5798355927718255,1.2687440352130506,100,0.093,0.8595546257389911,0.2524395605258728,3.0013631658998343,5.025931880764052
dominick,chronos-2-CL,spikes_density,0.4,2.706715613766714,2.4083180385925127,100,0.092,0.8595546257389911,0.2524395605258728,3.1489745185649483,9.540176799450899
dominick,chronos-2-CL,drift,0.5,1.813086548106084,0.5220764536791881,100,0.093,0.8595546257389911,0.2524395605258728,2.109332547128469,2.068124554612667
dominick,chronos-2-CL,drift,1.0,2.8894414932395747,0.8229349910282178,100,0.096,0.8595546257389911,0.2524395605258728,3.361556562801828,3.2599287897424234
dominick,chronos-2-CL,drift,2.0,5.116108345188195,1.4837673209457096,100,0.096,0.8595546257389911,0.2524395605258728,5.952045619892612,5.8777131359870065
dominick,chronos-2-CL,drift,4.0,9.740627496246656,2.8685737941354166,100,0.099,0.8595546257389911,0.2524395605258728,11.332179717923426,11.36340828735286
dominick,chronos-2-CL,drift,6.0,14.269565476267731,4.2997663448429755,100,0.093,0.8595546257389911,0.2524395605258728,16.601115332256697,17.032854659887146
dominick,chronos-2-CL,drift,9.0,21.331095735214266,6.472799963532542,100,0.096,0.8595546257389911,0.2524395605258728,24.816451562778955,25.640988876896486
dominick,chronos-2-CL,drift,12.0,28.72480699779175,8.71519687526339,100,0.094,0.8595546257389911,0.2524395605258728,33.418244911538885,34.523894975526865
dominick,chronos-2-CL,drift,16.0,38.09817393145359,11.599071850708533,100,0.098,0.8595546257389911,0.2524395605258728,44.323156191148605,45.94791650938456
dominick,chronos-2-CL,drift,20.0,47.66856989504776,14.546126475464348,100,0.098,0.8595546257389911,0.2524395605258728,55.457289702868295,57.62221438336524
dominick,chronos-2-CL,drift,26.0,61.83755508454516,18.906920690282973,100,0.1,0.8595546257389911,0.2524395605258728,71.94139061421619,74.89682144469263
dominick,chronos-2-CL,drift,32.0,76.14822134054401,23.325778818473776,100,0.097,0.8595546257389911,0.2524395605258728,88.59032231381055,92.40143965503019
dominick,chronos-2-CL,drift_step,0.5,0.8507739801708268,0.25337081520874305,100,0.098,0.8595546257389911,0.2524395605258728,0.9897846567219446,1.0036890203775126
dominick,chronos-2-CL,drift_step,1.0,0.9023346829316418,0.2724735902365217,100,0.11,0.8595546257389911,0.2524395605258728,1.0497700273043973,1.0793616882746695
dominick,chronos-2-CL,drift_step,2.0,0.912572859770915,0.2833222606607689,100,0.104,0.8595546257389911,0.2524395605258728,1.0616810525408342,1.122337006412792
dominick,chronos-2-CL,drift_step,4.0,0.8977698069120668,0.26940963163620524,100,0.1,0.8595546257389911,0.2524395605258728,1.0444592816195022,1.067224293510023
dominick,chronos-2-CL,drift_step,8.0,0.9505403329560979,0.28616915008538807,100,0.104,0.8595546257389911,0.2524395605258728,1.1058521523735423,1.133614515447781
dominick,chronos-2-CL,drift_step,12.0,1.4671478003334337,0.5288401872800986,100,0.1,0.8595546257389911,0.2524395605258728,1.7068697630148546,2.0949180317793226
dominick,chronos-2-CL,drift_step,16.0,1.4830018384005155,0.3875275585608659,100,0.108,0.8595546257389911,0.2524395605258728,1.72531424297266,1.5351300634242222
dominick,chronos-2-CL,drift_step,20.0,1.562528990401114,0.4679857339908643,100,0.105,0.8595546257389911,0.2524395605258728,1.8178355902136523,1.8538525935315908
dominick,chronos-2-CL,gap,0.05,0.8646402583604018,0.25546252359942895,100,0.103,0.8595546257389911,0.2524395605258728,1.0059165903703193,1.0119749973706926
dominick,chronos-2-CL,gap,0.1,0.8181603108061332,0.2518318190445,100,0.104,0.8595546257389911,0.2524395605258728,0.9518421358069364,0.9975925267810373
dominick,chronos-2-CL,gap,0.15,0.838598621606208,0.2509431576221686,100,0.103,0.8595546257389911,0.2524395605258728,0.9756199274539806,0.9940722329709856
dominick,chronos-2-CL,gap,0.2,0.818419139573741,0.2513486313093617,100,0.121,0.8595546257389911,0.2524395605258728,0.9521432554331444,0.9956784538277657
dominick,chronos-2-CL,gap,0.3,0.9497753763988047,0.2635105624547625,100,0.118,0.8595546257389911,0.2524395605258728,1.1049622071223775,1.0438560497642564
dominick,chronos-2-CL,gap,0.4,0.8967536177193552,0.2687356444812735,100,0.102,0.8595546257389911,0.2524395605258728,1.0432770540306067,1.0645543983734298
dominick,chronos-2-CL,gap,0.5,0.8309340557130526,0.256438421593849,100,0.109,0.8595546257389911,0.2524395605258728,0.9667030236719018,1.0158408652734379
dominick,chronos-2-CL,gap,0.6,0.8337210109740211,0.2585546739694708,100,0.117,0.8595546257389911,0.2524395605258728,0.9699453484497743,1.0242240694400642
dominick,chronos-2-CL,gap,0.7,0.9179981762626527,0.2716517430560956,100,0.109,0.8595546257389911,0.2524395605258728,1.0679928288134282,1.0761060686771942
dominick,chronos-2-CL,gap_boundary,0.05,1.0928926937654302,0.34010701418774403,100,0.107,0.8595546257389911,0.2524395605258728,1.2714639198478277,1.3472809629332487
dominick,chronos-2-CL,gap_boundary,0.1,1.3595708716264343,0.4019166235876599,100,0.108,0.8595546257389911,0.2524395605258728,1.5817154965079276,1.5921301033419721
dominick,chronos-2-CL,gap_boundary,0.15,1.6968021128051902,0.4476449474325503,100,0.112,0.8595546257389911,0.2524395605258728,1.9740480267282445,1.7732757357841726
dominick,chronos-2-CL,gap_boundary,0.2,2.0641030885636087,0.49963381304533505,100,0.107,0.8595546257389911,0.2524395605258728,2.401363481452994,1.9792215293217763
dominick,chronos-2-CL,gap_boundary,0.3,2.6870279000567154,0.6069194015002217,100,0.111,0.8595546257389911,0.2524395605258728,3.126069966462664,2.404216677591696
dominick,chronos-2-CL,gap_boundary,0.4,2.7954420145014667,0.6261155733239364,100,0.118,0.8595546257389911,0.2524395605258728,3.2521982091575867,2.4802593223488247
dominick,chronos-2-CL,gap_boundary,0.5,2.987543783618369,0.6805317750563903,100,0.105,0.8595546257389911,0.2524395605258728,3.475688099578158,2.6958206298518803
dominick,chronos-2-CL,gap_boundary,0.6,3.4377518956343134,0.755164874683999,100,0.105,0.8595546257389911,0.2524395605258728,3.999457152218511,2.9914680294596745
dominick,chronos-2-CL,gap_boundary,0.7,3.48712851861658,0.7341297818721971,100,0.105,0.8595546257389911,0.2524395605258728,4.056901579255148,2.908140785631559
ercot,chronos-2-CL,clean,0.0,0.7846095062475348,0.024914444068433926,8,0.369,0.7846095062475348,0.024914444068433926,1.0,1.0
ercot,chronos-2-CL,spikes_intensity,1.0,0.752819166011113,0.02390966032604206,8,0.045,0.7846095062475348,0.024914444068433926,0.9594825961407708,0.9596706336440031
ercot,chronos-2-CL,spikes_intensity,2.0,0.7061862231305392,0.02292220844725336,8,0.045,0.7846095062475348,0.024914444068433926,0.9000480079676043,0.9200369225294219
ercot,chronos-2-CL,spikes_intensity,4.0,0.7781593063464891,0.026594475120140196,8,0.045,0.7846095062475348,0.024914444068433926,0.9917790953975382,1.0674320104069603
ercot,chronos-2-CL,spikes_intensity,6.0,0.7320093174098391,0.022674152614711826,8,0.045,0.7846095062475348,0.024914444068433926,0.9329600413723499,0.9100806163858779
ercot,chronos-2-CL,spikes_intensity,8.0,0.7586054023378774,0.021856141484941815,8,0.069,0.7846095062475348,0.024914444068433926,0.9668572663183443,0.8772478095400524
ercot,chronos-2-CL,spikes_intensity,12.0,0.8916495942356134,0.025288944239352993,8,0.082,0.7846095062475348,0.024914444068433926,1.1364246636521236,1.0150314480182823
ercot,chronos-2-CL,spikes_intensity,16.0,0.9100813185294002,0.02846222160178827,8,0.086,0.7846095062475348,0.024914444068433926,1.1599162529676013,1.1423984225218697
ercot,chronos-2-CL,spikes_intensity,20.0,1.0190321781203548,0.03431301600547185,8,0.096,0.7846095062475348,0.024914444068433926,1.2987762320061191,1.3772338612582455
ercot,chronos-2-CL,spikes_intensity,30.0,1.3435769547839709,0.04243765414943799,8,0.103,0.7846095062475348,0.024914444068433926,1.712414830671308,1.7033353837987337
ercot,chronos-2-CL,spikes_intensity,40.0,1.4806856012216982,0.04105751193504241,8,0.09,0.7846095062475348,0.024914444068433926,1.8871624539743468,1.647940119485203
ercot,chronos-2-CL,spikes_density,0.01,0.6942765694212406,0.02130201959050829,8,0.09,0.7846095062475348,0.024914444068433926,0.8848689238315254,0.8550068198189298
ercot,chronos-2-CL,spikes_density,0.02,0.9413981503545457,0.025471683707029836,8,0.09,0.7846095062475348,0.024914444068433926,1.1998301611930076,1.0223661277396079
ercot,chronos-2-CL,spikes_density,0.05,1.102919946322683,0.0337340865300823,8,0.089,0.7846095062475348,0.024914444068433926,1.4056928160321387,1.3539971607402903
ercot,chronos-2-CL,spikes_density,0.08,1.3186922200845277,0.03947862202052724,8,0.122,0.7846095062475348,0.024914444068433926,1.6806987547108514,1.584567647268751
ercot,chronos-2-CL,spikes_density,0.12,2.1357940565810556,0.06632082526270228,8,0.097,0.7846095062475348,0.024914444068433926,2.7221108584264826,2.6619428103848146
ercot,chronos-2-CL,spikes_density,0.16,2.7761936468047224,0.0929752736741078,8,0.092,0.7846095062475348,0.024914444068433926,3.538312529607393,3.7317819903477396
ercot,chronos-2-CL,spikes_density,0.2,3.4258504830959673,0.15166887493937928,8,0.09,0.7846095062475348,0.024914444068433926,4.366312740053844,6.087588168645534
ercot,chronos-2-CL,spikes_density,0.3,4.322599000827274,0.2509485169574088,8,0.089,0.7846095062475348,0.024914444068433926,5.5092360803790035,10.07241085805945
ercot,chronos-2-CL,spikes_density,0.4,3.638636060114248,0.4486676124541467,8,0.092,0.7846095062475348,0.024914444068433926,4.6375120759323325,18.008333287380033
ercot,chronos-2-CL,drift,0.5,2.3859500871544044,0.09069926637659569,8,0.09,0.7846095062475348,0.024914444068433926,3.040939560578898,3.64042906706916
ercot,chronos-2-CL,drift,1.0,4.305824311436641,0.12785621738047886,8,0.09,0.7846095062475348,0.024914444068433926,5.487856414115643,5.131810969945342
ercot,chronos-2-CL,drift,2.0,8.626799832500181,0.29411475814530913,8,0.088,0.7846095062475348,0.024914444068433926,10.995023338117102,11.804989801797195
ercot,chronos-2-CL,drift,4.0,17.149110695068376,0.5820606191026797,8,0.088,0.7846095062475348,0.024914444068433926,21.856873461915512,23.36237635902694
ercot,chronos-2-CL,drift,6.0,25.477374720881148,0.8703470606649983,8,0.091,0.7846095062475348,0.024914444068433926,32.47140713694507,34.93343292245921
ercot,chronos-2-CL,drift,9.0,39.30119263111639,1.3812995884445705,8,0.087,0.7846095062475348,0.024914444068433926,50.090130591302504,55.441718251889384
ercot,chronos-2-CL,drift,12.0,51.9650786773632,1.7878664247473057,8,0.087,0.7846095062475348,0.024914444068433926,66.23049843723005,71.76023754880786
ercot,chronos-2-CL,drift,16.0,69.23630834140523,2.423914759932607,8,0.087,0.7846095062475348,0.024914444068433926,88.2430148884304,97.28953828047304
ercot,chronos-2-CL,drift,20.0,86.69082328908473,3.0351837678822964,8,0.087,0.7846095062475348,0.024914444068433926,110.48913198068598,121.82426224504083
ercot,chronos-2-CL,drift,26.0,112.18278726412534,3.9109197434422662,8,0.103,0.7846095062475348,0.024914444068433926,142.97913340439828,156.97399198231835
ercot,chronos-2-CL,drift,32.0,139.1955446539,4.860763568833999,8,0.09,0.7846095062475348,0.024914444068433926,177.40741546659962,195.09821513507032
ercot,chronos-2-CL,drift_step,0.5,0.7831531551604183,0.024667883531111476,8,0.087,0.7846095062475348,0.024914444068433926,0.9981438523551905,0.990103711058324
ercot,chronos-2-CL,drift_step,1.0,0.7871390991418603,0.024573743184545013,8,0.089,0.7846095062475348,0.024914444068433926,1.0032240150981901,0.9863251661183733
ercot,chronos-2-CL,drift_step,2.0,0.7979910584258767,0.024795716301103943,8,0.089,0.7846095062475348,0.024914444068433926,1.0170550472200375,0.9952345809120257
ercot,chronos-2-CL,drift_step,4.0,0.7846095062475348,0.024914444068433926,8,0.092,0.7846095062475348,0.024914444068433926,1.0,1.0
ercot,chronos-2-CL,drift_step,8.0,0.7846095062475348,0.024914444068433926,8,0.091,0.7846095062475348,0.024914444068433926,1.0,1.0
ercot,chronos-2-CL,drift_step,12.0,0.7846095062475348,0.024914444068433926,8,0.087,0.7846095062475348,0.024914444068433926,1.0,1.0
ercot,chronos-2-CL,drift_step,16.0,0.7846095062475348,0.024914444068433926,8,0.088,0.7846095062475348,0.024914444068433926,1.0,1.0
ercot,chronos-2-CL,drift_step,20.0,0.8695567146402171,0.02579475182347092,8,0.117,0.7846095062475348,0.024914444068433926,1.1082668610516204,1.0353332288940105
ercot,chronos-2-CL,gap,0.05,0.7626098562497509,0.02358643236655897,8,0.125,0.7846095062475348,0.024914444068433926,0.9719610203258954,0.9466971168119493
ercot,chronos-2-CL,gap,0.1,0.7945981605556317,0.024803610827050196,8,0.103,0.7846095062475348,0.024914444068433926,1.012730733222783,0.9955514463385458
ercot,chronos-2-CL,gap,0.15,0.7846095062475348,0.024914444068433926,8,0.09,0.7846095062475348,0.024914444068433926,1.0,1.0
ercot,chronos-2-CL,gap,0.2,0.7838938865396017,0.024733114728566877,8,0.091,0.7846095062475348,0.024914444068433926,0.9990879288330884,0.9927219190856124
ercot,chronos-2-CL,gap,0.3,0.7846095062475348,0.024914444068433926,8,0.089,0.7846095062475348,0.024914444068433926,1.0,1.0
ercot,chronos-2-CL,gap,0.4,0.7655858464868911,0.025117153155663065,8,0.085,0.7846095062475348,0.024914444068433926,0.9757539774764825,1.008136207521723
ercot,chronos-2-CL,gap,0.5,0.7756173492904944,0.024598531718182028,8,0.086,0.7846095062475348,0.024914444068433926,0.9885393219360212,0.9873201124061142
ercot,chronos-2-CL,gap,0.6,0.7741690637771178,0.02475381983279769,8,0.086,0.7846095062475348,0.024914444068433926,0.9866934540210336,0.9935529672990077
ercot,chronos-2-CL,gap,0.7,0.7647838648067927,0.022974055443619093,8,0.097,0.7846095062475348,0.024914444068433926,0.9747318363047117,0.9221179240650501
ercot,chronos-2-CL,gap_boundary,0.05,7.365883276475373,0.21582524987300364,8,0.089,0.7846095062475348,0.024914444068433926,9.387960785363626,8.662655657906077
ercot,chronos-2-CL,gap_boundary,0.1,28.140456478109286,1.3300150863187679,8,0.087,0.7846095062475348,0.024914444068433926,35.86555637427023,53.38329374982398
ercot,chronos-2-CL,gap_boundary,0.15,28.140456478109286,1.3300150863187679,8,0.087,0.7846095062475348,0.024914444068433926,35.86555637427023,53.38329374982398
ercot,chronos-2-CL,gap_boundary,0.2,28.140456478109286,1.3300150863187679,8,0.089,0.7846095062475348,0.024914444068433926,35.86555637427023,53.38329374982398
ercot,chronos-2-CL,gap_boundary,0.3,28.140456478109286,1.3300150863187679,8,0.087,0.7846095062475348,0.024914444068433926,35.86555637427023,53.38329374982398
ercot,chronos-2-CL,gap_boundary,0.4,28.140456478109286,1.3300150863187679,8,0.093,0.7846095062475348,0.024914444068433926,35.86555637427023,53.38329374982398
ercot,chronos-2-CL,gap_boundary,0.5,28.140456478109286,1.3300150863187679,8,0.101,0.7846095062475348,0.024914444068433926,35.86555637427023,53.38329374982398
ercot,chronos-2-CL,gap_boundary,0.6,28.140456478109286,1.3300150863187679,8,0.105,0.7846095062475348,0.024914444068433926,35.86555637427023,53.38329374982398
ercot,chronos-2-CL,gap_boundary,0.7,28.140456478109286,1.3300150863187679,8,0.099,0.7846095062475348,0.024914444068433926,35.86555637427023,53.38329374982398
exchange_rate,chronos-2-CL,clean,0.0,1.849119021504823,0.011790997865160104,8,0.314,1.849119021504823,0.011790997865160104,1.0,1.0
exchange_rate,chronos-2-CL,spikes_intensity,1.0,1.2864248724663863,0.008514968368185293,8,0.04,1.849119021504823,0.011790997865160104,0.6956960896002718,0.7221584182747769
exchange_rate,chronos-2-CL,spikes_intensity,2.0,1.5178985561238083,0.010317847683788982,8,0.039,1.849119021504823,0.011790997865160104,0.8208766112245897,0.8750614495721377
exchange_rate,chronos-2-CL,spikes_intensity,4.0,1.4991587848369234,0.009662348972770447,8,0.039,1.849119021504823,0.011790997865160104,0.8107421790604371,0.8194682997374325
exchange_rate,chronos-2-CL,spikes_intensity,6.0,2.150486725663855,0.012670543775364536,8,0.043,1.849119021504823,0.011790997865160104,1.1629790730905885,1.0745946967561841
exchange_rate,chronos-2-CL,spikes_intensity,8.0,1.7281906386658175,0.013065829025030562,8,0.045,1.849119021504823,0.011790997865160104,0.9346021638236173,1.108119022193814
exchange_rate,chronos-2-CL,spikes_intensity,12.0,1.8891091108981362,0.01321770950585034,8,0.046,1.849119021504823,0.011790997865160104,1.0216265632056334,1.1210000762451044
exchange_rate,chronos-2-CL,spikes_intensity,16.0,3.7302274763264447,0.020252559007572335,8,0.049,1.849119021504823,0.011790997865160104,2.0172998238321975,1.7176289266758624
exchange_rate,chronos-2-CL,spikes_intensity,20.0,3.2977248074481387,0.013128376284373869,8,0.047,1.849119021504823,0.011790997865160104,1.7834032147722068,1.1134236842808218
exchange_rate,chronos-2-CL,spikes_intensity,30.0,3.595266501049133,0.018696439663410103,8,0.047,1.849119021504823,0.011790997865160104,1.9443131887331329,1.5856537230537642
exchange_rate,chronos-2-CL,spikes_intensity,40.0,6.807620945247847,0.018838968593650657,8,0.044,1.849119021504823,0.011790997865160104,3.6815482757339053,1.5977416677612852
exchange_rate,chronos-2-CL,spikes_density,0.01,1.6390134431210706,0.010363859713755412,8,0.043,1.849119021504823,0.011790997865160104,0.8863753084900033,0.8789637511833004
exchange_rate,chronos-2-CL,spikes_density,0.02,2.264999619570985,0.010698789689456237,8,0.047,1.849119021504823,0.011790997865160104,1.2249074252276722,0.9073693178309267
exchange_rate,chronos-2-CL,spikes_density,0.05,3.0010857201312744,0.010945551165865713,8,0.046,1.849119021504823,0.011790997865160104,1.6229813685486696,0.9282972731432251
exchange_rate,chronos-2-CL,spikes_density,0.08,4.65393461567473,0.016249965962587754,8,0.047,1.849119021504823,0.011790997865160104,2.516838863021015,1.3781671533164257
exchange_rate,chronos-2-CL,spikes_density,0.12,9.434383411891663,0.029975791501227065,8,0.047,1.849119021504823,0.011790997865160104,5.102096350841662,2.542260786069614
exchange_rate,chronos-2-CL,spikes_density,0.16,10.41873509671796,0.037521153083338504,8,0.046,1.849119021504823,0.011790997865160104,5.634431843245621,3.182186402917224
exchange_rate,chronos-2-CL,spikes_density,0.2,12.055856808952143,0.06998081492790456,8,0.045,1.849119021504823,0.011790997865160104,6.519784107321021,5.935105385328159
exchange_rate,chronos-2-CL,spikes_density,0.3,8.476166827345061,0.2058612775191074,8,0.064,1.849119021504823,0.011790997865160104,4.583894670256061,17.45919046660027
exchange_rate,chronos-2-CL,spikes_density,0.4,11.047730644856747,0.43324156653451024,8,0.052,1.849119021504823,0.011790997865160104,5.974591422387752,36.74341828308248
exchange_rate,chronos-2-CL,drift,0.5,17.164524907536066,0.07870854971004564,8,0.062,1.849119021504823,0.011790997865160104,9.282541960748143,6.675308621894733
exchange_rate,chronos-2-CL,drift,1.0,32.35179914922197,0.13774206403493297,8,0.048,1.849119021504823,0.011790997865160104,17.495790575391897,11.681968363503104
exchange_rate,chronos-2-CL,drift,2.0,65.1703371745563,0.3007554209558746,8,0.046,1.849119021504823,0.011790997865160104,35.24399263467655,25.507206802618718
exchange_rate,chronos-2-CL,drift,4.0,133.43680687372742,0.6334920951310773,8,0.047,1.849119021504823,0.011790997865160104,72.16236776642741,53.72675853015901
exchange_rate,chronos-2-CL,drift,6.0,199.3376507726947,0.9495863673956961,8,0.047,1.849119021504823,0.011790997865160104,107.80141702856567,80.53486042954195
exchange_rate,chronos-2-CL,drift,9.0,300.0825872190071,1.4473106274913399,8,0.046,1.849119021504823,0.011790997865160104,162.28408432832964,122.74708587369315
exchange_rate,chronos-2-CL,drift,12.0,398.6036678489305,1.9112612580563824,8,0.048,1.849119021504823,0.011790997865160104,215.56409469226307,162.0949541262961
exchange_rate,chronos-2-CL,drift,16.0,530.5080143446711,2.5615280619072367,8,0.049,1.849119021504823,0.011790997865160104,286.8977108422912,217.24438348649085
exchange_rate,chronos-2-CL,drift,20.0,665.4984118995774,3.1995110738371,8,0.05,1.849119021504823,0.011790997865160104,359.90025745232515,271.3520187541528
exchange_rate,chronos-2-CL,drift,26.0,862.6771792559555,4.17174544856185,8,0.049,1.849119021504823,0.011790997865160104,466.5341544936919,353.80766719401015
exchange_rate,chronos-2-CL,drift,32.0,1061.2616998494238,5.130820112136284,8,0.049,1.849119021504823,0.011790997865160104,573.9282801740709,435.14723442506664
exchange_rate,chronos-2-CL,drift_step,0.5,1.9857202091226962,0.012156091121220116,8,0.051,1.849119021504823,0.011790997865160104,1.0738736587689777,1.030963728450735
exchange_rate,chronos-2-CL,drift_step,1.0,1.94476247311576,0.012628620337584261,8,0.051,1.849119021504823,0.011790997865160104,1.051723794141224,1.0710391505454473
exchange_rate,chronos-2-CL,drift_step,2.0,1.7249755010429486,0.011313403885716335,8,0.055,1.849119021504823,0.011790997865160104,0.9328634235989602,0.9594950329984404
exchange_rate,chronos-2-CL,drift_step,4.0,1.699970471033064,0.011667759058347193,8,0.053,1.849119021504823,0.011790997865160104,0.9193407516026842,0.9895480596110482
exchange_rate,chronos-2-CL,drift_step,8.0,2.035661602918839,0.01392108456242429,8,0.054,1.849119021504823,0.011790997865160104,1.1008818682002453,1.1806536411611217
exchange_rate,chronos-2-CL,drift_step,12.0,2.0323083208955266,0.011387723678586186,8,0.055,1.849119021504823,0.011790997865160104,1.0990684197502998,0.9657981291163229
exchange_rate,chronos-2-CL,drift_step,16.0,1.6975682678881099,0.010601685607652893,8,0.057,1.849119021504823,0.011790997865160104,0.918041644775586,0.8991338755966213
exchange_rate,chronos-2-CL,drift_step,20.0,2.974618283828252,0.013725326997521794,8,0.057,1.849119021504823,0.011790997865160104,1.6086678300499508,1.164051351249687
exchange_rate,chronos-2-CL,gap,0.05,2.0408798803515737,0.012081150281892404,8,0.061,1.849119021504823,0.011790997865160104,1.1037039025701518,1.024607961094594
exchange_rate,chronos-2-CL,gap,0.1,2.047760915002107,0.012006675256400236,8,0.059,1.849119021504823,0.011790997865160104,1.107425152836094,1.0182916996259843
exchange_rate,chronos-2-CL,gap,0.15,2.0667459802986,0.012288861635299402,8,0.061,1.849119021504823,0.011790997865160104,1.1176922395274864,1.0422240573556865
exchange_rate,chronos-2-CL,gap,0.2,2.0488572389675097,0.012031395358185086,8,0.061,1.849119021504823,0.011790997865160104,1.1080180427218465,1.0203882229285535
exchange_rate,chronos-2-CL,gap,0.3,2.0655778182950786,0.012782885708881161,8,0.062,1.849119021504823,0.011790997865160104,1.1170604997692903,1.0841224682646984
exchange_rate,chronos-2-CL,gap,0.4,1.7231726794920708,0.012256851686255553,8,0.062,1.849119021504823,0.011790997865160104,0.9318884611817705,1.0395092787245723
exchange_rate,chronos-2-CL,gap,0.5,1.9697583416244078,0.010960624635769196,8,0.067,1.849119021504823,0.011790997865160104,1.0652415116153031,0.9295756611198714
exchange_rate,chronos-2-CL,gap,0.6,2.1139854541510137,0.012445734246651123,8,0.064,1.849119021504823,0.011790997865160104,1.1432392558650124,1.0555284963137535
exchange_rate,chronos-2-CL,gap,0.7,2.0482894503276405,0.012048299264843184,8,0.065,1.849119021504823,0.011790997865160104,1.1077109837206323,1.0218218510956865
exchange_rate,chronos-2-CL,gap_boundary,0.05,11.92888228729089,0.07824630922110777,8,0.066,1.849119021504823,0.011790997865160104,6.451116530932174,6.636105791547042
exchange_rate,chronos-2-CL,gap_boundary,0.1,17.940482951574023,0.10737549685403158,8,0.068,1.849119021504823,0.011790997865160104,9.702178574191487,9.106565710719309
exchange_rate,chronos-2-CL,gap_boundary,0.15,24.924345170252856,0.13618879640442996,8,0.067,1.849119021504823,0.011790997865160104,13.479037790638966,11.550235015039647
exchange_rate,chronos-2-CL,gap_boundary,0.2,23.155654529292445,0.13902224396549623,8,0.069,1.849119021504823,0.011790997865160104,12.522533303696292,11.790541017421218
exchange_rate,chronos-2-CL,gap_boundary,0.3,11.187862774743063,0.1160926006974925,8,0.068,1.849119021504823,0.011790997865160104,6.050374607924546,9.845867332443634
exchange_rate,chronos-2-CL,gap_boundary,0.4,17.02477879188663,0.20091019562713106,8,0.073,1.849119021504823,0.011790997865160104,9.206967530966056,17.039286914026
exchange_rate,chronos-2-CL,gap_boundary,0.5,20.77743665231386,0.16169430266317159,8,0.07,1.849119021504823,0.011790997865160104,11.236397663253213,13.713368835469296
exchange_rate,chronos-2-CL,gap_boundary,0.6,20.16998069273195,0.16604256860464586,8,0.071,1.849119021504823,0.011790997865160104,10.907886652054183,14.082147287573209
exchange_rate,chronos-2-CL,gap_boundary,0.7,19.405730817459517,0.18314932410859963,8,0.072,1.849119021504823,0.011790997865160104,10.49458179369494,15.532979159445615
monash_fred_md,chronos-2-CL,clean,0.0,0.4063378126135631,0.02206673379872446,100,0.411,0.4063378126135631,0.02206673379872446,1.0,1.0
monash_fred_md,chronos-2-CL,spikes_intensity,1.0,0.5667165049382821,0.025187670938178447,100,0.107,0.4063378126135631,0.02206673379872446,1.3946930050471156,1.1414317663828613
monash_fred_md,chronos-2-CL,spikes_intensity,2.0,0.7118719561639805,0.027376415301612726,100,0.112,0.4063378126135631,0.02206673379872446,1.75192151472496,1.2406192756625898
monash_fred_md,chronos-2-CL,spikes_intensity,4.0,0.6475549997120776,0.023640153236031462,100,0.111,0.4063378126135631,0.02206673379872446,1.5936370665260182,1.0713027787283116
monash_fred_md,chronos-2-CL,spikes_intensity,6.0,0.6971128243028315,0.023862538050388647,100,0.106,0.4063378126135631,0.02206673379872446,1.7155991952090424,1.0813806097469663
monash_fred_md,chronos-2-CL,spikes_intensity,8.0,0.8413072130957375,0.026153445583969166,100,0.103,0.4063378126135631,0.02206673379872446,2.0704625239882377,1.185197855854904
monash_fred_md,chronos-2-CL,spikes_intensity,12.0,0.745000305130503,0.02591773490718076,100,0.103,0.4063378126135631,0.02206673379872446,1.8334505970258197,1.1745161356266918
monash_fred_md,chronos-2-CL,spikes_intensity,16.0,0.8173008820809865,0.02160215378280565,100,0.102,0.4063378126135631,0.02206673379872446,2.0113827872038557,0.9789465890078547
monash_fred_md,chronos-2-CL,spikes_intensity,20.0,0.6949157191644538,0.0375429715981553,100,0.104,0.4063378126135631,0.02206673379872446,1.7101921051717015,1.7013379479080597
monash_fred_md,chronos-2-CL,spikes_intensity,30.0,1.0656417858925828,0.03624909711160348,100,0.104,0.4063378126135631,0.02206673379872446,2.622551366899328,1.6427033308254624
monash_fred_md,chronos-2-CL,spikes_intensity,40.0,1.269610017507381,0.030722330805116556,100,0.105,0.4063378126135631,0.02206673379872446,3.1245185116818313,1.3922464051699588
monash_fred_md,chronos-2-CL,spikes_density,0.01,0.49520799769607415,0.02323495058069413,100,0.106,0.4063378126135631,0.02206673379872446,1.2187101035734242,1.0529401764948647
monash_fred_md,chronos-2-CL,spikes_density,0.02,0.6928617264428241,0.02353573952581471,100,0.103,0.4063378126135631,0.02206673379872446,1.705137215722899,1.066571053989656
monash_fred_md,chronos-2-CL,spikes_density,0.05,0.8577017355600549,0.03375441504724483,100,0.105,0.4063378126135631,0.02206673379872446,2.1108095504164894,1.5296516174584913
monash_fred_md,chronos-2-CL,spikes_density,0.08,1.1682417543405499,0.038341569922423144,100,0.106,0.4063378126135631,0.02206673379872446,2.8750505566450335,1.7375280941957723
monash_fred_md,chronos-2-CL,spikes_density,0.12,1.6565908187812737,0.054605886951574874,100,0.103,0.4063378126135631,0.02206673379872446,4.076880780860852,2.474579493714258
monash_fred_md,chronos-2-CL,spikes_density,0.16,1.9926288861820198,0.0833888750843784,100,0.103,0.4063378126135631,0.02206673379872446,4.903872650604282,3.778940546661173
monash_fred_md,chronos-2-CL,spikes_density,0.2,3.3220531832387596,0.10626965252587534,100,0.103,0.4063378126135631,0.02206673379872446,8.17559449333875,4.815830629724555
monash_fred_md,chronos-2-CL,spikes_density,0.3,8.805190140569168,0.4158440623535912,100,0.108,0.4063378126135631,0.02206673379872446,21.669630212197635,18.84483975501751
monash_fred_md,chronos-2-CL,spikes_density,0.4,9.42518064099045,0.6787856284931552,100,0.104,0.4063378126135631,0.02206673379872446,23.195430866666644,30.76058444736355
monash_fred_md,chronos-2-CL,drift,0.5,5.138550384182067,0.11232746834408415,100,0.105,0.4063378126135631,0.02206673379872446,12.646005920864052,5.090353170009107
monash_fred_md,chronos-2-CL,drift,1.0,10.213377356269623,0.20807764660875827,100,0.113,0.4063378126135631,0.02206673379872446,25.13518811005361,9.429471914905047
monash_fred_md,chronos-2-CL,drift,2.0,20.36156950350228,0.41165985009348677,100,0.108,0.4063378126135631,0.02206673379872446,50.109954996648604,18.655223462082198
monash_fred_md,chronos-2-CL,drift,4.0,40.630344937393005,0.8180595759796553,100,0.108,0.4063378126135631,0.02206673379872446,99.9915431843736,37.07207344056247
monash_fred_md,chronos-2-CL,drift,6.0,60.981213517291785,1.2301271811625978,100,0.116,0.4063378126135631,0.02206673379872446,150.07516313842632,55.74577517374609
monash_fred_md,chronos-2-CL,drift,9.0,91.50289096709066,1.8418217231451297,100,0.112,0.4063378126135631,0.02206673379872446,225.18920988067651,83.46598730672112
monash_fred_md,chronos-2-CL,drift,12.0,122.07864579915433,2.4530274279801056,100,0.107,0.4063378126135631,0.02206673379872446,300.43634141244445,111.16404676626406
monash_fred_md,chronos-2-CL,drift,16.0,162.61485787107497,3.240321565064378,100,0.109,0.4063378126135631,0.02206673379872446,400.19622300257237,146.84192026876588
monash_fred_md,chronos-2-CL,drift,20.0,203.39911068048315,4.087848840976975,100,0.106,0.4063378126135631,0.02206673379872446,500.5665344611197,185.24938390353304
monash_fred_md,chronos-2-CL,drift,26.0,264.4272097859306,5.2869786346893015,100,0.106,0.4063378126135631,0.02206673379872446,650.7570833369798,239.59044790737943
monash_fred_md,chronos-2-CL,drift,32.0,325.5138756781828,6.530082396258189,100,0.107,0.4063378126135631,0.02206673379872446,801.0917654561334,295.9242838482808
monash_fred_md,chronos-2-CL,drift_step,0.5,0.45996161094698457,0.023612106074538293,100,0.107,0.4063378126135631,0.02206673379872446,1.131968516512193,1.07003176319203
monash_fred_md,chronos-2-CL,drift_step,1.0,0.5567176209696322,0.031468905640219175,100,0.109,0.4063378126135631,0.02206673379872446,1.370085686559237,1.4260789986979494
monash_fred_md,chronos-2-CL,drift_step,2.0,0.6098842365105759,0.03253971752756886,100,0.106,0.4063378126135631,0.02206673379872446,1.5009290732452465,1.4746050695300352
monash_fred_md,chronos-2-CL,drift_step,4.0,0.5746816840566027,0.03793726701183255,100,0.109,0.4063378126135631,0.02206673379872446,1.4142953626694315,1.7192062657694032
monash_fred_md,chronos-2-CL,drift_step,8.0,1.8382283481627573,0.024864265483393082,100,0.106,0.4063378126135631,0.02206673379872446,4.523891922189767,1.1267759746496933
monash_fred_md,chronos-2-CL,drift_step,12.0,1.5727324190516319,0.023837153111592263,100,0.105,0.4063378126135631,0.02206673379872446,3.8705047136416457,1.0802302383767435
monash_fred_md,chronos-2-CL,drift_step,16.0,1.7543139342434582,0.02766690798686911,100,0.103,0.4063378126135631,0.02206673379872446,4.317378003685452,1.2537835566978364
monash_fred_md,chronos-2-CL,drift_step,20.0,0.9160921289908747,0.037978991444247816,100,0.106,0.4063378126135631,0.02206673379872446,2.2545086884692664,1.7210970953228766
monash_fred_md,chronos-2-CL,gap,0.05,0.426116472214832,0.024540602748654928,100,0.108,0.4063378126135631,0.02206673379872446,1.0486754099355229,1.1121085237396333
monash_fred_md,chronos-2-CL,gap,0.1,0.42295565364856996,0.024499820818600485,100,0.106,0.4063378126135631,0.02206673379872446,1.0408966148833676,1.1102604056435694
monash_fred_md,chronos-2-CL,gap,0.15,0.44421334709161236,0.024475574976132522,100,0.107,0.4063378126135631,0.02206673379872446,1.0932119367243573,1.1091616547958403
monash_fred_md,chronos-2-CL,gap,0.2,0.44688244774651975,0.025830831688220417,100,0.103,0.4063378126135631,0.02206673379872446,1.099780610798128,1.170577935268043
monash_fred_md,chronos-2-CL,gap,0.3,0.48665069791169696,0.025805423265281395,100,0.106,0.4063378126135631,0.02206673379872446,1.1976505331402996,1.1694264996649866
monash_fred_md,chronos-2-CL,gap,0.4,0.607376761650573,0.025719307621181808,100,0.11,0.4063378126135631,0.02206673379872446,1.494758161304084,1.165523989901418
monash_fred_md,chronos-2-CL,gap,0.5,0.5184934022814381,0.026055518960150573,100,0.104,0.4063378126135631,0.02206673379872446,1.276015635725582,1.1807601069468958
monash_fred_md,chronos-2-CL,gap,0.6,0.687778123835424,0.03410781165980315,100,0.112,0.4063378126135631,0.02206673379872446,1.6926264366381214,1.5456665209680787
monash_fred_md,chronos-2-CL,gap,0.7,0.9084975939758025,0.024522327969458396,100,0.112,0.4063378126135631,0.02206673379872446,2.2358184883960215,1.1112803640598536
monash_fred_md,chronos-2-CL,gap_boundary,0.05,1.9999790273597318,0.13057728110863334,100,0.113,0.4063378126135631,0.02206673379872446,4.921961395854043,5.917381443926296
monash_fred_md,chronos-2-CL,gap_boundary,0.1,3.772987757614917,0.2317701795847934,100,0.117,0.4063378126135631,0.02206673379872446,9.285347414130808,10.503148390641782
monash_fred_md,chronos-2-CL,gap_boundary,0.15,5.501967301047591,0.4827609086227317,100,0.108,0.4063378126135631,0.02206673379872446,13.540377317235038,21.87731600997684
monash_fred_md,chronos-2-CL,gap_boundary,0.2,4.5730617879493884,0.4537625320973235,100,0.119,0.4063378126135631,0.02206673379872446,11.254334807128764,20.56319418343428
monash_fred_md,chronos-2-CL,gap_boundary,0.3,7.925607498619373,0.5393108425162295,100,0.107,0.4063378126135631,0.02206673379872446,19.504971608824437,24.439994039688997
monash_fred_md,chronos-2-CL,gap_boundary,0.4,11.18147931293059,0.5944429633695439,100,0.11,0.4063378126135631,0.02206673379872446,27.51769332273401,26.938420918636584
monash_fred_md,chronos-2-CL,gap_boundary,0.5,12.914006812939382,0.567800635538496,100,0.106,0.4063378126135631,0.02206673379872446,31.78145477005092,25.73106834557079
monash_fred_md,chronos-2-CL,gap_boundary,0.6,17.537471143739694,0.6937077719936366,100,0.111,0.4063378126135631,0.02206673379872446,43.15983056299573,31.436812458114467
monash_fred_md,chronos-2-CL,gap_boundary,0.7,21.165404148470575,0.7759077756978839,100,0.107,0.4063378126135631,0.02206673379872446,52.088197286722554,35.1618768221482
monash_hospital,chronos-2-CL,clean,0.0,0.7534604086394828,0.056076162468301126,100,0.187,0.7534604086394828,0.056076162468301126,1.0,1.0
monash_hospital,chronos-2-CL,spikes_intensity,1.0,0.7625262540766299,0.0580545408627173,100,0.045,0.7534604086394828,0.056076162468301126,1.012032278449132,1.0352802029834784
monash_hospital,chronos-2-CL,spikes_intensity,2.0,0.7579713507140158,0.058841337526837095,100,0.052,0.7534604086394828,0.056076162468301126,1.0059869662995011,1.0493110608290837
monash_hospital,chronos-2-CL,spikes_intensity,4.0,0.7797648645468801,0.06151416858082353,100,0.049,0.7534604086394828,0.056076162468301126,1.0349115303283087,1.096975361243673
monash_hospital,chronos-2-CL,spikes_intensity,6.0,0.7686928388452886,0.059867909285077694,100,0.051,0.7534604086394828,0.056076162468301126,1.020216629873507,1.067617801395022
monash_hospital,chronos-2-CL,spikes_intensity,8.0,0.8209938427505162,0.06991756252559386,100,0.047,0.7534604086394828,0.056076162468301126,1.0896310321506846,1.246832155554814
monash_hospital,chronos-2-CL,spikes_intensity,12.0,0.7894603624078829,0.0659484826573637,100,0.047,0.7534604086394828,0.056076162468301126,1.0477794896130042,1.176051993476608
monash_hospital,chronos-2-CL,spikes_intensity,16.0,0.7932007925523887,0.06461279709367646,100,0.044,0.7534604086394828,0.056076162468301126,1.0527438249670806,1.1522328606241723
monash_hospital,chronos-2-CL,spikes_intensity,20.0,0.8331758126467592,0.07504548658730625,100,0.05,0.7534604086394828,0.056076162468301126,1.1057990613617215,1.3382778578995693
monash_hospital,chronos-2-CL,spikes_intensity,30.0,0.8192047885320876,0.07637548210742558,100,0.054,0.7534604086394828,0.056076162468301126,1.0872565819500972,1.3619955208347094
monash_hospital,chronos-2-CL,spikes_intensity,40.0,0.8615047682501858,0.0964329738242754,100,0.045,0.7534604086394828,0.056076162468301126,1.1433975274238999,1.7196785510917811
monash_hospital,chronos-2-CL,spikes_density,0.01,0.8071402888283112,0.08311719621649809,100,0.045,0.7534604086394828,0.056076162468301126,1.0712444603237452,1.4822197625146476
monash_hospital,chronos-2-CL,spikes_density,0.02,0.7579351414228456,0.05723549315567374,100,0.043,0.7534604086394828,0.056076162468301126,1.0059389089752475,1.0206742158582618
monash_hospital,chronos-2-CL,spikes_density,0.05,0.8359455074554059,0.07198419710183036,100,0.044,0.7534604086394828,0.056076162468301126,1.10947502731413,1.2836862212624085
monash_hospital,chronos-2-CL,spikes_density,0.08,0.8241864910888805,0.0800641660796053,100,0.043,0.7534604086394828,0.056076162468301126,1.0938683461512029,1.427775413926803
monash_hospital,chronos-2-CL,spikes_density,0.12,0.8970151019713868,0.10853555616492906,100,0.048,0.7534604086394828,0.056076162468301126,1.1905271885368462,1.9355025627205198
monash_hospital,chronos-2-CL,spikes_density,0.16,0.9706696039898861,0.1290455021558921,100,0.111,0.7534604086394828,0.056076162468301126,1.2882821616899767,2.3012541599799965
monash_hospital,chronos-2-CL,spikes_density,0.2,1.016179918665289,0.15032845939577374,100,0.106,0.7534604086394828,0.056076162468301126,1.3486838950173858,2.680790781301267
monash_hospital,chronos-2-CL,spikes_density,0.3,1.514180307004557,0.31290183844054137,100,0.103,0.7534604086394828,0.056076162468301126,2.00963486553819,5.579943859700087
monash_hospital,chronos-2-CL,spikes_density,0.4,1.6671247618031102,0.4505080810108988,100,0.088,0.7534604086394828,0.056076162468301126,2.2126242370364535,8.03386075617359
monash_hospital,chronos-2-CL,drift,0.5,0.8131994913553594,0.06884865955886603,100,0.046,0.7534604086394828,0.056076162468301126,1.0792862929901612,1.227770527232226
monash_hospital,chronos-2-CL,drift,1.0,1.2840963610986522,0.12122652276570456,100,0.051,0.7534604086394828,0.056076162468301126,1.7042652093921355,2.161819165750363
monash_hospital,chronos-2-CL,drift,2.0,2.205431506005672,0.2388622086942432,100,0.045,0.7534604086394828,0.056076162468301126,2.92707019601468,4.259603335539729
monash_hospital,chronos-2-CL,drift,4.0,4.57150760559581,0.5406623390599337,100,0.044,0.7534604086394828,0.056076162468301126,6.067349462794659,9.641571663638015
monash_hospital,chronos-2-CL,drift,6.0,6.741519199079178,0.798996865189246,100,0.043,0.7534604086394828,0.056076162468301126,8.947410005593104,14.248422681222255
monash_hospital,chronos-2-CL,drift,9.0,10.154602465998613,1.240847869048889,100,0.045,0.7534604086394828,0.056076162468301126,13.477287392359067,22.127902738535624
monash_hospital,chronos-2-CL,drift,12.0,13.538559919309064,1.6717098112485749,100,0.047,0.7534604086394828,0.056076162468301126,17.96850871534913,29.81141607529872
monash_hospital,chronos-2-CL,drift,16.0,18.271347988127534,2.2506042623745106,100,0.048,0.7534604086394828,0.056076162468301126,24.249911181292134,40.13477676270622
monash_hospital,chronos-2-CL,drift,20.0,22.720894644473073,2.8276460482245294,100,0.046,0.7534604086394828,0.056076162468301126,30.15539288321732,50.42509907526122
monash_hospital,chronos-2-CL,drift,26.0,29.538694750774763,3.6886463438214685,100,0.046,0.7534604086394828,0.056076162468301126,39.20404365255573,65.7792220697448
monash_hospital,chronos-2-CL,drift,32.0,36.33688885235941,4.546553095211108,100,0.046,0.7534604086394828,0.056076162468301126,48.22667314129036,81.07817823270618
monash_hospital,chronos-2-CL,drift_step,0.5,0.7657238200033586,0.058849189580985777,100,0.044,0.7534604086394828,0.056076162468301126,1.0162761191208702,1.0494510856418213
monash_hospital,chronos-2-CL,drift_step,1.0,0.8005793298286784,0.06355256982071239,100,0.045,0.7534604086394828,0.056076162468301126,1.0625366915751788,1.1333259449884352
monash_hospital,chronos-2-CL,drift_step,2.0,0.8432162395186851,0.06709270281454856,100,0.048,0.7534604086394828,0.056076162468301126,1.1191248137925038,1.1964567449221386
monash_hospital,chronos-2-CL,drift_step,4.0,0.9121344974224229,0.08581789627631202,100,0.044,0.7534604086394828,0.056076162468301126,1.210593797581822,1.5303810478262199
monash_hospital,chronos-2-CL,drift_step,8.0,1.2421823489217065,0.09892996182660016,100,0.058,0.7534604086394828,0.056076162468301126,1.6486365238018343,1.764207061824595
monash_hospital,chronos-2-CL,drift_step,12.0,1.034919661862964,0.07894136485531585,100,0.12,0.7534604086394828,0.056076162468301126,1.3735554648872788,1.4077526239414122
monash_hospital,chronos-2-CL,drift_step,16.0,1.1126463429940883,0.08761722813068828,100,0.12,0.7534604086394828,0.056076162468301126,1.4767150738592683,1.5624683336741663
monash_hospital,chronos-2-CL,drift_step,20.0,1.5201795037859438,0.2357872687354181,100,0.101,0.7534604086394828,0.056076162468301126,2.0175970579939553,4.20476827152187
monash_hospital,chronos-2-CL,gap,0.05,0.74729803978129,0.05497276702071623,100,0.059,0.7534604086394828,0.056076162468301126,0.9918212439730971,0.9803232710831697
monash_hospital,chronos-2-CL,gap,0.1,0.7668901544967897,0.0589655510104748,100,0.051,0.7534604086394828,0.056076162468301126,1.0178240896314072,1.051526146137532
monash_hospital,chronos-2-CL,gap,0.15,0.7595699529795716,0.05761514910698609,100,0.044,0.7534604086394828,0.056076162468301126,1.008108646811477,1.027444578425903
monash_hospital,chronos-2-CL,gap,0.2,0.7634925587207778,0.05796692648081842,100,0.057,0.7534604086394828,0.056076162468301126,1.0133147673935647,1.033717785406341
monash_hospital,chronos-2-CL,gap,0.3,0.7793109164644154,0.0578293593047471,100,0.048,0.7534604086394828,0.056076162468301126,1.0343090460076205,1.0312645651784218
monash_hospital,chronos-2-CL,gap,0.4,0.7803551082198648,0.058120052085069686,100,0.051,0.7534604086394828,0.056076162468301126,1.0356949074855113,1.0364484573623227
monash_hospital,chronos-2-CL,gap,0.5,0.8118710524669678,0.06342000751198919,100,0.06,0.7534604086394828,0.056076162468301126,1.0775231759462405,1.1309619760061043
monash_hospital,chronos-2-CL,gap,0.6,0.808633623348072,0.06217996483049293,100,0.053,0.7534604086394828,0.056076162468301126,1.073226428457223,1.108848432088094
monash_hospital,chronos-2-CL,gap,0.7,0.865829934366098,0.06830942674205293,100,0.052,0.7534604086394828,0.056076162468301126,1.1491379300599482,1.218154448080627
monash_hospital,chronos-2-CL,gap_boundary,0.05,0.8257793277535173,0.06582783464685055,100,0.049,0.7534604086394828,0.056076162468301126,1.0959823745014288,1.1739004908558404
monash_hospital,chronos-2-CL,gap_boundary,0.1,0.8711991897903939,0.06919908196869784,100,0.051,0.7534604086394828,0.056076162468301126,1.156264058205143,1.234019571289581
monash_hospital,chronos-2-CL,gap_boundary,0.15,0.8613194801058209,0.06864874971384882,100,0.055,0.7534604086394828,0.056076162468301126,1.1431516111922833,1.2242055570877333
monash_hospital,chronos-2-CL,gap_boundary,0.2,0.8777068467807101,0.0707531601299182,100,0.056,0.7534604086394828,0.056076162468301126,1.164901084007291,1.261733275166854
monash_hospital,chronos-2-CL,gap_boundary,0.3,1.0739324581528387,0.10116038276608726,100,0.049,0.7534604086394828,0.056076162468301126,1.4253336284676583,1.8039819116237037
monash_hospital,chronos-2-CL,gap_boundary,0.4,1.0773281426165717,0.1018475736125627,100,0.047,0.7534604086394828,0.056076162468301126,1.4298404139932106,1.8162365099454756
monash_hospital,chronos-2-CL,gap_boundary,0.5,1.2341470684536542,0.1282596127476944,100,0.046,0.7534604086394828,0.056076162468301126,1.6379720212268927,2.287239481128854
monash_hospital,chronos-2-CL,gap_boundary,0.6,1.2536328518155457,0.13089927040740565,100,0.126,0.7534604086394828,0.056076162468301126,1.663833742876046,2.3343122040742483
monash_hospital,chronos-2-CL,gap_boundary,0.7,1.232362303569987,0.1357794928963666,100,0.117,0.7534604086394828,0.056076162468301126,1.6356032638732185,2.4213406716823815
monash_m1_monthly,chronos-2-CL,clean,0.0,0.9751727289914286,0.21171693952270557,100,0.269,0.9751727289914286,0.21171693952270557,1.0,1.0
monash_m1_monthly,chronos-2-CL,spikes_intensity,1.0,0.9925523854204168,0.2061335810898486,100,0.049,0.9751727289914286,0.21171693952270557,1.0178221313130476,0.9736281922200271
monash_m1_monthly,chronos-2-CL,spikes_intensity,2.0,1.0069879391001704,0.1931925315546502,100,0.045,0.9751727289914286,0.21171693952270557,1.0326252049128226,0.9125038931234469
monash_m1_monthly,chronos-2-CL,spikes_intensity,4.0,1.0311953236423512,0.22669015275527105,100,0.064,0.9751727289914286,0.21171693952270557,1.0574488939091478,1.0707227927360043
monash_m1_monthly,chronos-2-CL,spikes_intensity,6.0,1.0534784932554635,0.23196615319937797,100,0.059,0.9751727289914286,0.21171693952270557,1.080299378700861,1.0956428603319235
monash_m1_monthly,chronos-2-CL,spikes_intensity,8.0,1.059671916106456,0.2244261218586341,100,0.046,0.9751727289914286,0.21171693952270557,1.0866504821175842,1.0600291236241186
monash_m1_monthly,chronos-2-CL,spikes_intensity,12.0,1.0866433547812495,0.23682491617039617,100,0.047,0.9751727289914286,0.21171693952270557,1.1143085962884844,1.1185921953354039
monash_m1_monthly,chronos-2-CL,spikes_intensity,16.0,1.1154318090375956,0.21399148151085579,100,0.051,0.9751727289914286,0.21171693952270557,1.143829986089982,1.0107433160203334
monash_m1_monthly,chronos-2-CL,spikes_intensity,20.0,1.17403052256312,0.25006254946619166,100,0.048,0.9751727289914286,0.21171693952270557,1.2039205852047974,1.1811173448375571
monash_m1_monthly,chronos-2-CL,spikes_intensity,30.0,1.2023296594693322,0.26294721713134006,100,0.053,0.9751727289914286,0.21171693952270557,1.232940199950875,1.2419753361451755
monash_m1_monthly,chronos-2-CL,spikes_intensity,40.0,1.788470550809149,0.23288578834442233,100,0.045,0.9751727289914286,0.21171693952270557,1.8340038617147065,1.09998656163007
monash_m1_monthly,chronos-2-CL,spikes_density,0.01,1.0370072826435863,0.2275634572032594,100,0.044,0.9751727289914286,0.21171693952270557,1.063408821651637,1.0748476608261872
monash_m1_monthly,chronos-2-CL,spikes_density,0.02,1.0593875317484593,0.23215295231250688,100,0.056,0.9751727289914286,0.21171693952270557,1.0863588575165857,1.0965251662709288
monash_m1_monthly,chronos-2-CL,spikes_density,0.05,1.1393398208248549,0.226548631674189,100,0.052,0.9751727289914286,0.21171693952270557,1.16834668049343,1.0700543479653541
monash_m1_monthly,chronos-2-CL,spikes_density,0.08,1.2155673674677296,0.25033364766009986,100,0.052,0.9751727289914286,0.21171693952270557,1.2465149314880133,1.1823978195814269
monash_m1_monthly,chronos-2-CL,spikes_density,0.12,1.3626357204877755,0.26336764805696733,100,0.056,0.9751727289914286,0.21171693952270557,1.3973275502659719,1.2439611523324636
monash_m1_monthly,chronos-2-CL,spikes_density,0.16,1.6065184349681743,0.37254667761662325,100,0.045,0.9751727289914286,0.21171693952270557,1.6474193619316184,1.759645111328796
monash_m1_monthly,chronos-2-CL,spikes_density,0.2,1.8965934639127047,0.3964893641480256,100,0.048,0.9751727289914286,0.21171693952270557,1.9448795147032614,1.8727333062808804
monash_m1_monthly,chronos-2-CL,spikes_density,0.3,2.628769636827514,0.8198204004952739,100,0.047,0.9751727289914286,0.21171693952270557,2.695696422464886,3.872247550637545
monash_m1_monthly,chronos-2-CL,spikes_density,0.4,3.0663774498803194,1.0293109064558474,100,0.047,0.9751727289914286,0.21171693952270557,3.1444454492197678,4.861731464550379
monash_m1_monthly,chronos-2-CL,drift,0.5,1.2868856777281505,0.2073621478901064,100,0.046,0.9751727289914286,0.21171693952270557,1.3196489600966494,0.9794310665815564
monash_m1_monthly,chronos-2-CL,drift,1.0,1.7480384108163805,0.3349288480815215,100,0.053,0.9751727289914286,0.21171693952270557,1.7925423454204747,1.58196528268633
monash_m1_monthly,chronos-2-CL,drift,2.0,3.2884140373612456,0.33916219017074023,100,0.048,0.9751727289914286,0.21171693952270557,3.3721349455314287,1.601960574979721
monash_m1_monthly,chronos-2-CL,drift,4.0,6.657943842306073,1.2907303632923526,100,0.05,0.9751727289914286,0.21171693952270557,6.827450813961999,6.0964907494042455
monash_m1_monthly,chronos-2-CL,drift,6.0,10.120679357133026,2.0553359804514244,100,0.052,0.9751727289914286,0.21171693952270557,10.378345349751863,9.707942997310331
monash_m1_monthly,chronos-2-CL,drift,9.0,15.335784115123671,3.124537545062538,100,0.052,0.9751727289914286,0.21171693952270557,15.726223323517967,14.75808951379371
monash_m1_monthly,chronos-2-CL,drift,12.0,20.778683938061498,3.740629015751166,100,0.049,0.9751727289914286,0.21171693952270557,21.307695878197734,17.668066731854502
monash_m1_monthly,chronos-2-CL,drift,16.0,27.39636656596353,5.095117808067337,100,0.049,0.9751727289914286,0.21171693952270557,28.093860453109876,24.065706879920732
monash_m1_monthly,chronos-2-CL,drift,20.0,34.77178347168204,6.606805092057606,100,0.054,0.9751727289914286,0.21171693952270557,35.657050733611804,31.205840718045422
monash_m1_monthly,chronos-2-CL,drift,26.0,45.200600190262186,9.410600033269024,100,0.052,0.9751727289914286,0.21171693952270557,46.35137842401608,44.4489706609413
monash_m1_monthly,chronos-2-CL,drift,32.0,55.93006828958723,11.55939455807449,100,0.056,0.9751727289914286,0.21171693952270557,57.35401188611257,54.59834524405075
monash_m1_monthly,chronos-2-CL,drift_step,0.5,0.9740446702834424,0.20085369483655582,100,0.051,0.9751727289914286,0.21171693952270557,0.9988432216422286,0.9486897708296755
monash_m1_monthly,chronos-2-CL,drift_step,1.0,1.0109641497669417,0.18255236813487394,100,0.052,0.9751727289914286,0.21171693952270557,1.0367026473479528,0.862247340937479
monash_m1_monthly,chronos-2-CL,drift_step,2.0,1.1036820372972345,0.43482456870127506,100,0.053,0.9751727289914286,0.21171693952270557,1.1317810727118225,2.053801503467522
monash_m1_monthly,chronos-2-CL,drift_step,4.0,1.1375260731497767,0.22834939705973875,100,0.054,0.9751727289914286,0.21171693952270557,1.1664867559681062,1.078559880822618
monash_m1_monthly,chronos-2-CL,drift_step,8.0,1.575463373116309,0.2622974688054375,100,0.056,0.9751727289914286,0.21171693952270557,1.6155736581618012,1.238906387919458
monash_m1_monthly,chronos-2-CL,drift_step,12.0,1.5773734227954606,0.3528188536354829,100,0.057,0.9751727289914286,0.21171693952270557,1.6175323364783358,1.6664649244924723
monash_m1_monthly,chronos-2-CL,drift_step,16.0,1.3608474618118684,0.2595945132902979,100,0.06,0.9751727289914286,0.21171693952270557,1.3954937636733582,1.2261395515896247
monash_m1_monthly,chronos-2-CL,drift_step,20.0,1.3526893943603904,0.3184624034452248,100,0.055,0.9751727289914286,0.21171693952270557,1.3871279970671535,1.5041895285429976
monash_m1_monthly,chronos-2-CL,gap,0.05,0.9643035950855291,0.21483677256897005,100,0.056,0.9751727289914286,0.21171693952270557,0.9888541449296466,1.014735868812849
monash_m1_monthly,chronos-2-CL,gap,0.1,0.9915559953922836,0.24091186381454024,100,0.055,0.9751727289914286,0.21171693952270557,1.0168003738351044,1.1378960245583167
monash_m1_monthly,chronos-2-CL,gap,0.15,0.9783647927245558,0.21574824620304972,100,0.06,0.9751727289914286,0.21171693952270557,1.0032733316244689,1.019041020947272
monash_m1_monthly,chronos-2-CL,gap,0.2,0.9914940094056348,0.219375180156058,100,0.132,0.9751727289914286,0.21171693952270557,1.0167368097250693,1.0361720731964914
monash_m1_monthly,chronos-2-CL,gap,0.3,1.0202796264976395,0.2235364408809459,100,0.133,0.9751727289914286,0.21171693952270557,1.0462552901298445,1.055826904473899
monash_m1_monthly,chronos-2-CL,gap,0.4,1.0899793663954802,0.2373923871524332,100,0.131,0.9751727289914286,0.21171693952270557,1.117729540614605,1.1212725240011987
monash_m1_monthly,chronos-2-CL,gap,0.5,1.1277913630113667,0.3067523576227776,100,0.059,0.9751727289914286,0.21171693952270557,1.1565042063653521,1.448879614046565
monash_m1_monthly,chronos-2-CL,gap,0.6,1.1284077051769477,0.23672572561102712,100,0.055,0.9751727289914286,0.21171693952270557,1.1571362402063912,1.1181236897940303
monash_m1_monthly,chronos-2-CL,gap,0.7,1.1962731416105727,0.23338073354146804,100,0.045,0.9751727289914286,0.21171693952270557,1.2267294870395085,1.102324330153276
monash_m1_monthly,chronos-2-CL,gap_boundary,0.05,1.1981545198643315,0.18863330804744585,100,0.048,0.9751727289914286,0.21171693952270557,1.228658763974585,0.8909693691619601
monash_m1_monthly,chronos-2-CL,gap_boundary,0.1,1.2297707848772719,0.21040659750301927,100,0.048,0.9751727289914286,0.21171693952270557,1.2610799587773143,0.9938108777566862
monash_m1_monthly,chronos-2-CL,gap_boundary,0.15,1.3566453470096698,0.22073809730890354,100,0.054,0.9751727289914286,0.21171693952270557,1.3911846657286846,1.042609522915527
monash_m1_monthly,chronos-2-CL,gap_boundary,0.2,1.5148574825103778,0.2461475992360369,100,0.046,0.9751727289914286,0.21171693952270557,1.5534247805279764,1.162625908871306
monash_m1_monthly,chronos-2-CL,gap_boundary,0.3,1.7094921915835863,0.2782979922644226,100,0.047,0.9751727289914286,0.21171693952270557,1.7530147642168243,1.3144814623327603
monash_m1_monthly,chronos-2-CL,gap_boundary,0.4,1.797252520211059,0.22599601496653396,100,0.051,0.9751727289914286,0.21171693952270557,1.8430094144140654,1.0674441803098946
monash_m1_monthly,chronos-2-CL,gap_boundary,0.5,2.075289266486798,0.24596112321341856,100,0.047,0.9751727289914286,0.21171693952270557,2.1281247975762856,1.1617451289817105
monash_m1_monthly,chronos-2-CL,gap_boundary,0.6,2.3961517719731615,0.26837844301869845,100,0.053,0.9751727289914286,0.21171693952270557,2.4571562562576776,1.267628578155959
monash_m1_monthly,chronos-2-CL,gap_boundary,0.7,2.914887097228211,0.31244389304180153,100,0.043,0.9751727289914286,0.21171693952270557,2.989098249540807,1.4757623728463802
monash_m1_quarterly,chronos-2-CL,clean,0.0,1.5504088240828455,0.07316486040572573,100,0.291,1.5504088240828455,0.07316486040572573,1.0,1.0
monash_m1_quarterly,chronos-2-CL,spikes_intensity,1.0,1.615406340550973,0.06259484008491895,100,0.222,1.5504088240828455,0.07316486040572573,1.041922824134194,0.8555314632981983
monash_m1_quarterly,chronos-2-CL,spikes_intensity,2.0,1.808470085358722,0.07843404837985818,100,0.151,1.5504088240828455,0.07316486040572573,1.1664472346050625,1.0720180144527427
monash_m1_quarterly,chronos-2-CL,spikes_intensity,4.0,1.8880806749327224,0.0859801699613067,100,0.146,1.5504088240828455,0.07316486040572573,1.2177953618456918,1.1751566186898386
monash_m1_quarterly,chronos-2-CL,spikes_intensity,6.0,1.6860371984013296,0.08447723109284822,100,0.089,1.5504088240828455,0.07316486040572573,1.0874791037123488,1.1546148058561347
monash_m1_quarterly,chronos-2-CL,spikes_intensity,8.0,1.973364823493041,0.0864176003721077,100,0.048,1.5504088240828455,0.07316486040572573,1.2728028845297612,1.1811353140413405
monash_m1_quarterly,chronos-2-CL,spikes_intensity,12.0,1.8770232689972495,0.09206807399082478,100,0.044,1.5504088240828455,0.07316486040572573,1.2106634326643586,1.2583646504657273
monash_m1_quarterly,chronos-2-CL,spikes_intensity,16.0,2.746600863768233,0.09882515689491128,100,0.052,1.5504088240828455,0.07316486040572573,1.7715333021230724,1.3507188607603415
monash_m1_quarterly,chronos-2-CL,spikes_intensity,20.0,2.5580587496426794,0.10301271891741437,100,0.046,1.5504088240828455,0.07316486040572573,1.6499253035120693,1.4079534676369425
monash_m1_quarterly,chronos-2-CL,spikes_intensity,30.0,1.90310185457427,0.10257949132702007,100,0.051,1.5504088240828455,0.07316486040572573,1.227483890063682,1.402032215440302
monash_m1_quarterly,chronos-2-CL,spikes_intensity,40.0,2.1167457736146966,0.11566951506179171,100,0.049,1.5504088240828455,0.07316486040572573,1.3652823311727933,1.5809435625293649
monash_m1_quarterly,chronos-2-CL,spikes_density,0.01,3.767375396429043,0.0674619435397106,100,0.044,1.5504088240828455,0.07316486040572573,2.42992386131294,0.9220538816804901
monash_m1_quarterly,chronos-2-CL,spikes_density,0.02,4.317993339559376,0.11546626769190478,100,0.044,1.5504088240828455,0.07316486040572573,2.7850675721700133,1.5781656255694658
monash_m1_quarterly,chronos-2-CL,spikes_density,0.05,1.9266802861328696,0.1171308015127652,100,0.052,1.5504088240828455,0.07316486040572573,1.2426917701997793,1.60091607997654
monash_m1_quarterly,chronos-2-CL,spikes_density,0.08,2.8682707807632912,0.15510185240458843,100,0.048,1.5504088240828455,0.07316486040572573,1.8500093241278057,2.11989541898245
monash_m1_quarterly,chronos-2-CL,spikes_density,0.12,2.805384247370514,0.16140892006231625,100,0.048,1.5504088240828455,0.07316486040572573,1.809448065435294,2.206098927370942
monash_m1_quarterly,chronos-2-CL,spikes_density,0.16,3.400953179354183,0.18022723752007755,100,0.049,1.5504088240828455,0.07316486040572573,2.1935847671442654,2.463303237656056
monash_m1_quarterly,chronos-2-CL,spikes_density,0.2,4.273286523474309,0.17942513652860254,100,0.046,1.5504088240828455,0.07316486040572573,2.756232070597379,2.452340311095039
monash_m1_quarterly,chronos-2-CL,spikes_density,0.3,5.5147454938875695,0.3684837455496186,100,0.049,1.5504088240828455,0.07316486040572573,3.556962143291369,5.036348644776227
monash_m1_quarterly,chronos-2-CL,spikes_density,0.4,6.40420973371876,0.4478876790872596,100,0.049,1.5504088240828455,0.07316486040572573,4.130658723196581,6.121622820074552
monash_m1_quarterly,chronos-2-CL,drift,0.5,2.0416663219383713,0.07071531232355269,100,0.131,1.5504088240828455,0.07316486040572573,1.3168567478620565,0.9665201564167634
monash_m1_quarterly,chronos-2-CL,drift,1.0,3.1645047482184423,0.1258038887894206,100,0.118,1.5504088240828455,0.07316486040572573,2.0410776171184564,1.7194577846768562
monash_m1_quarterly,chronos-2-CL,drift,2.0,5.420267177807492,0.18679888010823867,100,0.045,1.5504088240828455,0.07316486040572573,3.496024463749996,2.5531228935908716
monash_m1_quarterly,chronos-2-CL,drift,4.0,10.841549933223273,0.47092546179510514,100,0.044,1.5504088240828455,0.07316486040572573,6.992703966088856,6.436497783002009
monash_m1_quarterly,chronos-2-CL,drift,6.0,16.01335292306638,0.703645178203119,100,0.049,1.5504088240828455,0.07316486040572573,10.328471222768732,9.617255801502946
monash_m1_quarterly,chronos-2-CL,drift,9.0,23.821740179474517,1.1414336624987074,100,0.047,1.5504088240828455,0.07316486040572573,15.36481204792318,15.600845216802753
monash_m1_quarterly,chronos-2-CL,drift,12.0,31.984150043026176,1.5173245599455099,100,0.047,1.5504088240828455,0.07316486040572573,20.62949432834053,20.738433061054092
monash_m1_quarterly,chronos-2-CL,drift,16.0,42.333967720977455,2.181435851398028,100,0.049,1.5504088240828455,0.07316486040572573,27.305035332226254,29.81534905282637
monash_m1_quarterly,chronos-2-CL,drift,20.0,53.544441852973776,2.740375181717915,100,0.046,1.5504088240828455,0.07316486040572573,34.53569214858432,37.45479956527682
monash_m1_quarterly,chronos-2-CL,drift,26.0,69.56835847730255,3.514573640462148,100,0.047,1.5504088240828455,0.07316486040572573,44.870976865380115,48.03636091113358
monash_m1_quarterly,chronos-2-CL,drift,32.0,85.8649982605828,4.4886260432654606,100,0.045,1.5504088240828455,0.07316486040572573,55.38216561130371,61.34947867561557
monash_m1_quarterly,chronos-2-CL,drift_step,0.5,1.6607144344346136,0.08186108608792263,100,0.045,1.5504088240828455,0.07316486040572573,1.0711461445770731,1.118857954952325
monash_m1_quarterly,chronos-2-CL,drift_step,1.0,1.79126161736754,0.08623865689441516,100,0.044,1.5504088240828455,0.07316486040572573,1.1553479247173226,1.1786895569292484
monash_m1_quarterly,chronos-2-CL,drift_step,2.0,1.900046101179367,0.09097304127963605,100,0.05,1.5504088240828455,0.07316486040572573,1.2255129561090776,1.243398002472191
monash_m1_quarterly,chronos-2-CL,drift_step,4.0,2.2763788225009556,0.13821312102088104,100,0.047,1.5504088240828455,0.07316486040572573,1.4682442379980405,1.8890642345852788
monash_m1_quarterly,chronos-2-CL,drift_step,8.0,2.4750264099734434,0.09551766769042745,100,0.047,1.5504088240828455,0.07316486040572573,1.5963701776772081,1.3055128809205305
monash_m1_quarterly,chronos-2-CL,drift_step,12.0,2.826939688340193,0.11558700173981205,100,0.044,1.5504088240828455,0.07316486040572573,1.8233511345064022,1.5798157899685743
monash_m1_quarterly,chronos-2-CL,drift_step,16.0,2.8318527362548513,0.2337630624874269,100,0.046,1.5504088240828455,0.07316486040572573,1.8265200070246326,3.1950182258412823
monash_m1_quarterly,chronos-2-CL,drift_step,20.0,4.550146499963509,0.18398037250553145,100,0.14,1.5504088240828455,0.07316486040572573,2.9348043105051196,2.5146001985829463
monash_m1_quarterly,chronos-2-CL,gap,0.05,1.6102892836390794,0.0803516672718882,100,0.12,1.5504088240828455,0.07316486040572573,1.0386223676143334,1.0982275757284168
monash_m1_quarterly,chronos-2-CL,gap,0.1,1.5679953103224917,0.07800998493347534,100,0.053,1.5504088240828455,0.07316486040572573,1.0113431283197512,1.0662220156080615
monash_m1_quarterly,chronos-2-CL,gap,0.15,1.6245005342313752,0.07910962339570751,100,0.051,1.5504088240828455,0.07316486040572573,1.0477884987479733,1.0812516139170623
monash_m1_quarterly,chronos-2-CL,gap,0.2,1.6641450377799756,0.08256092612244782,100,0.048,1.5504088240828455,0.07316486040572573,1.0733588534394543,1.1284232029503984
monash_m1_quarterly,chronos-2-CL,gap,0.3,1.681816454631798,0.08424113646894733,100,0.047,1.5504088240828455,0.07316486040572573,1.0847567612540436,1.1513879204005808
monash_m1_quarterly,chronos-2-CL,gap,0.4,1.8345978420171645,0.09273418528355326,100,0.051,1.5504088240828455,0.07316486040572573,1.1832994069176772,1.2674689020017056
monash_m1_quarterly,chronos-2-CL,gap,0.5,1.77843427347356,0.08395491828749456,100,0.045,1.5504088240828455,0.07316486040572573,1.1470744011829297,1.1474759580204765
monash_m1_quarterly,chronos-2-CL,gap,0.6,1.8760606335801313,0.09413053010119443,100,0.046,1.5504088240828455,0.07316486040572573,1.2100425413212719,1.2865538125707676
monash_m1_quarterly,chronos-2-CL,gap,0.7,1.844838011823727,0.09124200338573155,100,0.051,1.5504088240828455,0.07316486040572573,1.1899042260128085,1.2470741128973868
monash_m1_quarterly,chronos-2-CL,gap_boundary,0.05,2.182929101118461,0.1251673425193051,100,0.056,1.5504088240828455,0.07316486040572573,1.4079699929531728,1.710757620874375
monash_m1_quarterly,chronos-2-CL,gap_boundary,0.1,2.3217380518705846,0.13159754936047793,100,0.051,1.5504088240828455,0.07316486040572573,1.497500540377809,1.79864416648541
monash_m1_quarterly,chronos-2-CL,gap_boundary,0.15,2.404053322817012,0.09346362103842526,100,0.047,1.5504088240828455,0.07316486040572573,1.550593163218834,1.2774386573026386
monash_m1_quarterly,chronos-2-CL,gap_boundary,0.2,2.439748788636401,0.07308819562313283,100,0.048,1.5504088240828455,0.07316486040572573,1.5736164234486025,0.9989521638916856
monash_m1_quarterly,chronos-2-CL,gap_boundary,0.3,3.088912950938587,0.09299850042432764,100,0.045,1.5504088240828455,0.07316486040572573,1.9923215754179249,1.271081498804442
monash_m1_quarterly,chronos-2-CL,gap_boundary,0.4,3.7823750269678715,0.12007258953107947,100,0.047,1.5504088240828455,0.07316486040572573,2.439598490549975,1.6411237425347815
monash_m1_quarterly,chronos-2-CL,gap_boundary,0.5,4.444489363780158,0.15108095588884357,100,0.045,1.5504088240828455,0.07316486040572573,2.8666563907163805,2.064938756816384
monash_m1_quarterly,chronos-2-CL,gap_boundary,0.6,5.192614587028354,0.17396220535899268,100,0.05,1.5504088240828455,0.07316486040572573,3.3491905530788495,2.3776742604893806
monash_m1_quarterly,chronos-2-CL,gap_boundary,0.7,6.035057116766086,0.192804362877069,100,0.109,1.5504088240828455,0.07316486040572573,3.8925585452186544,2.6352044110779245
monash_m1_yearly,chronos-2-CL,clean,0.0,3.374367778336027,0.0666344749351271,100,0.265,3.374367778336027,0.0666344749351271,1.0,1.0
monash_m1_yearly,chronos-2-CL,spikes_intensity,1.0,4.238456850609021,0.06549420368147171,100,0.175,3.374367778336027,0.0666344749351271,1.2560743608982345,0.9828876680612324
monash_m1_yearly,chronos-2-CL,spikes_intensity,2.0,4.183188828684425,0.07677102260791545,100,0.141,3.374367778336027,0.0666344749351271,1.2396955825447236,1.152121670991734
monash_m1_yearly,chronos-2-CL,spikes_intensity,4.0,5.1478876852974995,0.0874357483910252,100,0.122,3.374367778336027,0.0666344749351271,1.5255858351741471,1.3121698411542895
monash_m1_yearly,chronos-2-CL,spikes_intensity,6.0,5.701256398320706,0.08441130215995447,100,0.116,3.374367778336027,0.0666344749351271,1.6895776550865826,1.2667812306187487
monash_m1_yearly,chronos-2-CL,spikes_intensity,8.0,5.306310770833079,0.21863125227564056,100,0.127,3.374367778336027,0.0666344749351271,1.572534803378704,3.2810531258555273
monash_m1_yearly,chronos-2-CL,spikes_intensity,12.0,6.848386162815515,0.10814558586278161,100,0.048,3.374367778336027,0.0666344749351271,2.0295316375361434,1.6229674799429008
monash_m1_yearly,chronos-2-CL,spikes_intensity,16.0,6.66678029237831,0.1139284836799499,100,0.051,3.374367778336027,0.0666344749351271,1.9757124090563247,1.709752853772263
monash_m1_yearly,chronos-2-CL,spikes_intensity,20.0,6.2599214130924485,0.12525761750637143,100,0.046,3.374367778336027,0.0666344749351271,1.8551390436105188,1.879771959309617
monash_m1_yearly,chronos-2-CL,spikes_intensity,30.0,6.816226255297929,0.10985658872996537,100,0.05,3.374367778336027,0.0666344749351271,2.0200009907216327,1.6486449219704626
monash_m1_yearly,chronos-2-CL,spikes_intensity,40.0,7.439557155407925,0.8759105261990738,100,0.05,3.374367778336027,0.0666344749351271,2.2047262314354277,13.145005300211766
monash_m1_yearly,chronos-2-CL,spikes_density,0.01,6.56240649738646,0.09437705098293146,100,0.046,3.374367778336027,0.0666344749351271,1.9447810459541914,1.416339681145736
monash_m1_yearly,chronos-2-CL,spikes_density,0.02,5.9594761093049256,0.0770728102589748,100,0.054,3.374367778336027,0.0666344749351271,1.7661015339127233,1.1566506727037331
monash_m1_yearly,chronos-2-CL,spikes_density,0.05,6.391747807706112,0.09397745676459661,100,0.045,3.374367778336027,0.0666344749351271,1.8942060343102316,1.4103428721557367
monash_m1_yearly,chronos-2-CL,spikes_density,0.08,7.034531165998899,0.18699040236383885,100,0.051,3.374367778336027,0.0666344749351271,2.0846960462228505,2.806211087367101
monash_m1_yearly,chronos-2-CL,spikes_density,0.12,8.478515032032591,0.2784803937562877,100,0.044,3.374367778336027,0.0666344749351271,2.5126232790823795,4.179223953177481
monash_m1_yearly,chronos-2-CL,spikes_density,0.16,10.340996239318505,0.29550678045075146,100,0.045,3.374367778336027,0.0666344749351271,3.064572956661491,4.434743137669294
monash_m1_yearly,chronos-2-CL,spikes_density,0.2,9.270292537573471,0.4974156163159974,100,0.046,3.374367778336027,0.0666344749351271,2.747267976268091,7.4648388360569085
monash_m1_yearly,chronos-2-CL,spikes_density,0.3,12.024492016887399,0.6666069946258051,100,0.045,3.374367778336027,0.0666344749351271,3.563479978112206,10.003935579514799
monash_m1_yearly,chronos-2-CL,spikes_density,0.4,13.948745675868292,0.8539856082139619,100,0.049,3.374367778336027,0.0666344749351271,4.1337360335827755,12.815972648473199
monash_m1_yearly,chronos-2-CL,drift,0.5,3.99343555688628,0.07791156239628255,100,0.046,3.374367778336027,0.0666344749351271,1.1834618569216924,1.1692380328971514
monash_m1_yearly,chronos-2-CL,drift,1.0,4.998280686810489,0.19149781730349852,100,0.106,3.374367778336027,0.0666344749351271,1.481249530326907,2.8738549750700946
monash_m1_yearly,chronos-2-CL,drift,2.0,8.604713169759888,0.38078897494331565,100,0.123,3.374367778336027,0.0666344749351271,2.55002232566453,5.714594064319377
monash_m1_yearly,chronos-2-CL,drift,4.0,14.763378303499904,0.7930917001559781,100,0.13,3.374367778336027,0.0666344749351271,4.3751538875765466,11.902122751445154
monash_m1_yearly,chronos-2-CL,drift,6.0,22.561310861017734,1.2255522407694404,100,0.116,3.374367778336027,0.0666344749351271,6.686085318223137,18.392164745990623
monash_m1_yearly,chronos-2-CL,drift,9.0,34.36928797657709,1.8271098986292194,100,0.074,3.374367778336027,0.0666344749351271,10.18540071335239,27.419888884965733
monash_m1_yearly,chronos-2-CL,drift,12.0,46.756514121477394,2.4952487213105985,100,0.045,3.374367778336027,0.0666344749351271,13.856377606988065,37.446812985918804
monash_m1_yearly,chronos-2-CL,drift,16.0,61.31430771776693,3.3233578090309734,100,0.048,3.374367778336027,0.0666344749351271,18.170606094396245,49.87445030919015
monash_m1_yearly,chronos-2-CL,drift,20.0,77.06595248493784,4.161571582981546,100,0.047,3.374367778336027,0.0666344749351271,22.838634537620173,62.45373115092602
monash_m1_yearly,chronos-2-CL,drift,26.0,100.07506702805183,5.374839360606571,100,0.045,3.374367778336027,0.0666344749351271,29.657427287727657,80.66153992868284
monash_m1_yearly,chronos-2-CL,drift,32.0,123.20481269344877,6.628850519546375,100,0.05,3.374367778336027,0.0666344749351271,36.511969289311935,99.48079467873023
monash_m1_yearly,chronos-2-CL,drift_step,0.5,4.130770615661834,0.07039988096775035,100,0.047,3.374367778336027,0.0666344749351271,1.22416135021856,1.0565083770268935
monash_m1_yearly,chronos-2-CL,drift_step,1.0,4.978331193289008,0.1005110727228166,100,0.05,3.374367778336027,0.0666344749351271,1.4753374618056392,1.5083944582841018
monash_m1_yearly,chronos-2-CL,drift_step,2.0,6.331025365002907,0.14067093865982186,100,0.047,3.374367778336027,0.0666344749351271,1.8762108284844017,2.1110834713828535
monash_m1_yearly,chronos-2-CL,drift_step,4.0,5.881791567610115,0.0967702518770443,100,0.046,3.374367778336027,0.0666344749351271,1.7430795793428755,1.452255037219942
monash_m1_yearly,chronos-2-CL,drift_step,8.0,7.21428407280854,0.15185233827030573,100,0.045,3.374367778336027,0.0666344749351271,2.137966145577071,2.2788854931046374
monash_m1_yearly,chronos-2-CL,drift_step,12.0,7.99464801410151,0.2216959716004277,100,0.05,3.374367778336027,0.0666344749351271,2.3692284123350187,3.3270461246413787
monash_m1_yearly,chronos-2-CL,drift_step,16.0,9.09147650639742,0.173578154056069,100,0.048,3.374367778336027,0.0666344749351271,2.694275521703986,2.6049301690312463
monash_m1_yearly,chronos-2-CL,drift_step,20.0,11.21336125747419,0.2648583612036888,100,0.045,3.374367778336027,0.0666344749351271,3.3230999091046733,3.974794750938538
monash_m1_yearly,chronos-2-CL,gap,0.05,3.7288923193135783,0.07151684550552767,100,0.044,3.374367778336027,0.0666344749351271,1.1050639895430647,1.073270939332138
monash_m1_yearly,chronos-2-CL,gap,0.1,3.7725793797186196,0.07411197135729457,100,0.045,3.374367778336027,0.0666344749351271,1.1180107289843075,1.1122166330483925
monash_m1_yearly,chronos-2-CL,gap,0.15,4.1094259864686755,0.06866470636266417,100,0.08,3.374367778336027,0.0666344749351271,1.2178358307152641,1.030468183766941
monash_m1_yearly,chronos-2-CL,gap,0.2,4.172569387661025,0.20385527080504176,100,0.119,3.374367778336027,0.0666344749351271,1.2365484919722083,3.0593063275955554
monash_m1_yearly,chronos-2-CL,gap,0.3,4.649726426484053,0.20823617465679398,100,0.126,3.374367778336027,0.0666344749351271,1.3779548442632807,3.1250516321997757
monash_m1_yearly,chronos-2-CL,gap,0.4,4.048624102889576,0.06883656848439705,100,0.1,3.374367778336027,0.0666344749351271,1.1998170824420447,1.0330473610156579
monash_m1_yearly,chronos-2-CL,gap,0.5,5.171206014284985,0.28674329097775875,100,0.047,3.374367778336027,0.0666344749351271,1.5324962641846402,4.303227289731352
monash_m1_yearly,chronos-2-CL,gap,0.6,5.110105862180382,0.2976548190489891,100,0.048,3.374367778336027,0.0666344749351271,1.5143891234939082,4.46697928270276
monash_m1_yearly,chronos-2-CL,gap,0.7,5.709988458084725,0.09694411851843342,100,0.045,3.374367778336027,0.0666344749351271,1.6921654168060016,1.4548642967895324
monash_m1_yearly,chronos-2-CL,gap_boundary,0.05,7.345615859691445,0.19704321357146953,100,0.048,3.374367778336027,0.0666344749351271,2.176886558380345,2.9570761045735505
monash_m1_yearly,chronos-2-CL,gap_boundary,0.1,7.783644670858257,0.2423392132786996,100,0.047,3.374367778336027,0.0666344749351271,2.3066971895685118,3.6368443439320597
monash_m1_yearly,chronos-2-CL,gap_boundary,0.15,8.612799054704197,0.2743637487944115,100,0.045,3.374367778336027,0.0666344749351271,2.5524185923063056,4.117444446910133
monash_m1_yearly,chronos-2-CL,gap_boundary,0.2,9.204395256482472,0.34429863168542946,100,0.046,3.374367778336027,0.0666344749351271,2.7277391977176113,5.1669744831129245
monash_m1_yearly,chronos-2-CL,gap_boundary,0.3,10.006289331602606,0.38492393473646597,100,0.046,3.374367778336027,0.0666344749351271,2.9653819586129764,5.776648425776806
monash_m1_yearly,chronos-2-CL,gap_boundary,0.4,10.931173933162105,0.3870079473857404,100,0.046,3.374367778336027,0.0666344749351271,3.2394731846783165,5.807923717602896
monash_m1_yearly,chronos-2-CL,gap_boundary,0.5,11.92403914383766,0.5007502566787259,100,0.045,3.374367778336027,0.0666344749351271,3.5337105873259786,7.514882606432153
monash_m1_yearly,chronos-2-CL,gap_boundary,0.6,12.543508205611039,0.5693978548798069,100,0.048,3.374367778336027,0.0666344749351271,3.7172913652573194,8.545094043798677
monash_m1_yearly,chronos-2-CL,gap_boundary,0.7,12.901209432790887,0.5697217130014565,100,0.046,3.374367778336027,0.0666344749351271,3.8232967715074464,8.54995426250626
monash_m3_monthly,chronos-2-CL,clean,0.0,0.8815795770994701,0.09576819770608808,100,0.282,0.8815795770994701,0.09576819770608808,1.0,1.0
monash_m3_monthly,chronos-2-CL,spikes_intensity,1.0,0.9186038386052269,0.096703165506906,100,0.045,0.8815795770994701,0.09576819770608808,1.041997639767895,1.0097628213040757
monash_m3_monthly,chronos-2-CL,spikes_intensity,2.0,0.9729700095281608,0.10189963814610292,100,0.048,0.8815795770994701,0.09576819770608808,1.1036666851214714,1.0640237634922627
monash_m3_monthly,chronos-2-CL,spikes_intensity,4.0,1.0466701827356562,0.10025305079463645,100,0.045,0.8815795770994701,0.09576819770608808,1.187266821878246,1.0468302964446752
monash_m3_monthly,chronos-2-CL,spikes_intensity,6.0,0.9854486360058919,0.10249478062085876,100,0.058,0.8815795770994701,0.09576819770608808,1.1178215348955414,1.0702381696209269
monash_m3_monthly,chronos-2-CL,spikes_intensity,8.0,0.9740249532162741,0.10552535413458258,100,0.044,0.8815795770994701,0.09576819770608808,1.1048633368084175,1.1018830536880224
monash_m3_monthly,chronos-2-CL,spikes_intensity,12.0,0.9531847776287488,0.10578613759399257,100,0.046,0.8815795770994701,0.09576819770608808,1.0812237515357044,1.1046061232002033
monash_m3_monthly,chronos-2-CL,spikes_intensity,16.0,1.0293190398448144,0.10898419105864787,100,0.045,0.8815795770994701,0.09576819770608808,1.167584942509024,1.1379998127679043
monash_m3_monthly,chronos-2-CL,spikes_intensity,20.0,1.0684709696030723,0.11898363356046857,100,0.047,0.8815795770994701,0.09576819770608808,1.2119960549885958,1.242412788487766
monash_m3_monthly,chronos-2-CL,spikes_intensity,30.0,1.0799866976410868,0.1135375494980273,100,0.045,0.8815795770994701,0.09576819770608808,1.2250586625366324,1.185545433845098
monash_m3_monthly,chronos-2-CL,spikes_intensity,40.0,1.1374342614234896,0.12331606765097052,100,0.044,0.8815795770994701,0.09576819770608808,1.2902230166967117,1.2876515440901024
monash_m3_monthly,chronos-2-CL,spikes_density,0.01,1.0966882884705986,0.10695875820445273,100,0.048,0.8815795770994701,0.09576819770608808,1.2440037371088708,1.1168504865540898
monash_m3_monthly,chronos-2-CL,spikes_density,0.02,1.0491910519352479,0.11365975456173413,100,0.044,0.8815795770994701,0.09576819770608808,1.1901263132560815,1.1868214844196516
monash_m3_monthly,chronos-2-CL,spikes_density,0.05,1.1231497265397294,0.12731049271340256,100,0.045,0.8815795770994701,0.09576819770608808,1.2740196752686372,1.3293608500821699
monash_m3_monthly,chronos-2-CL,spikes_density,0.08,1.1899887883599045,0.12459041381784311,100,0.049,0.8815795770994701,0.09576819770608808,1.3498370643693305,1.3009581134669592
monash_m3_monthly,chronos-2-CL,spikes_density,0.12,1.2977840087094372,0.1551855500102337,100,0.046,0.8815795770994701,0.09576819770608808,1.472112152347429,1.6204288451422786
monash_m3_monthly,chronos-2-CL,spikes_density,0.16,1.6698125634584877,0.20321994637790183,100,0.045,0.8815795770994701,0.09576819770608808,1.894114390617377,2.1219982337099257
monash_m3_monthly,chronos-2-CL,spikes_density,0.2,2.174009633659676,0.2594503716815256,100,0.051,0.8815795770994701,0.09576819770608808,2.466039016934235,2.7091495704845254
monash_m3_monthly,chronos-2-CL,spikes_density,0.3,2.474475328489977,0.48585575619567767,100,0.05,0.8815795770994701,0.09576819770608808,2.8068655317893985,5.07324736011808
monash_m3_monthly,chronos-2-CL,spikes_density,0.4,3.096529263614106,0.7064632459079186,100,0.051,0.8815795770994701,0.09576819770608808,3.5124784467014933,7.376804229688537
monash_m3_monthly,chronos-2-CL,drift,0.5,1.3401205625058703,0.13276651879459384,100,0.053,0.8815795770994701,0.09576819770608808,1.520135671603316,1.3863320180886494
monash_m3_monthly,chronos-2-CL,drift,1.0,2.264133497434055,0.2156523987472342,100,0.054,0.8815795770994701,0.09576819770608808,2.568268998339771,2.2518164057871264
monash_m3_monthly,chronos-2-CL,drift,2.0,4.072943664722198,0.3951483703704213,100,0.053,0.8815795770994701,0.09576819770608808,4.620052200077953,4.126091748986744
monash_m3_monthly,chronos-2-CL,drift,4.0,8.244732896312314,0.8528680493652392,100,0.053,0.8815795770994701,0.09576819770608808,9.352227649645345,8.90554557560627
monash_m3_monthly,chronos-2-CL,drift,6.0,12.434729953020918,1.311309262339457,100,0.053,0.8815795770994701,0.09576819770608808,14.105056736832603,13.692533573241672
monash_m3_monthly,chronos-2-CL,drift,9.0,18.54296305822334,2.0126492912222793,100,0.055,0.8815795770994701,0.09576819770608808,21.033793817266602,21.015841787052167
monash_m3_monthly,chronos-2-CL,drift,12.0,24.90015728978169,2.7142532375440016,100,0.054,0.8815795770994701,0.09576819770608808,28.244934361690824,28.341905795011677
monash_m3_monthly,chronos-2-CL,drift,16.0,33.272408059429004,3.6605451281606087,100,0.055,0.8815795770994701,0.09576819770608808,37.74180904791403,38.222971882532406
monash_m3_monthly,chronos-2-CL,drift,20.0,41.482866306548594,4.569759778814108,100,0.058,0.8815795770994701,0.09576819770608808,47.05515801878429,47.71688189056944
monash_m3_monthly,chronos-2-CL,drift,26.0,54.08581609854389,5.98914024917126,100,0.055,0.8815795770994701,0.09576819770608808,61.35103115307456,62.5378820174928
monash_m3_monthly,chronos-2-CL,drift,32.0,66.51508511154947,7.395375473965154,100,0.056,0.8815795770994701,0.09576819770608808,75.44989339521015,77.22162107155351
monash_m3_monthly,chronos-2-CL,drift_step,0.5,0.9330975870973274,0.09783245873783813,100,0.057,0.8815795770994701,0.09576819770608808,1.0584382979553126,1.0215547653730026
monash_m3_monthly,chronos-2-CL,drift_step,1.0,0.9846557750772459,0.1032729510007026,100,0.057,0.8815795770994701,0.09576819770608808,1.1169221709024977,1.078363731117156
monash_m3_monthly,chronos-2-CL,drift_step,2.0,1.0448363223641677,0.11056780646121488,100,0.06,0.8815795770994701,0.09576819770608808,1.185186623539802,1.1545357343003018
monash_m3_monthly,chronos-2-CL,drift_step,4.0,1.0781236368473426,0.11646789062112536,100,0.126,0.8815795770994701,0.09576819770608808,1.2229453413548124,1.2161437033467466
monash_m3_monthly,chronos-2-CL,drift_step,8.0,0.979153095899271,0.11193822868257779,100,0.131,0.8815795770994701,0.09576819770608808,1.1106803303234776,1.1688455182806659
monash_m3_monthly,chronos-2-CL,drift_step,12.0,1.4868770689166895,0.18488647217321366,100,0.146,0.8815795770994701,0.09576819770608808,1.6866056196636718,1.9305623014920772
monash_m3_monthly,chronos-2-CL,drift_step,16.0,1.167628090320261,0.14693229470723976,100,0.047,0.8815795770994701,0.09576819770608808,1.3244727085919272,1.5342493460947646
monash_m3_monthly,chronos-2-CL,drift_step,20.0,1.2296139697532356,0.193020429033282,100,0.051,0.8815795770994701,0.09576819770608808,1.3947849992156705,2.0154961005495826
monash_m3_monthly,chronos-2-CL,gap,0.05,0.8814530887680074,0.09549269937379652,100,0.047,0.8815795770994701,0.09576819770608808,0.9998565208011296,0.9971232795553169
monash_m3_monthly,chronos-2-CL,gap,0.1,0.8705847995120778,0.09399427898358287,100,0.051,0.8815795770994701,0.09576819770608808,0.9875283208992127,0.9814769540933688
monash_m3_monthly,chronos-2-CL,gap,0.15,0.876295798047091,0.09463700177425534,100,0.05,0.8815795770994701,0.09576819770608808,0.9940064638636894,0.9881881881571545
monash_m3_monthly,chronos-2-CL,gap,0.2,0.8603561337498271,0.09326060795939312,100,0.044,0.8815795770994701,0.09576819770608808,0.9759256635464817,0.9738160495158242
monash_m3_monthly,chronos-2-CL,gap,0.3,0.8982844256329723,0.09538480727526223,100,0.048,0.8815795770994701,0.09576819770608808,1.0189487698756177,0.995996683241315
monash_m3_monthly,chronos-2-CL,gap,0.4,0.943944905550189,0.09753480220347327,100,0.047,0.8815795770994701,0.09576819770608808,1.070742710097607,1.0184466716477936
monash_m3_monthly,chronos-2-CL,gap,0.5,0.9133884801871069,0.09600127440999168,100,0.044,0.8815795770994701,0.09576819770608808,1.0360817150418717,1.002433758904171
monash_m3_monthly,chronos-2-CL,gap,0.6,1.0478544419213691,0.10339488352020385,100,0.045,0.8815795770994701,0.09576819770608808,1.1886101596964944,1.0796369358179008
monash_m3_monthly,chronos-2-CL,gap,0.7,1.0029955492466094,0.10387954039129443,100,0.047,0.8815795770994701,0.09576819770608808,1.1377254819656963,1.0846976645639717
monash_m3_monthly,chronos-2-CL,gap_boundary,0.05,1.2374828402334266,0.11720841684772926,100,0.05,0.8815795770994701,0.09576819770608808,1.4037108757724763,1.2238761891232521
monash_m3_monthly,chronos-2-CL,gap_boundary,0.1,1.2200856848542718,0.1186153134893897,100,0.049,0.8815795770994701,0.09576819770608808,1.3839768031702118,1.2385668346126681
monash_m3_monthly,chronos-2-CL,gap_boundary,0.15,1.4812347232288756,0.13875600955553813,100,0.047,0.8815795770994701,0.09576819770608808,1.6802053515150175,1.4488735601079112
monash_m3_monthly,chronos-2-CL,gap_boundary,0.2,1.3890502940318312,0.14191859351600547,100,0.059,0.8815795770994701,0.09576819770608808,1.5756380139862318,1.4818968813796898
monash_m3_monthly,chronos-2-CL,gap_boundary,0.3,1.659178631014768,0.17028224824581575,100,0.047,0.8815795770994701,0.09576819770608808,1.8820520281035957,1.778066752059079
monash_m3_monthly,chronos-2-CL,gap_boundary,0.4,1.7437955564771608,0.18344622972480698,100,0.093,0.8815795770994701,0.09576819770608808,1.978035337677072,1.915523463099955
monash_m3_monthly,chronos-2-CL,gap_boundary,0.5,2.185905445593002,0.21232688655674536,100,0.137,0.8815795770994701,0.09576819770608808,2.4795327641152496,2.217091807536935
monash_m3_monthly,chronos-2-CL,gap_boundary,0.6,2.899807109734227,0.24902457208286352,100,0.077,0.8815795770994701,0.09576819770608808,3.2893310882666205,2.600284625248124
monash_m3_monthly,chronos-2-CL,gap_boundary,0.7,3.3001207544232027,0.2845022356068286,100,0.045,0.8815795770994701,0.09576819770608808,3.7434178832512184,2.9707381199755263
monash_m3_quarterly,chronos-2-CL,clean,0.0,1.2212850170737932,0.07221523359723173,100,0.301,1.2212850170737932,0.07221523359723173,1.0,1.0
monash_m3_quarterly,chronos-2-CL,spikes_intensity,1.0,1.4715909287110307,0.0863879161448847,100,0.251,1.2212850170737932,0.07221523359723173,1.2049529046356207,1.1962561338054891
monash_m3_quarterly,chronos-2-CL,spikes_intensity,2.0,1.4964328135166278,0.08699989928152585,100,0.137,1.2212850170737932,0.07221523359723173,1.225293680505547,1.204730566500042
monash_m3_quarterly,chronos-2-CL,spikes_intensity,4.0,1.4356381833766403,0.08370095977772603,100,0.125,1.2212850170737932,0.07221523359723173,1.1755144485571751,1.159048522151905
monash_m3_quarterly,chronos-2-CL,spikes_intensity,6.0,1.6083551537821785,0.09748863387898883,100,0.117,1.2212850170737932,0.07221523359723173,1.3169367766713522,1.3499732538804101
monash_m3_quarterly,chronos-2-CL,spikes_intensity,8.0,1.4621502601682521,0.0916320803851723,100,0.113,1.2212850170737932,0.07221523359723173,1.1972227938008881,1.268874665645129
monash_m3_quarterly,chronos-2-CL,spikes_intensity,12.0,1.7153651394274487,0.10771544794649164,100,0.126,1.2212850170737932,0.07221523359723173,1.4045575892984217,1.4915889983442603
monash_m3_quarterly,chronos-2-CL,spikes_intensity,16.0,2.2170776706350113,0.13798618155714268,100,0.044,1.2212850170737932,0.07221523359723173,1.8153646688855183,1.9107627945474401
monash_m3_quarterly,chronos-2-CL,spikes_intensity,20.0,1.7481948592838024,0.12353420259942746,100,0.048,1.2212850170737932,0.07221523359723173,1.4314388818692696,1.7106391054333303
monash_m3_quarterly,chronos-2-CL,spikes_intensity,30.0,1.7534964419178949,0.11787498076783,100,0.044,1.2212850170737932,0.07221523359723173,1.4357798690753478,1.632273066168529
monash_m3_quarterly,chronos-2-CL,spikes_intensity,40.0,1.6471548645256342,0.11211265139581877,100,0.043,1.2212850170737932,0.07221523359723173,1.348706355599308,1.5524792458764056
monash_m3_quarterly,chronos-2-CL,spikes_density,0.01,2.7645340584240796,0.17741554776606694,100,0.054,1.2212850170737932,0.07221523359723173,2.2636272612661057,2.45676069893469
monash_m3_quarterly,chronos-2-CL,spikes_density,0.02,2.4721578325442803,0.13381616460505202,100,0.046,1.2212850170737932,0.07221523359723173,2.0242267758820023,1.8530185106287835
monash_m3_quarterly,chronos-2-CL,spikes_density,0.05,1.829418623548775,0.12067470074651439,100,0.049,1.2212850170737932,0.07221523359723173,1.4979456866932452,1.671042171234357
monash_m3_quarterly,chronos-2-CL,spikes_density,0.08,2.0081007945978375,0.12110557724541862,100,0.045,1.2212850170737932,0.07221523359723173,1.6442523788666956,1.6770087308844632
monash_m3_quarterly,chronos-2-CL,spikes_density,0.12,2.6347953548742167,0.1602343648269255,100,0.045,1.2212850170737932,0.07221523359723173,2.157395954293457,2.218844374590071
monash_m3_quarterly,chronos-2-CL,spikes_density,0.16,3.596933239909445,0.22891777902284519,100,0.051,1.2212850170737932,0.07221523359723173,2.9452037727669174,3.1699375273033867
monash_m3_quarterly,chronos-2-CL,spikes_density,0.2,3.3459477217301297,0.24657717166581572,100,0.05,1.2212850170737932,0.07221523359723173,2.739694399712724,3.414475857560169
monash_m3_quarterly,chronos-2-CL,spikes_density,0.3,4.750919341663213,0.44030175299092533,100,0.045,1.2212850170737932,0.07221523359723173,3.890098769119797,6.097075797699888
monash_m3_quarterly,chronos-2-CL,spikes_density,0.4,5.48525529771918,0.574406342249862,100,0.044,1.2212850170737932,0.07221523359723173,4.491380161906749,7.95408826693709
monash_m3_quarterly,chronos-2-CL,drift,0.5,1.8765037219039769,0.10724649278458759,100,0.05,1.2212850170737932,0.07221523359723173,1.536499421240827,1.4850951446440899
monash_m3_quarterly,chronos-2-CL,drift,1.0,2.8080481596382287,0.15599446059677535,100,0.045,1.2212850170737932,0.07221523359723173,2.2992570287698526,2.160132327021306
monash_m3_quarterly,chronos-2-CL,drift,2.0,5.286894271662649,0.3076941320316234,100,0.046,1.2212850170737932,0.07221523359723173,4.3289602326654935,4.260792587720971
monash_m3_quarterly,chronos-2-CL,drift,4.0,10.219136123789934,0.6561948905649869,100,0.122,1.2212850170737932,0.07221523359723173,8.367527629443167,9.08665468320442
monash_m3_quarterly,chronos-2-CL,drift,6.0,15.385956262053247,0.9967682052561848,100,0.126,1.2212850170737932,0.07221523359723173,12.598169998775631,13.8027415491791
monash_m3_quarterly,chronos-2-CL,drift,9.0,23.91212794773999,1.5642783302906835,100,0.109,1.2212850170737932,0.07221523359723173,19.57948195011317,21.661334490935552
monash_m3_quarterly,chronos-2-CL,drift,12.0,31.69628962701053,2.073724653151738,100,0.111,1.2212850170737932,0.07221523359723173,25.953228921906405,28.71588929169138
monash_m3_quarterly,chronos-2-CL,drift,16.0,42.70492818296814,2.809608287240803,100,0.11,1.2212850170737932,0.07221523359723173,34.967208789058446,38.90603335732346
monash_m3_quarterly,chronos-2-CL,drift,20.0,53.08077227607644,3.512439917526,100,0.117,1.2212850170737932,0.07221523359723173,43.463050421480084,48.638490004976525
monash_m3_quarterly,chronos-2-CL,drift,26.0,69.22688346443343,4.57024937341691,100,0.111,1.2212850170737932,0.07221523359723173,56.68364263593562,63.28649989428414
monash_m3_quarterly,chronos-2-CL,drift,32.0,85.48954439671574,5.663628934895351,100,0.073,1.2212850170737932,0.07221523359723173,69.99966690948952,78.42706660042512
monash_m3_quarterly,chronos-2-CL,drift_step,0.5,1.300707473492881,0.07519187666520986,100,0.044,1.2212850170737932,0.07221523359723173,1.0650318765142837,1.0412190464491171
monash_m3_quarterly,chronos-2-CL,drift_step,1.0,1.4187188834754558,0.08189305414515848,100,0.044,1.2212850170737932,0.07221523359723173,1.1616607619364032,1.1340135601015038
monash_m3_quarterly,chronos-2-CL,drift_step,2.0,1.6894931834354754,0.09685317104314538,100,0.045,1.2212850170737932,0.07221523359723173,1.383373381164957,1.341173686196566
monash_m3_quarterly,chronos-2-CL,drift_step,4.0,1.8337735458508329,0.0992634496224165,100,0.046,1.2212850170737932,0.07221523359723173,1.5015115392511456,1.3745500038958764
monash_m3_quarterly,chronos-2-CL,drift_step,8.0,2.189611780461679,0.1273393998452705,100,0.045,1.2212850170737932,0.07221523359723173,1.7928753320072681,1.7633315507290956
monash_m3_quarterly,chronos-2-CL,drift_step,12.0,2.6403796705449674,0.16493831531790584,100,0.048,1.2212850170737932,0.07221523359723173,2.161968446048191,2.2839822998817874
monash_m3_quarterly,chronos-2-CL,drift_step,16.0,2.9127321771644654,0.194359221232465,100,0.046,1.2212850170737932,0.07221523359723173,2.384973316174295,2.6913881123264205
monash_m3_quarterly,chronos-2-CL,drift_step,20.0,2.5256762440692864,0.1797363129092649,100,0.055,1.2212850170737932,0.07221523359723173,2.0680481695589967,2.488897479882345
monash_m3_quarterly,chronos-2-CL,gap,0.05,1.2713706192080176,0.0746739225695047,100,0.051,1.2212850170737932,0.07221523359723173,1.0410105761014163,1.0340466803165922
monash_m3_quarterly,chronos-2-CL,gap,0.1,1.326554102879404,0.07624649790800028,100,0.05,1.2212850170737932,0.07221523359723173,1.0861953469779202,1.0558229075772607
monash_m3_quarterly,chronos-2-CL,gap,0.15,1.37662068312371,0.08247956660860215,100,0.048,1.2212850170737932,0.07221523359723173,1.1271903477716463,1.1421352878066975
monash_m3_quarterly,chronos-2-CL,gap,0.2,1.3300030484572647,0.0801012784533146,100,0.048,1.2212850170737932,0.07221523359723173,1.0890193770197563,1.109201957305379
monash_m3_quarterly,chronos-2-CL,gap,0.3,1.3697952840918992,0.08008871955476743,100,0.058,1.2212850170737932,0.07221523359723173,1.1216016449411108,1.109028048035526
monash_m3_quarterly,chronos-2-CL,gap,0.4,1.292033525335494,0.07493689951905774,100,0.046,1.2212850170737932,0.07221523359723173,1.057929563756718,1.03768825199688
monash_m3_quarterly,chronos-2-CL,gap,0.5,1.495449517686203,0.09423264636582897,100,0.05,1.2212850170737932,0.07221523359723173,1.224488548356476,1.304885986956653
monash_m3_quarterly,chronos-2-CL,gap,0.6,1.4452353958323554,0.08313402488827171,100,0.053,1.2212850170737932,0.07221523359723173,1.1833727390639317,1.1511978947812824
monash_m3_quarterly,chronos-2-CL,gap,0.7,1.823327867824961,0.09973243550393598,100,0.124,1.2212850170737932,0.07221523359723173,1.4929585169182427,1.3810442829857312
monash_m3_quarterly,chronos-2-CL,gap_boundary,0.05,2.0939480500453227,0.11096008275608728,100,0.114,1.2212850170737932,0.07221523359723173,1.7145449430489499,1.5365190587757205
monash_m3_quarterly,chronos-2-CL,gap_boundary,0.1,2.327331426870511,0.12601730988255655,100,0.046,1.2212850170737932,0.07221523359723173,1.9056415122874528,1.745023918158277
monash_m3_quarterly,chronos-2-CL,gap_boundary,0.15,2.4725149446180956,0.13366777724096462,100,0.045,1.2212850170737932,0.07221523359723173,2.024519182706636,1.8509637175235643
monash_m3_quarterly,chronos-2-CL,gap_boundary,0.2,2.499727818924227,0.13598574006047384,100,0.05,1.2212850170737932,0.07221523359723173,2.0468013477423894,1.8830616933112942
monash_m3_quarterly,chronos-2-CL,gap_boundary,0.3,2.7221197499004064,0.153952977449234,100,0.049,1.2212850170737932,0.07221523359723173,2.2288980146686996,2.1318629017788786
monash_m3_quarterly,chronos-2-CL,gap_boundary,0.4,3.694944348865953,0.19449606148187784,100,0.046,1.2212850170737932,0.07221523359723173,3.0254562180080318,2.6932830068326967
monash_m3_quarterly,chronos-2-CL,gap_boundary,0.5,4.532107628295676,0.229807446904814,100,0.044,1.2212850170737932,0.07221523359723173,3.7109336190454827,3.182257197789129
monash_m3_quarterly,chronos-2-CL,gap_boundary,0.6,5.243624606461221,0.2613897096953422,100,0.046,1.2212850170737932,0.07221523359723173,4.2935306117363,3.619592386188199
monash_m3_quarterly,chronos-2-CL,gap_boundary,0.7,5.981310332344903,0.29894033453980184,100,0.048,1.2212850170737932,0.07221523359723173,4.897554828500362,4.139574431166298
monash_m3_yearly,chronos-2-CL,clean,0.0,3.0529999151108806,0.14911282491960418,100,0.229,3.0529999151108806,0.14911282491960418,1.0,1.0
monash_m3_yearly,chronos-2-CL,spikes_intensity,1.0,3.5091632988058383,0.16072942784320077,100,0.044,3.0529999151108806,0.14911282491960418,1.1494148039235665,1.077904787397461
monash_m3_yearly,chronos-2-CL,spikes_intensity,2.0,3.8467833615430664,0.1538152498580776,100,0.043,3.0529999151108806,0.14911282491960418,1.2600011360967747,1.0315360193934278
monash_m3_yearly,chronos-2-CL,spikes_intensity,4.0,3.258518208950318,0.14417578218087332,100,0.048,3.0529999151108806,0.14911282491960418,1.0673168357529985,0.9668905559170198
monash_m3_yearly,chronos-2-CL,spikes_intensity,6.0,3.9431261642591404,0.16156551853837253,100,0.046,3.0529999151108806,0.14911282491960418,1.2915579017027032,1.083511888568152
monash_m3_yearly,chronos-2-CL,spikes_intensity,8.0,3.886061021078761,0.15479288978845196,100,0.044,3.0529999151108806,0.14911282491960418,1.2728664032529542,1.0380923966259124
monash_m3_yearly,chronos-2-CL,spikes_intensity,12.0,4.409272004111461,0.183156033776698,100,0.044,3.0529999151108806,0.14911282491960418,1.444242426043868,1.228305035971578
monash_m3_yearly,chronos-2-CL,spikes_intensity,16.0,4.652705648492281,0.22153875913348275,100,0.073,3.0529999151108806,0.14911282491960418,1.5239783091586825,1.4857123071266862
monash_m3_yearly,chronos-2-CL,spikes_intensity,20.0,4.497816481720238,0.2034220429021541,100,0.044,3.0529999151108806,0.14911282491960418,1.4732448761161803,1.3642156066175484
monash_m3_yearly,chronos-2-CL,spikes_intensity,30.0,4.678219629487468,0.25279314449331997,100,0.043,3.0529999151108806,0.14911282491960418,1.5323353290422745,1.695314568881759
monash_m3_yearly,chronos-2-CL,spikes_intensity,40.0,4.824062423316321,0.23085963642669416,100,0.045,3.0529999151108806,0.14911282491960418,1.5801056526204056,1.5482211979497047
monash_m3_yearly,chronos-2-CL,spikes_density,0.01,6.012601983638287,0.2182312379784319,100,0.044,3.0529999151108806,0.14911282491960418,1.9694078450113282,1.4635309745898362
monash_m3_yearly,chronos-2-CL,spikes_density,0.02,5.409682434106636,0.23037425333337452,100,0.046,3.0529999151108806,0.14911282491960418,1.7719235455367395,1.5449660581347269
monash_m3_yearly,chronos-2-CL,spikes_density,0.05,5.161167502315309,0.21166259327106957,100,0.044,3.0529999151108806,0.14911282491960418,1.6905233035775773,1.4194794672100792
monash_m3_yearly,chronos-2-CL,spikes_density,0.08,5.512713939831871,0.2579465008000222,100,0.051,3.0529999151108806,0.14911282491960418,1.8056711736369822,1.7298746834090017
monash_m3_yearly,chronos-2-CL,spikes_density,0.12,6.3345646646483145,0.27318611015747024,100,0.048,3.0529999151108806,0.14911282491960418,2.0748656537117043,1.8320765521326656
monash_m3_yearly,chronos-2-CL,spikes_density,0.16,6.542826854593463,0.30979754578648827,100,0.079,3.0529999151108806,0.14911282491960418,2.1430812435367645,2.077604967604356
monash_m3_yearly,chronos-2-CL,spikes_density,0.2,7.758023496837787,0.40824921526609903,100,0.123,3.0529999151108806,0.14911282491960418,2.5411148747300327,2.737854476878237
monash_m3_yearly,chronos-2-CL,spikes_density,0.3,10.164759992907797,0.6044392551164629,100,0.103,3.0529999151108806,0.14911282491960418,3.3294334345039203,4.053569875309874
monash_m3_yearly,chronos-2-CL,spikes_density,0.4,12.6213099143438,0.7449355283895154,100,0.045,3.0529999151108806,0.14911282491960418,4.134068216600462,4.995784425592873
monash_m3_yearly,chronos-2-CL,drift,0.5,3.761722762750901,0.16886611760206305,100,0.047,3.0529999151108806,0.14911282491960418,1.2321398189800736,1.1324721243334306
monash_m3_yearly,chronos-2-CL,drift,1.0,5.118700622884581,0.21712417338713041,100,0.044,3.0529999151108806,0.14911282491960418,1.6766134180186103,1.456106632707115
monash_m3_yearly,chronos-2-CL,drift,2.0,8.627573261512133,0.36873056167948026,100,0.051,3.0529999151108806,0.14911282491960418,2.8259330171644605,2.4728292947188506
monash_m3_yearly,chronos-2-CL,drift,4.0,16.725848621547357,0.7606576365480271,100,0.043,3.0529999151108806,0.14911282491960418,5.478496261582731,5.101222091112176
monash_m3_yearly,chronos-2-CL,drift,6.0,25.175939119524944,1.139428762559061,100,0.053,3.0529999151108806,0.14911282491960418,8.246295387994005,7.641386736341401
monash_m3_yearly,chronos-2-CL,drift,9.0,37.571911351807394,1.7942131377104171,100,0.049,3.0529999151108806,0.14911282491960418,12.30655499394039,12.032587664258838
monash_m3_yearly,chronos-2-CL,drift,12.0,51.018251577812116,2.401290115253796,100,0.047,3.0529999151108806,0.14911282491960418,16.71085915374459,16.103846979952785
monash_m3_yearly,chronos-2-CL,drift,16.0,67.83956868366916,3.2615001110775603,100,0.045,3.0529999151108806,0.14911282491960418,22.220625800838032,21.872700170733363
monash_m3_yearly,chronos-2-CL,drift,20.0,84.18651920465366,4.089552297859627,100,0.046,3.0529999151108806,0.14911282491960418,27.575015245814747,27.42589244127428
monash_m3_yearly,chronos-2-CL,drift,26.0,110.10576997314936,5.356443320887155,100,0.044,3.0529999151108806,0.14911282491960418,36.06477989998584,35.92208332029884
monash_m3_yearly,chronos-2-CL,drift,32.0,134.86601458377606,6.535399603433858,100,0.044,3.0529999151108806,0.14911282491960418,44.17491592982174,43.828554699822035
monash_m3_yearly,chronos-2-CL,drift_step,0.5,3.1525018180275866,0.14807218672196248,100,0.053,3.0529999151108806,0.14911282491960418,1.0325915184026764,0.9930211355180029
monash_m3_yearly,chronos-2-CL,drift_step,1.0,3.6934859720939204,0.15558253025322122,100,0.054,3.0529999151108806,0.14911282491960418,1.2097890844388635,1.0433879871641172
monash_m3_yearly,chronos-2-CL,drift_step,2.0,4.2092059024115,0.16994369846599797,100,0.051,3.0529999151108806,0.14911282491960418,1.3787114377494596,1.1396987385734594
monash_m3_yearly,chronos-2-CL,drift_step,4.0,4.437731333221575,0.18844308261284148,100,0.126,3.0529999151108806,0.14911282491960418,1.4535641849372285,1.263761736889115
monash_m3_yearly,chronos-2-CL,drift_step,8.0,6.262184311072779,0.24909047961084146,100,0.111,3.0529999151108806,0.14911282491960418,2.051157708874468,1.6704832716108848
monash_m3_yearly,chronos-2-CL,drift_step,12.0,8.88132799253093,0.34106576835503444,100,0.122,3.0529999151108806,0.14911282491960418,2.9090495379880714,2.2873000262648353
monash_m3_yearly,chronos-2-CL,drift_step,16.0,7.464327931508749,0.35379911914220324,100,0.12,3.0529999151108806,0.14911282491960418,2.44491586605159,2.3726940947766093
monash_m3_yearly,chronos-2-CL,drift_step,20.0,10.226377409308746,0.42721748772499274,100,0.104,3.0529999151108806,0.14911282491960418,3.3496160149540453,2.8650619955415086
monash_m3_yearly,chronos-2-CL,gap,0.05,2.903020385038442,0.13101817859378861,100,0.088,3.0529999151108806,0.14911282491960418,0.9508747021805956,0.8786513075882542
monash_m3_yearly,chronos-2-CL,gap,0.1,2.990858401866403,0.1434630364079675,100,0.044,3.0529999151108806,0.14911282491960418,0.9796457533664161,0.9621106466550895
monash_m3_yearly,chronos-2-CL,gap,0.15,3.186840716095942,0.1476257658963401,100,0.046,3.0529999151108806,0.14911282491960418,1.0438391106146496,0.9900272895770982
monash_m3_yearly,chronos-2-CL,gap,0.2,3.401167309108569,0.16675408500664218,100,0.046,3.0529999151108806,0.14911282491960418,1.1140410755579873,1.1183081341028143
monash_m3_yearly,chronos-2-CL,gap,0.3,3.3083857829934966,0.15000563235867204,100,0.046,3.0529999151108806,0.14911282491960418,1.083650794295335,1.0059874624436176
monash_m3_yearly,chronos-2-CL,gap,0.4,3.7393672950130212,0.1655537703004739,100,0.053,3.0529999151108806,0.14911282491960418,1.2248173596418894,1.110258426059154
monash_m3_yearly,chronos-2-CL,gap,0.5,3.607432315554166,0.15951064991925842,100,0.045,3.0529999151108806,0.14911282491960418,1.1816024945494141,1.0697312588991614
monash_m3_yearly,chronos-2-CL,gap,0.6,4.147465675413493,0.18699761921610414,100,0.047,3.0529999151108806,0.14911282491960418,1.3584886310954458,1.2540679805169406
monash_m3_yearly,chronos-2-CL,gap,0.7,4.230822099668404,0.1736765474647625,100,0.046,3.0529999151108806,0.14911282491960418,1.385791751492645,1.1647324605271352
monash_m3_yearly,chronos-2-CL,gap_boundary,0.05,5.7471542090602545,0.22287117712188914,100,0.049,3.0529999151108806,0.14911282491960418,1.882461306538073,1.4946479435424322
monash_m3_yearly,chronos-2-CL,gap_boundary,0.1,6.089824776166384,0.23803939380319183,100,0.045,3.0529999151108806,0.14911282491960418,1.9947019146724116,1.5963710293298607
monash_m3_yearly,chronos-2-CL,gap_boundary,0.15,6.5776575514717655,0.2610437463820167,100,0.045,3.0529999151108806,0.14911282491960418,2.154489922818381,1.7506458382956753
monash_m3_yearly,chronos-2-CL,gap_boundary,0.2,6.982093272061805,0.2751383683202189,100,0.047,3.0529999151108806,0.14911282491960418,2.286961502194547,1.8451690420898588
monash_m3_yearly,chronos-2-CL,gap_boundary,0.3,7.578298683506385,0.29420845964085346,100,0.046,3.0529999151108806,0.14911282491960418,2.482246607999382,1.9730593917691466
monash_m3_yearly,chronos-2-CL,gap_boundary,0.4,8.866820775255752,0.3385390241796707,100,0.046,3.0529999151108806,0.14911282491960418,2.9042977470681395,2.2703548427990534
monash_m3_yearly,chronos-2-CL,gap_boundary,0.5,9.980132871989648,0.36944452467725136,100,0.047,3.0529999151108806,0.14911282491960418,3.2689594331767884,2.4776173670939534
monash_m3_yearly,chronos-2-CL,gap_boundary,0.6,10.589182518636896,0.3961981733154334,100,0.055,3.0529999151108806,0.14911282491960418,3.4684516256373077,2.657036197450139
monash_m3_yearly,chronos-2-CL,gap_boundary,0.7,11.044629347145325,0.4220665185922502,100,0.126,3.0529999151108806,0.14911282491960418,3.617631724285259,2.8305178901936303
m4_quarterly,chronos-2-CL,clean,0.0,1.0607756623449243,0.07010878332727888,100,0.243,1.0607756623449243,0.07010878332727888,1.0,1.0
m4_quarterly,chronos-2-CL,spikes_intensity,1.0,1.1974713033473605,0.07715538258791874,100,0.044,1.0607756623449243,0.07010878332727888,1.1288638548703693,1.1005095071718078
m4_quarterly,chronos-2-CL,spikes_intensity,2.0,1.1479123788753371,0.07381537047224282,100,0.044,1.0607756623449243,0.07010878332727888,1.0821443398671031,1.0528690838587371
m4_quarterly,chronos-2-CL,spikes_intensity,4.0,1.3204099539800154,0.08887452200201955,100,0.045,1.0607756623449243,0.07010878332727888,1.244758906950363,1.2676660153570094
m4_quarterly,chronos-2-CL,spikes_intensity,6.0,1.2095894641815361,0.08380282195916003,100,0.046,1.0607756623449243,0.07010878332727888,1.1402877225780688,1.195325578079928
m4_quarterly,chronos-2-CL,spikes_intensity,8.0,1.3923486966501464,0.08752702783069202,100,0.047,1.0607756623449243,0.07010878332727888,1.3125760196762575,1.2484459674917197
m4_quarterly,chronos-2-CL,spikes_intensity,12.0,1.427600297735367,0.09477289639232317,100,0.05,1.0607756623449243,0.07010878332727888,1.3458079294349092,1.3517977619139148
m4_quarterly,chronos-2-CL,spikes_intensity,16.0,1.3562018191988852,0.092361117296867,100,0.051,1.0607756623449243,0.07010878332727888,1.2785001271625136,1.3173972348901093
m4_quarterly,chronos-2-CL,spikes_intensity,20.0,1.4893152689032727,0.10681993614766923,100,0.052,1.0607756623449243,0.07010878332727888,1.4039870273899662,1.523631292373409
m4_quarterly,chronos-2-CL,spikes_intensity,30.0,1.754804800481404,0.12887947190022517,100,0.051,1.0607756623449243,0.07010878332727888,1.6542657064758408,1.8382785406301436
m4_quarterly,chronos-2-CL,spikes_intensity,40.0,1.6905379693202116,0.12406479371559949,100,0.051,1.0607756623449243,0.07010878332727888,1.593680953787298,1.7696041469789232
m4_quarterly,chronos-2-CL,spikes_density,0.01,1.1410971217020416,0.07455997050846225,100,0.05,1.0607756623449243,0.07010878332727888,1.0757195533498203,1.0634897222564044
m4_quarterly,chronos-2-CL,spikes_density,0.02,2.6652360911538273,0.1312919524203502,100,0.051,1.0607756623449243,0.07010878332727888,2.512535105926283,1.8726890724584195
m4_quarterly,chronos-2-CL,spikes_density,0.05,1.5606360731225555,0.11349481426828031,100,0.051,1.0607756623449243,0.07010878332727888,1.4712216055868517,1.6188387372017081
m4_quarterly,chronos-2-CL,spikes_density,0.08,1.7388006660270574,0.12195735877933218,100,0.052,1.0607756623449243,0.07010878332727888,1.6391785065876303,1.7395446474946792
m4_quarterly,chronos-2-CL,spikes_density,0.12,2.1045334131687086,0.15840481238244233,100,0.053,1.0607756623449243,0.07010878332727888,1.9839571059883476,2.2594146534105954
m4_quarterly,chronos-2-CL,spikes_density,0.16,3.3240646237884124,0.21242579574241569,100,0.056,1.0607756623449243,0.07010878332727888,3.1336169765059636,3.029945545492902
m4_quarterly,chronos-2-CL,spikes_density,0.2,3.6742027436801776,0.27491370079509125,100,0.056,1.0607756623449243,0.07010878332727888,3.4636944210787006,3.921244782008991
m4_quarterly,chronos-2-CL,spikes_density,0.3,6.801347094455291,0.5703676476219852,100,0.055,1.0607756623449243,0.07010878332727888,6.411673397012525,8.13546635033472
m4_quarterly,chronos-2-CL,spikes_density,0.4,6.985936471867794,0.7834902514054152,100,0.055,1.0607756623449243,0.07010878332727888,6.585686983452144,11.175350850805081
m4_quarterly,chronos-2-CL,drift,0.5,2.2541858305349094,0.12325089216723978,100,0.056,1.0607756623449243,0.07010878332727888,2.125035396788669,1.7579950231326242
m4_quarterly,chronos-2-CL,drift,1.0,3.9871221477721686,0.23155284411753138,100,0.057,1.0607756623449243,0.07010878332727888,3.7586855442727027,3.302765119123607
m4_quarterly,chronos-2-CL,drift,2.0,7.6307176488846835,0.42940072882889113,100,0.057,1.0607756623449243,0.07010878332727888,7.193526322065505,6.124777930097299
m4_quarterly,chronos-2-CL,drift,4.0,15.109306518241674,0.8748384215458737,100,0.058,1.0607756623449243,0.07010878332727888,14.243639870886005,12.47829986525354
m4_quarterly,chronos-2-CL,drift,6.0,23.14935678575077,1.387222441219056,100,0.059,1.0607756623449243,0.07010878332727888,21.823046669997478,19.78671395199204
m4_quarterly,chronos-2-CL,drift,9.0,34.63251507760951,2.1002237913800084,100,0.059,1.0607756623449243,0.07010878332727888,32.64829342054449,29.956642972619164
m4_quarterly,chronos-2-CL,drift,12.0,46.2938229014649,2.815803288217058,100,0.059,1.0607756623449243,0.07010878332727888,43.64148287407813,40.163345512251205
m4_quarterly,chronos-2-CL,drift,16.0,61.789000484975446,3.772406199575272,100,0.061,1.0607756623449243,0.07010878332727888,58.24888586563743,53.80789710705838
m4_quarterly,chronos-2-CL,drift,20.0,77.26401848858991,4.695709100046333,100,0.06,1.0607756623449243,0.07010878332727888,72.8372842923187,66.97747239637609
m4_quarterly,chronos-2-CL,drift,26.0,100.55678638855724,6.137411273065197,100,0.06,1.0607756623449243,0.07010878332727888,94.79552553672745,87.54126062086674
m4_quarterly,chronos-2-CL,drift,32.0,123.74994572377786,7.54593035290762,100,0.06,1.0607756623449243,0.07010878332727888,116.65986515020462,107.63174020125302
m4_quarterly,chronos-2-CL,drift_step,0.5,1.1260757607661522,0.07196465754797714,100,0.061,1.0607756623449243,0.07010878332727888,1.0615588203417838,1.0264713511292123
m4_quarterly,chronos-2-CL,drift_step,1.0,1.1745010173602346,0.07337939880207199,100,0.061,1.0607756623449243,0.07010878332727888,1.1072096193873,1.0466505809910487
m4_quarterly,chronos-2-CL,drift_step,2.0,1.2724261185198946,0.07847236923514454,100,0.061,1.0607756623449243,0.07010878332727888,1.1995242384304907,1.1192944095010624
m4_quarterly,chronos-2-CL,drift_step,4.0,1.3628083710844294,0.08463343121214478,100,0.06,1.0607756623449243,0.07010878332727888,1.2847281658704717,1.2071730130740188
m4_quarterly,chronos-2-CL,drift_step,8.0,1.2486859721446932,0.08237454464667832,100,0.06,1.0607756623449243,0.07010878332727888,1.1771442506367267,1.1749532759988277
m4_quarterly,chronos-2-CL,drift_step,12.0,2.221479273822878,0.13563292975902405,100,0.059,1.0607756623449243,0.07010878332727888,2.094202716634855,1.9346068113301595
m4_quarterly,chronos-2-CL,drift_step,16.0,2.4696945062378237,0.128900022509375,100,0.063,1.0607756623449243,0.07010878332727888,2.3281968034394556,1.8385716652312922
m4_quarterly,chronos-2-CL,drift_step,20.0,1.394209939463923,0.10028361469884178,100,0.059,1.0607756623449243,0.07010878332727888,1.3143306251784823,1.4304001572913059
m4_quarterly,chronos-2-CL,gap,0.05,1.123300310351011,0.07207626919104444,100,0.063,1.0607756623449243,0.07010878332727888,1.0589423854878717,1.0280633291634949
m4_quarterly,chronos-2-CL,gap,0.1,1.1364999616036975,0.07534986047009105,100,0.059,1.0607756623449243,0.07010878332727888,1.0713857811286687,1.0747563556815127
m4_quarterly,chronos-2-CL,gap,0.15,1.1189776792877173,0.0731883859789422,100,0.059,1.0607756623449243,0.07010878332727888,1.054867413543532,1.0439260604093963
m4_quarterly,chronos-2-CL,gap,0.2,1.1745416742074795,0.07491659528530598,100,0.059,1.0607756623449243,0.07010878332727888,1.107247946857177,1.0685764568981817
m4_quarterly,chronos-2-CL,gap,0.3,1.1869730447312474,0.07589078624915337,100,0.062,1.0607756623449243,0.07010878332727888,1.1189670793420678,1.0824718765248456
m4_quarterly,chronos-2-CL,gap,0.4,1.2245286231440002,0.08328608435427559,100,0.059,1.0607756623449243,0.07010878332727888,1.1543709632601182,1.1879550664213212
m4_quarterly,chronos-2-CL,gap,0.5,1.1677755518362283,0.07629086289150312,100,0.059,1.0607756623449243,0.07010878332727888,1.1008694800319727,1.0881783889383063
m4_quarterly,chronos-2-CL,gap,0.6,1.1966999075786038,0.0773513139956677,100,0.06,1.0607756623449243,0.07010878332727888,1.1281366551464884,1.103304184221534
m4_quarterly,chronos-2-CL,gap,0.7,1.6936197636689676,0.09030841536787478,100,0.058,1.0607756623449243,0.07010878332727888,1.5965861810263386,1.2881184222852766
m4_quarterly,chronos-2-CL,gap_boundary,0.05,2.14433863492767,0.13284901948162733,100,0.059,1.0607756623449243,0.07010878332727888,2.0214817430741654,1.8948983733103328
m4_quarterly,chronos-2-CL,gap_boundary,0.1,2.3412405514125556,0.16102850767444285,100,0.059,1.0607756623449243,0.07010878332727888,2.2071024388295895,2.2968378572872434
m4_quarterly,chronos-2-CL,gap_boundary,0.15,2.7912237580482606,0.18208485244405426,100,0.058,1.0607756623449243,0.07010878332727888,2.631304485133125,2.5971760427513537
m4_quarterly,chronos-2-CL,gap_boundary,0.2,3.165506468134422,0.1895844196617412,100,0.057,1.0607756623449243,0.07010878332727888,2.9841431892741888,2.7041464801454502
m4_quarterly,chronos-2-CL,gap_boundary,0.3,3.9506458919033243,0.24288385402177604,100,0.059,1.0607756623449243,0.07010878332727888,3.7242991446185,3.464385523393778
m4_quarterly,chronos-2-CL,gap_boundary,0.4,4.774320578222776,0.27786593319700514,100,0.059,1.0607756623449243,0.07010878332727888,4.500782538382132,3.963354090740429
m4_quarterly,chronos-2-CL,gap_boundary,0.5,5.940001268378498,0.3365412481521126,100,0.058,1.0607756623449243,0.07010878332727888,5.599677178912343,4.80027226518944
m4_quarterly,chronos-2-CL,gap_boundary,0.6,6.854613511452421,0.36367072564262837,100,0.058,1.0607756623449243,0.07010878332727888,6.461887988926691,5.187234871056825
m4_quarterly,chronos-2-CL,gap_boundary,0.7,8.3306719262841,0.4165874995314154,100,0.061,1.0607756623449243,0.07010878332727888,7.853377695212695,5.942015818285123
m4_yearly,chronos-2-CL,clean,0.0,2.9638064368385,0.11503939272741714,100,0.272,2.9638064368385,0.11503939272741714,1.0,1.0
m4_yearly,chronos-2-CL,spikes_intensity,1.0,3.120700831303584,0.11618278642083414,100,0.273,2.9638064368385,0.11503939272741714,1.0529367884875922,1.0099391492453915
m4_yearly,chronos-2-CL,spikes_intensity,2.0,3.414837565961269,0.12543029359636143,100,0.142,2.9638064368385,0.11503939272741714,1.1521796847178336,1.0903247194077708
m4_yearly,chronos-2-CL,spikes_intensity,4.0,3.727308111230503,0.1344804553127334,100,0.125,2.9638064368385,0.11503939272741714,1.2576084810742338,1.1689948297222095
m4_yearly,chronos-2-CL,spikes_intensity,6.0,4.0942480689528535,0.13113571115787365,100,0.131,2.9638064368385,0.11503939272741714,1.3814154723680938,1.1399200573719674
m4_yearly,chronos-2-CL,spikes_intensity,8.0,6.154071134329319,0.1713110499463958,100,0.109,2.9638064368385,0.11503939272741714,2.0764079117440217,1.4891512019044892
m4_yearly,chronos-2-CL,spikes_intensity,12.0,4.201490798355579,0.15752414207307053,100,0.045,2.9638064368385,0.11503939272741714,1.4175995929198804,1.3693060988797106
m4_yearly,chronos-2-CL,spikes_intensity,16.0,4.57011161958364,0.18827148766700688,100,0.046,2.9638064368385,0.11503939272741714,1.5419737142006447,1.6365827670275632
m4_yearly,chronos-2-CL,spikes_intensity,20.0,4.531624282026192,0.19300481728390947,100,0.044,2.9638064368385,0.11503939272741714,1.5289879344685164,1.677728060867197
m4_yearly,chronos-2-CL,spikes_intensity,30.0,4.4094164060053584,0.17938521836390076,100,0.043,2.9638064368385,0.11503939272741714,1.4877545143295168,1.559337320120851
m4_yearly,chronos-2-CL,spikes_intensity,40.0,5.068613889456476,0.22154479460223164,100,0.046,2.9638064368385,0.11503939272741714,1.710170349337381,1.9258167950101779
m4_yearly,chronos-2-CL,spikes_density,0.01,11.263533760466487,0.26153612431547046,100,0.043,2.9638064368385,0.11503939272741714,3.800360786206176,2.273448408539269
m4_yearly,chronos-2-CL,spikes_density,0.02,5.1185644454846155,0.14622876321790926,100,0.046,2.9638064368385,0.11503939272741714,1.727023864265779,1.271119046711195
m4_yearly,chronos-2-CL,spikes_density,0.05,4.248989185413009,0.19688778914887733,100,0.044,2.9638064368385,0.11503939272741714,1.4336257363505214,1.711481471528608
m4_yearly,chronos-2-CL,spikes_density,0.08,5.493380317232207,0.2166407306281972,100,0.045,2.9638064368385,0.11503939272741714,1.8534882200647387,1.8831873629715847
m4_yearly,chronos-2-CL,spikes_density,0.12,9.286327119634878,0.2778887805469101,100,0.045,2.9638064368385,0.11503939272741714,3.1332434548393207,2.4155967269869056
m4_yearly,chronos-2-CL,spikes_density,0.16,10.416544962564336,0.3638903927130335,100,0.045,2.9638064368385,0.11503939272741714,3.5145834198523747,3.1631807512689356
m4_yearly,chronos-2-CL,spikes_density,0.2,11.413769567909506,0.3981463033067032,100,0.043,2.9638064368385,0.11503939272741714,3.8510509411284644,3.460956233054016
m4_yearly,chronos-2-CL,spikes_density,0.3,16.17613194686691,0.673476983542314,100,0.042,2.9638064368385,0.11503939272741714,5.457890821008552,5.8543162265998765
m4_yearly,chronos-2-CL,spikes_density,0.4,17.96768152608387,0.8115946678893821,100,0.044,2.9638064368385,0.11503939272741714,6.06236672636761,7.0549283045368165
m4_yearly,chronos-2-CL,drift,0.5,4.702751533635269,0.15295664426622443,100,0.043,2.9638064368385,0.11503939272741714,1.5867269451819217,1.3296023269929043
m4_yearly,chronos-2-CL,drift,1.0,7.842140696589206,0.22868019632296857,100,0.048,2.9638064368385,0.11503939272741714,2.6459692505946637,1.987842519864655
m4_yearly,chronos-2-CL,drift,2.0,15.103243899710266,0.47737862318024565,100,0.115,2.9638064368385,0.11503939272741714,5.095894155564672,4.1496970025857305
m4_yearly,chronos-2-CL,drift,4.0,28.76859207494789,0.9205871662658333,100,0.111,2.9638064368385,0.11503939272741714,9.70663661343398,8.002364619979703
m4_yearly,chronos-2-CL,drift,6.0,42.78977038359757,1.3317225136396553,100,0.117,2.9638064368385,0.11503939272741714,14.437437563986645,11.576230385665694
m4_yearly,chronos-2-CL,drift,9.0,64.92048828838631,2.0871854638742304,100,0.114,2.9638064368385,0.11503939272741714,21.90442921017378,18.14322393738432
m4_yearly,chronos-2-CL,drift,12.0,86.95311598350827,2.784018928370083,100,0.121,2.9638064368385,0.11503939272741714,29.33832483212412,24.200570451260496
m4_yearly,chronos-2-CL,drift,16.0,116.20065814921492,3.759372147180203,100,0.121,2.9638064368385,0.11503939272741714,39.206561098222885,32.67899854172507
m4_yearly,chronos-2-CL,drift,20.0,145.11039032492332,4.735924469781848,100,0.047,2.9638064368385,0.11503939272741714,48.96081893921283,41.16785005118636
m4_yearly,chronos-2-CL,drift,26.0,189.20045300200843,6.170552626131206,100,0.046,2.9638064368385,0.11503939272741714,63.836980259692346,53.63860569702563
m4_yearly,chronos-2-CL,drift,32.0,231.78413541018793,7.559540226070599,100,0.044,2.9638064368385,0.11503939272741714,78.2048829266437,65.71262284027118
m4_yearly,chronos-2-CL,drift_step,0.5,3.320260286981845,0.12261788510436188,100,0.045,2.9638064368385,0.11503939272741714,1.1202689371724206,1.0658773677196103
m4_yearly,chronos-2-CL,drift_step,1.0,3.653018187031689,0.13234793565790215,100,0.046,2.9638064368385,0.11503939272741714,1.2325427671748945,1.1504575304174036
m4_yearly,chronos-2-CL,drift_step,2.0,4.538165378861886,0.15041452261287372,100,0.047,2.9638064368385,0.11503939272741714,1.531194926380806,1.3075044908249562
m4_yearly,chronos-2-CL,drift_step,4.0,5.567370732334359,0.171313610002411,100,0.045,2.9638064368385,0.11503939272741714,1.8784528784116845,1.4891734556382277
m4_yearly,chronos-2-CL,drift_step,8.0,6.75486756139462,0.21569324014905183,100,0.046,2.9638064368385,0.11503939272741714,2.27911899961998,1.874951136608756
m4_yearly,chronos-2-CL,drift_step,12.0,9.394243245648557,0.3368943387131414,100,0.053,2.9638064368385,0.11503939272741714,3.1696547820678265,2.9285128400443123
m4_yearly,chronos-2-CL,drift_step,16.0,15.110227767949018,0.43764856233352134,100,0.045,2.9638064368385,0.11503939272741714,5.098250540297475,3.8043365142800973
m4_yearly,chronos-2-CL,drift_step,20.0,17.243850401646885,0.39859936050484723,100,0.043,2.9638064368385,0.11503939272741714,5.818143245562603,3.4648945118244674
m4_yearly,chronos-2-CL,gap,0.05,3.020121256424894,0.1157070701217199,100,0.045,2.9638064368385,0.11503939272741714,1.0190008425943176,1.0058039022848877
m4_yearly,chronos-2-CL,gap,0.1,3.296906160646075,0.12741726448366109,100,0.045,2.9638064368385,0.11503939272741714,1.112389162688672,1.1075968106470537
m4_yearly,chronos-2-CL,gap,0.15,3.102329714427046,0.11163939180019694,100,0.048,2.9638064368385,0.11503939272741714,1.0467383010802518,0.9704448985116219
m4_yearly,chronos-2-CL,gap,0.2,3.135737640152961,0.12283247446766035,100,0.044,2.9638064368385,0.11503939272741714,1.0580102671947296,1.0677427232140273
m4_yearly,chronos-2-CL,gap,0.3,3.4600069317950464,0.12716062179610804,100,0.045,2.9638064368385,0.11503939272741714,1.1674200071870566,1.1053658992916613
m4_yearly,chronos-2-CL,gap,0.4,4.501550377973963,0.14803755753310613,100,0.067,2.9638064368385,0.11503939272741714,1.518840880437448,1.2868423069989363
m4_yearly,chronos-2-CL,gap,0.5,3.5309828187447967,0.14237153522940782,100,0.132,2.9638064368385,0.11503939272741714,1.1913675518268005,1.2375894191892465
m4_yearly,chronos-2-CL,gap,0.6,4.56220789952104,0.14396826186803463,100,0.121,2.9638064368385,0.11503939272741714,1.5393069678286948,1.2514692441845872
m4_yearly,chronos-2-CL,gap,0.7,4.607663623054171,0.15472430341422927,100,0.114,2.9638064368385,0.11503939272741714,1.5546439085169064,1.3449680126601893
m4_yearly,chronos-2-CL,gap_boundary,0.05,5.647367867835455,0.17911975601302632,100,0.046,2.9638064368385,0.11503939272741714,1.9054442279501616,1.557029742302673
m4_yearly,chronos-2-CL,gap_boundary,0.1,6.62863430997685,0.20961028191863296,100,0.044,2.9638064368385,0.11503939272741714,2.2365274019202253,1.8220739604849887
m4_yearly,chronos-2-CL,gap_boundary,0.15,7.2589297234688805,0.2310650845604343,100,0.045,2.9638064368385,0.11503939272741714,2.449191564349256,2.0085735771218562
m4_yearly,chronos-2-CL,gap_boundary,0.2,8.172656690889713,0.2595010956130517,100,0.045,2.9638064368385,0.11503939272741714,2.7574866527408948,2.25575856635416
m4_yearly,chronos-2-CL,gap_boundary,0.3,9.451434625267522,0.295073144168759,100,0.044,2.9638064368385,0.11503939272741714,3.1889513794798936,2.564974807090013
m4_yearly,chronos-2-CL,gap_boundary,0.4,13.120127606252879,0.39051282091231454,100,0.045,2.9638064368385,0.11503939272741714,4.426782884056407,3.3946008550099402
m4_yearly,chronos-2-CL,gap_boundary,0.5,15.530619970322041,0.430090123228726,100,0.045,2.9638064368385,0.11503939272741714,5.240092530094035,3.7386334631286986
m4_yearly,chronos-2-CL,gap_boundary,0.6,17.55461092396914,0.49930403535105167,100,0.046,2.9638064368385,0.11503939272741714,5.922995073421424,4.340287474692601
m4_yearly,chronos-2-CL,gap_boundary,0.7,19.092657559696775,0.5636335879402943,100,0.045,2.9638064368385,0.11503939272741714,6.441938084210035,4.899483338510048
m5,chronos-2-CL,clean,0.0,0.9005717089382363,0.5470510100156958,100,0.545,0.9005717089382363,0.5470510100156958,1.0,1.0
m5,chronos-2-CL,spikes_intensity,1.0,0.9002469829086934,0.5446941963869026,100,0.27,0.9005717089382363,0.5470510100156958,0.9996394223510243,0.9956917845216564
m5,chronos-2-CL,spikes_intensity,2.0,0.8978242002636262,0.5423198157826049,100,0.265,0.9005717089382363,0.5470510100156958,0.996949150581413,0.991351456909009
m5,chronos-2-CL,spikes_intensity,4.0,0.9023035244153356,0.5493300249963168,100,0.258,0.9005717089382363,0.5470510100156958,1.0019230178562248,1.004166000864445
m5,chronos-2-CL,spikes_intensity,6.0,0.9178229865237839,0.5765079400110006,100,0.254,0.9005717089382363,0.5470510100156958,1.0191559177512768,1.0538467701475582
m5,chronos-2-CL,spikes_intensity,8.0,0.9193230167971804,0.5643906334470972,100,0.247,0.9005717089382363,0.5470510100156958,1.020821559985547,1.0316965385566217
m5,chronos-2-CL,spikes_intensity,12.0,0.9285257315950805,0.5583397939750233,100,0.235,0.9005717089382363,0.5470510100156958,1.0310403073729704,1.0206357062735405
m5,chronos-2-CL,spikes_intensity,16.0,0.9411648649513963,0.5747274577088596,100,0.197,0.9005717089382363,0.5470510100156958,1.0450748736722129,1.0505920785931273
m5,chronos-2-CL,spikes_intensity,20.0,0.9459814670370539,0.5882837794955563,100,0.181,0.9005717089382363,0.5470510100156958,1.0504232563027713,1.0753728056889567
m5,chronos-2-CL,spikes_intensity,30.0,0.968785401033914,0.5792635513639763,100,0.173,0.9005717089382363,0.5470510100156958,1.0757448756369448,1.0588839811251904
m5,chronos-2-CL,spikes_intensity,40.0,0.9799041050102082,0.5832776292159771,100,0.171,0.9005717089382363,0.5470510100156958,1.088091148416714,1.0662216475923185
m5,chronos-2-CL,spikes_density,0.01,0.9135030899824889,0.5525170857322363,100,0.182,0.9005717089382363,0.5470510100156958,1.0143590798110884,1.0099918940216996
m5,chronos-2-CL,spikes_density,0.02,0.9197702236345119,0.5543708823481279,100,0.162,0.9005717089382363,0.5470510100156958,1.0213181410272263,1.013380602902501
m5,chronos-2-CL,spikes_density,0.05,0.9591994896672247,0.5799627791532085,100,0.183,0.9005717089382363,0.5470510100156958,1.0651006245778138,1.0601621577054916
m5,chronos-2-CL,spikes_density,0.08,0.9746500440645444,0.6290865624557401,100,0.164,0.9005717089382363,0.5470510100156958,1.0822570089545067,1.1499596032876178
m5,chronos-2-CL,spikes_density,0.12,1.0074852371205445,0.6775236114837014,100,0.167,0.9005717089382363,0.5470510100156958,1.118717395984333,1.238501710223078
m5,chronos-2-CL,spikes_density,0.16,1.0476524607012798,0.7294421700288191,100,0.167,0.9005717089382363,0.5470510100156958,1.1633193118363112,1.333407957711092
m5,chronos-2-CL,spikes_density,0.2,1.0680395401406741,0.790957621435809,100,0.164,0.9005717089382363,0.5470510100156958,1.1859572419834068,1.4458571631430042
m5,chronos-2-CL,spikes_density,0.3,1.038408031707697,1.6885129076920098,100,0.163,0.9005717089382363,0.5470510100156958,1.1530542447663252,3.0865730558537194
m5,chronos-2-CL,spikes_density,0.4,1.2193552902353173,3.0860298891424285,100,0.163,0.9005717089382363,0.5470510100156958,1.3539791203000626,5.641210476978893
m5,chronos-2-CL,drift,0.5,1.302387924990608,0.6882136366720242,100,0.165,0.9005717089382363,0.5470510100156958,1.4461790350111134,1.2580428955835
m5,chronos-2-CL,drift,1.0,1.900381811010503,1.0101772433061689,100,0.195,0.9005717089382363,0.5470510100156958,2.1101948819278715,1.8465869266509265
m5,chronos-2-CL,drift,2.0,3.2020202324049687,1.8368420148552405,100,0.163,0.9005717089382363,0.5470510100156958,3.5555416638394224,3.3577161566752953
m5,chronos-2-CL,drift,4.0,5.9709875518008735,3.6021508365934714,100,0.162,0.9005717089382363,0.5470510100156958,6.63021888489102,6.584670845393594
m5,chronos-2-CL,drift,6.0,9.002749230361987,5.640632906601429,100,0.163,0.9005717089382363,0.5470510100156958,9.996704472291412,10.310981614748485
m5,chronos-2-CL,drift,9.0,13.480466243863352,8.58629037488081,100,0.162,0.9005717089382363,0.5470510100156958,14.968787171603099,15.695593678977865
m5,chronos-2-CL,drift,12.0,17.931343366610523,11.588648059341523,100,0.175,0.9005717089382363,0.5470510100156958,19.91106670200796,21.183852780034215
m5,chronos-2-CL,drift,16.0,23.89156085084564,15.368728090470581,100,0.164,0.9005717089382363,0.5470510100156958,26.529326441992623,28.093775185662537
m5,chronos-2-CL,drift,20.0,30.068672387289084,19.410120274552693,100,0.202,0.9005717089382363,0.5470510100156958,33.38842658375278,35.48137179016594
m5,chronos-2-CL,drift,26.0,38.9261685766925,25.184305064782095,100,0.204,0.9005717089382363,0.5470510100156958,43.223841244786605,46.0364839908796
m5,chronos-2-CL,drift,32.0,47.90969519059439,30.943454133714738,100,0.198,0.9005717089382363,0.5470510100156958,53.199200813313766,56.56411114719799
m5,chronos-2-CL,drift_step,0.5,0.9072496700445286,0.5524401598103656,100,0.184,0.9005717089382363,0.5470510100156958,1.0074152463818407,1.0098512747367292
m5,chronos-2-CL,drift_step,1.0,0.9065180685592025,0.5503765935855437,100,0.182,0.9005717089382363,0.5470510100156958,1.006602871888988,1.0060791105563491
m5,chronos-2-CL,drift_step,2.0,0.9154427515052967,0.5518892169413268,100,0.171,0.9005717089382363,0.5470510100156958,1.0165128911106849,1.0088441604842155
m5,chronos-2-CL,drift_step,4.0,0.920765706554747,0.5556648230905707,100,0.171,0.9005717089382363,0.5470510100156958,1.0224235309815797,1.0157459047093758
m5,chronos-2-CL,drift_step,8.0,0.9377571281546359,0.5593307120452734,100,0.165,0.9005717089382363,0.5470510100156958,1.0412909031533322,1.0224470877573653
m5,chronos-2-CL,drift_step,12.0,0.9541695235653811,0.6035829492823903,100,0.175,0.9005717089382363,0.5470510100156958,1.0595153213177615,1.1033394294712526
m5,chronos-2-CL,drift_step,16.0,1.0082194483531368,0.6010354727983034,100,0.21,0.9005717089382363,0.5470510100156958,1.1195326683555449,1.0986826855160339
m5,chronos-2-CL,drift_step,20.0,0.9529972229572409,0.5774610712133874,100,0.169,0.9005717089382363,0.5470510100156958,1.058213591986821,1.0555890778756063
m5,chronos-2-CL,gap,0.05,0.8999171294509369,0.5466217801778033,100,0.177,0.9005717089382363,0.5470510100156958,0.9992731511762998,0.9992153751112164
m5,chronos-2-CL,gap,0.1,0.8984193842237636,0.5482684606109439,100,0.163,0.9005717089382363,0.5470510100156958,0.9976100462704848,1.0022254791106469
m5,chronos-2-CL,gap,0.15,0.8992333416484629,0.5476014532263758,100,0.165,0.9005717089382363,0.5470510100156958,0.9985138692716082,1.001006200885479
m5,chronos-2-CL,gap,0.2,0.9037251850792116,0.5493444350211215,100,0.165,0.9005717089382363,0.5470510100156958,1.0035016380257973,1.0041923421462287
m5,chronos-2-CL,gap,0.3,0.9051796806877929,0.5545372721704793,100,0.159,0.9005717089382363,0.5470510100156958,1.0051167183066292,1.0136847606854227
m5,chronos-2-CL,gap,0.4,0.8983515007920161,0.5478759389772063,100,0.182,0.9005717089382363,0.5470510100156958,0.9975346681178361,1.0015079561986127
m5,chronos-2-CL,gap,0.5,0.8978374934987869,0.5478513213801727,100,0.203,0.9005717089382363,0.5470510100156958,0.9969639114661141,1.0014629556473242
m5,chronos-2-CL,gap,0.6,0.9002112762881048,0.5474665875663277,100,0.212,0.9005717089382363,0.5470510100156958,0.999599773514364,1.0007596687384235
m5,chronos-2-CL,gap,0.7,0.901906427958069,0.5437153800930837,100,0.204,0.9005717089382363,0.5470510100156958,1.0014820796684878,0.9939025248806024
m5,chronos-2-CL,gap_boundary,0.05,0.9379322451034997,0.6235949142407539,100,0.183,0.9005717089382363,0.5470510100156958,1.0414853540195161,1.1399209631709881
m5,chronos-2-CL,gap_boundary,0.1,0.9290037415654474,0.6303732758589451,100,0.178,0.9005717089382363,0.5470510100156958,1.0315710923905572,1.1523116936405229
m5,chronos-2-CL,gap_boundary,0.15,0.9462902451846331,0.6561735122297702,100,0.173,0.9005717089382363,0.5470510100156958,1.050766125331983,1.1994740896483191
m5,chronos-2-CL,gap_boundary,0.2,0.9494558057091461,0.6397869295420399,100,0.169,0.9005717089382363,0.5470510100156958,1.0542811819266935,1.1695196934627419
m5,chronos-2-CL,gap_boundary,0.3,0.9606739463639682,0.6429458333004363,100,0.166,0.9005717089382363,0.5470510100156958,1.0667378697656311,1.175294116140996
m5,chronos-2-CL,gap_boundary,0.4,0.9293392979547432,0.6280954783687187,100,0.163,0.9005717089382363,0.5470510100156958,1.0319436961332302,1.148147918327941
m5,chronos-2-CL,gap_boundary,0.5,0.9470188751753064,0.6320857589845535,100,0.167,0.9005717089382363,0.5470510100156958,1.0515752002601,1.155442083849581
m5,chronos-2-CL,gap_boundary,0.6,0.9536748299428026,0.6410565187000468,100,0.2,0.9005717089382363,0.5470510100156958,1.0589660106769,1.1718404809848606
m5,chronos-2-CL,gap_boundary,0.7,0.952390584391285,0.6774997473725883,100,0.201,0.9005717089382363,0.5470510100156958,1.0575399770376337,1.2384580870313169
nn5,chronos-2-CL,clean,0.0,0.5351440255505258,0.14157813099326844,100,0.255,0.5351440255505258,0.14157813099326844,1.0,1.0
nn5,chronos-2-CL,spikes_intensity,1.0,0.53864364018135,0.14215063543684708,100,0.114,0.5351440255505258,0.14157813099326844,1.0065395752614898,1.004043735000329
nn5,chronos-2-CL,spikes_intensity,2.0,0.540394143437465,0.14240031463467,100,0.116,0.5351440255505258,0.14157813099326844,1.009810663365882,1.005807278536829
nn5,chronos-2-CL,spikes_intensity,4.0,0.5475357576119421,0.14418067257712683,100,0.118,0.5351440255505258,0.14157813099326844,1.023155882285462,1.0183823699719707
nn5,chronos-2-CL,spikes_intensity,6.0,0.5436809742263023,0.14294360595203792,100,0.093,0.5351440255505258,0.14157813099326844,1.0159526188617993,1.0096446742811882
nn5,chronos-2-CL,spikes_intensity,8.0,0.5461437193505795,0.14378262440468548,100,0.096,0.5351440255505258,0.14157813099326844,1.020554641881198,1.0155708610923946
nn5,chronos-2-CL,spikes_intensity,12.0,0.5537807301981889,0.14638693745907008,100,0.095,0.5351440255505258,0.14157813099326844,1.0348255866791949,1.0339657433818665
nn5,chronos-2-CL,spikes_intensity,16.0,0.5587093066772818,0.14807475352824756,100,0.094,0.5351440255505258,0.14157813099326844,1.0440353998206622,1.0458871895638178
nn5,chronos-2-CL,spikes_intensity,20.0,0.5624655006377788,0.14835740396072594,100,0.093,0.5351440255505258,0.14157813099326844,1.0510544335408514,1.0478836167697385
nn5,chronos-2-CL,spikes_intensity,30.0,0.601474842752133,0.16053917634965453,100,0.091,0.5351440255505258,0.14157813099326844,1.1239494678715134,1.1339263714202275
nn5,chronos-2-CL,spikes_intensity,40.0,0.6319231611911622,0.16619714038194427,100,0.092,0.5351440255505258,0.14157813099326844,1.180846895452258,1.173889916584973
nn5,chronos-2-CL,spikes_density,0.01,0.5380606675360604,0.1418217861605321,100,0.09,0.5351440255505258,0.14157813099326844,1.0054502000326626,1.0017209943764214
nn5,chronos-2-CL,spikes_density,0.02,0.5414431349050867,0.1425425843692018,100,0.101,0.5351440255505258,0.14157813099326844,1.011770867381133,1.0068121634970533
nn5,chronos-2-CL,spikes_density,0.05,0.5698693261125904,0.14971175741148549,100,0.11,0.5351440255505258,0.14157813099326844,1.0648896351339086,1.0574497371956675
nn5,chronos-2-CL,spikes_density,0.08,0.6649129980448609,0.18113350634741776,100,0.103,0.5351440255505258,0.14157813099326844,1.242493546220265,1.2793890205827767
nn5,chronos-2-CL,spikes_density,0.12,0.8566232240957777,0.24445667882977837,100,0.101,0.5351440255505258,0.14157813099326844,1.6007339766421431,1.7266556431755795
nn5,chronos-2-CL,spikes_density,0.16,0.9497020471504165,0.29442634926945677,100,0.101,0.5351440255505258,0.14157813099326844,1.7746662614301207,2.0796033059897914
nn5,chronos-2-CL,spikes_density,0.2,0.9867574835227416,0.34817448136942264,100,0.099,0.5351440255505258,0.14157813099326844,1.8439101184164797,2.4592391418557233
nn5,chronos-2-CL,spikes_density,0.3,1.022112405586505,0.7020562927096511,100,0.1,0.5351440255505258,0.14157813099326844,1.909976299436425,4.95879051223689
nn5,chronos-2-CL,spikes_density,0.4,1.0975867262938261,1.137592020401902,100,0.1,0.5351440255505258,0.14157813099326844,2.0510118283852488,8.035082907373532
nn5,chronos-2-CL,drift,0.5,0.7280498628014267,0.19190694492340907,100,0.101,0.5351440255505258,0.14157813099326844,1.3604746162539147,1.3554843786752178
nn5,chronos-2-CL,drift,1.0,1.1614721942761992,0.3190719675127987,100,0.105,0.5351440255505258,0.14157813099326844,2.1703917801966353,2.2536811672416377
nn5,chronos-2-CL,drift,2.0,2.1986414815797093,0.6516546957232712,100,0.107,0.5351440255505258,0.14157813099326844,4.108504209344152,4.602792049530977
nn5,chronos-2-CL,drift,4.0,4.324245430654788,1.3564958043647033,100,0.108,0.5351440255505258,0.14157813099326844,8.080526408206183,9.581252378795707
nn5,chronos-2-CL,drift,6.0,6.558479211716212,2.1002838158679236,100,0.103,0.5351440255505258,0.14157813099326844,12.255540375264811,14.834803942762777
nn5,chronos-2-CL,drift,9.0,9.837249298788814,3.191390363626604,100,0.106,0.5351440255505258,0.14157813099326844,18.38243319388423,22.541548904741113
nn5,chronos-2-CL,drift,12.0,13.187513198953019,4.301332444452267,100,0.118,0.5351440255505258,0.14157813099326844,24.642923342714056,30.38133371499855
nn5,chronos-2-CL,drift,16.0,17.59146658332208,5.762590006268954,100,0.102,0.5351440255505258,0.14157813099326844,32.872396482843996,40.70254329422491
nn5,chronos-2-CL,drift,20.0,22.055275505061577,7.241797213115863,100,0.107,0.5351440255505258,0.14157813099326844,41.21371902147719,51.150535483903134
nn5,chronos-2-CL,drift,26.0,28.74348739816702,9.46656586135686,100,0.11,0.5351440255505258,0.14157813099326844,53.71168512737735,66.86460539450803
nn5,chronos-2-CL,drift,32.0,35.27852262464834,11.639035484676498,100,0.104,0.5351440255505258,0.14157813099326844,65.92341676309626,82.20927485778078
nn5,chronos-2-CL,drift_step,0.5,0.5514040905655416,0.14556120873013637,100,0.103,0.5351440255505258,0.14157813099326844,1.030384465188205,1.0281334250489387
nn5,chronos-2-CL,drift_step,1.0,0.5694172959908134,0.1494820726391707,100,0.106,0.5351440255505258,0.14157813099326844,1.0640449464142465,1.05582741904029
nn5,chronos-2-CL,drift_step,2.0,0.590112747551872,0.15595238886990873,100,0.109,0.5351440255505258,0.14157813099326844,1.1027176225032085,1.1015288009228186
nn5,chronos-2-CL,drift_step,4.0,0.5989421373521707,0.16338804589844197,100,0.099,0.5351440255505258,0.14157813099326844,1.1192167131755102,1.154048614373999
nn5,chronos-2-CL,drift_step,8.0,0.5650307819891729,0.16186816038683038,100,0.103,0.5351440255505258,0.14157813099326844,1.0558480614782186,1.1433133016463304
nn5,chronos-2-CL,drift_step,12.0,0.5828094534815738,0.17419681351389601,100,0.099,0.5351440255505258,0.14157813099326844,1.0890702795046856,1.2303935098717929
nn5,chronos-2-CL,drift_step,16.0,0.5844463365060037,0.18028359155533158,100,0.106,0.5351440255505258,0.14157813099326844,1.0921290505014207,1.2733858703354648
nn5,chronos-2-CL,drift_step,20.0,0.5921815815770439,0.18080161775973513,100,0.104,0.5351440255505258,0.14157813099326844,1.1065835612531434,1.2770448125800704
nn5,chronos-2-CL,gap,0.05,0.5361273089032195,0.14175956557969321,100,0.103,0.5351440255505258,0.14157813099326844,1.0018374181636096,1.0012815156207522
nn5,chronos-2-CL,gap,0.1,0.5380795801742809,0.14198266132763554,100,0.105,0.5351440255505258,0.14157813099326844,1.0054855412442196,1.0028572939304188
nn5,chronos-2-CL,gap,0.15,0.5357222481783291,0.14148817189330487,100,0.106,0.5351440255505258,0.14157813099326844,1.0010804990809876,0.9993645974888039
nn5,chronos-2-CL,gap,0.2,0.5370269357913471,0.14177286992157223,100,0.115,0.5351440255505258,0.14157813099326844,1.0035185111874962,1.0013754873506069
nn5,chronos-2-CL,gap,0.3,0.542891941271964,0.14251023078618458,100,0.111,0.5351440255505258,0.14157813099326844,1.0144781878363822,1.0065836424480026
nn5,chronos-2-CL,gap,0.4,0.5506447593490656,0.14471064396020503,100,0.109,0.5351440255505258,0.14157813099326844,1.028965536488226,1.0221256838535715
nn5,chronos-2-CL,gap,0.5,0.5557416883085143,0.14599998112046197,100,0.101,0.5351440255505258,0.14157813099326844,1.0384899424725873,1.0312325787617849
nn5,chronos-2-CL,gap,0.6,0.5593973737297995,0.14701553588426353,100,0.102,0.5351440255505258,0.14157813099326844,1.0453211603256212,1.0384056835109203
nn5,chronos-2-CL,gap,0.7,0.5664780605625139,0.1481492343110868,100,0.108,0.5351440255505258,0.14157813099326844,1.0585525270131784,1.04641326504113
nn5,chronos-2-CL,gap_boundary,0.05,0.5640496399353282,0.14698064684946655,100,0.104,0.5351440255505258,0.14157813099326844,1.054014644665174,1.0381592539631348
nn5,chronos-2-CL,gap_boundary,0.1,0.5839095526789309,0.1512887561559684,100,0.106,0.5351440255505258,0.14157813099326844,1.091125986276756,1.0685884542660171
nn5,chronos-2-CL,gap_boundary,0.15,0.5905462111972394,0.15333193039102194,100,0.103,0.5351440255505258,0.14157813099326844,1.1035276168685972,1.0830198796614454
nn5,chronos-2-CL,gap_boundary,0.2,0.6091383699372528,0.15780743897535265,100,0.104,0.5351440255505258,0.14157813099326844,1.138269962578029,1.1146314608635133
nn5,chronos-2-CL,gap_boundary,0.3,0.6252886681624749,0.16289667854563794,100,0.105,0.5351440255505258,0.14157813099326844,1.168449311415209,1.1505779699364949
nn5,chronos-2-CL,gap_boundary,0.4,0.6318317955515729,0.1670733021013451,100,0.112,0.5351440255505258,0.14157813099326844,1.18067616451773,1.1800784551202252
nn5,chronos-2-CL,gap_boundary,0.5,0.7026651685667158,0.18593089376821667,100,0.112,0.5351440255505258,0.14157813099326844,1.3130393595328917,1.3132741085348631
nn5,chronos-2-CL,gap_boundary,0.6,0.7278396367529743,0.1962786910091022,100,0.115,0.5351440255505258,0.14157813099326844,1.360081776124127,1.3863630606794393
nn5,chronos-2-CL,gap_boundary,0.7,0.7323411306713837,0.1933397730148514,100,0.111,0.5351440255505258,0.14157813099326844,1.3684935189512633,1.3656047841459642
monash_nn5_weekly,chronos-2-CL,clean,0.0,0.8608312991128827,0.07762564044103884,100,0.212,0.8608312991128827,0.07762564044103884,1.0,1.0
monash_nn5_weekly,chronos-2-CL,spikes_intensity,1.0,0.8568385046824474,0.07701756234239449,100,0.185,0.8608312991128827,0.07762564044103884,0.9953616992846914,0.9921665303475824
monash_nn5_weekly,chronos-2-CL,spikes_intensity,2.0,0.865441933386287,0.07826662889613359,100,0.048,0.8608312991128827,0.07762564044103884,1.0053560253654297,1.008257432099148
monash_nn5_weekly,chronos-2-CL,spikes_intensity,4.0,0.8686875239284134,0.07906141228026609,100,0.046,0.8608312991128827,0.07762564044103884,1.0091263233848802,1.018496102976668
monash_nn5_weekly,chronos-2-CL,spikes_intensity,6.0,0.9250127134422127,0.08285492600323592,100,0.06,0.8608312991128827,0.07762564044103884,1.0745574822795956,1.0673654417855531
monash_nn5_weekly,chronos-2-CL,spikes_intensity,8.0,0.9006699054768665,0.08109805900620157,100,0.048,0.8608312991128827,0.07762564044103884,1.0462792261445872,1.0447328813705599
monash_nn5_weekly,chronos-2-CL,spikes_intensity,12.0,0.9076155340582386,0.08301423379002434,100,0.044,0.8608312991128827,0.07762564044103884,1.0543477392069371,1.0694176990794486
monash_nn5_weekly,chronos-2-CL,spikes_intensity,16.0,0.9008209962887824,0.08272835937979643,100,0.045,0.8608312991128827,0.07762564044103884,1.046454743475418,1.065734967335096
monash_nn5_weekly,chronos-2-CL,spikes_intensity,20.0,0.8956676430143327,0.08329564355373233,100,0.047,0.8608312991128827,0.07762564044103884,1.0404682589229157,1.0730429157231904
monash_nn5_weekly,chronos-2-CL,spikes_intensity,30.0,0.9360061237326143,0.08832969230842107,100,0.047,0.8608312991128827,0.07762564044103884,1.0873281730081166,1.1378932503044863
monash_nn5_weekly,chronos-2-CL,spikes_intensity,40.0,0.8781000654558027,0.08402401972468157,100,0.045,0.8608312991128827,0.07762564044103884,1.0200605697779763,1.0824261062103915
monash_nn5_weekly,chronos-2-CL,spikes_density,0.01,0.8691498574945049,0.07840908557785829,100,0.052,0.8608312991128827,0.07762564044103884,1.0096634014007098,1.0100926077049828
monash_nn5_weekly,chronos-2-CL,spikes_density,0.02,0.872672242944678,0.07938144833011669,100,0.048,0.8608312991128827,0.07762564044103884,1.0137552431515884,1.0226189166247392
monash_nn5_weekly,chronos-2-CL,spikes_density,0.05,0.9255252130783846,0.08613707174947602,100,0.044,0.8608312991128827,0.07762564044103884,1.0751528366036078,1.1096471637474232
monash_nn5_weekly,chronos-2-CL,spikes_density,0.08,0.9168315234823166,0.08880508015738431,100,0.047,0.8608312991128827,0.07762564044103884,1.0650536573509166,1.1440173588627187
monash_nn5_weekly,chronos-2-CL,spikes_density,0.12,1.0394516547429489,0.10582092526419734,100,0.052,0.8608312991128827,0.07762564044103884,1.2074975152670921,1.3632212843973177
monash_nn5_weekly,chronos-2-CL,spikes_density,0.16,1.1104877701421663,0.12387828484206463,100,0.049,0.8608312991128827,0.07762564044103884,1.290017883046961,1.595842354900213
monash_nn5_weekly,chronos-2-CL,spikes_density,0.2,1.1824621828519208,0.1482992688822152,100,0.089,0.8608312991128827,0.07762564044103884,1.373628240597769,1.9104418081401475
monash_nn5_weekly,chronos-2-CL,spikes_density,0.3,1.4033414856599244,0.3417584692946078,100,0.13,0.8608312991128827,0.07762564044103884,1.630216613994075,4.402649270947956
monash_nn5_weekly,chronos-2-CL,spikes_density,0.4,1.7288393328573226,0.442163035068186,100,0.08,0.8608312991128827,0.07762564044103884,2.0083369815188563,5.6960951633504955
monash_nn5_weekly,chronos-2-CL,drift,0.5,1.041779962459789,0.09413987142282575,100,0.049,0.8608312991128827,0.07762564044103884,1.2102022353664188,1.2127419611349992
monash_nn5_weekly,chronos-2-CL,drift,1.0,1.3443862705602865,0.1252866152714377,100,0.047,0.8608312991128827,0.07762564044103884,1.5617302390674275,1.6139849482671917
monash_nn5_weekly,chronos-2-CL,drift,2.0,2.264034278519091,0.21819573046213803,100,0.049,0.8608312991128827,0.07762564044103884,2.6300557157392617,2.81087188746443
monash_nn5_weekly,chronos-2-CL,drift,4.0,4.76350457486004,0.5020015047722838,100,0.048,0.8608312991128827,0.07762564044103884,5.53360987195633,6.46695475773347
monash_nn5_weekly,chronos-2-CL,drift,6.0,7.141738050499221,0.7707943796114957,100,0.044,0.8608312991128827,0.07762564044103884,8.296327117588588,9.929636331914821
monash_nn5_weekly,chronos-2-CL,drift,9.0,10.830201093298218,1.1897064830265323,100,0.049,0.8608312991128827,0.07762564044103884,12.581095859849805,15.326205056307176
monash_nn5_weekly,chronos-2-CL,drift,12.0,14.564054562165277,1.6134414582273504,100,0.051,0.8608312991128827,0.07762564044103884,16.91859319842814,20.784903661475777
monash_nn5_weekly,chronos-2-CL,drift,16.0,19.40864500581494,2.1639986134153806,100,0.048,0.8608312991128827,0.07762564044103884,22.546397913059433,27.87736888379121
monash_nn5_weekly,chronos-2-CL,drift,20.0,24.174344432241195,2.7038254673593745,100,0.052,0.8608312991128827,0.07762564044103884,28.082557473402417,34.831602702371086
monash_nn5_weekly,chronos-2-CL,drift,26.0,31.455782442132875,3.526436773578807,100,0.049,0.8608312991128827,0.07762564044103884,36.54116953524945,45.42876237211002
monash_nn5_weekly,chronos-2-CL,drift,32.0,38.63356284586326,4.337179247318176,100,0.062,0.8608312991128827,0.07762564044103884,44.8793658939638,55.873023690059135
monash_nn5_weekly,chronos-2-CL,drift_step,0.5,0.8958507751424623,0.07995475564424401,100,0.044,0.8608312991128827,0.07762564044103884,1.040680997619009,1.0300044571609592
monash_nn5_weekly,chronos-2-CL,drift_step,1.0,0.9051539931914644,0.08139691726730466,100,0.05,0.8608312991128827,0.07762564044103884,1.051488246447658,1.0485828755143132
monash_nn5_weekly,chronos-2-CL,drift_step,2.0,0.974799543294745,0.08658344828920635,100,0.047,0.8608312991128827,0.07762564044103884,1.13239323930172,1.1153975387162374
monash_nn5_weekly,chronos-2-CL,drift_step,4.0,1.1290958373638182,0.10326810475240455,100,0.047,0.8608312991128827,0.07762564044103884,1.3116342755280759,1.3303349790826222
monash_nn5_weekly,chronos-2-CL,drift_step,8.0,1.0193495357460352,0.08960624650047679,100,0.146,0.8608312991128827,0.07762564044103884,1.184145530949573,1.1543382571965755
monash_nn5_weekly,chronos-2-CL,drift_step,12.0,1.12255519530281,0.10158394651852778,100,0.127,0.8608312991128827,0.07762564044103884,1.3040362222652022,1.30863907777594
monash_nn5_weekly,chronos-2-CL,drift_step,16.0,1.4428544746481662,0.1291235956980839,100,0.045,0.8608312991128827,0.07762564044103884,1.6761175809186761,1.663414239991498
monash_nn5_weekly,chronos-2-CL,drift_step,20.0,0.979495936197646,0.08853144092282497,100,0.046,0.8608312991128827,0.07762564044103884,1.1378488877054673,1.1404922448281727
monash_nn5_weekly,chronos-2-CL,gap,0.05,0.8632450901476563,0.07751309057752223,100,0.046,0.8608312991128827,0.07762564044103884,1.002804023317067,0.9985500942359103
monash_nn5_weekly,chronos-2-CL,gap,0.1,0.8699832563121038,0.0781810811921843,100,0.052,0.8608312991128827,0.07762564044103884,1.0106315339703058,1.0071553773726007
monash_nn5_weekly,chronos-2-CL,gap,0.15,0.8769771479970521,0.07883189481017999,100,0.047,0.8608312991128827,0.07762564044103884,1.0187561127259293,1.0155393805743524
monash_nn5_weekly,chronos-2-CL,gap,0.2,0.8831794831300711,0.07917429232158663,100,0.045,0.8608312991128827,0.07762564044103884,1.0259611657245955,1.0199502622039438
monash_nn5_weekly,chronos-2-CL,gap,0.3,0.9557512543804006,0.08438687615661682,100,0.051,0.8608312991128827,0.07762564044103884,1.1102654554560647,1.087100546638498
monash_nn5_weekly,chronos-2-CL,gap,0.4,0.9464839561946298,0.08350939560287424,100,0.048,0.8608312991128827,0.07762564044103884,1.099499933575853,1.075796542590904
monash_nn5_weekly,chronos-2-CL,gap,0.5,0.9570577168827069,0.08402514067038724,100,0.049,0.8608312991128827,0.07762564044103884,1.111783130874759,1.0824405466156404
monash_nn5_weekly,chronos-2-CL,gap,0.6,0.9964736777003297,0.08690813989496415,100,0.044,0.8608312991128827,0.07762564044103884,1.1575713832980181,1.119580326824819
monash_nn5_weekly,chronos-2-CL,gap,0.7,0.9753652008360433,0.08645403566003826,100,0.045,0.8608312991128827,0.07762564044103884,1.1330503454523457,1.113730401048415
monash_nn5_weekly,chronos-2-CL,gap_boundary,0.05,0.9409575904304305,0.0847791391542956,100,0.044,0.8608312991128827,0.07762564044103884,1.0930801324256225,1.092153812485325
monash_nn5_weekly,chronos-2-CL,gap_boundary,0.1,1.0200087616865612,0.09198247156391332,100,0.046,0.8608312991128827,0.07762564044103884,1.1849113324965257,1.1849495996593975
monash_nn5_weekly,chronos-2-CL,gap_boundary,0.15,1.0247004609966164,0.09329553079023686,100,0.045,0.8608312991128827,0.07762564044103884,1.1903615285046056,1.2018648768650122
monash_nn5_weekly,chronos-2-CL,gap_boundary,0.2,1.115513849643436,0.10120157993960621,100,0.044,0.8608312991128827,0.07762564044103884,1.2958565177555843,1.3037133009739825
monash_nn5_weekly,chronos-2-CL,gap_boundary,0.3,1.140251934204977,0.10608022141931257,100,0.045,0.8608312991128827,0.07762564044103884,1.3245939539838378,1.366561625986025
monash_nn5_weekly,chronos-2-CL,gap_boundary,0.4,1.2279161750234704,0.11335885850315194,100,0.096,0.8608312991128827,0.07762564044103884,1.426430679610374,1.460327513680928
monash_nn5_weekly,chronos-2-CL,gap_boundary,0.5,1.448166949873364,0.13416947427336273,100,0.132,0.8608312991128827,0.07762564044103884,1.6822889123173745,1.7284169703600991
monash_nn5_weekly,chronos-2-CL,gap_boundary,0.6,1.5225595986178093,0.13922544016431485,100,0.076,0.8608312991128827,0.07762564044103884,1.768708456798517,1.7935496489728109
monash_nn5_weekly,chronos-2-CL,gap_boundary,0.7,1.4955593503437354,0.13979217741225716,100,0.045,0.8608312991128827,0.07762564044103884,1.737343137830795,1.8008505516735467
monash_tourism_monthly,chronos-2-CL,clean,0.0,1.2758506769802234,0.06511237787521712,100,0.31,1.2758506769802234,0.06511237787521712,1.0,1.0
monash_tourism_monthly,chronos-2-CL,spikes_intensity,1.0,1.357442928807531,0.07029621172290462,100,0.049,1.2758506769802234,0.06511237787521712,1.0639512548760222,1.0796136466959005
monash_tourism_monthly,chronos-2-CL,spikes_intensity,2.0,1.3664513102260867,0.07940156957540327,100,0.047,1.2758506769802234,0.06511237787521712,1.071011941193858,1.2194543060241216
monash_tourism_monthly,chronos-2-CL,spikes_intensity,4.0,1.4574031174473794,0.08108735811958473,100,0.044,1.2758506769802234,0.06511237787521712,1.1422991293125835,1.2453447526518295
monash_tourism_monthly,chronos-2-CL,spikes_intensity,6.0,1.5099789939058879,0.08601181339330574,100,0.047,1.2758506769802234,0.06511237787521712,1.1835076166435217,1.3209748468738276
monash_tourism_monthly,chronos-2-CL,spikes_intensity,8.0,1.4367224675711145,0.08779461038415132,100,0.045,1.2758506769802234,0.06511237787521712,1.12608982657097,1.3483551553347193
monash_tourism_monthly,chronos-2-CL,spikes_intensity,12.0,1.5803580447555978,0.09618706914374096,100,0.045,1.2758506769802234,0.06511237787521712,1.2386700679550562,1.4772470654976864
monash_tourism_monthly,chronos-2-CL,spikes_intensity,16.0,1.6469611153522314,0.1047924027766222,100,0.059,1.2758506769802234,0.06511237787521712,1.2908729407506994,1.6094083213709198
monash_tourism_monthly,chronos-2-CL,spikes_intensity,20.0,1.5803373745456861,0.09504322487701365,100,0.051,1.2758506769802234,0.06511237787521712,1.2386538668350626,1.4596798332132288
monash_tourism_monthly,chronos-2-CL,spikes_intensity,30.0,1.7112301925378912,0.10767652772226402,100,0.045,1.2758506769802234,0.06511237787521712,1.341246451025253,1.653702893920075
monash_tourism_monthly,chronos-2-CL,spikes_intensity,40.0,1.9089100367538518,0.1361600818945055,100,0.045,1.2758506769802234,0.06511237787521712,1.496186090735947,2.0911551127106103
monash_tourism_monthly,chronos-2-CL,spikes_density,0.01,1.347233789935137,0.076310997008227,100,0.053,1.2758506769802234,0.06511237787521712,1.0559494259342859,1.171989097901956
monash_tourism_monthly,chronos-2-CL,spikes_density,0.02,1.4138760145477476,0.07777450512483111,100,0.052,1.2758506769802234,0.06511237787521712,1.1081829872867355,1.1944657477243419
monash_tourism_monthly,chronos-2-CL,spikes_density,0.05,1.6362543686793976,0.10149815472542884,100,0.05,1.2758506769802234,0.06511237787521712,1.282481091401859,1.5588150523383169
monash_tourism_monthly,chronos-2-CL,spikes_density,0.08,2.169923937411423,0.14640940349287992,100,0.052,1.2758506769802234,0.06511237787521712,1.7007663800809023,2.2485648392915754
monash_tourism_monthly,chronos-2-CL,spikes_density,0.12,2.6613966674864606,0.2202601105287478,100,0.057,1.2758506769802234,0.06511237787521712,2.085978175585288,3.3827686488559734
monash_tourism_monthly,chronos-2-CL,spikes_density,0.16,3.195510418608097,0.27669251050785293,100,0.052,1.2758506769802234,0.06511237787521712,2.5046116103268954,4.249461001687159
monash_tourism_monthly,chronos-2-CL,spikes_density,0.2,3.544820044673945,0.3377106436270921,100,0.055,1.2758506769802234,0.06511237787521712,2.778397275348934,5.186581332880956
monash_tourism_monthly,chronos-2-CL,spikes_density,0.3,4.7423248537928675,0.5603130790699097,100,0.059,1.2758506769802234,0.06511237787521712,3.716990506300744,8.605323555280176
monash_tourism_monthly,chronos-2-CL,spikes_density,0.4,4.859615317316847,0.9183005923765601,100,0.06,1.2758506769802234,0.06511237787521712,3.808921690443383,14.103318329679386
monash_tourism_monthly,chronos-2-CL,drift,0.5,1.9253833899124455,0.13074638328846178,100,0.061,1.2758506769802234,0.06511237787521712,1.5090977530925356,2.008011188579646
monash_tourism_monthly,chronos-2-CL,drift,1.0,3.0564694063617033,0.255452815704565,100,0.058,1.2758506769802234,0.06511237787521712,2.3956325465892125,3.923260431282678
monash_tourism_monthly,chronos-2-CL,drift,2.0,5.850935276772677,0.5340809497316454,100,0.06,1.2758506769802234,0.06511237787521712,4.585909136813015,8.202448860878198
monash_tourism_monthly,chronos-2-CL,drift,4.0,11.464086514772621,1.0965794610448536,100,0.063,1.2758506769802234,0.06511237787521712,8.98544533589672,16.84133642218326
monash_tourism_monthly,chronos-2-CL,drift,6.0,17.199039884649306,1.675629231201282,100,0.061,1.2758506769802234,0.06511237787521712,13.480448923190016,25.734419259153718
monash_tourism_monthly,chronos-2-CL,drift,9.0,26.02240137124203,2.5441981195991907,100,0.061,1.2758506769802234,0.06511237787521712,20.396118323841588,39.07395494716767
monash_tourism_monthly,chronos-2-CL,drift,12.0,34.61033499934743,3.3939003381252966,100,0.061,1.2758506769802234,0.06511237787521712,27.127261539152606,52.12373513112125
monash_tourism_monthly,chronos-2-CL,drift,16.0,46.03813720186811,4.532477566486149,100,0.062,1.2758506769802234,0.06511237787521712,36.08426756557009,69.61007590864358
monash_tourism_monthly,chronos-2-CL,drift,20.0,57.689734504228724,5.702537301440619,100,0.061,1.2758506769802234,0.06511237787521712,45.216682128329474,87.57992700510944
monash_tourism_monthly,chronos-2-CL,drift,26.0,75.03424262819283,7.420091800426391,100,0.061,1.2758506769802234,0.06511237787521712,58.81114771658809,113.95823716723153
monash_tourism_monthly,chronos-2-CL,drift,32.0,92.54227426296215,9.181794562555678,100,0.059,1.2758506769802234,0.06511237787521712,72.53378152527847,141.0145791350438
monash_tourism_monthly,chronos-2-CL,drift_step,0.5,1.3154100267105586,0.06848102554731755,100,0.065,1.2758506769802234,0.06511237787521712,1.0310062536659597,1.0517359030959703
monash_tourism_monthly,chronos-2-CL,drift_step,1.0,1.3874733136891373,0.07228060029339281,100,0.059,1.2758506769802234,0.06511237787521712,1.0874887937302433,1.1100900113326078
monash_tourism_monthly,chronos-2-CL,drift_step,2.0,1.2952251978418121,0.09459525948645897,100,0.06,1.2758506769802234,0.06511237787521712,1.015185570859629,1.4527999525335034
monash_tourism_monthly,chronos-2-CL,drift_step,4.0,1.3105510333195958,0.0746526909376309,100,0.06,1.2758506769802234,0.06511237787521712,1.0271978194356597,1.1465207288343402
monash_tourism_monthly,chronos-2-CL,drift_step,8.0,1.6610303050413655,0.11235786087824993,100,0.059,1.2758506769802234,0.06511237787521712,1.3019002419411756,1.725599103346758
monash_tourism_monthly,chronos-2-CL,drift_step,12.0,1.4102913085023567,0.0789336655503055,100,0.06,1.2758506769802234,0.06511237787521712,1.1053733277316882,1.212268206539405
monash_tourism_monthly,chronos-2-CL,drift_step,16.0,1.491454162134451,0.10798149713660125,100,0.066,1.2758506769802234,0.06511237787521712,1.168988024260436,1.6583866333915729
monash_tourism_monthly,chronos-2-CL,drift_step,20.0,1.5403720650785693,0.10608014206586622,100,0.066,1.2758506769802234,0.06511237787521712,1.2073294256694949,1.6291855024732882
monash_tourism_monthly,chronos-2-CL,gap,0.05,1.2998279949478169,0.0691664145652754,100,0.068,1.2758506769802234,0.06511237787521712,1.018793200803361,1.0622621507976184
monash_tourism_monthly,chronos-2-CL,gap,0.1,1.3869696782960153,0.07883511685662623,100,0.066,1.2758506769802234,0.06511237787521712,1.0870940489515564,1.2107546894955623
monash_tourism_monthly,chronos-2-CL,gap,0.15,1.3448490246651437,0.07954612197505935,100,0.068,1.2758506769802234,0.06511237787521712,1.0540802688981055,1.2216743508815389
monash_tourism_monthly,chronos-2-CL,gap,0.2,1.2978836022975657,0.06683758333111003,100,0.068,1.2758506769802234,0.06511237787521712,1.0172692037672397,1.0264958140401375
monash_tourism_monthly,chronos-2-CL,gap,0.3,1.3579245009596201,0.07169845411012987,100,0.066,1.2758506769802234,0.06511237787521712,1.0643287066897633,1.1011493735881441
monash_tourism_monthly,chronos-2-CL,gap,0.4,1.3433240559617516,0.0688263947903391,100,0.066,1.2758506769802234,0.06511237787521712,1.0528850124853397,1.057040105680668
monash_tourism_monthly,chronos-2-CL,gap,0.5,1.3610577345253088,0.07087841983852888,100,0.069,1.2758506769802234,0.06511237787521712,1.0667845062768315,1.0885552356014696
monash_tourism_monthly,chronos-2-CL,gap,0.6,1.5489660426530383,0.08197816958969284,100,0.061,1.2758506769802234,0.06511237787521712,1.2140653060742534,1.2590258913105234
monash_tourism_monthly,chronos-2-CL,gap,0.7,1.6362744906589257,0.09525962022109091,100,0.06,1.2758506769802234,0.06511237787521712,1.2824968628239315,1.4630032465355307
monash_tourism_monthly,chronos-2-CL,gap_boundary,0.05,1.8127073416173198,0.11052072813154609,100,0.06,1.2758506769802234,0.06511237787521712,1.4207833050712235,1.6973843029254836
monash_tourism_monthly,chronos-2-CL,gap_boundary,0.1,2.2170642651494203,0.13934394037277853,100,0.06,1.2758506769802234,0.06511237787521712,1.7377145344288487,2.140053011730281
monash_tourism_monthly,chronos-2-CL,gap_boundary,0.15,2.558145527388356,0.16284647565889998,100,0.06,1.2758506769802234,0.06511237787521712,2.0050508837312857,2.5010064287773788
monash_tourism_monthly,chronos-2-CL,gap_boundary,0.2,3.1718263686227277,0.2175472107086586,100,0.06,1.2758506769802234,0.06511237787521712,2.4860482702646975,3.3411037625683266
monash_tourism_monthly,chronos-2-CL,gap_boundary,0.3,4.027775838309688,0.2647879587338253,100,0.061,1.2758506769802234,0.06511237787521712,3.156933574580156,4.066630145826822
monash_tourism_monthly,chronos-2-CL,gap_boundary,0.4,5.428639765596378,0.42790644510068687,100,0.061,1.2758506769802234,0.06511237787521712,4.254917807815315,6.571814132187535
monash_tourism_monthly,chronos-2-CL,gap_boundary,0.5,6.6707980933094175,0.5147950579517476,100,0.061,1.2758506769802234,0.06511237787521712,5.228510055031165,7.906254920351901
monash_tourism_monthly,chronos-2-CL,gap_boundary,0.6,6.937326133013102,0.5342961155038023,100,0.061,1.2758506769802234,0.06511237787521712,5.437412275731885,8.205753390357511
monash_tourism_monthly,chronos-2-CL,gap_boundary,0.7,7.380613888394951,0.585103313784987,100,0.061,1.2758506769802234,0.06511237787521712,5.784857132234257,8.986053541252828
monash_tourism_quarterly,chronos-2-CL,clean,0.0,1.49593457310799,0.06634532656916298,100,0.235,1.49593457310799,0.06634532656916298,1.0,1.0
monash_tourism_quarterly,chronos-2-CL,spikes_intensity,1.0,1.588410312865247,0.09037710952060168,100,0.067,1.49593457310799,0.06634532656916298,1.061818037646611,1.3622226944106803
monash_tourism_quarterly,chronos-2-CL,spikes_intensity,2.0,1.7248780661941259,0.10497753426947298,100,0.046,1.49593457310799,0.06634532656916298,1.1530437876106288,1.5822898114765793
monash_tourism_quarterly,chronos-2-CL,spikes_intensity,4.0,1.7532433899991693,0.09405731349259144,100,0.048,1.49593457310799,0.06634532656916298,1.1720053948326017,1.4176931271042816
monash_tourism_quarterly,chronos-2-CL,spikes_intensity,6.0,1.987270538435373,0.10010477411513795,100,0.057,1.49593457310799,0.06634532656916298,1.3284474964079287,1.5088443948012191
monash_tourism_quarterly,chronos-2-CL,spikes_intensity,8.0,1.9474433318957336,0.10321240152529665,100,0.047,1.49593457310799,0.06634532656916298,1.3018238677709533,1.555684580400714
monash_tourism_quarterly,chronos-2-CL,spikes_intensity,12.0,2.001605984036636,0.13260432808301859,100,0.053,1.49593457310799,0.06634532656916298,1.338030432626509,1.9986988525074576
monash_tourism_quarterly,chronos-2-CL,spikes_intensity,16.0,1.9758260021522898,0.10966333902031934,100,0.051,1.49593457310799,0.06634532656916298,1.3207970707216596,1.6529173144697489
monash_tourism_quarterly,chronos-2-CL,spikes_intensity,20.0,2.1641148030519575,0.14602879112600908,100,0.053,1.49593457310799,0.06634532656916298,1.446664073386405,2.201041108355666
monash_tourism_quarterly,chronos-2-CL,spikes_intensity,30.0,2.207309739801551,0.1392327113196687,100,0.055,1.49593457310799,0.06634532656916298,1.4755389570384692,2.0986061644375633
monash_tourism_quarterly,chronos-2-CL,spikes_intensity,40.0,2.468449129177979,0.15464128342684377,100,0.053,1.49593457310799,0.06634532656916298,1.6501050069652907,2.3308542051659806
monash_tourism_quarterly,chronos-2-CL,spikes_density,0.01,3.169895087416709,0.13706744991262465,100,0.051,1.49593457310799,0.06634532656916298,2.119006502290309,2.0659699333868833
monash_tourism_quarterly,chronos-2-CL,spikes_density,0.02,1.6915008982007942,0.08233022248391506,100,0.055,1.49593457310799,0.06634532656916298,1.1307318706368894,1.2409347687525256
monash_tourism_quarterly,chronos-2-CL,spikes_density,0.05,2.0775406130369793,0.11263055143557679,100,0.049,1.49593457310799,0.06634532656916298,1.3887910944665383,1.697641073756158
monash_tourism_quarterly,chronos-2-CL,spikes_density,0.08,2.7008575933266963,0.18267726514586727,100,0.059,1.49593457310799,0.06634532656916298,1.8054650530038414,2.753430792980298
monash_tourism_quarterly,chronos-2-CL,spikes_density,0.12,3.394154844638034,0.3369633509453663,100,0.047,1.49593457310799,0.06634532656916298,2.2689193134872574,5.078931228020895
monash_tourism_quarterly,chronos-2-CL,spikes_density,0.16,3.956282649814807,0.27677020945356773,100,0.054,1.49593457310799,0.06634532656916298,2.644689628099936,4.171660970950882
monash_tourism_quarterly,chronos-2-CL,spikes_density,0.2,5.201480778766865,0.40696846541565396,100,0.048,1.49593457310799,0.06634532656916298,3.4770777226975524,6.13409393638905
monash_tourism_quarterly,chronos-2-CL,spikes_density,0.3,6.649356266181914,0.7498840772664275,100,0.053,1.49593457310799,0.06634532656916298,4.44495126037969,11.3027415199275
monash_tourism_quarterly,chronos-2-CL,spikes_density,0.4,6.8890051266199634,0.9783742646859263,100,0.046,1.49593457310799,0.06634532656916298,4.605151355187412,14.746694534180957
monash_tourism_quarterly,chronos-2-CL,drift,0.5,2.41378104447265,0.13253695054958883,100,0.123,1.49593457310799,0.06634532656916298,1.613560571340844,1.9976832944129548
monash_tourism_quarterly,chronos-2-CL,drift,1.0,4.028858323229633,0.2833491439296803,100,0.046,1.49593457310799,0.06634532656916298,2.6932049005720744,4.270822958935886
monash_tourism_quarterly,chronos-2-CL,drift,2.0,7.633045685391596,0.538208415825689,100,0.045,1.49593457310799,0.06634532656916298,5.102526422350808,8.11222799942997
monash_tourism_quarterly,chronos-2-CL,drift,4.0,14.773226179417657,1.093963682680185,100,0.055,1.49593457310799,0.06634532656916298,9.875583093667288,16.488933573034135
monash_tourism_quarterly,chronos-2-CL,drift,6.0,22.43152985714622,1.6955960952630373,100,0.056,1.49593457310799,0.06634532656916298,14.994993939168026,25.557129385676173
monash_tourism_quarterly,chronos-2-CL,drift,9.0,33.356406062245796,2.5676765580798024,100,0.048,1.49593457310799,0.06634532656916298,22.298038070571305,38.70169446529256
monash_tourism_quarterly,chronos-2-CL,drift,12.0,44.65567588045473,3.4395450063010293,100,0.048,1.49593457310799,0.06634532656916298,29.85135625796589,51.843063922752854
monash_tourism_quarterly,chronos-2-CL,drift,16.0,59.371505516110304,4.616280068899891,100,0.064,1.49593457310799,0.06634532656916298,39.68857099997269,69.57958167690319
monash_tourism_quarterly,chronos-2-CL,drift,20.0,74.30333190704236,5.776713512852632,100,0.047,1.49593457310799,0.06634532656916298,49.67017491458063,87.07039081088229
monash_tourism_quarterly,chronos-2-CL,drift,26.0,96.43801124043472,7.55775954303159,100,0.048,1.49593457310799,0.06634532656916298,64.46673068065589,113.9154773042357
monash_tourism_quarterly,chronos-2-CL,drift,32.0,118.69257040830462,9.324770482603533,100,0.053,1.49593457310799,0.06634532656916298,79.34342353068693,140.54901776514347
monash_tourism_quarterly,chronos-2-CL,drift_step,0.5,1.5794227323407433,0.06821094596190656,100,0.046,1.49593457310799,0.06634532656916298,1.0558100338969345,1.0281198313312805
monash_tourism_quarterly,chronos-2-CL,drift_step,1.0,1.6519013425351858,0.0802036056204589,100,0.048,1.49593457310799,0.06634532656916298,1.1042604216995637,1.208881013447859
monash_tourism_quarterly,chronos-2-CL,drift_step,2.0,1.6806916753672314,0.08740774948161845,100,0.053,1.49593457310799,0.06634532656916298,1.1235061382901161,1.317466564739847
monash_tourism_quarterly,chronos-2-CL,drift_step,4.0,1.8660152637812804,0.08063258992078445,100,0.051,1.49593457310799,0.06634532656916298,1.2473909603575788,1.215346944395962
monash_tourism_quarterly,chronos-2-CL,drift_step,8.0,2.296797231587866,0.10741720767779955,100,0.046,1.49593457310799,0.06634532656916298,1.5353594153626546,1.6190621590477876
monash_tourism_quarterly,chronos-2-CL,drift_step,12.0,1.7820827522003342,0.0949770932192722,100,0.05,1.49593457310799,0.06634532656916298,1.191283886499017,1.4315566465749698
monash_tourism_quarterly,chronos-2-CL,drift_step,16.0,2.0603988042513057,0.12144305288430651,100,0.051,1.49593457310799,0.06634532656916298,1.3773321649827044,1.8304688387916193
monash_tourism_quarterly,chronos-2-CL,drift_step,20.0,2.6763354553806504,0.15703008086279485,100,0.052,1.49593457310799,0.06634532656916298,1.789072532644413,2.366859716925137
monash_tourism_quarterly,chronos-2-CL,gap,0.05,1.5718330492329255,0.07543150489482871,100,0.138,1.49593457310799,0.06634532656916298,1.0507364944225115,1.13695280128275
monash_tourism_quarterly,chronos-2-CL,gap,0.1,1.5261971453958054,0.06977587764110718,100,0.123,1.49593457310799,0.06634532656916298,1.0202298769156335,1.0517075014826849
monash_tourism_quarterly,chronos-2-CL,gap,0.15,1.49714769793931,0.06554766099606414,100,0.053,1.49593457310799,0.06634532656916298,1.0008109477868403,0.9879770646351813
monash_tourism_quarterly,chronos-2-CL,gap,0.2,1.5063749684793668,0.07480416313943002,100,0.048,1.49593457310799,0.06634532656916298,1.0069791791426317,1.1274970975001375
monash_tourism_quarterly,chronos-2-CL,gap,0.3,1.6521300652676332,0.07275787292736167,100,0.05,1.49593457310799,0.06634532656916298,1.1044133179134483,1.0966540778349145
monash_tourism_quarterly,chronos-2-CL,gap,0.4,1.692855613096647,0.08052741082026436,100,0.048,1.49593457310799,0.06634532656916298,1.1316374683282633,1.2137616164465932
monash_tourism_quarterly,chronos-2-CL,gap,0.5,1.7750088589980806,0.15254677624720017,100,0.047,1.49593457310799,0.06634532656916298,1.1865551414526632,2.299284427941956
monash_tourism_quarterly,chronos-2-CL,gap,0.6,1.9324853536589375,0.09329776320101452,100,0.044,1.49593457310799,0.06634532656916298,1.29182478191139,1.4062446901026924
monash_tourism_quarterly,chronos-2-CL,gap,0.7,1.9641789710176873,0.11057619787373513,100,0.047,1.49593457310799,0.06634532656916298,1.313011281594262,1.6666765180281813
monash_tourism_quarterly,chronos-2-CL,gap_boundary,0.05,2.75795677809105,0.16516523877557315,100,0.044,1.49593457310799,0.06634532656916298,1.8436346265873458,2.489478118754807
monash_tourism_quarterly,chronos-2-CL,gap_boundary,0.1,2.665857236260903,0.19000671213330356,100,0.048,1.49593457310799,0.06634532656916298,1.7820680691417228,2.8639049946528994
monash_tourism_quarterly,chronos-2-CL,gap_boundary,0.15,2.79377413618801,0.19008483150085723,100,0.054,1.49593457310799,0.06634532656916298,1.86757775801892,2.8650824606718848
monash_tourism_quarterly,chronos-2-CL,gap_boundary,0.2,3.9706602610820556,0.20289729082182148,100,0.046,1.49593457310799,0.06634532656916298,2.654300751156861,3.058200197572428
monash_tourism_quarterly,chronos-2-CL,gap_boundary,0.3,4.883439542098414,0.25634289646315206,100,0.047,1.49593457310799,0.06634532656916298,3.264474015031594,3.863767196863858
monash_tourism_quarterly,chronos-2-CL,gap_boundary,0.4,6.3582813814670205,0.29815484892757915,100,0.048,1.49593457310799,0.06634532656916298,4.250373977423959,4.4939841936984335
monash_tourism_quarterly,chronos-2-CL,gap_boundary,0.5,7.874798091340084,0.410544442986163,100,0.046,1.49593457310799,0.06634532656916298,5.264132691966075,6.187993400834088
monash_tourism_quarterly,chronos-2-CL,gap_boundary,0.6,8.027646627079669,0.46919665515305353,100,0.044,1.49593457310799,0.06634532656916298,5.36630864169496,7.072037766879184
monash_tourism_quarterly,chronos-2-CL,gap_boundary,0.7,8.631770861605599,0.5537839697239649,100,0.052,1.49593457310799,0.06634532656916298,5.770152663610162,8.346992898537655
monash_tourism_yearly,chronos-2-CL,clean,0.0,3.6750883489728703,0.15900550167476457,100,0.215,3.6750883489728703,0.15900550167476457,1.0,1.0
monash_tourism_yearly,chronos-2-CL,spikes_intensity,1.0,3.446854690538779,0.14972426038010864,100,0.165,3.6750883489728703,0.15900550167476457,0.937897096134334,0.9416294329636461
monash_tourism_yearly,chronos-2-CL,spikes_intensity,2.0,3.5186663343216678,0.15856105701447692,100,0.136,3.6750883489728703,0.15900550167476457,0.9574372097217962,0.997204847281343
monash_tourism_yearly,chronos-2-CL,spikes_intensity,4.0,3.5651346889605464,0.15255772307417884,100,0.106,3.6750883489728703,0.15900550167476457,0.9700813559916038,0.9594493364526829
monash_tourism_yearly,chronos-2-CL,spikes_intensity,6.0,4.1485052605299515,0.1776414815459656,100,0.126,3.6750883489728703,0.15900550167476457,1.1288178314650297,1.117203365134621
monash_tourism_yearly,chronos-2-CL,spikes_intensity,8.0,3.664634450238939,0.17176317945679828,100,0.098,3.6750883489728703,0.15900550167476457,0.9971554700890788,1.0802341909409443
monash_tourism_yearly,chronos-2-CL,spikes_intensity,12.0,5.9872084113244775,0.3963900667860265,100,0.085,3.6750883489728703,0.15900550167476457,1.6291331915864848,2.4929330281716706
monash_tourism_yearly,chronos-2-CL,spikes_intensity,16.0,5.636371727839682,0.8121464366185832,100,0.097,3.6750883489728703,0.15900550167476457,1.5336697223659834,5.1076624900676455
monash_tourism_yearly,chronos-2-CL,spikes_intensity,20.0,5.288906714738028,1.0115628893467394,100,0.104,3.6750883489728703,0.15900550167476457,1.4391236924184951,6.361810620967227
monash_tourism_yearly,chronos-2-CL,spikes_intensity,30.0,4.515357508016532,0.1726059148352637,100,0.098,3.6750883489728703,0.15900550167476457,1.228639172519078,1.0855342300565038
monash_tourism_yearly,chronos-2-CL,spikes_intensity,40.0,4.508987623676196,0.23721958937960874,100,0.074,3.6750883489728703,0.15900550167476457,1.2269059123262678,1.4918954808546563
monash_tourism_yearly,chronos-2-CL,spikes_density,0.01,5.033347641970697,0.2989457009820275,100,0.051,3.6750883489728703,0.15900550167476457,1.36958548040823,1.8800965868055404
monash_tourism_yearly,chronos-2-CL,spikes_density,0.02,5.07734956312858,0.2492434934694744,100,0.058,3.6750883489728703,0.15900550167476457,1.3815585044500005,1.5675149025930295
monash_tourism_yearly,chronos-2-CL,spikes_density,0.05,4.852814440735651,0.20973990224923159,100,0.05,3.6750883489728703,0.15900550167476457,1.320461980755357,1.319073239857077
monash_tourism_yearly,chronos-2-CL,spikes_density,0.08,4.565393391099735,0.16577103972418267,100,0.045,3.6750883489728703,0.15900550167476457,1.2422540514912224,1.042549081498177
monash_tourism_yearly,chronos-2-CL,spikes_density,0.12,5.999725003110633,0.2174572539947301,100,0.061,3.6750883489728703,0.15900550167476457,1.6325389850253431,1.367608363888721
monash_tourism_yearly,chronos-2-CL,spikes_density,0.16,5.9999742495951764,0.2782047212761733,100,0.046,3.6750883489728703,0.15900550167476457,1.6326068055675655,1.7496546870763188
monash_tourism_yearly,chronos-2-CL,spikes_density,0.2,7.4399240303357805,0.25213312796162113,100,0.057,3.6750883489728703,0.15900550167476457,2.024420455746356,1.5856880756072396
monash_tourism_yearly,chronos-2-CL,spikes_density,0.3,9.653572512273005,0.40529808850112453,100,0.059,3.6750883489728703,0.15900550167476457,2.6267593036153887,2.5489563834724125
monash_tourism_yearly,chronos-2-CL,spikes_density,0.4,10.47569690834991,0.5679287738050252,100,0.053,3.6750883489728703,0.15900550167476457,2.8504612443610244,3.571755491622463
monash_tourism_yearly,chronos-2-CL,drift,0.5,4.434880001120954,0.15583865893814539,100,0.05,3.6750883489728703,0.15900550167476457,1.2067410576293855,0.980083439231576
monash_tourism_yearly,chronos-2-CL,drift,1.0,5.166523504193258,0.1685450303288084,100,0.052,3.6750883489728703,0.15900550167476457,1.4058229390967485,1.059994959630745
monash_tourism_yearly,chronos-2-CL,drift,2.0,8.131910978497666,0.2887565254791362,100,0.047,3.6750883489728703,0.15900550167476457,2.2127116973311427,1.8160159393086217
monash_tourism_yearly,chronos-2-CL,drift,4.0,15.424205129825777,0.36626875753739324,100,0.051,3.6750883489728703,0.15900550167476457,4.1969617231478535,2.30349738643995
monash_tourism_yearly,chronos-2-CL,drift,6.0,23.369787750763418,0.702248543802852,100,0.056,3.6750883489728703,0.15900550167476457,6.358973045449345,4.416504689499711
monash_tourism_yearly,chronos-2-CL,drift,9.0,35.23213494718835,1.1449796676270136,100,0.086,3.6750883489728703,0.15900550167476457,9.58674502533665,7.20088082215542
monash_tourism_yearly,chronos-2-CL,drift,12.0,47.62182133848456,1.8316984745732074,100,0.116,3.6750883489728703,0.15900550167476457,12.95800721411068,11.519717590148721
monash_tourism_yearly,chronos-2-CL,drift,16.0,63.59968212400798,2.497366822459077,100,0.105,3.6750883489728703,0.15900550167476457,17.30561991571797,15.706166114725253
monash_tourism_yearly,chronos-2-CL,drift,20.0,80.298650061155,3.1385349842769856,100,0.115,3.6750883489728703,0.15900550167476457,21.849447533308204,19.738530750317402
monash_tourism_yearly,chronos-2-CL,drift,26.0,102.87575236418525,4.039935622627193,100,0.046,3.6750883489728703,0.15900550167476457,27.992729043626234,25.40752099817665
monash_tourism_yearly,chronos-2-CL,drift,32.0,128.0957811808591,5.153253412387402,100,0.045,3.6750883489728703,0.15900550167476457,34.85515694246095,32.409277403042616
monash_tourism_yearly,chronos-2-CL,drift_step,0.5,3.847921598031977,0.16106062675942961,100,0.052,3.6750883489728703,0.15900550167476457,1.0470283249401096,1.0129248677751332
monash_tourism_yearly,chronos-2-CL,drift_step,1.0,4.223352729627766,0.17356065370991358,100,0.046,3.6750883489728703,0.15900550167476457,1.149184000109311,1.0915386693029066
monash_tourism_yearly,chronos-2-CL,drift_step,2.0,4.454721346221014,0.18263999414573603,100,0.045,3.6750883489728703,0.15900550167476457,1.21213993330692,1.1486394635533699
monash_tourism_yearly,chronos-2-CL,drift_step,4.0,5.02365118856363,0.15361878433203552,100,0.045,3.6750883489728703,0.15900550167476457,1.366947053114427,0.9661224467959151
monash_tourism_yearly,chronos-2-CL,drift_step,8.0,6.173017611566873,0.5461182472290411,100,0.05,3.6750883489728703,0.15900550167476457,1.6796923027148818,3.434587114765944
monash_tourism_yearly,chronos-2-CL,drift_step,12.0,7.346405146950867,0.19671647084723246,100,0.053,3.6750883489728703,0.15900550167476457,1.9989737522919884,1.237167700332805
monash_tourism_yearly,chronos-2-CL,drift_step,16.0,7.205620715733837,0.24316540890285865,100,0.048,3.6750883489728703,0.15900550167476457,1.9606659844647532,1.5292892783058394
monash_tourism_yearly,chronos-2-CL,drift_step,20.0,8.470398410324528,0.24336312125743711,100,0.046,3.6750883489728703,0.15900550167476457,2.3048149067469006,1.5305327092091479
monash_tourism_yearly,chronos-2-CL,gap,0.05,3.636374207368226,0.1511540524628731,100,0.047,3.6750883489728703,0.15900550167476457,0.9894657929474092,0.950621524857982
monash_tourism_yearly,chronos-2-CL,gap,0.1,3.8618487333071108,0.14920020262352818,100,0.053,3.6750883489728703,0.15900550167476457,1.050817930509463,0.9383335862724266
monash_tourism_yearly,chronos-2-CL,gap,0.15,4.058529809717487,0.16367166002961012,100,0.048,3.6750883489728703,0.15900550167476457,1.1043353041707915,1.0293458924735188
monash_tourism_yearly,chronos-2-CL,gap,0.2,3.9227238334133356,0.16531938984013117,100,0.044,3.6750883489728703,0.15900550167476457,1.0673821853860128,1.0397086144747447
monash_tourism_yearly,chronos-2-CL,gap,0.3,3.6502958172083324,0.14854878101323254,100,0.048,3.6750883489728703,0.15900550167476457,0.993253895033172,0.9342367367707781
monash_tourism_yearly,chronos-2-CL,gap,0.4,4.345872403421692,0.16614827642677044,100,0.047,3.6750883489728703,0.15900550167476457,1.1825218853952981,1.0449215572843256
monash_tourism_yearly,chronos-2-CL,gap,0.5,3.850082926613648,0.1599568399923343,100,0.12,3.6750883489728703,0.15900550167476457,1.047616427422673,1.0059830528349618
monash_tourism_yearly,chronos-2-CL,gap,0.6,4.021865513728783,0.17555989109208708,100,0.097,3.6750883489728703,0.15900550167476457,1.0943588648291493,1.104112054255729
monash_tourism_yearly,chronos-2-CL,gap,0.7,3.798359016318527,0.1345510245708018,100,0.105,3.6750883489728703,0.15900550167476457,1.0335422323602395,0.8462035788297263
monash_tourism_yearly,chronos-2-CL,gap_boundary,0.05,4.161905129978925,0.18883946031909815,100,0.106,3.6750883489728703,0.15900550167476457,1.1324639667892917,1.187628467758034
monash_tourism_yearly,chronos-2-CL,gap_boundary,0.1,4.695273257484257,0.19137901935189586,100,0.098,3.6750883489728703,0.15900550167476457,1.2775946621246568,1.2035999845046192
monash_tourism_yearly,chronos-2-CL,gap_boundary,0.15,5.4443830959356925,0.20292494060106778,100,0.076,3.6750883489728703,0.15900550167476457,1.481429173657094,1.2762133288704536
monash_tourism_yearly,chronos-2-CL,gap_boundary,0.2,6.021168171134457,0.2053625490893329,100,0.054,3.6750883489728703,0.15900550167476457,1.6383737204079134,1.291543669409557
monash_tourism_yearly,chronos-2-CL,gap_boundary,0.3,7.174947889265666,0.2100627291123179,100,0.047,3.6750883489728703,0.15900550167476457,1.9523198377723223,1.321103527235099
monash_tourism_yearly,chronos-2-CL,gap_boundary,0.4,8.499484837675418,0.2127134702519708,100,0.045,3.6750883489728703,0.15900550167476457,2.3127293905875463,1.337774278320648
monash_tourism_yearly,chronos-2-CL,gap_boundary,0.5,8.997164002162542,0.22094629570185798,100,0.046,3.6750883489728703,0.15900550167476457,2.4481490369278083,1.3895512631618827
monash_tourism_yearly,chronos-2-CL,gap_boundary,0.6,9.427221935972488,0.23357913072328884,100,0.047,3.6750883489728703,0.15900550167476457,2.5651687907332215,1.4690003066752986
monash_tourism_yearly,chronos-2-CL,gap_boundary,0.7,9.529769985160154,0.28978697249593344,100,0.049,3.6750883489728703,0.15900550167476457,2.593072350988127,1.8224965139173226
monash_traffic,chronos-2-CL,clean,0.0,0.8402271180235892,0.27602167217225637,100,1.298,0.8402271180235892,0.27602167217225637,1.0,1.0
monash_traffic,chronos-2-CL,spikes_intensity,1.0,0.8469057369452765,0.2721194317156065,100,0.675,0.8402271180235892,0.27602167217225637,1.0079485876835266,0.9858625577262113
monash_traffic,chronos-2-CL,spikes_intensity,2.0,0.8907480265424397,0.28040923275468227,100,0.679,0.8402271180235892,0.27602167217225637,1.0601276814746083,1.015895710463227
monash_traffic,chronos-2-CL,spikes_intensity,4.0,0.8993498415811791,0.28520781324671846,100,0.681,0.8402271180235892,0.27602167217225637,1.0703651694754395,1.0332805065709816
monash_traffic,chronos-2-CL,spikes_intensity,6.0,0.9251613873726814,0.28665615437190595,100,0.676,0.8402271180235892,0.27602167217225637,1.1010848942234541,1.0385277073207966
monash_traffic,chronos-2-CL,spikes_intensity,8.0,0.9513786521201107,0.2980224053120509,100,0.674,0.8402271180235892,0.27602167217225637,1.1322874871712971,1.0797065424850574
monash_traffic,chronos-2-CL,spikes_intensity,12.0,0.9630753929031342,0.30495429337757496,100,0.675,0.8402271180235892,0.27602167217225637,1.1462084146587805,1.1048201069779138
monash_traffic,chronos-2-CL,spikes_intensity,16.0,1.002176229243452,0.3136290030206279,100,0.677,0.8402271180235892,0.27602167217225637,1.1927444470023831,1.1362477466077445
monash_traffic,chronos-2-CL,spikes_intensity,20.0,1.0195633210567565,0.32043336672151224,100,0.676,0.8402271180235892,0.27602167217225637,1.2134377707958393,1.1608993025791827
monash_traffic,chronos-2-CL,spikes_intensity,30.0,1.03545487909058,0.3292690984264024,100,0.678,0.8402271180235892,0.27602167217225637,1.232351178483994,1.192910309669148
monash_traffic,chronos-2-CL,spikes_intensity,40.0,1.0682667481974673,0.328605647828447,100,0.675,0.8402271180235892,0.27602167217225637,1.2714023688146137,1.1905066918925649
monash_traffic,chronos-2-CL,spikes_density,0.01,0.8697000474431278,0.28625660012486115,100,0.675,0.8402271180235892,0.27602167217225637,1.0350773365764079,1.037080160670201
monash_traffic,chronos-2-CL,spikes_density,0.02,0.9140519504430475,0.2981109273421527,100,0.675,0.8402271180235892,0.27602167217225637,1.0878629490001603,1.0800272492955232
monash_traffic,chronos-2-CL,spikes_density,0.05,0.9906237714624591,0.31435315212252063,100,0.676,0.8402271180235892,0.27602167217225637,1.1789952385643514,1.1388712692325942
monash_traffic,chronos-2-CL,spikes_density,0.08,1.088817825067072,0.32438085765928265,100,0.676,0.8402271180235892,0.27602167217225637,1.2958613233386542,1.1752006829987134
monash_traffic,chronos-2-CL,spikes_density,0.12,1.3338267104097565,0.40174943496385157,100,0.676,0.8402271180235892,0.27602167217225637,1.5874597258265468,1.4554996055278315
monash_traffic,chronos-2-CL,spikes_density,0.16,1.565478949626244,0.4862799471658836,100,0.677,0.8402271180235892,0.27602167217225637,1.8631616571821876,1.7617455301205902
monash_traffic,chronos-2-CL,spikes_density,0.2,1.64047069409676,0.580703264818486,100,0.679,0.8402271180235892,0.27602167217225637,1.9524134116922232,2.1038321384274763
monash_traffic,chronos-2-CL,spikes_density,0.3,1.710478063763035,1.3395692631174914,100,0.683,0.8402271180235892,0.27602167217225637,2.03573299060673,4.853130743594324
monash_traffic,chronos-2-CL,spikes_density,0.4,1.5873388190149256,2.50219890277515,100,0.678,0.8402271180235892,0.27602167217225637,1.8891782768791348,9.065226230546156
monash_traffic,chronos-2-CL,drift,0.5,1.6796990578055364,0.4964252448884409,100,0.676,0.8402271180235892,0.27602167217225637,1.9991012212942874,1.7985009690783906
monash_traffic,chronos-2-CL,drift,1.0,2.875947085256817,0.8488087438196296,100,0.676,0.8402271180235892,0.27602167217225637,3.4228210724996804,3.0751525311023946
monash_traffic,chronos-2-CL,drift,2.0,5.356994307840593,1.5906007739798769,100,0.675,0.8402271180235892,0.27602167217225637,6.375650336591727,5.7625937900529545
monash_traffic,chronos-2-CL,drift,4.0,10.565094700938843,3.183508824629523,100,0.692,0.8402271180235892,0.27602167217225637,12.574093925688114,11.533546621813073
monash_traffic,chronos-2-CL,drift,6.0,16.055190361902564,4.807838182925659,100,0.705,0.8402271180235892,0.27602167217225637,19.108155423105277,17.418335832431445
monash_traffic,chronos-2-CL,drift,9.0,23.56065595804622,7.042122110092891,100,0.686,0.8402271180235892,0.27602167217225637,28.04081831287045,25.51293184579407
monash_traffic,chronos-2-CL,drift,12.0,31.772133245124156,9.551355014848182,100,0.683,0.8402271180235892,0.27602167217225637,37.813744121779415,34.60364158973533
monash_traffic,chronos-2-CL,drift,16.0,42.35344935306115,12.730235838983923,100,0.681,0.8402271180235892,0.27602167217225637,50.407144026351325,46.12042141038616
monash_traffic,chronos-2-CL,drift,20.0,52.911033904337174,15.874649181791218,100,0.685,0.8402271180235892,0.27602167217225637,62.97229971438711,57.512328857584606
monash_traffic,chronos-2-CL,drift,26.0,68.58359063134408,20.507812074472415,100,0.68,0.8402271180235892,0.27602167217225637,81.6250620340233,74.29783289507115
monash_traffic,chronos-2-CL,drift,32.0,84.49433006455205,25.325565759276113,100,0.683,0.8402271180235892,0.27602167217225637,100.56129854901909,91.75209163819292
monash_traffic,chronos-2-CL,drift_step,0.5,0.8430710583170963,0.27781875739074136,100,0.692,0.8402271180235892,0.27602167217225637,1.0033847280485266,1.0065106670948776
monash_traffic,chronos-2-CL,drift_step,1.0,0.8409304990055828,0.2752234830245554,100,0.702,0.8402271180235892,0.27602167217225637,1.0008371319693277,0.9971082374024499
monash_traffic,chronos-2-CL,drift_step,2.0,0.834753245578064,0.27403839392658924,100,0.697,0.8402271180235892,0.27602167217225637,0.9934852466337899,0.9928147734557979
monash_traffic,chronos-2-CL,drift_step,4.0,0.8388486401693084,0.2753730248305595,100,0.692,0.8402271180235892,0.27602167217225637,0.9983593985189108,0.9976500129986456
monash_traffic,chronos-2-CL,drift_step,8.0,0.8673675374773037,0.27805437558405216,100,0.693,0.8402271180235892,0.27602167217225637,1.0323012895817445,1.0073642891726533
monash_traffic,chronos-2-CL,drift_step,12.0,0.8636438968559724,0.2821869279204876,100,0.697,0.8402271180235892,0.27602167217225637,1.0278695823189627,1.02233612926011
monash_traffic,chronos-2-CL,drift_step,16.0,0.8580149675832388,0.2835328437465651,100,0.695,0.8402271180235892,0.27602167217225637,1.02117028738788,1.027212252991574
monash_traffic,chronos-2-CL,drift_step,20.0,0.9099591325334679,0.2896457409560884,100,0.721,0.8402271180235892,0.27602167217225637,1.0829918637640557,1.0493586922961966
monash_traffic,chronos-2-CL,gap,0.05,0.8414580694331111,0.2761158511954144,100,0.692,0.8402271180235892,0.27602167217225637,1.0014650222340091,1.000341201552823
monash_traffic,chronos-2-CL,gap,0.1,0.8378140151531615,0.2750157829111109,100,0.71,0.8402271180235892,0.27602167217225637,0.9971280350054591,0.996355759845851
monash_traffic,chronos-2-CL,gap,0.15,0.8355387885615212,0.27467749277215664,100,0.698,0.8402271180235892,0.27602167217225637,0.9944201640705241,0.9951301671730295
monash_traffic,chronos-2-CL,gap,0.2,0.8397428872341457,0.27624903246560073,100,0.702,0.8402271180235892,0.27602167217225637,0.9994236905962015,1.00082370449956
monash_traffic,chronos-2-CL,gap,0.3,0.8427123378831607,0.2768176788865706,100,0.698,0.8402271180235892,0.27602167217225637,1.002957795346355,1.0028838558510633
monash_traffic,chronos-2-CL,gap,0.4,0.8392471221326088,0.27612247705265597,100,0.705,0.8402271180235892,0.27602167217225637,0.9988336535801349,1.0003652063970423
monash_traffic,chronos-2-CL,gap,0.5,0.843394612009683,0.27733039290965894,100,0.71,0.8402271180235892,0.27602167217225637,1.0037698068988115,1.0047413694986451
monash_traffic,chronos-2-CL,gap,0.6,0.8432238565827151,0.28002340443729073,100,0.711,0.8402271180235892,0.27602167217225637,1.0035665815763897,1.014497891537071
monash_traffic,chronos-2-CL,gap,0.7,0.8492315993611027,0.2810138565849176,100,0.696,0.8402271180235892,0.27602167217225637,1.0107167230673229,1.0180862045120347
monash_traffic,chronos-2-CL,gap_boundary,0.05,0.6075608729708007,0.16904553458350016,100,0.709,0.8402271180235892,0.27602167217225637,0.7230912451384884,0.612435731053771
monash_traffic,chronos-2-CL,gap_boundary,0.1,1.080714228174547,0.294022106143404,100,0.708,0.8402271180235892,0.27602167217225637,1.2862167918558018,1.065213842918516
monash_traffic,chronos-2-CL,gap_boundary,0.15,2.311867997709278,0.5510214200300408,100,0.712,0.8402271180235892,0.27602167217225637,2.751479865524137,1.996297666388188
monash_traffic,chronos-2-CL,gap_boundary,0.2,2.4148709628379152,0.6179693545095408,100,0.705,0.8402271180235892,0.27602167217225637,2.8740692974992963,2.238843601106386
monash_traffic,chronos-2-CL,gap_boundary,0.3,2.475061075088828,0.9338443572817502,100,0.686,0.8402271180235892,0.27602167217225637,2.9457048243226795,3.3832283890337695
monash_traffic,chronos-2-CL,gap_boundary,0.4,1.713310834842899,0.4451416879668238,100,0.704,0.8402271180235892,0.27602167217225637,2.0391044255665145,1.6127055693258208
monash_traffic,chronos-2-CL,gap_boundary,0.5,10.012806630591719,139025.58585884946,100,0.694,0.8402271180235892,0.27602167217225637,11.91678584969286,503676.34093633055
monash_traffic,chronos-2-CL,gap_boundary,0.6,10.012806630591719,139025.58585884946,100,0.695,0.8402271180235892,0.27602167217225637,11.91678584969286,503676.34093633055
monash_traffic,chronos-2-CL,gap_boundary,0.7,10.012806630591719,139025.58585884946,100,0.706,0.8402271180235892,0.27602167217225637,11.91678584969286,503676.34093633055
monash_weather,chronos-2-CL,clean,0.0,1.0350500649246417,0.12614815467850213,100,0.926,1.0350500649246417,0.12614815467850213,1.0,1.0
monash_weather,chronos-2-CL,spikes_intensity,1.0,0.998299746369173,0.12654845148594204,100,0.731,1.0350500649246417,0.12614815467850213,0.9644941633251872,1.0031732276105036
monash_weather,chronos-2-CL,spikes_intensity,2.0,1.0087707614459394,0.12785023944983362,100,0.703,1.0350500649246417,0.12614815467850213,0.9746105967534859,1.0134927441124237
monash_weather,chronos-2-CL,spikes_intensity,4.0,1.012440920138489,0.12854381566688688,100,0.726,1.0350500649246417,0.12614815467850213,0.9781564722786633,1.0189908524186524
monash_weather,chronos-2-CL,spikes_intensity,6.0,1.0497685536965484,0.12953089789227906,100,0.717,1.0350500649246417,0.12614815467850213,1.0142200742463394,1.0268156377110558
monash_weather,chronos-2-CL,spikes_intensity,8.0,1.0239655465021942,0.13061104668157308,100,0.73,1.0350500649246417,0.12614815467850213,0.9892908383873639,1.0353781790502206
monash_weather,chronos-2-CL,spikes_intensity,12.0,0.9939305806723812,0.13155204490084135,100,0.722,1.0350500649246417,0.12614815467850213,0.9602729513810965,1.0428376478126964
monash_weather,chronos-2-CL,spikes_intensity,16.0,1.0038398925510215,0.13315601819560544,100,0.725,1.0350500649246417,0.12614815467850213,0.9698467026559797,1.0555526439127338
monash_weather,chronos-2-CL,spikes_intensity,20.0,1.076077316529155,0.13370778685650958,100,0.698,1.0350500649246417,0.12614815467850213,1.0396379392599724,1.0599266172166666
monash_weather,chronos-2-CL,spikes_intensity,30.0,1.0462360678570528,0.13594183031756907,100,0.744,1.0350500649246417,0.12614815467850213,1.0108072095365026,1.0776362972889049
monash_weather,chronos-2-CL,spikes_intensity,40.0,1.1101632439830367,0.13802774039696827,100,0.72,1.0350500649246417,0.12614815467850213,1.0725696095327173,1.0941716963576846
monash_weather,chronos-2-CL,spikes_density,0.01,1.0136101321365134,0.12749555082704508,100,0.719,1.0350500649246417,0.12614815467850213,0.9792860910648904,1.010681061106101
monash_weather,chronos-2-CL,spikes_density,0.02,1.035084021251856,0.12884653601069387,100,0.71,1.0350500649246417,0.12614815467850213,1.0000328064587067,1.0213905731642985
monash_weather,chronos-2-CL,spikes_density,0.05,1.0338429507260807,0.13460490588684149,100,0.713,1.0350500649246417,0.12614815467850213,0.9988337625014797,1.0670382474471547
monash_weather,chronos-2-CL,spikes_density,0.08,1.1087658109998126,0.14336794427624017,100,0.72,1.0350500649246417,0.12614815467850213,1.0712194980448002,1.1365044906255184
monash_weather,chronos-2-CL,spikes_density,0.12,1.0855114834735768,0.16796493968665727,100,0.713,1.0350500649246417,0.12614815467850213,1.048752635509094,1.3314894705731393
monash_weather,chronos-2-CL,spikes_density,0.16,1.2495310323742046,0.22307177767438702,100,0.703,1.0350500649246417,0.12614815467850213,1.2072179643456942,1.7683316751077485
monash_weather,chronos-2-CL,spikes_density,0.2,1.6005106521720691,0.35149847428938436,100,0.709,1.0350500649246417,0.12614815467850213,1.54631230547152,2.7863941029118036
monash_weather,chronos-2-CL,spikes_density,0.3,1.8409935335133978,0.8878525205611292,100,0.712,1.0350500649246417,0.12614815467850213,1.77865167676448,7.038172875567517
monash_weather,chronos-2-CL,spikes_density,0.4,1.7652225030526292,1.753603289712182,100,0.711,1.0350500649246417,0.12614815467850213,1.705446492756028,13.901141036754515
monash_weather,chronos-2-CL,drift,0.5,1.6070185379813173,0.266708319543407,100,0.719,1.0350500649246417,0.12614815467850213,1.552599813708836,2.1142466984406774
monash_weather,chronos-2-CL,drift,1.0,2.6214178341654555,0.49357369116609806,100,0.707,1.0350500649246417,0.12614815467850213,2.532648345233727,3.912650901822599
monash_weather,chronos-2-CL,drift,2.0,4.90122735388369,1.0414731837443125,100,0.706,1.0350500649246417,0.12614815467850213,4.735256312689117,8.255952585264396
monash_weather,chronos-2-CL,drift,4.0,9.793934241020118,2.149194948380347,100,0.705,1.0350500649246417,0.12614815467850213,9.462280688551214,17.037070053523408
monash_weather,chronos-2-CL,drift,6.0,14.368612819842802,3.257311495372941,100,0.703,1.0350500649246417,0.12614815467850213,13.882046199271462,25.821317035310102
monash_weather,chronos-2-CL,drift,9.0,21.545262818146725,4.920763480420145,100,0.705,1.0350500649246417,0.12614815467850213,20.81567215757371,39.00781183015379
monash_weather,chronos-2-CL,drift,12.0,29.257297705756617,6.578639104038691,100,0.715,1.0350500649246417,0.12614815467850213,28.26655318154754,52.15010176569636
monash_weather,chronos-2-CL,drift,16.0,38.85386816825541,8.78103786135464,100,0.722,1.0350500649246417,0.12614815467850213,37.53815345259093,69.60892835677036
monash_weather,chronos-2-CL,drift,20.0,48.55551203331593,11.000678840123426,100,0.71,1.0350500649246417,0.12614815467850213,46.91126900885812,87.2044372599779
monash_weather,chronos-2-CL,drift,26.0,62.548124967347604,14.315677861455482,100,0.714,1.0350500649246417,0.12614815467850213,60.4300478662368,113.48305409571819
monash_weather,chronos-2-CL,drift,32.0,77.08729306850017,17.646777134302788,100,0.72,1.0350500649246417,0.12614815467850213,74.47687380620823,139.88930063445557
monash_weather,chronos-2-CL,drift_step,0.5,0.9861780046025103,0.1262750255797115,100,0.714,1.0350500649246417,0.12614815467850213,0.9527829020273627,1.001005729346836
monash_weather,chronos-2-CL,drift_step,1.0,0.9884137950290918,0.1271198079893632,100,0.73,1.0350500649246417,0.12614815467850213,0.9549429815272314,1.0077024774031567
monash_weather,chronos-2-CL,drift_step,2.0,0.9924216240804913,0.12785415695310956,100,0.723,1.0350500649246417,0.12614815467850213,0.9588150928262064,1.0135237988930976
monash_weather,chronos-2-CL,drift_step,4.0,1.0013939570441939,0.12836180757354138,100,0.713,1.0350500649246417,0.12614815467850213,0.9674835942521309,1.017548040244274
monash_weather,chronos-2-CL,drift_step,8.0,1.0260743312373803,0.1348864223070685,100,0.714,1.0350500649246417,0.12614815467850213,0.9913282130097593,1.069269880727439
monash_weather,chronos-2-CL,drift_step,12.0,1.0288627665324448,0.1326675247360089,100,0.715,1.0350500649246417,0.12614815467850213,0.9940222230770572,1.0516802649560897
monash_weather,chronos-2-CL,drift_step,16.0,1.0572803055663644,0.1339797810872744,100,0.717,1.0350500649246417,0.12614815467850213,1.0214774544681964,1.0620827663213286
monash_weather,chronos-2-CL,drift_step,20.0,1.0763667815857991,0.136784743663522,100,0.736,1.0350500649246417,0.12614815467850213,1.0399176021153775,1.0843182289279458
monash_weather,chronos-2-CL,gap,0.05,0.9944757475195053,0.12631857511760508,100,0.711,1.0350500649246417,0.12614815467850213,0.9607996571565932,1.001350954673394
monash_weather,chronos-2-CL,gap,0.1,0.9877678246873736,0.1259470373024668,100,0.705,1.0350500649246417,0.12614815467850213,0.954318885781906,0.9984057049700974
monash_weather,chronos-2-CL,gap,0.15,1.0199698127417216,0.12637321130047002,100,0.72,1.0350500649246417,0.12614815467850213,0.985430412794556,1.001784065906802
monash_weather,chronos-2-CL,gap,0.2,1.0245423390183095,0.12589746047130868,100,0.735,1.0350500649246417,0.12614815467850213,0.9898480988867943,0.9980127001632932
monash_weather,chronos-2-CL,gap,0.3,0.9904099768976468,0.1262613316810348,100,0.745,1.0350500649246417,0.12614815467850213,0.9568715663717725,1.000897175252552
monash_weather,chronos-2-CL,gap,0.4,0.9980771577430783,0.12739531382139832,100,0.738,1.0350500649246417,0.12614815467850213,0.9642791122531302,1.009886463627428
monash_weather,chronos-2-CL,gap,0.5,0.9863928095399633,0.126802425374197,100,0.754,1.0350500649246417,0.12614815467850213,0.9529904329910641,1.0051865260919777
monash_weather,chronos-2-CL,gap,0.6,1.0433780830501074,0.1263079313125146,100,0.723,1.0350500649246417,0.12614815467850213,1.008046005123503,1.0012665792410493
monash_weather,chronos-2-CL,gap,0.7,0.9797776292541774,0.12618447018890988,100,0.726,1.0350500649246417,0.12614815467850213,0.9465992636071295,1.000287879838594
monash_weather,chronos-2-CL,gap_boundary,0.05,1.3374509258029523,0.16445753486343512,100,0.733,1.0350500649246417,0.12614815467850213,1.2921606124437346,1.303685616983992
monash_weather,chronos-2-CL,gap_boundary,0.1,1.675269209530552,0.2166667014024453,100,0.754,1.0350500649246417,0.12614815467850213,1.6185393019153351,1.717557438352042
monash_weather,chronos-2-CL,gap_boundary,0.15,1.7340761592608143,0.24322544970288693,100,0.723,1.0350500649246417,0.12614815467850213,1.6753548625563983,1.92809360012253
monash_weather,chronos-2-CL,gap_boundary,0.2,1.9977540733424706,2.149891612722377,100,0.748,1.0350500649246417,0.12614815467850213,1.9301038095079197,17.042592641973513
monash_weather,chronos-2-CL,gap_boundary,0.3,1.8856553179090436,18.66635213807028,100,0.734,1.0350500649246417,0.12614815467850213,1.821801072053777,147.97166225413963
monash_weather,chronos-2-CL,gap_boundary,0.4,1.7778689753988188,30.50817304019269,100,0.757,1.0350500649246417,0.12614815467850213,1.7176647155983311,241.84398985419185
monash_weather,chronos-2-CL,gap_boundary,0.5,3.2186583871810033,84.4852453968857,100,0.737,1.0350500649246417,0.12614815467850213,3.1096644464394507,669.7303310714499
monash_weather,chronos-2-CL,gap_boundary,0.6,3.444612668062817,85.62892471151532,100,0.757,1.0350500649246417,0.12614815467850213,3.3279672015803476,678.7964907591946
monash_weather,chronos-2-CL,gap_boundary,0.7,3.2271838665239514,108.79931958527423,100,0.744,1.0350500649246417,0.12614815467850213,3.1179012261198316,862.4725416123392
