dataset,family,severity,n_series,clamped_frac,clamped_lo_frac,clamped_hi_frac,series_any_clamped,scale_mean,nominal_p99,nominal_max,realized_p99,realized_max
monash_australian_electricity,clean,0.0,5,0.0,0.0,0.0,0.0,3628.563861083984,1.3876269102096557,1.4126936435699462,1.3876269102096557,1.4126936435699462
monash_australian_electricity,spikes_intensity,1.0,5,0.0,0.0,0.0,0.0,3625.58955078125,1.4018628120422363,1.508171510696411,1.4018628120422363,1.508171510696411
monash_australian_electricity,spikes_intensity,2.0,5,0.0,0.0,0.0,0.0,3630.5620727539062,1.5606606960296632,1.7655826091766358,1.5606606960296632,1.7655826091766358
monash_australian_electricity,spikes_intensity,4.0,5,0.0,0.0,0.0,0.0,3652.807965087891,1.9310714960098267,2.1647395372390745,1.9310714960098267,2.1647395372390745
monash_australian_electricity,spikes_intensity,6.0,5,0.0,0.0,0.0,0.0,3696.0305236816407,2.367535400390625,2.590013265609741,2.367535400390625,2.590013265609741
monash_australian_electricity,spikes_intensity,8.0,5,0.0,0.0,0.0,0.0,3752.057159423828,2.701709508895874,2.8910944938659666,2.701709508895874,2.8910944938659666
monash_australian_electricity,spikes_intensity,12.0,5,0.0,0.0,0.0,0.0,3920.008410644531,3.4499204635620115,3.6967916965484617,3.4499204635620115,3.6967916965484617
monash_australian_electricity,spikes_intensity,16.0,5,0.0,0.0,0.0,0.0,4054.4262756347657,4.109776353836059,4.413186693191529,4.109776353836059,4.413186693191529
monash_australian_electricity,spikes_intensity,20.0,5,0.0,0.0,0.0,0.0,4117.158227539063,4.850784969329834,5.023334598541259,4.850784969329834,5.023334598541259
monash_australian_electricity,spikes_intensity,30.0,5,0.0,0.0,0.0,0.0,4473.002014160156,6.290030002593994,6.556543827056885,6.290030002593994,6.556543827056885
monash_australian_electricity,spikes_intensity,40.0,5,0.0,0.0,0.0,0.0,5117.738012695312,7.405297946929932,7.62255449295044,7.405297946929932,7.62255449295044
monash_australian_electricity,spikes_density,0.01,5,0.0,0.0,0.0,0.0,3707.7870239257813,1.6879921913146974,5.52717170715332,1.6879921913146974,5.52717170715332
monash_australian_electricity,spikes_density,0.02,5,0.0,0.0,0.0,0.0,3808.531774902344,3.9708072662353517,5.410760116577149,3.9708072662353517,5.410760116577149
monash_australian_electricity,spikes_density,0.05,5,0.0,0.0,0.0,0.0,4156.858068847656,4.829056072235107,5.0811872482299805,4.829056072235107,5.0811872482299805
monash_australian_electricity,spikes_density,0.08,5,0.0,0.0,0.0,0.0,4537.061450195312,4.335204410552978,4.522174930572509,4.335204410552978,4.522174930572509
monash_australian_electricity,spikes_density,0.12,5,0.0,0.0,0.0,0.0,4845.165588378906,4.0180971145629885,4.1722334861755375,4.0180971145629885,4.1722334861755375
monash_australian_electricity,spikes_density,0.16,5,0.0,0.0,0.0,0.0,5496.646801757813,3.684282970428467,3.761388731002808,3.684282970428467,3.761388731002808
monash_australian_electricity,spikes_density,0.2,5,0.0,0.0,0.0,0.0,6094.004479980469,3.2859920501708983,3.3977680683135985,3.2859920501708983,3.3977680683135985
monash_australian_electricity,spikes_density,0.3,5,0.0,0.0,0.0,0.0,6932.205639648438,2.8740922451019286,2.9270680427551268,2.8740922451019286,2.9270680427551268
monash_australian_electricity,spikes_density,0.4,5,0.0,0.0,0.0,0.0,8183.250073242188,2.4444416522979737,2.4752813816070556,2.4444416522979737,2.4752813816070556
monash_australian_electricity,drift,0.5,5,0.0,0.0,0.0,0.0,3634.3928405761717,1.4097347021102906,1.436514663696289,1.4097347021102906,1.436514663696289
monash_australian_electricity,drift,1.0,5,0.0,0.0,0.0,0.0,3558.725048828125,1.4257053136825562,1.4536390542984008,1.4257053136825562,1.4536390542984008
monash_australian_electricity,drift,2.0,5,0.0,0.0,0.0,0.0,4262.3174697875975,1.508670401573181,1.543552851676941,1.508670401573181,1.543552851676941
monash_australian_electricity,drift,4.0,5,0.0,0.0,0.0,0.0,3442.2934143066404,1.841685175895691,1.8883600950241088,1.841685175895691,1.8883600950241088
monash_australian_electricity,drift,6.0,5,0.0,0.0,0.0,0.0,5647.792767333985,1.5099704027175904,1.5264048099517822,1.5099704027175904,1.5264048099517822
monash_australian_electricity,drift,9.0,5,0.0,0.0,0.0,0.0,8421.086376953124,1.1781922817230224,1.186335849761963,1.1781922817230224,1.186335849761963
monash_australian_electricity,drift,12.0,5,0.0,0.0,0.0,0.0,9383.379833984374,1.1467019319534302,1.1534973621368407,1.1467019319534302,1.1534973621368407
monash_australian_electricity,drift,16.0,5,0.0,0.0,0.0,0.0,10446.435595703126,1.1131089210510254,1.1176178216934205,1.1131089210510254,1.1176178216934205
monash_australian_electricity,drift,20.0,5,0.0,0.0,0.0,0.0,14003.090625,1.0878253698348999,1.0925136804580688,1.0878253698348999,1.0925136804580688
monash_australian_electricity,drift,26.0,5,0.0,0.0,0.0,0.0,18960.5671875,1.0646177530288696,1.0676580667495728,1.0646177530288696,1.0676580667495728
monash_australian_electricity,drift,32.0,5,0.0,0.0,0.0,0.0,24841.42548828125,1.0471439361572266,1.0487653732299804,1.0471439361572266,1.0487653732299804
monash_australian_electricity,drift_step,0.5,5,0.0,0.0,0.0,0.0,3628.563861083984,1.3876269102096557,1.4126936435699462,1.3876269102096557,1.4126936435699462
monash_australian_electricity,drift_step,1.0,5,0.0,0.0,0.0,0.0,3628.563861083984,1.3876269102096557,1.4126936435699462,1.3876269102096557,1.4126936435699462
monash_australian_electricity,drift_step,2.0,5,0.0,0.0,0.0,0.0,3628.563861083984,1.3876269102096557,1.4126936435699462,1.3876269102096557,1.4126936435699462
monash_australian_electricity,drift_step,4.0,5,0.0,0.0,0.0,0.0,3628.563861083984,1.3876269102096557,1.4126936435699462,1.3876269102096557,1.4126936435699462
monash_australian_electricity,drift_step,8.0,5,0.0,0.0,0.0,0.0,3628.563861083984,1.3876269102096557,1.4126936435699462,1.3876269102096557,1.4126936435699462
monash_australian_electricity,drift_step,12.0,5,0.0,0.0,0.0,0.0,3628.563861083984,1.3876269102096557,1.4126936435699462,1.3876269102096557,1.4126936435699462
monash_australian_electricity,drift_step,16.0,5,0.0,0.0,0.0,0.0,3628.563861083984,1.3876269102096557,1.4126936435699462,1.3876269102096557,1.4126936435699462
monash_australian_electricity,drift_step,20.0,5,0.0,0.0,0.0,0.0,3628.563861083984,1.3876269102096557,1.4126936435699462,1.3876269102096557,1.4126936435699462
monash_australian_electricity,gap,0.05,5,0.0,0.0,0.0,0.0,3628.563861083984,1.3876269102096557,1.4126936435699462,1.3876269102096557,1.4126936435699462
monash_australian_electricity,gap,0.1,5,0.0,0.0,0.0,0.0,3628.563861083984,1.3876269102096557,1.4126936435699462,1.3876269102096557,1.4126936435699462
monash_australian_electricity,gap,0.15,5,0.0,0.0,0.0,0.0,3628.563861083984,1.3876269102096557,1.4126936435699462,1.3876269102096557,1.4126936435699462
monash_australian_electricity,gap,0.2,5,0.0,0.0,0.0,0.0,3628.563861083984,1.3876269102096557,1.4126936435699462,1.3876269102096557,1.4126936435699462
monash_australian_electricity,gap,0.3,5,0.0,0.0,0.0,0.0,3628.563861083984,1.3876269102096557,1.4126936435699462,1.3876269102096557,1.4126936435699462
monash_australian_electricity,gap,0.4,5,0.0,0.0,0.0,0.0,3628.563861083984,1.3876269102096557,1.4126936435699462,1.3876269102096557,1.4126936435699462
monash_australian_electricity,gap,0.5,5,0.0,0.0,0.0,0.0,3628.563861083984,1.3876269102096557,1.4126936435699462,1.3876269102096557,1.4126936435699462
monash_australian_electricity,gap,0.6,5,0.0,0.0,0.0,0.0,3628.563861083984,1.3876269102096557,1.4126936435699462,1.3876269102096557,1.4126936435699462
monash_australian_electricity,gap,0.7,5,0.0,0.0,0.0,0.0,3628.563861083984,1.3876269102096557,1.4126936435699462,1.3876269102096557,1.4126936435699462
monash_cif_2016,clean,0.0,72,0.0,0.0,0.0,0.0,38747342.2809986,1.4322030643622081,1.468560712205039,1.4322030643622081,1.468560712205039
monash_cif_2016,spikes_intensity,1.0,72,0.0,0.0,0.0,0.0,39146237.79296103,1.4550984419054456,1.513003991709815,1.4550984419054456,1.513003991709815
monash_cif_2016,spikes_intensity,2.0,72,0.0,0.0,0.0,0.0,38486856.18285308,1.4841142197450001,1.5931829727358289,1.4841142197450001,1.5931829727358289
monash_cif_2016,spikes_intensity,4.0,72,0.0,0.0,0.0,0.0,38961875.04867275,1.7363921586010191,1.9167055305507448,1.7363921586010191,1.9167055305507448
monash_cif_2016,spikes_intensity,6.0,72,0.0,0.0,0.0,0.0,40507246.65475121,2.071618121531275,2.317839144004716,2.071618121531275,2.317839144004716
monash_cif_2016,spikes_intensity,8.0,72,0.0,0.0,0.0,0.0,41303013.11915985,2.413262469900979,2.6928518960873284,2.413262469900979,2.6928518960873284
monash_cif_2016,spikes_intensity,12.0,72,0.0,0.0,0.0,0.0,43767390.79347286,2.9783778157499103,3.3144592775238886,2.9783778157499103,3.3144592775238886
monash_cif_2016,spikes_intensity,16.0,72,0.0,0.0,0.0,0.0,44584116.7051083,3.5401230967707105,3.9579959180619984,3.5401230967707105,3.9579959180619984
monash_cif_2016,spikes_intensity,20.0,72,0.0,0.0,0.0,0.0,46582694.78405853,3.9979263097047806,4.462615266442299,3.9979263097047806,4.462615266442299
monash_cif_2016,spikes_intensity,30.0,72,0.0,0.0,0.0,0.0,50238289.51573766,5.329534096850289,5.715843735469712,5.329534096850289,5.715843735469712
monash_cif_2016,spikes_intensity,40.0,72,0.0,0.0,0.0,0.0,54355560.56146926,6.318648272090488,6.807528797123167,6.318648272090488,6.807528797123167
monash_cif_2016,spikes_density,0.01,72,0.0,0.0,0.0,0.0,41544060.73671237,2.06729856133461,4.2105035367939205,2.06729856133461,4.2105035367939205
monash_cif_2016,spikes_density,0.02,72,0.0002204585537918871,0.0,0.0002204585537918871,0.013888888888888888,41635129.60015719,3.0549823194742203,4.4710987293057975,3.044587978058391,4.443745283616914
monash_cif_2016,spikes_density,0.05,72,0.0,0.0,0.0,0.0,47028015.94230977,3.9620049628946514,4.419615899523099,3.9620049628946514,4.419615899523099
monash_cif_2016,spikes_density,0.08,72,0.0,0.0,0.0,0.0,47709096.93395679,3.9226843218008676,4.152347380916278,3.9226843218008676,4.152347380916278
monash_cif_2016,spikes_density,0.12,72,0.0,0.0,0.0,0.0,52224780.5958357,3.6563209344943366,3.74255709681246,3.6563209344943366,3.74255709681246
monash_cif_2016,spikes_density,0.16,72,0.0,0.0,0.0,0.0,61374399.140290074,3.41430887248781,3.4851348814037113,3.41430887248781,3.4851348814037113
monash_cif_2016,spikes_density,0.2,72,0.0,0.0,0.0,0.0,66531075.40747705,3.136283218860626,3.193691243728002,3.136283218860626,3.193691243728002
monash_cif_2016,spikes_density,0.3,72,0.0,0.0,0.0,0.0,76602085.95165306,2.6831187970108457,2.7205578635136285,2.6831187970108457,2.7205578635136285
monash_cif_2016,spikes_density,0.4,72,0.0,0.0,0.0,0.0,92462435.22957507,2.3791010263893337,2.403091882665952,2.3791010263893337,2.403091882665952
monash_cif_2016,drift,0.5,72,0.0,0.0,0.0,0.0,36906747.00892643,1.4385180473327637,1.477141527665986,1.4385180473327637,1.477141527665986
monash_cif_2016,drift,1.0,72,0.0,0.0,0.0,0.0,42426291.66649616,1.4475757628679276,1.486854589647717,1.4475757628679276,1.486854589647717
monash_cif_2016,drift,2.0,72,0.0,0.0,0.0,0.0,31616884.885388732,1.457777930630578,1.503106055988206,1.457777930630578,1.503106055988206
monash_cif_2016,drift,4.0,72,0.0,0.0,0.0,0.0,53188219.24090367,1.650492411520746,1.7185748898320727,1.650492411520746,1.7185748898320727
monash_cif_2016,drift,6.0,72,0.0,0.0,0.0,0.0,31089741.395236593,1.7589991506603029,1.813122472829289,1.7589991506603029,1.813122472829289
monash_cif_2016,drift,9.0,72,0.0,0.0,0.0,0.0,41169076.41180764,1.818068406648106,1.867763461338149,1.818068406648106,1.867763461338149
monash_cif_2016,drift,12.0,72,0.0,0.0,0.0,0.0,53077676.951389715,1.849981450372272,1.8896776487429936,1.849981450372272,1.8896776487429936
monash_cif_2016,drift,16.0,72,0.0,0.0,0.0,0.0,66421715.22861752,1.9128674450847838,1.9485679301950667,1.9128674450847838,1.9485679301950667
monash_cif_2016,drift,20.0,72,0.0,0.0,0.0,0.0,113339746.54907335,1.945768470565478,1.9797184036837683,1.945768470565478,1.9797184036837683
monash_cif_2016,drift,26.0,72,0.0,0.0,0.0,0.0,135941443.93478566,1.9848297817839518,2.0132969369490943,1.9848297817839518,2.0132969369490943
monash_cif_2016,drift,32.0,72,0.0,0.0,0.0,0.0,125253007.56390718,1.9652224431435268,1.9923218041658401,1.9652224431435268,1.9923218041658401
monash_cif_2016,drift_step,0.5,72,0.0,0.0,0.0,0.0,39816424.18540475,1.4465830143955019,1.483776299489869,1.4465830143955019,1.483776299489869
monash_cif_2016,drift_step,1.0,72,0.0,0.0,0.0,0.0,40909649.08883835,1.4731774429480236,1.5161592678891287,1.4731774429480236,1.5161592678891287
monash_cif_2016,drift_step,2.0,72,0.0,0.0,0.0,0.0,35532666.350212194,1.515160259273317,1.5551899721225102,1.515160259273317,1.5551899721225102
monash_cif_2016,drift_step,4.0,72,0.0,0.0,0.0,0.0,39656495.94596097,1.6984022839201822,1.7439567380481296,1.6984022839201822,1.7439567380481296
monash_cif_2016,drift_step,8.0,72,0.0,0.0,0.0,0.0,56486972.568195134,1.7350954529311922,1.760119663344489,1.7350954529311922,1.760119663344489
monash_cif_2016,drift_step,12.0,72,0.0,0.0,0.0,0.0,53609370.25426973,1.8313305742210813,1.8586089180575476,1.8313305742210813,1.8586089180575476
monash_cif_2016,drift_step,16.0,72,0.0,0.0,0.0,0.0,67516234.96676074,1.9836801654762692,2.002333546678225,1.9836801654762692,2.002333546678225
monash_cif_2016,drift_step,20.0,72,0.0,0.0,0.0,0.0,75206924.80012983,2.147554785013199,2.1610713452100754,2.147554785013199,2.1610713452100754
monash_cif_2016,gap,0.05,72,0.0,0.0,0.0,0.0,38450882.71486427,1.4291882266600926,1.463802907201979,1.4291882266600926,1.463802907201979
monash_cif_2016,gap,0.1,72,0.0,0.0,0.0,0.0,39489409.65746667,1.4328181429041758,1.4672825617922678,1.4328181429041758,1.4672825617922678
monash_cif_2016,gap,0.15,72,0.0,0.0,0.0,0.0,37907374.84540838,1.4249220689137776,1.4556694196330175,1.4249220689137776,1.4556694196330175
monash_cif_2016,gap,0.2,72,0.0,0.0,0.0,0.0,37549930.58992012,1.4232276181379955,1.4547014468246036,1.4232276181379955,1.4547014468246036
monash_cif_2016,gap,0.3,72,0.0,0.0,0.0,0.0,37178311.63770794,1.423555827803082,1.4521909405787785,1.423555827803082,1.4521909405787785
monash_cif_2016,gap,0.4,72,0.0,0.0,0.0,0.0,38218888.0386823,1.468935125403934,1.4974397304985259,1.468935125403934,1.4974397304985259
monash_cif_2016,gap,0.5,72,0.0,0.0,0.0,0.0,35688213.30737809,1.3746607386403613,1.396365190545718,1.3746607386403613,1.396365190545718
monash_cif_2016,gap,0.6,72,0.0,0.0,0.0,0.0,37289399.04181913,1.3378944479756885,1.357020025451978,1.3378944479756885,1.357020025451978
monash_cif_2016,gap,0.7,72,0.0,0.0,0.0,0.0,41985384.29946648,1.3827516966395907,1.3993177976873186,1.3827516966395907,1.3993177976873186
monash_cif_2016,gap_boundary,0.05,72,0.0,0.0,0.0,0.0,38484378.90833545,1.4238583197196324,1.4587450093693204,1.4238583197196324,1.4587450093693204
monash_cif_2016,gap_boundary,0.1,72,0.0,0.0,0.0,0.0,38278584.533687875,1.4186811645825703,1.4522621813747618,1.4186811645825703,1.4522621813747618
monash_cif_2016,gap_boundary,0.15,72,0.0,0.0,0.0,0.0,37947202.36108554,1.410815684331788,1.4480965336163838,1.410815684331788,1.4480965336163838
monash_cif_2016,gap_boundary,0.2,72,0.0,0.0,0.0,0.0,37539650.5082195,1.3925998244020674,1.4225059731139078,1.3925998244020674,1.4225059731139078
monash_cif_2016,gap_boundary,0.3,72,0.0,0.0,0.0,0.0,36753218.095932335,1.374352890584204,1.4040068901247449,1.374352890584204,1.4040068901247449
monash_cif_2016,gap_boundary,0.4,72,0.0,0.0,0.0,0.0,35716726.7764985,1.3633536497751872,1.3891569061411753,1.3633536497751872,1.3891569061411753
monash_cif_2016,gap_boundary,0.5,72,0.0,0.0,0.0,0.0,34798968.34122035,1.3322942670848634,1.3542789369821548,1.3322942670848634,1.3542789369821548
monash_cif_2016,gap_boundary,0.6,72,0.0,0.0,0.0,0.0,33937547.931367576,1.290945041510794,1.314908332294888,1.290945041510794,1.314908332294888
monash_cif_2016,gap_boundary,0.7,72,0.0,0.0,0.0,0.0,32578299.115551796,1.2477749751673803,1.2604864239692688,1.2477749751673803,1.2604864239692688
monash_car_parts,clean,0.0,100,0.0071794871794871795,0.0,0.0071794871794871795,0.24,0.5595055014640092,10.037880520820618,11.968248703479766,8.473268389701843,9.554999420642853
monash_car_parts,spikes_intensity,1.0,100,0.006153846153846153,0.0,0.006153846153846153,0.2,0.5961747532337904,8.839015426635742,10.354308440685273,7.999493255615234,9.024168555736543
monash_car_parts,spikes_intensity,2.0,100,0.0035897435897435897,0.0,0.0035897435897435897,0.14,0.6359919018298388,8.137095901966095,9.330826723575592,7.654050133228302,8.551719238758087
monash_car_parts,spikes_intensity,4.0,100,0.0025641025641025637,0.0002564102564102564,0.002307692307692308,0.1,0.7430562890693545,7.719464495182037,8.429983987808228,7.504169142246246,8.082732849121093
monash_car_parts,spikes_intensity,6.0,100,0.0,0.0,0.0,0.0,0.8479105856269598,8.453507294654846,8.784418561458587,8.453507294654846,8.784418561458587
monash_car_parts,spikes_intensity,8.0,100,0.0012820512820512818,0.0005128205128205128,0.0007692307692307692,0.05,0.9462556433677674,9.699267201423645,10.153021922111511,9.541294388771057,9.898226590156556
monash_car_parts,spikes_intensity,12.0,100,0.0035897435897435893,0.0010256410256410256,0.0025641025641025637,0.1,1.1522131088376044,11.43551555633545,11.809701719284057,11.271658897399902,11.55600682258606
monash_car_parts,spikes_intensity,16.0,100,0.008717948717948718,0.003846153846153846,0.004871794871794872,0.2,1.3602218888700008,12.623671646118163,12.895681843757629,12.450865154266358,12.677286648750306
monash_car_parts,spikes_intensity,20.0,100,0.015128205128205128,0.006666666666666666,0.00846153846153846,0.34,1.5748607018589973,13.493157086372376,13.752389993667602,13.164033312797546,13.358996210098267
monash_car_parts,spikes_intensity,30.0,100,0.027948717948717946,0.01358974358974359,0.014358974358974359,0.58,2.0876481813192367,14.923226404190064,15.164113893508912,14.095027408599854,14.230392980575562
monash_car_parts,spikes_intensity,40.0,100,0.035384615384615375,0.016666666666666666,0.018717948717948713,0.71,2.615911883711815,15.776660623550415,15.993937873840332,14.497301359176635,14.604435176849366
monash_car_parts,spikes_density,0.01,100,0.021538461538461534,0.011025641025641025,0.01051282051282051,0.84,1.107062601596117,14.620615782737731,20.607082624435424,10.846991963386536,14.520582275390625
monash_car_parts,spikes_density,0.02,100,0.02102564102564102,0.012051282051282048,0.008974358974358974,0.82,1.108198133856058,14.644439821243287,20.610625562667845,10.90437315940857,14.578249788284301
monash_car_parts,spikes_density,0.05,100,0.01358974358974359,0.006153846153846154,0.007435897435897435,0.28,1.5588533756136895,13.479560627937317,13.724164304733277,13.137579979896545,13.299265356063843
monash_car_parts,spikes_density,0.08,100,0.0,0.0,0.0,0.0,2.0647466561198233,10.328812103271485,10.542049446105956,10.328812103271485,10.542049446105956
monash_car_parts,spikes_density,0.12,100,0.0,0.0,0.0,0.0,3.0491265308856965,6.919342622756958,7.017872381210327,6.919342622756958,7.017872381210327
monash_car_parts,spikes_density,0.16,100,0.0,0.0,0.0,0.0,3.523211444020271,5.910277609825134,5.983632202148438,5.910277609825134,5.983632202148438
monash_car_parts,spikes_density,0.2,100,0.0,0.0,0.0,0.0,4.558067399263382,4.652931966781616,4.723831896781921,4.652931966781616,4.723831896781921
monash_car_parts,spikes_density,0.3,100,0.0,0.0,0.0,0.0,6.508675541877746,3.2981987476348875,3.3644374632835388,3.2981987476348875,3.3644374632835388
monash_car_parts,spikes_density,0.4,100,0.0,0.0,0.0,0.0,8.56524208188057,2.5447741389274596,2.59623174905777,2.5447741389274596,2.59623174905777
monash_car_parts,drift,0.5,100,0.0012820512820512818,0.0,0.0012820512820512818,0.05,0.7312812963873148,6.237193465232849,7.263132395744324,6.210358185768127,7.2198496389389035
monash_car_parts,drift,1.0,100,0.0,0.0,0.0,0.0,0.8624987033009529,4.714595170021057,5.4328173780441285,4.714595170021057,5.4328173780441285
monash_car_parts,drift,2.0,100,0.0,0.0,0.0,0.0,1.2359520350396633,3.136908457279205,3.5404948782920838,3.136908457279205,3.5404948782920838
monash_car_parts,drift,4.0,100,0.0,0.0,0.0,0.0,2.1903081238269806,2.429299192428589,2.5897749948501585,2.429299192428589,2.5897749948501585
monash_car_parts,drift,6.0,100,0.0,0.0,0.0,0.0,3.0162937235832215,2.2253064155578612,2.320110024213791,2.2253064155578612,2.320110024213791
monash_car_parts,drift,9.0,100,0.0,0.0,0.0,0.0,4.454079450964928,2.129605724811554,2.2036579203605653,2.129605724811554,2.2036579203605653
monash_car_parts,drift,12.0,100,0.0,0.0,0.0,0.0,5.861324397325515,2.053469763994217,2.1029937374591827,2.053469763994217,2.1029937374591827
monash_car_parts,drift,16.0,100,0.0,0.0,0.0,0.0,7.775906336307526,2.045878702402115,2.0853534936904907,2.045878702402115,2.0853534936904907
monash_car_parts,drift,20.0,100,0.0,0.0,0.0,0.0,9.744253488779067,2.014602265357971,2.046361186504364,2.014602265357971,2.046361186504364
monash_car_parts,drift,26.0,100,0.0,0.0,0.0,0.0,12.662780904769898,1.9952820551395416,2.022707589864731,1.9952820551395416,2.022707589864731
monash_car_parts,drift,32.0,100,0.0,0.0,0.0,0.0,15.502933945655823,2.0022153198719024,2.0295709371566772,2.0022153198719024,2.0295709371566772
monash_car_parts,drift_step,0.5,100,0.003076923076923077,0.0,0.003076923076923077,0.12,0.6481215909868479,7.230030815601349,8.448402903079987,6.9989233136177065,8.075648205280304
monash_car_parts,drift_step,1.0,100,0.0002564102564102564,0.0,0.0002564102564102564,0.01,0.7922734248638154,5.703991775512695,6.602179918289185,5.700324802398682,6.5962654495239255
monash_car_parts,drift_step,2.0,100,0.0,0.0,0.0,0.0,1.028229958564043,4.3393911099433895,4.9504796671867375,4.3393911099433895,4.9504796671867375
monash_car_parts,drift_step,4.0,100,0.0,0.0,0.0,0.0,1.5983185094594956,3.330439147949219,3.5054324150085447,3.330439147949219,3.5054324150085447
monash_car_parts,drift_step,8.0,100,0.0,0.0,0.0,0.0,2.8163502046465876,3.1859173762798307,3.254404137134552,3.1859173762798307,3.254404137134552
monash_car_parts,drift_step,12.0,100,0.0,0.0,0.0,0.0,4.151597094982862,3.298894466161728,3.3555109560489655,3.298894466161728,3.3555109560489655
monash_car_parts,drift_step,16.0,100,0.0,0.0,0.0,0.0,5.155111191868782,3.287053337097168,3.3429066276550294,3.287053337097168,3.3429066276550294
monash_car_parts,drift_step,20.0,100,0.0,0.0,0.0,0.0,6.369961164295673,3.3238494277000425,3.3718780040740968,3.3238494277000425,3.3718780040740968
monash_car_parts,gap,0.05,100,0.006756756756756756,0.0,0.006756756756756756,0.2,0.5872162128612399,9.527376098632812,11.309336774349212,8.06000494003296,9.115004861354828
monash_car_parts,gap,0.1,100,0.0074285714285714285,0.0,0.0074285714285714285,0.21,0.5884285795502364,9.051626374721527,10.36798525094986,8.003515069484711,8.844331476688385
monash_car_parts,gap,0.15,100,0.010606060606060605,0.0,0.010606060606060605,0.27,0.5753733800351619,9.73683355808258,11.372038297653198,8.290832943916321,9.302038316726685
monash_car_parts,gap,0.2,100,0.012580645161290321,0.0,0.012580645161290321,0.31,0.55852687895298,9.767141196727753,11.387474205493927,8.486305243968964,9.574853298664094
monash_car_parts,gap,0.3,100,0.005555555555555556,0.0,0.005555555555555556,0.15,0.632671959027648,8.22658682346344,9.277260472774506,7.419062037467956,8.18601045370102
monash_car_parts,gap,0.4,99,0.006148440931049627,0.0,0.006148440931049627,0.1414141414141414,0.6783572552405824,7.14925146584559,7.958003039311881,6.674554121614706,7.34941719999217
monash_car_parts,gap,0.5,100,0.007368421052631579,0.0,0.007368421052631579,0.14,0.645639098957181,6.975453493595123,7.7681105208396914,6.547413647174835,7.24611052274704
monash_car_parts,gap,0.6,100,0.00875,0.0,0.00875,0.14,0.7032738097012043,5.908135759830475,6.446640887260437,5.789135706424713,6.306640887260437
monash_car_parts,gap,0.7,99,0.0,0.0,0.0,0.0,0.7818061558887212,4.7689180229649395,5.11741606153623,4.7689180229649395,5.11741606153623
monash_car_parts,gap_boundary,0.05,100,0.007027027027027026,0.0,0.007027027027027026,0.22,0.5607528948970139,10.058360006809234,12.173527817726136,8.235848896503448,9.404601683616638
monash_car_parts,gap_boundary,0.1,100,0.008285714285714285,0.0,0.008285714285714285,0.24,0.5638571511395276,9.986289808750152,11.960873346328736,8.265161955356598,9.417497291564942
monash_car_parts,gap_boundary,0.15,100,0.010303030303030303,0.0,0.010303030303030303,0.27,0.5806710006296635,9.722479405403137,11.473242156505584,8.218561844825745,9.311011378765107
monash_car_parts,gap_boundary,0.2,100,0.01161290322580645,0.0,0.01161290322580645,0.31,0.5877188889682293,9.896905221939086,11.872500011920929,8.14338794708252,9.378192284107207
monash_car_parts,gap_boundary,0.3,100,0.008518518518518519,0.0,0.008518518518518519,0.23,0.6597619070857763,9.12613673210144,10.699374878406525,7.66392560005188,8.723413326740264
monash_car_parts,gap_boundary,0.4,100,0.008695652173913044,0.0,0.008695652173913044,0.2,0.7864285697788,7.237137289047241,8.334464693069458,6.25396502494812,7.073988513946533
monash_car_parts,gap_boundary,0.5,100,0.005789473684210527,0.0,0.005789473684210527,0.11,0.9132706792652607,4.882130827903747,5.428927278518676,4.552490944862366,5.026927280426025
monash_car_parts,gap_boundary,0.6,100,0.00625,0.0,0.00625,0.1,0.9695535723865032,4.347464690208435,4.745973780155182,4.262464652061462,4.645973780155182
monash_car_parts,gap_boundary,0.7,100,0.0,0.0,0.0,0.0,1.0133333280682564,3.6778305554389954,3.92181606054306,3.6778305554389954,3.92181606054306
monash_covid_deaths,clean,0.0,100,0.0002747252747252747,0.0,0.0002747252747252747,0.02,622.6612073387299,2.6666857695579527,3.723125213384628,2.4649337553977966,2.6581252133846283
monash_covid_deaths,spikes_intensity,1.0,100,0.009670329670329669,0.004120879120879121,0.005549450549450549,0.21,634.2287695523723,6.6593629312515255,7.541937888860702,5.52876232624054,5.860569556951523
monash_covid_deaths,spikes_intensity,2.0,100,0.009615384615384614,0.004175824175824176,0.005439560439560439,0.21,663.8177620852739,6.772529882192612,7.75409505367279,5.7125588643550875,6.264997725486755
monash_covid_deaths,spikes_intensity,4.0,100,0.00956043956043956,0.005549450549450549,0.004010989010989011,0.21,713.6409866000339,7.356699627637863,8.314812037944794,6.332869728803635,7.050564086437225
monash_covid_deaths,spikes_intensity,6.0,100,0.00956043956043956,0.004945054945054945,0.004615384615384616,0.21,777.9425308346376,8.066061568260192,8.797436175346375,7.0570155000686645,7.67579074382782
monash_covid_deaths,spikes_intensity,8.0,100,0.010054945054945055,0.005604395604395605,0.004450549450549451,0.21,836.0092703854665,8.686765489578248,9.339559869766235,7.678828783035279,8.29595006942749
monash_covid_deaths,spikes_intensity,12.0,100,0.00989010989010989,0.004285714285714286,0.005604395604395605,0.2,948.3209580462426,9.840869028568267,10.341037774085999,8.826927893161773,9.327096638679505
monash_covid_deaths,spikes_intensity,16.0,100,0.010384615384615383,0.004945054945054945,0.0054395604395604405,0.21,1060.0937349902838,10.669654676914215,11.215041446685792,9.639880239963531,10.185267009735107
monash_covid_deaths,spikes_intensity,20.0,100,0.010384615384615383,0.0050549450549450545,0.005329670329670331,0.21,1200.6944654083252,11.404170818328858,11.908452320098878,10.363012466430664,10.867293968200684
monash_covid_deaths,spikes_intensity,30.0,100,0.010879120879120878,0.0050549450549450545,0.005824175824175823,0.23,1485.644384507388,12.811348686218262,13.218226127624511,11.752039518356323,12.153123044967652
monash_covid_deaths,spikes_intensity,40.0,100,0.015164835164835164,0.0066483516483516495,0.008516483516483516,0.39,1798.0792064899206,13.760591349601746,14.309127326011657,12.64401505947113,13.098692746162415
monash_covid_deaths,spikes_density,0.01,100,0.005989010989010988,0.002692307692307692,0.0032967032967032963,0.56,744.8779955876992,7.492833627462387,29.46595674753189,4.191038855314255,12.650628311634064
monash_covid_deaths,spikes_density,0.02,100,0.009175824175824177,0.003956043956043956,0.005219780219780219,0.46,874.0203958471492,18.38602194786072,19.30620818376541,11.782512779235839,12.43994250535965
monash_covid_deaths,spikes_density,0.05,100,0.010439560439560437,0.004945054945054945,0.005494505494505495,0.22,1189.6922972917557,11.432915034294128,12.018703379631042,10.381773772239685,10.96262984752655
monash_covid_deaths,spikes_density,0.08,100,0.0,0.0,0.0,0.0,1564.5448373551667,8.379485771656036,8.706096668243408,8.379485771656036,8.706096668243408
monash_covid_deaths,spikes_density,0.12,100,0.0,0.0,0.0,0.0,1997.6943263861538,6.522069737911225,6.775256953239441,6.522069737911225,6.775256953239441
monash_covid_deaths,spikes_density,0.16,100,0.0,0.0,0.0,0.0,2458.928304041326,5.35749374628067,5.54548898935318,5.35749374628067,5.54548898935318
monash_covid_deaths,spikes_density,0.2,100,0.0,0.0,0.0,0.0,2904.837998138368,4.602027068138122,4.754952476024628,4.602027068138122,4.754952476024628
monash_covid_deaths,spikes_density,0.3,100,0.0,0.0,0.0,0.0,4109.635516476035,3.33451301574707,3.4192875957489015,3.33451301574707,3.4192875957489015
monash_covid_deaths,spikes_density,0.4,100,0.0,0.0,0.0,0.0,5254.23049113214,2.668669261932373,2.721900210380554,2.668669261932373,2.721900210380554
monash_covid_deaths,drift,0.5,100,0.00016483516483516484,0.0,0.00016483516483516484,0.02,723.5444067960605,2.7699886989593505,3.182599664926529,2.748335337638855,2.987434545755386
monash_covid_deaths,drift,1.0,100,0.00016483516483516484,0.0,0.00016483516483516484,0.02,606.6604790244252,2.733825846910477,3.0203531229496003,2.7291007196903228,2.9948347914218902
monash_covid_deaths,drift,2.0,100,0.0,0.0,0.0,0.0,655.0051231829077,2.655117437839508,2.880960556268692,2.655117437839508,2.880960556268692
monash_covid_deaths,drift,4.0,100,0.0,0.0,0.0,0.0,1274.0410125005246,2.3740141868591307,2.4535947144031525,2.3740141868591307,2.4535947144031525
monash_covid_deaths,drift,6.0,100,0.0,0.0,0.0,0.0,2267.77106310755,2.2755064296722414,2.3431857419013977,2.2755064296722414,2.3431857419013977
monash_covid_deaths,drift,9.0,100,0.0,0.0,0.0,0.0,3181.958710281253,2.209708671569824,2.2606655728816984,2.209708671569824,2.2606655728816984
monash_covid_deaths,drift,12.0,100,0.0,0.0,0.0,0.0,3748.1442135703564,2.112734988927841,2.160070298910141,2.112734988927841,2.160070298910141
monash_covid_deaths,drift,16.0,100,0.0,0.0,0.0,0.0,4831.024723223448,2.06613298535347,2.1009213626384735,2.06613298535347,2.1009213626384735
monash_covid_deaths,drift,20.0,100,0.0,0.0,0.0,0.0,6050.5597273945805,2.0494073808193205,2.076069198846817,2.0494073808193205,2.076069198846817
monash_covid_deaths,drift,26.0,100,0.0,0.0,0.0,0.0,8199.712509872914,2.0185552537441254,2.041577204465866,2.0185552537441254,2.041577204465866
monash_covid_deaths,drift,32.0,100,0.0,0.0,0.0,0.0,9668.572189283372,2.0121017944812776,2.0427316427230835,2.0121017944812776,2.0427316427230835
monash_covid_deaths,drift_step,0.5,100,0.0002197802197802198,0.0,0.0002197802197802198,0.02,648.2672572046705,3.0588900220394133,3.5538545727729796,3.0158590018749236,3.2129873776435853
monash_covid_deaths,drift_step,1.0,100,0.00016483516483516484,0.0,0.00016483516483516484,0.02,771.1021104395762,3.0523240971565246,3.3885242307186125,3.036111071109772,3.2643465077877045
monash_covid_deaths,drift_step,2.0,100,0.0,0.0,0.0,0.0,971.0391587061436,2.905975341796875,3.102941768169403,2.905975341796875,3.102941768169403
monash_covid_deaths,drift_step,4.0,100,0.0,0.0,0.0,0.0,1295.7734913207591,2.7664104390144346,2.9146576285362245,2.7664104390144346,2.9146576285362245
monash_covid_deaths,drift_step,8.0,100,0.0,0.0,0.0,0.0,2048.941275636852,2.868433896303177,2.901533216238022,2.868433896303177,2.901533216238022
monash_covid_deaths,drift_step,12.0,100,0.0,0.0,0.0,0.0,2610.150344964266,2.951188496351242,2.9716724050045014,2.951188496351242,2.9716724050045014
monash_covid_deaths,drift_step,16.0,100,0.0,0.0,0.0,0.0,3502.584211786985,3.049805064201355,3.0726759481430053,3.049805064201355,3.0726759481430053
monash_covid_deaths,drift_step,20.0,100,0.0,0.0,0.0,0.0,4112.709400732518,3.0190005016326906,3.0313560438156126,3.0190005016326906,3.0313560438156126
monash_covid_deaths,gap,0.05,100,0.00028901734104046245,0.0,0.00028901734104046245,0.02,628.2420808665454,2.7253729462623597,3.64422602057457,2.472516748905182,2.6467260205745697
monash_covid_deaths,gap,0.1,100,0.0003048780487804878,0.0,0.0003048780487804878,0.02,623.3349427139386,2.749148118495941,3.549433652162552,2.4538659644126892,2.619433652162552
monash_covid_deaths,gap,0.15,100,0.0003225806451612903,0.0,0.0003225806451612903,0.02,647.8633033062238,2.7590824961662292,3.4292687487602236,2.4300422167778013,2.5667687487602233
monash_covid_deaths,gap,0.2,100,0.00034246575342465754,0.0,0.00034246575342465754,0.02,633.6526726327091,2.911699571609497,3.475995465517044,2.5575904941558836,2.6809954655170443
monash_covid_deaths,gap,0.3,100,0.0005511811023622047,0.0,0.0005511811023622047,0.03,597.2236157941073,3.0841426599025725,3.4431404399871828,2.7014462220668793,2.7886241626739503
monash_covid_deaths,gap,0.4,100,0.0007339449541284404,0.0,0.0007339449541284404,0.03,771.0553257762268,3.1597228062152865,3.3524863374233247,2.750807467699051,2.793337949514389
monash_covid_deaths,gap,0.5,100,0.001208791208791209,0.0,0.001208791208791209,0.05,508.87922721194104,3.680688430070877,4.438534797430038,3.1879765141010283,3.3304759061336515
monash_covid_deaths,gap,0.6,100,0.001095890410958904,0.0,0.001095890410958904,0.04,705.4974181520193,3.426076263189316,4.036689085960388,3.0160357892513274,3.1807811880111694
monash_covid_deaths,gap,0.7,100,0.002181818181818182,0.0,0.002181818181818182,0.05,679.9332762155309,3.2795384299755095,3.330459895133972,2.8375359427928926,2.8860629034042358
monash_covid_deaths,gap_boundary,0.05,100,0.00017341040462427745,0.0,0.00017341040462427745,0.01,580.8079194708913,2.931404404640198,3.003577481508255,2.5047377252578737,2.576910802125931
monash_covid_deaths,gap_boundary,0.1,100,0.0,0.0,0.0,0.0,537.5875006426871,2.4186810290813447,2.5119453501701354,2.4186810290813447,2.5119453501701354
monash_covid_deaths,gap_boundary,0.15,100,0.00019354838709677422,0.0,0.00019354838709677422,0.01,492.76819275707004,2.5808463001251223,2.6766376733779906,2.5620231151580812,2.6335229158401487
monash_covid_deaths,gap_boundary,0.2,100,0.0,0.0,0.0,0.0,446.0554117135704,2.5726111829280853,2.621786153316498,2.5726111829280853,2.621786153316498
monash_covid_deaths,gap_boundary,0.3,100,0.0005511811023622047,0.0,0.0005511811023622047,0.02,341.4738591491803,3.574043776988983,3.820851278305054,3.111144816875458,3.231851282119751
monash_covid_deaths,gap_boundary,0.4,100,0.0003669724770642202,0.0,0.0003669724770642202,0.02,235.01449405297637,3.672608584165573,3.842681747674942,3.61634712100029,3.760961090326309
monash_covid_deaths,gap_boundary,0.5,100,0.001098901098901099,0.0,0.001098901098901099,0.03,127.7900042314455,4.581897116899491,4.773553363084793,4.4246385490894315,4.595967189073563
monash_covid_deaths,gap_boundary,0.6,100,0.005753424657534248,0.0,0.005753424657534248,0.19,49.54780635610223,7.287674754858017,8.363228663206101,6.335345577001572,6.767067555189133
monash_covid_deaths,gap_boundary,0.7,100,0.002545454545454545,0.0,0.002545454545454545,0.09,20.152363421730698,2.5101665377616884,2.852761074304581,2.1439458918571472,2.2900136053562163
dominick,clean,0.0,100,0.00044092344910353395,0.0,0.00044092344910353395,0.03,17.04459793686867,3.9739129054546356,4.653602341413498,3.7314880645275115,4.306001700162888
dominick,spikes_intensity,1.0,100,0.0003437465009517411,4.3668122270742355e-05,0.00030007837868099873,0.02,17.287471927404404,3.8270615625381468,4.574648813009262,3.6807368516922,4.363379110097885
dominick,spikes_intensity,2.0,100,0.00030007837868099873,0.0,0.00030007837868099873,0.02,17.65549721121788,3.7228174090385435,4.8744423699378965,3.6338830637931823,4.7483053040504455
dominick,spikes_intensity,4.0,100,0.00030711646432170453,0.0,0.00030711646432170453,0.02,18.57212140083313,4.298903015851974,5.506758478879928,4.261749714612961,5.343953408002854
dominick,spikes_intensity,6.0,100,2.8490028490028492e-05,0.0,2.8490028490028492e-05,0.01,19.55039828777313,5.088978259563446,6.236106160879135,5.088978259563446,6.2105939424037935
dominick,spikes_intensity,8.0,100,0.0,0.0,0.0,0.0,20.524099638462065,6.081171391010284,6.9896282696723935,6.081171391010284,6.9896282696723935
dominick,spikes_intensity,12.0,100,0.0008496785695216453,0.00015774452206142786,0.0006919340474602176,0.06,22.571018385887147,7.330042599439621,8.354188240766526,7.325526131391525,8.180283411741257
dominick,spikes_intensity,16.0,100,0.001209017135846118,0.0005480109410240415,0.0006610061948220764,0.06,24.684454612731933,8.30323939204216,8.955082496404648,8.271159666776658,8.875155643224716
dominick,spikes_intensity,20.0,100,0.0014088142700778513,0.00047475086776396823,0.0009340634023138833,0.12,26.874776554107665,9.098291236162186,9.759503244161605,9.06353951573372,9.600300649404526
dominick,spikes_intensity,30.0,100,0.007732360846298632,0.003598061130919341,0.00413429971537929,0.28,32.12127798080444,10.576829565763473,11.099378868341446,10.358912400007249,10.699997898340225
dominick,spikes_intensity,40.0,100,0.016590088630745525,0.00660296043759401,0.009987128193151517,0.44,37.424140548706056,11.591885036230087,12.011769379377364,11.135101970434189,11.30774505496025
dominick,spikes_density,0.01,100,0.005604172636223928,0.002677219416570808,0.0029269532196531194,0.55,19.034106798171997,5.141515091657639,16.672467344999312,4.503278876543045,10.720300377607346
dominick,spikes_density,0.02,100,0.009369685879693728,0.004489427430376555,0.004880258449317172,0.49,20.931354525089265,12.818858586549759,14.073506166934967,10.097380782365798,10.680146458148956
dominick,spikes_density,0.05,100,0.0019585832952706945,0.0006305289870611934,0.0013280543082095008,0.13,26.88674614906311,9.117620816230774,9.798693753480912,9.074495759010315,9.613501836061477
dominick,spikes_density,0.08,100,0.0,0.0,0.0,0.0,32.72703737258911,7.187407635450363,7.63340091586113,7.187407635450363,7.63340091586113
dominick,spikes_density,0.12,100,0.0,0.0,0.0,0.0,40.669423971176144,5.696248465776444,6.025244935750961,5.696248465776444,6.025244935750961
dominick,spikes_density,0.16,100,0.0,0.0,0.0,0.0,48.389142198562624,4.786896158456802,5.078154419660568,4.786896158456802,5.078154419660568
dominick,spikes_density,0.2,100,0.0,0.0,0.0,0.0,56.23654870986938,4.138589202165604,4.363802108764649,4.138589202165604,4.363802108764649
dominick,spikes_density,0.3,100,0.0,0.0,0.0,0.0,75.86815693855286,3.15308678150177,3.2890046966075897,3.15308678150177,3.2890046966075897
dominick,spikes_density,0.4,100,0.0,0.0,0.0,0.0,95.44276619911194,2.583224526643753,2.70735609292984,2.583224526643753,2.70735609292984
dominick,drift,0.5,100,0.0002564102564102564,0.0,0.0002564102564102564,0.01,18.412103168964386,3.0570580422878266,3.5904483115673065,3.0490650022029877,3.5776962745189667
dominick,drift,1.0,100,0.0,0.0,0.0,0.0,20.655904831886293,2.6212965834140776,3.0380810284614563,2.6212965834140776,3.0380810284614563
dominick,drift,2.0,100,0.0,0.0,0.0,0.0,22.26857915401459,2.2288187670707704,2.6176226150989534,2.2288187670707704,2.6176226150989534
dominick,drift,4.0,100,0.0,0.0,0.0,0.0,30.832044172286988,2.100053287744522,2.3533255851268766,2.100053287744522,2.3533255851268766
dominick,drift,6.0,100,0.0,0.0,0.0,0.0,41.533949785232544,2.068836922645569,2.2527997589111326,2.068836922645569,2.2527997589111326
dominick,drift,9.0,100,0.0,0.0,0.0,0.0,52.91646560668946,2.1023724818229677,2.2658825182914732,2.1023724818229677,2.2658825182914732
dominick,drift,12.0,100,0.0,0.0,0.0,0.0,69.40546587944031,2.0891729629039766,2.217898044586182,2.0891729629039766,2.217898044586182
dominick,drift,16.0,100,0.0,0.0,0.0,0.0,88.16221843719482,2.081298760175705,2.19172901391983,2.081298760175705,2.19172901391983
dominick,drift,20.0,100,0.0,0.0,0.0,0.0,109.67438865661622,2.0743768429756164,2.1751213121414184,2.0743768429756164,2.1751213121414184
dominick,drift,26.0,100,0.0,0.0,0.0,0.0,138.8267253303528,2.0797518980503082,2.157732082605362,2.0797518980503082,2.157732082605362
dominick,drift,32.0,100,0.0,0.0,0.0,0.0,170.14893386363983,2.0591729533672334,2.1318241226673127,2.0591729533672334,2.1318241226673127
dominick,drift_step,0.5,100,0.00030007837868099873,0.0,0.00030007837868099873,0.02,17.76781345486641,3.379957206249237,3.953360389471054,3.327443015575409,3.871583160161972
dominick,drift_step,1.0,100,7.326007326007326e-05,0.0,7.326007326007326e-05,0.01,18.537086353302,3.139433182477951,3.6530708837509156,3.139433182477951,3.644687170982361
dominick,drift_step,2.0,100,0.0,0.0,0.0,0.0,20.338919715881346,2.8345789909362793,3.2716311240196227,2.8345789909362793,3.2716311240196227
dominick,drift_step,4.0,100,0.0,0.0,0.0,0.0,26.17369743347168,2.6390737569332123,2.949415466785431,2.6390737569332123,2.949415466785431
dominick,drift_step,8.0,100,0.0,0.0,0.0,0.0,38.598709044456484,2.6858127903938294,2.810783658027649,2.6858127903938294,2.810783658027649
dominick,drift_step,12.0,100,0.0,0.0,0.0,0.0,51.51450335502624,2.797363576889038,2.9128279078006742,2.797363576889038,2.9128279078006742
dominick,drift_step,16.0,100,0.0,0.0,0.0,0.0,62.55767280578613,2.8648420965671537,3.0042064702510833,2.8648420965671537,3.0042064702510833
dominick,drift_step,20.0,100,0.0,0.0,0.0,0.0,75.6030428314209,2.879790997505188,2.991585142612457,2.879790997505188,2.991585142612457
dominick,gap,0.05,100,0.0005986379694255069,9.174311926605505e-05,0.0005068948501594519,0.03,16.973367668390274,4.052265393733978,4.763062872886658,3.7772505354881285,4.309763426780701
dominick,gap,0.1,100,0.0004893465348488436,0.0,0.0004893465348488436,0.03,17.199193683862685,3.9369269716739654,4.560029411315918,3.730627733469009,4.27419454574585
dominick,gap,0.15,100,0.0010159211599629781,0.0,0.0010159211599629781,0.04,16.993090566396713,4.146620754003525,4.899049463272095,3.865927823781967,4.297378940582275
dominick,gap,0.2,100,0.0006462357205357084,0.0,0.0006462357205357084,0.03,17.169328891038894,4.026682416200638,4.805688438415527,3.6709488117694855,4.072779006958008
dominick,gap,0.3,100,0.0006469240837696336,0.0,0.0006469240837696336,0.02,16.83748629629612,4.119334602355957,4.702677710056305,3.740080337524414,4.076967794895172
dominick,gap,0.4,100,0.0012213099927798788,0.0,0.0012213099927798788,0.04,17.32863631248474,4.063998363018036,4.43930933713913,3.83124064207077,4.116190707683563
dominick,gap,0.5,100,0.0011056142533399094,0.0,0.0011056142533399094,0.04,16.91013536274433,4.191523073911667,4.608695076704025,4.000532091856003,4.255954579114914
dominick,gap,0.6,100,0.000993504560697962,0.000136986301369863,0.000856518259328099,0.03,16.428750331401826,4.026724345684052,4.262289645671845,3.810377471446991,4.025502288341523
dominick,gap,0.7,100,0.0012238331107465958,0.0,0.0012238331107465958,0.05,17.03446594834328,4.061824431419373,4.646968256235123,3.68683865070343,3.9647050344944
dominick,gap_boundary,0.05,100,0.0003161418299032978,0.0,0.0003161418299032978,0.02,17.2884305870533,3.8688280153274537,4.5171501302719115,3.648827977180481,4.206930975914002
dominick,gap_boundary,0.1,100,0.0003330965348488436,0.0,0.0003330965348488436,0.02,17.564575763940812,3.7918908476829527,4.394467816352845,3.5904622435569764,4.1160431528091435
dominick,gap_boundary,0.15,100,0.0004082548079976162,0.0,0.0004082548079976162,0.03,17.789133459329605,3.7173755633831025,4.26432744383812,3.5359469592571258,4.013996614217758
dominick,gap_boundary,0.2,100,0.0004345692555861268,0.0,0.0004345692555861268,0.03,18.071084192991258,3.611565647125244,4.131282898187638,3.4501370429992675,3.9108882772922517
dominick,gap_boundary,0.3,100,0.00044123916903952723,0.0,0.00044123916903952723,0.04,18.531013479232787,3.610387885570526,4.088426104784012,3.3783878779411314,3.7668968880176545
dominick,gap_boundary,0.4,100,0.0009518813756586844,0.0,0.0009518813756586844,0.04,18.94749487400055,3.438663668632507,3.9852445244789125,3.229659495353699,3.559676945209503
dominick,gap_boundary,0.5,100,0.0011560236276896105,0.0,0.0011560236276896105,0.05,19.38142853498459,3.2482078182697296,3.68039439201355,3.1059474003314973,3.327158193588257
dominick,gap_boundary,0.6,100,0.001133448984353245,0.0,0.001133448984353245,0.03,19.832474863529207,3.0013661181926725,3.311705175638199,2.890703953504562,3.0971048033237456
dominick,gap_boundary,0.7,100,0.00101711030869252,0.0,0.00101711030869252,0.03,20.1045738530159,2.8314189493656157,3.0183412396907805,2.638689819574356,2.7913445127010346
ercot,clean,0.0,8,0.0,0.0,0.0,0.0,7019.105529785156,1.3087575882673264,1.3251634240150452,1.3087575882673264,1.3251634240150452
ercot,spikes_intensity,1.0,8,0.0,0.0,0.0,0.0,7017.385543823242,1.3269303739070892,1.4524785578250885,1.3269303739070892,1.4524785578250885
ercot,spikes_intensity,2.0,8,0.0,0.0,0.0,0.0,7011.46630859375,1.3757095038890839,1.5753281116485596,1.3757095038890839,1.5753281116485596
ercot,spikes_intensity,4.0,8,0.0,0.0,0.0,0.0,7023.506866455078,1.7160361409187317,1.9198206812143326,1.7160361409187317,1.9198206812143326
ercot,spikes_intensity,6.0,8,0.0,0.0,0.0,0.0,7051.2595291137695,2.0125730484724045,2.267407178878784,2.0125730484724045,2.267407178878784
ercot,spikes_intensity,8.0,8,0.0,0.0,0.0,0.0,7127.495361328125,2.3875359892845154,2.561626672744751,2.3875359892845154,2.561626672744751
ercot,spikes_intensity,12.0,8,0.0,0.0,0.0,0.0,7354.9129638671875,2.8368237912654877,3.084700107574463,2.8368237912654877,3.084700107574463
ercot,spikes_intensity,16.0,8,0.0,0.0,0.0,0.0,7553.344482421875,3.391000747680664,3.619728595018387,3.391000747680664,3.619728595018387
ercot,spikes_intensity,20.0,8,0.0,0.0,0.0,0.0,7810.622222900391,3.8576077818870544,4.08982527256012,3.8576077818870544,4.08982527256012
ercot,spikes_intensity,30.0,8,0.0,0.0,0.0,0.0,8412.791976928711,5.003661572933197,5.188884019851685,5.003661572933197,5.188884019851685
ercot,spikes_intensity,40.0,8,0.0,0.0,0.0,0.0,8870.272338867188,5.899020075798035,6.113418996334076,5.899020075798035,6.113418996334076
ercot,spikes_density,0.01,8,0.0,0.0,0.0,0.0,7172.847183227539,1.6810926645994186,4.287530720233917,1.6810926645994186,4.287530720233917
ercot,spikes_density,0.02,8,0.0,0.0,0.0,0.0,7267.463073730469,2.773611009120941,4.341161757707596,2.773611009120941,4.341161757707596
ercot,spikes_density,0.05,8,0.0,0.0,0.0,0.0,7788.657012939453,3.818242758512497,4.074681848287582,3.818242758512497,4.074681848287582
ercot,spikes_density,0.08,8,0.0,0.0,0.0,0.0,8169.762069702148,3.778928756713867,3.901563823223114,3.778928756713867,3.901563823223114
ercot,spikes_density,0.12,8,0.0,0.0,0.0,0.0,8959.596115112305,3.466034024953842,3.5547033548355103,3.466034024953842,3.5547033548355103
ercot,spikes_density,0.16,8,0.0,0.0,0.0,0.0,9679.70718383789,3.272712826728821,3.3344035744667053,3.272712826728821,3.3344035744667053
ercot,spikes_density,0.2,8,0.0,0.0,0.0,0.0,10099.71891784668,3.1068383753299713,3.162973314523697,3.1068383753299713,3.162973314523697
ercot,spikes_density,0.3,8,0.0,0.0,0.0,0.0,11692.776748657227,2.7025658190250397,2.73045414686203,2.7025658190250397,2.73045414686203
ercot,spikes_density,0.4,8,0.0,0.0,0.0,0.0,13165.617492675781,2.390682101249695,2.409013092517853,2.390682101249695,2.409013092517853
ercot,drift,0.5,8,0.0,0.0,0.0,0.0,6598.674255371094,1.3183300644159317,1.3351015597581863,1.3183300644159317,1.3351015597581863
ercot,drift,1.0,8,0.0,0.0,0.0,0.0,7360.841842651367,1.3219406306743622,1.3393000066280365,1.3219406306743622,1.3393000066280365
ercot,drift,2.0,8,0.0,0.0,0.0,0.0,7085.520446777344,1.3591852188110352,1.3770390003919601,1.3591852188110352,1.3770390003919601
ercot,drift,4.0,8,0.0,0.0,0.0,0.0,7451.797498703003,1.5850174576044083,1.612254649400711,1.5850174576044083,1.612254649400711
ercot,drift,6.0,8,0.0,0.0,0.0,0.0,12397.305534362793,1.386944904923439,1.4045649617910385,1.386944904923439,1.4045649617910385
ercot,drift,9.0,8,0.0,0.0,0.0,0.0,4907.970909118652,1.4454575031995773,1.4742761552333832,1.4454575031995773,1.4742761552333832
ercot,drift,12.0,8,0.0,0.0,0.0,0.0,18183.817352294922,1.192770317196846,1.2079893499612808,1.192770317196846,1.2079893499612808
ercot,drift,16.0,8,0.0,0.0,0.0,0.0,15351.449035644531,1.1164413839578629,1.1219599545001984,1.1164413839578629,1.1219599545001984
ercot,drift,20.0,8,0.0,0.0,0.0,0.0,19050.96697998047,1.105060026049614,1.1108964830636978,1.105060026049614,1.1108964830636978
ercot,drift,26.0,8,0.0,0.0,0.0,0.0,34931.73223876953,1.0612165331840515,1.0649561882019043,1.0612165331840515,1.0649561882019043
ercot,drift,32.0,8,0.0,0.0,0.0,0.0,32094.825317382812,1.0601169764995575,1.0636693239212036,1.0601169764995575,1.0636693239212036
ercot,drift_step,0.5,8,0.0,0.0,0.0,0.0,7019.105529785156,1.3087575882673264,1.3251634240150452,1.3087575882673264,1.3251634240150452
ercot,drift_step,1.0,8,0.0,0.0,0.0,0.0,7019.105529785156,1.3087575882673264,1.3251634240150452,1.3087575882673264,1.3251634240150452
ercot,drift_step,2.0,8,0.0,0.0,0.0,0.0,7019.105529785156,1.3087575882673264,1.3251634240150452,1.3087575882673264,1.3251634240150452
ercot,drift_step,4.0,8,0.0,0.0,0.0,0.0,7019.105529785156,1.3087575882673264,1.3251634240150452,1.3087575882673264,1.3251634240150452
ercot,drift_step,8.0,8,0.0,0.0,0.0,0.0,7019.105529785156,1.3087575882673264,1.3251634240150452,1.3087575882673264,1.3251634240150452
ercot,drift_step,12.0,8,0.0,0.0,0.0,0.0,7019.105529785156,1.3087575882673264,1.3251634240150452,1.3087575882673264,1.3251634240150452
ercot,drift_step,16.0,8,0.0,0.0,0.0,0.0,7019.105529785156,1.3087575882673264,1.3251634240150452,1.3087575882673264,1.3251634240150452
ercot,drift_step,20.0,8,0.0,0.0,0.0,0.0,7019.105529785156,1.3087575882673264,1.3251634240150452,1.3087575882673264,1.3251634240150452
ercot,gap,0.05,8,0.0,0.0,0.0,0.0,7019.105529785156,1.3087575882673264,1.3251634240150452,1.3087575882673264,1.3251634240150452
ercot,gap,0.1,8,0.0,0.0,0.0,0.0,7019.105529785156,1.3087575882673264,1.3251634240150452,1.3087575882673264,1.3251634240150452
ercot,gap,0.15,8,0.0,0.0,0.0,0.0,7019.105529785156,1.3087575882673264,1.3251634240150452,1.3087575882673264,1.3251634240150452
ercot,gap,0.2,8,0.0,0.0,0.0,0.0,7019.105529785156,1.3087575882673264,1.3251634240150452,1.3087575882673264,1.3251634240150452
ercot,gap,0.3,8,0.0,0.0,0.0,0.0,7019.105529785156,1.3087575882673264,1.3251634240150452,1.3087575882673264,1.3251634240150452
ercot,gap,0.4,8,0.0,0.0,0.0,0.0,7018.524230957031,1.3092780709266663,1.325209841132164,1.3092780709266663,1.325209841132164
ercot,gap,0.5,8,0.0,0.0,0.0,0.0,7019.105529785156,1.3087575882673264,1.3251634240150452,1.3087575882673264,1.3251634240150452
ercot,gap,0.6,8,0.0,0.0,0.0,0.0,7025.1705322265625,1.3062732517719269,1.3226550817489624,1.3062732517719269,1.3226550817489624
ercot,gap,0.7,8,0.0,0.0,0.0,0.0,7019.105529785156,1.3087575882673264,1.3251634240150452,1.3087575882673264,1.3251634240150452
exchange_rate,clean,0.0,8,0.0,0.0,0.0,0.0,0.6877651318209246,1.0643097460269928,1.071651741862297,1.0643097460269928,1.071651741862297
exchange_rate,spikes_intensity,1.0,8,0.0,0.0,0.0,0.0,0.6880411677993834,1.1728242635726929,1.2194714099168777,1.1728242635726929,1.2194714099168777
exchange_rate,spikes_intensity,2.0,8,0.0,0.0,0.0,0.0,0.6868791959714144,1.3371069431304932,1.3882416486740112,1.3371069431304932,1.3882416486740112
exchange_rate,spikes_intensity,4.0,8,0.0,0.0,0.0,0.0,0.6863376470282674,1.6619906425476074,1.7197325676679611,1.6619906425476074,1.7197325676679611
exchange_rate,spikes_intensity,6.0,8,0.0,0.0,0.0,0.0,0.6882666061865166,1.9965227544307709,2.047377288341522,1.9965227544307709,2.047377288341522
exchange_rate,spikes_intensity,8.0,8,0.0,0.0,0.0,0.0,0.7009235984878615,2.2967479825019836,2.3328365832567215,2.2967479825019836,2.3328365832567215
exchange_rate,spikes_intensity,12.0,8,0.0,0.0,0.0,0.0,0.7166939720045775,2.8633883893489838,2.898666560649872,2.8633883893489838,2.898666560649872
exchange_rate,spikes_intensity,16.0,8,0.0,0.0,0.0,0.0,0.7377429876942188,3.366491675376892,3.421149879693985,3.366491675376892,3.421149879693985
exchange_rate,spikes_intensity,20.0,8,0.0,0.0,0.0,0.0,0.7514620497822762,3.8990681171417236,3.953055649995804,3.8990681171417236,3.953055649995804
exchange_rate,spikes_intensity,30.0,8,0.0,0.0,0.0,0.0,0.7955466711428016,5.06414470076561,5.117652326822281,5.06414470076561,5.117652326822281
exchange_rate,spikes_intensity,40.0,8,0.0,0.0,0.0,0.0,0.8556215421995148,5.902658671140671,5.978944182395935,5.902658671140671,5.978944182395935
exchange_rate,spikes_density,0.01,8,0.0,0.0,0.0,0.0,0.7024792085867375,1.6733015477657318,3.9913747310638428,1.6733015477657318,3.9913747310638428
exchange_rate,spikes_density,0.02,8,0.0,0.0,0.0,0.0,0.710375161957927,2.814279317855835,4.164137899875641,2.814279317855835,4.164137899875641
exchange_rate,spikes_density,0.05,8,0.0,0.0,0.0,0.0,0.7591642824700102,3.838917911052704,3.876055985689163,3.838917911052704,3.876055985689163
exchange_rate,spikes_density,0.08,8,0.0,0.0,0.0,0.0,0.810851878253743,3.647288531064987,3.673148661851883,3.647288531064987,3.673148661851883
exchange_rate,spikes_density,0.12,8,0.0,0.0,0.0,0.0,0.8492822095286101,3.4240406155586243,3.4453100860118866,3.4240406155586243,3.4453100860118866
exchange_rate,spikes_density,0.16,8,0.0,0.0,0.0,0.0,0.9367162494454533,3.0939850211143494,3.1100282967090607,3.0939850211143494,3.1100282967090607
exchange_rate,spikes_density,0.2,8,0.0,0.0,0.0,0.0,0.9902961120242253,2.9046877324581146,2.912133663892746,2.9046877324581146,2.912133663892746
exchange_rate,spikes_density,0.3,8,0.0,0.0,0.0,0.0,1.1317163109779358,2.529468536376953,2.5363369286060333,2.529468536376953,2.5363369286060333
exchange_rate,spikes_density,0.4,8,0.0,0.0,0.0,0.0,1.259480528300628,2.285929709672928,2.2933173775672913,2.285929709672928,2.2933173775672913
exchange_rate,drift,0.5,8,0.0,0.0,0.0,0.0,0.6860001727472991,1.0627661794424057,1.0702448785305023,1.0627661794424057,1.0702448785305023
exchange_rate,drift,1.0,8,0.0,0.0,0.0,0.0,0.5939712972030975,1.0719771087169647,1.0806868970394135,1.0719771087169647,1.0806868970394135
exchange_rate,drift,2.0,8,0.0,0.0,0.0,0.0,0.5323830964043736,1.0957216769456863,1.1060711294412613,1.0957216769456863,1.1060711294412613
exchange_rate,drift,4.0,8,0.0,0.0,0.0,0.0,0.7812487813644111,1.0870324820280075,1.0969514548778534,1.0870324820280075,1.0969514548778534
exchange_rate,drift,6.0,8,0.0,0.0,0.0,0.0,0.5144801521673799,1.4342331290245056,1.4834400862455368,1.4342331290245056,1.4834400862455368
exchange_rate,drift,9.0,8,0.0,0.0,0.0,0.0,1.1649669227917911,1.0964694768190384,1.1013511717319489,1.0964694768190384,1.1013511717319489
exchange_rate,drift,12.0,8,0.0,0.0,0.0,0.0,0.7704529464244843,1.1921107023954391,1.2013839036226273,1.1921107023954391,1.2013839036226273
exchange_rate,drift,16.0,8,0.0,0.0,0.0,0.0,1.495435003656894,1.0546517372131348,1.057159036397934,1.0546517372131348,1.057159036397934
exchange_rate,drift,20.0,8,0.0,0.0,0.0,0.0,2.018988420255482,1.07172392308712,1.0739511251449585,1.07172392308712,1.0739511251449585
exchange_rate,drift,26.0,8,0.0,0.0,0.0,0.0,2.959133856697008,1.0344626158475876,1.0368136763572693,1.0344626158475876,1.0368136763572693
exchange_rate,drift,32.0,8,0.0,0.0,0.0,0.0,3.134440507274121,1.0405252128839493,1.0427099466323853,1.0405252128839493,1.0427099466323853
exchange_rate,drift_step,0.5,8,0.0,0.0,0.0,0.0,0.6938018902437761,1.0645711421966553,1.0718912929296494,1.0645711421966553,1.0718912929296494
exchange_rate,drift_step,1.0,8,0.0,0.0,0.0,0.0,0.6877651318209246,1.0643097460269928,1.071651741862297,1.0643097460269928,1.071651741862297
exchange_rate,drift_step,2.0,8,0.0,0.0,0.0,0.0,0.6877651318209246,1.0643097460269928,1.071651741862297,1.0643097460269928,1.071651741862297
exchange_rate,drift_step,4.0,8,0.0,0.0,0.0,0.0,0.7178878887789324,1.0808489620685577,1.0880925506353378,1.0808489620685577,1.0880925506353378
exchange_rate,drift_step,8.0,8,0.0,0.0,0.0,0.0,0.6867877649201546,1.932625338435173,1.9540079236030579,1.932625338435173,1.9540079236030579
exchange_rate,drift_step,12.0,8,0.0,0.0,0.0,0.0,0.6877651318209246,1.0643097460269928,1.071651741862297,1.0643097460269928,1.071651741862297
exchange_rate,drift_step,16.0,8,0.0,0.0,0.0,0.0,0.7544383137719706,1.0789053738117218,1.0845528990030289,1.0789053738117218,1.0845528990030289
exchange_rate,drift_step,20.0,8,0.0,0.0,0.0,0.0,0.6877651318209246,1.0643097460269928,1.071651741862297,1.0643097460269928,1.071651741862297
exchange_rate,gap,0.05,8,0.0,0.0,0.0,0.0,0.6886891006724909,1.0630954205989838,1.0703127086162567,1.0630954205989838,1.0703127086162567
exchange_rate,gap,0.1,8,0.0,0.0,0.0,0.0,0.6878345233853906,1.0561460852622986,1.0634087473154068,1.0561460852622986,1.0634087473154068
exchange_rate,gap,0.15,8,0.0,0.0,0.0,0.0,0.6877517356770113,1.06434665620327,1.071671023964882,1.06434665620327,1.071671023964882
exchange_rate,gap,0.2,8,0.0,0.0,0.0,0.0,0.688760670949705,1.0596955865621567,1.065258413553238,1.0596955865621567,1.065258413553238
exchange_rate,gap,0.3,8,0.0,0.0,0.0,0.0,0.6896283647511154,1.0567547529935837,1.0637707710266113,1.0567547529935837,1.0637707710266113
exchange_rate,gap,0.4,8,0.0,0.0,0.0,0.0,0.6921710997121409,1.0591144561767578,1.0649747997522354,1.0591144561767578,1.0649747997522354
exchange_rate,gap,0.5,8,0.0,0.0,0.0,0.0,0.6659487291472033,1.0534377843141556,1.0602118521928787,1.0534377843141556,1.0602118521928787
exchange_rate,gap,0.6,8,0.0,0.0,0.0,0.0,0.688279215246439,1.0574946701526642,1.0647003650665283,1.0574946701526642,1.0647003650665283
exchange_rate,gap,0.7,8,0.0,0.0,0.0,0.0,0.6891677576350048,1.059270590543747,1.0656878799200058,1.059270590543747,1.0656878799200058
exchange_rate,gap_boundary,0.05,8,0.0,0.0,0.0,0.0,0.6986321598524228,1.0299041718244553,1.0327878296375275,1.0299041718244553,1.0327878296375275
monash_fred_md,clean,0.0,100,0.0,0.0,0.0,0.0,24599.356775158496,2.0410846984386444,2.3422523069381715,2.0410846984386444,2.3422523069381715
monash_fred_md,spikes_intensity,1.0,100,0.0,0.0,0.0,0.0,24666.840641311406,2.1080382454395292,2.5480065989494323,2.1080382454395292,2.5480065989494323
monash_fred_md,spikes_intensity,2.0,100,0.0,0.0,0.0,0.0,24896.6849292773,2.3088976907730103,2.847105714082718,2.3088976907730103,2.847105714082718
monash_fred_md,spikes_intensity,4.0,100,0.0,0.0,0.0,0.0,25600.20420727849,2.8307583844661712,3.5235587799549104,2.8307583844661712,3.5235587799549104
monash_fred_md,spikes_intensity,6.0,100,0.0,0.0,0.0,0.0,26705.57793449998,3.427498162984848,4.058424286842346,3.427498162984848,4.058424286842346
monash_fred_md,spikes_intensity,8.0,100,0.0,0.0,0.0,0.0,27562.369919633566,4.032709513902664,4.596070495843887,4.032709513902664,4.596070495843887
monash_fred_md,spikes_intensity,12.0,100,0.0,0.0,0.0,0.0,29447.500388023258,5.043422529697418,5.561938154697418,5.043422529697418,5.561938154697418
monash_fred_md,spikes_intensity,16.0,100,1.953125e-05,0.0,1.953125e-05,0.01,31714.277296794357,5.947106075286865,6.457551198005676,5.947106075286865,6.452366557121277
monash_fred_md,spikes_intensity,20.0,100,0.0,0.0,0.0,0.0,33226.008595956264,6.738759648799896,7.156735793352127,6.738759648799896,7.156735793352127
monash_fred_md,spikes_intensity,30.0,100,0.0,0.0,0.0,0.0,38526.885618673565,8.369213675260545,8.796721357107163,8.369213675260545,8.796721357107163
monash_fred_md,spikes_intensity,40.0,100,0.00046875,0.0003125,0.00015625,0.04,43300.0529218483,9.525073440074921,9.97405606508255,9.517289435863495,9.904745972156524
monash_fred_md,spikes_density,0.01,100,0.00025390625,0.0001171875,0.00013671875,0.03,26326.143893487453,3.688630305528641,9.185864522457123,3.688630305528641,9.050590016841888
monash_fred_md,spikes_density,0.02,100,0.0002734375,0.00017578125,9.765625e-05,0.04,27351.504381559193,7.164576040506363,8.71861335158348,7.150693937540054,8.595808366537094
monash_fred_md,spikes_density,0.05,100,0.0,0.0,0.0,0.0,33467.19067078173,6.744803162813187,7.146917452812195,6.744803162813187,7.146917452812195
monash_fred_md,spikes_density,0.08,100,0.0,0.0,0.0,0.0,37758.532580945495,5.874436771869659,6.167210294008255,5.874436771869659,6.167210294008255
monash_fred_md,spikes_density,0.12,100,0.0,0.0,0.0,0.0,44712.775295535925,4.9868097615242,5.247596353292465,4.9868097615242,5.247596353292465
monash_fred_md,spikes_density,0.16,100,0.0,0.0,0.0,0.0,52491.72332753062,4.372422746419907,4.562330142259598,4.372422746419907,4.562330142259598
monash_fred_md,spikes_density,0.2,100,0.0,0.0,0.0,0.0,58387.43320530295,3.8792198514938354,4.063210742473602,3.8792198514938354,4.063210742473602
monash_fred_md,spikes_density,0.3,100,0.0,0.0,0.0,0.0,77132.95405455946,3.05412549495697,3.163510962724686,3.05412549495697,3.163510962724686
monash_fred_md,spikes_density,0.4,100,0.0,0.0,0.0,0.0,93107.37143347264,2.5421555995941163,2.6267673242092133,2.5421555995941163,2.6267673242092133
monash_fred_md,drift,0.5,100,0.0,0.0,0.0,0.0,22974.92670472324,2.0366591107845307,2.3276479268074035,2.0366591107845307,2.3276479268074035
monash_fred_md,drift,1.0,100,0.0,0.0,0.0,0.0,28613.252093601823,2.014829257726669,2.2772666358947755,2.014829257726669,2.2772666358947755
monash_fred_md,drift,2.0,100,0.0,0.0,0.0,0.0,21958.643534889517,2.091002742052078,2.3644112849235537,2.091002742052078,2.3644112849235537
monash_fred_md,drift,4.0,100,0.0,0.0,0.0,0.0,37912.17473387599,1.8380610263347625,1.9912295794487,1.8380610263347625,1.9912295794487
monash_fred_md,drift,6.0,100,0.0,0.0,0.0,0.0,55479.7067102161,1.8116470754146576,1.8937503671646119,1.8116470754146576,1.8937503671646119
monash_fred_md,drift,9.0,100,0.0,0.0,0.0,0.0,68425.44837086201,1.678407084941864,1.727719076871872,1.678407084941864,1.727719076871872
monash_fred_md,drift,12.0,100,0.0,0.0,0.0,0.0,66851.4162611264,1.7205941879749298,1.757189279794693,1.7205941879749298,1.757189279794693
monash_fred_md,drift,16.0,100,0.0,0.0,0.0,0.0,94559.99446659088,1.6701849496364594,1.6971794223785401,1.6701849496364594,1.6971794223785401
monash_fred_md,drift,20.0,100,0.0,0.0,0.0,0.0,136324.81806438445,1.6222520899772643,1.6411673414707184,1.6222520899772643,1.6411673414707184
monash_fred_md,drift,26.0,100,0.0,0.0,0.0,0.0,160520.15057213308,1.617392704486847,1.633708384037018,1.617392704486847,1.633708384037018
monash_fred_md,drift,32.0,100,0.0,0.0,0.0,0.0,195311.82460845233,1.6277112686634063,1.641292850971222,1.6277112686634063,1.641292850971222
monash_fred_md,drift_step,0.5,100,0.0,0.0,0.0,0.0,24548.6699969095,2.0588584470748903,2.362359490394592,2.0588584470748903,2.362359490394592
monash_fred_md,drift_step,1.0,100,0.0,0.0,0.0,0.0,25739.35713806808,2.055509499311447,2.3589939856529236,2.055509499311447,2.3589939856529236
monash_fred_md,drift_step,2.0,100,0.0,0.0,0.0,0.0,27569.16972087741,2.064433963298798,2.324205080270767,2.064433963298798,2.324205080270767
monash_fred_md,drift_step,4.0,100,0.0,0.0,0.0,0.0,27213.631669192015,2.0835870969295502,2.2593642377853396,2.0835870969295502,2.2593642377853396
monash_fred_md,drift_step,8.0,100,0.0,0.0,0.0,0.0,40038.10054497719,2.205911740064621,2.261893490552902,2.205911740064621,2.261893490552902
monash_fred_md,drift_step,12.0,100,0.0,0.0,0.0,0.0,51313.21246072411,2.340530347824097,2.3781719720363617,2.340530347824097,2.3781719720363617
monash_fred_md,drift_step,16.0,100,0.0,0.0,0.0,0.0,69630.37122835756,2.5678473031520843,2.5923345959186554,2.5678473031520843,2.5923345959186554
monash_fred_md,drift_step,20.0,100,0.0,0.0,0.0,0.0,77778.25475578547,2.777148073911667,2.8041413486003877,2.777148073911667,2.8041413486003877
monash_fred_md,gap,0.05,100,0.0,0.0,0.0,0.0,24565.157814691513,2.0457568085193634,2.3326657152175905,2.0457568085193634,2.3326657152175905
monash_fred_md,gap,0.1,100,0.0,0.0,0.0,0.0,24859.475455825628,2.0392808532714843,2.2675742161273957,2.0392808532714843,2.2675742161273957
monash_fred_md,gap,0.15,100,0.0,0.0,0.0,0.0,25536.984963567258,2.0373520743846893,2.2511604595184327,2.0373520743846893,2.2511604595184327
monash_fred_md,gap,0.2,100,0.0,0.0,0.0,0.0,23929.7227197662,2.0431564927101133,2.221836817264557,2.0431564927101133,2.221836817264557
monash_fred_md,gap,0.3,100,0.0,0.0,0.0,0.0,26921.054300427586,1.9684917306900025,2.118690060377121,1.9684917306900025,2.118690060377121
monash_fred_md,gap,0.4,100,0.0,0.0,0.0,0.0,29293.065178471505,1.8147276222705842,1.9586780560016632,1.8147276222705842,1.9586780560016632
monash_fred_md,gap,0.5,100,0.0,0.0,0.0,0.0,34564.16084149063,1.827179605960846,1.950888569355011,1.827179605960846,1.950888569355011
monash_fred_md,gap,0.6,100,0.0,0.0,0.0,0.0,42179.59493097589,1.680945065021515,1.7256239402294158,1.680945065021515,1.7256239402294158
monash_fred_md,gap,0.7,100,0.0,0.0,0.0,0.0,37276.99356916219,1.4863035202026367,1.5235478699207305,1.4863035202026367,1.5235478699207305
monash_fred_md,gap_boundary,0.05,100,0.0,0.0,0.0,0.0,22516.93204022169,2.097682526111603,2.3634373784065246,2.097682526111603,2.3634373784065246
monash_fred_md,gap_boundary,0.1,100,0.0,0.0,0.0,0.0,20100.08939128354,2.1227020597457886,2.346103435754776,2.1227020597457886,2.346103435754776
monash_fred_md,gap_boundary,0.15,100,0.0,0.0,0.0,0.0,18419.057243691685,2.0920374989509583,2.353320585489273,2.0920374989509583,2.353320585489273
monash_fred_md,gap_boundary,0.2,100,0.0,0.0,0.0,0.0,17487.046573112606,1.835692698955536,1.9994282746315002,1.835692698955536,1.9994282746315002
monash_fred_md,gap_boundary,0.3,100,0.0,0.0,0.0,0.0,16442.538687193097,1.774403865337372,1.8923033690452575,1.774403865337372,1.8923033690452575
monash_fred_md,gap_boundary,0.4,100,0.0,0.0,0.0,0.0,15515.144934245944,1.6489492547512055,1.7348078513145446,1.6489492547512055,1.7348078513145446
monash_fred_md,gap_boundary,0.5,100,0.0,0.0,0.0,0.0,14403.147788243294,1.5781041431427,1.6364825105667113,1.5781041431427,1.6364825105667113
monash_fred_md,gap_boundary,0.6,100,0.0,0.0,0.0,0.0,13454.405985174477,1.454823487997055,1.4848478198051454,1.454823487997055,1.4848478198051454
monash_fred_md,gap_boundary,0.7,100,0.0,0.0,0.0,0.0,11366.027809601948,1.0802468144893647,1.0830014324188233,1.0802468144893647,1.0830014324188233
monash_hospital,clean,0.0,100,0.0,0.0,0.0,0.0,200.61597148895262,1.5725722634792327,1.6418556249141694,1.5725722634792327,1.6418556249141694
monash_hospital,spikes_intensity,1.0,100,0.0,0.0,0.0,0.0,200.66273393630982,1.5874369823932648,1.6639292860031127,1.5874369823932648,1.6639292860031127
monash_hospital,spikes_intensity,2.0,100,0.0,0.0,0.0,0.0,200.57491265296937,1.629967839717865,1.7282449507713318,1.629967839717865,1.7282449507713318
monash_hospital,spikes_intensity,4.0,100,0.0,0.0,0.0,0.0,200.8453813266754,1.8653730881214141,2.0316911971569063,1.8653730881214141,2.0316911971569063
monash_hospital,spikes_intensity,6.0,100,0.0,0.0,0.0,0.0,202.65717935562134,2.1827934181690214,2.464803156852722,2.1827934181690214,2.464803156852722
monash_hospital,spikes_intensity,8.0,100,0.0,0.0,0.0,0.0,204.7010045337677,2.5567612373828887,2.8641061079502106,2.5567612373828887,2.8641061079502106
monash_hospital,spikes_intensity,12.0,100,0.0,0.0,0.0,0.0,208.41026571273804,3.130637438297272,3.4811293292045593,3.130637438297272,3.4811293292045593
monash_hospital,spikes_intensity,16.0,100,0.0,0.0,0.0,0.0,215.3132953453064,3.776637628078461,4.139896236658096,3.776637628078461,4.139896236658096
monash_hospital,spikes_intensity,20.0,100,0.0,0.0,0.0,0.0,221.34151844978334,4.296817371845245,4.6708134591579435,4.296817371845245,4.6708134591579435
monash_hospital,spikes_intensity,30.0,100,0.0,0.0,0.0,0.0,236.40873115539551,5.507286152839661,5.828414778709412,5.507286152839661,5.828414778709412
monash_hospital,spikes_intensity,40.0,100,0.0,0.0,0.0,0.0,252.59566970825196,6.651664516925812,6.925336718559265,6.651664516925812,6.925336718559265
monash_hospital,spikes_density,0.01,100,0.0,0.0,0.0,0.0,205.99958064079286,2.426910055875778,4.583700127601624,2.426910055875778,4.583700127601624
monash_hospital,spikes_density,0.02,100,0.0,0.0,0.0,0.0,206.24513293266295,2.442811032533646,4.63260608792305,2.442811032533646,4.63260608792305
monash_hospital,spikes_density,0.05,100,0.0,0.0,0.0,0.0,222.44401921272276,4.313428663015365,4.721576721668243,4.313428663015365,4.721576721668243
monash_hospital,spikes_density,0.08,100,0.0,0.0,0.0,0.0,230.92790042877198,4.24433191537857,4.425301582813263,4.24433191537857,4.425301582813263
monash_hospital,spikes_density,0.12,100,0.0,0.0,0.0,0.0,246.53483624458312,3.8724951267242433,3.9819192051887513,3.8724951267242433,3.9819192051887513
monash_hospital,spikes_density,0.16,100,0.0,0.0,0.0,0.0,259.52482948303225,3.5241552448272704,3.5957445454597474,3.5241552448272704,3.5957445454597474
monash_hospital,spikes_density,0.2,100,0.0,0.0,0.0,0.0,271.7892733955383,3.352123112678528,3.4212532234191895,3.352123112678528,3.4212532234191895
monash_hospital,spikes_density,0.3,100,0.0,0.0,0.0,0.0,308.6378555488586,2.7559603548049925,2.7994149899482728,2.7559603548049925,2.7994149899482728
monash_hospital,spikes_density,0.4,100,0.0,0.0,0.0,0.0,343.0464507675171,2.3837366020679474,2.422800841331482,2.3837366020679474,2.422800841331482
monash_hospital,drift,0.5,100,0.0,0.0,0.0,0.0,202.1904870891571,1.5751749205589294,1.6477008759975433,1.5751749205589294,1.6477008759975433
monash_hospital,drift,1.0,100,0.0,0.0,0.0,0.0,202.7484588098526,1.5919891774654389,1.6625515925884247,1.5919891774654389,1.6625515925884247
monash_hospital,drift,2.0,100,0.0,0.0,0.0,0.0,207.2223533964157,1.7276077675819397,1.8068539905548096,1.7276077675819397,1.8068539905548096
monash_hospital,drift,4.0,100,0.0,0.0,0.0,0.0,211.9578871488571,1.8114755284786224,1.9088085424900054,1.8114755284786224,1.9088085424900054
monash_hospital,drift,6.0,100,0.0,0.0,0.0,0.0,183.71829681396486,1.9390869784355163,2.0387875056266784,1.9390869784355163,2.0387875056266784
monash_hospital,drift,9.0,100,0.0,0.0,0.0,0.0,244.9112921142578,1.9419639229774475,2.0160483431816103,1.9419639229774475,2.0160483431816103
monash_hospital,drift,12.0,100,0.0,0.0,0.0,0.0,245.0807838344574,1.9587805700302123,2.0202796876430513,1.9587805700302123,2.0202796876430513
monash_hospital,drift,16.0,100,0.0,0.0,0.0,0.0,245.16545488357545,1.9902427184581757,2.041714733839035,1.9902427184581757,2.041714733839035
monash_hospital,drift,20.0,100,0.0,0.0,0.0,0.0,344.2360073471069,1.977923674583435,2.0202432608604433,1.977923674583435,2.0202432608604433
monash_hospital,drift,26.0,100,0.0,0.0,0.0,0.0,371.57332614898684,1.9784504556655884,2.0146088302135468,1.9784504556655884,2.0146088302135468
monash_hospital,drift,32.0,100,0.0,0.0,0.0,0.0,486.1059223175049,2.0033585274219514,2.0331921195983886,2.0033585274219514,2.0331921195983886
monash_hospital,drift_step,0.5,100,0.0,0.0,0.0,0.0,199.7185073852539,1.5836369371414185,1.6478699338436127,1.5836369371414185,1.6478699338436127
monash_hospital,drift_step,1.0,100,0.0,0.0,0.0,0.0,200.44192246437072,1.6117240285873413,1.693627141714096,1.6117240285873413,1.693627141714096
monash_hospital,drift_step,2.0,100,0.0,0.0,0.0,0.0,200.74335421562193,1.7004756045341491,1.7822213399410247,1.7004756045341491,1.7822213399410247
monash_hospital,drift_step,4.0,100,0.0,0.0,0.0,0.0,204.89030346870422,1.8129945290088654,1.8844556748867034,1.8129945290088654,1.8844556748867034
monash_hospital,drift_step,8.0,100,0.0,0.0,0.0,0.0,219.84145233154297,1.8689884150028229,1.9170170783996583,1.8689884150028229,1.9170170783996583
monash_hospital,drift_step,12.0,100,0.0,0.0,0.0,0.0,246.59577531814574,1.9888075363636017,2.034388097524643,1.9888075363636017,2.034388097524643
monash_hospital,drift_step,16.0,100,0.0,0.0,0.0,0.0,244.27759328842163,2.099267359972,2.132975437641144,2.099267359972,2.132975437641144
monash_hospital,drift_step,20.0,100,0.0,0.0,0.0,0.0,336.38147466659547,2.270798971652985,2.302426608800888,2.270798971652985,2.302426608800888
monash_hospital,gap,0.05,100,0.0,0.0,0.0,0.0,200.61396976470948,1.575961662530899,1.6426422238349914,1.575961662530899,1.6426422238349914
monash_hospital,gap,0.1,100,0.0,0.0,0.0,0.0,200.23646119117737,1.5566830730438233,1.6157019913196564,1.5566830730438233,1.6157019913196564
monash_hospital,gap,0.15,100,0.0,0.0,0.0,0.0,200.21917991638185,1.5698276245594025,1.6247157073020935,1.5698276245594025,1.6247157073020935
monash_hospital,gap,0.2,100,0.0,0.0,0.0,0.0,201.3036207485199,1.568440136909485,1.6270158898830414,1.568440136909485,1.6270158898830414
monash_hospital,gap,0.3,100,0.0,0.0,0.0,0.0,199.83759819984436,1.5522847521305083,1.5983594691753387,1.5522847521305083,1.5983594691753387
monash_hospital,gap,0.4,100,0.0,0.0,0.0,0.0,203.63232663154602,1.5197392880916596,1.5621383464336396,1.5197392880916596,1.5621383464336396
monash_hospital,gap,0.5,100,0.0,0.0,0.0,0.0,200.52250178337098,1.5158448779582978,1.5576983106136322,1.5158448779582978,1.5576983106136322
monash_hospital,gap,0.6,100,0.0,0.0,0.0,0.0,207.284482793808,1.4603037333488464,1.4893012523651123,1.4603037333488464,1.4893012523651123
monash_hospital,gap,0.7,100,0.0,0.0,0.0,0.0,206.79727201461793,1.4229016721248626,1.4464801514148713,1.4229016721248626,1.4464801514148713
monash_hospital,gap_boundary,0.05,100,0.0,0.0,0.0,0.0,200.1989719772339,1.5730659186840057,1.639869945049286,1.5730659186840057,1.639869945049286
monash_hospital,gap_boundary,0.1,100,0.0,0.0,0.0,0.0,199.66384614944457,1.57497780919075,1.6428769361972808,1.57497780919075,1.6428769361972808
monash_hospital,gap_boundary,0.15,100,0.0,0.0,0.0,0.0,198.81901594161988,1.5599314212799071,1.627403302192688,1.5599314212799071,1.627403302192688
monash_hospital,gap_boundary,0.2,100,0.0,0.0,0.0,0.0,198.32224115371704,1.5516813218593597,1.6106408441066742,1.5516813218593597,1.6106408441066742
monash_hospital,gap_boundary,0.3,100,0.0,0.0,0.0,0.0,196.29440254211426,1.5368868935108184,1.5843909299373626,1.5368868935108184,1.5843909299373626
monash_hospital,gap_boundary,0.4,100,0.0,0.0,0.0,0.0,195.74558046340942,1.523164895772934,1.5615831184387208,1.523164895772934,1.5615831184387208
monash_hospital,gap_boundary,0.5,100,0.0,0.0,0.0,0.0,194.7255570602417,1.5016139316558839,1.533654397726059,1.5016139316558839,1.533654397726059
monash_hospital,gap_boundary,0.6,100,0.0,0.0,0.0,0.0,194.90448369026183,1.4662216997146607,1.4932979702949525,1.4662216997146607,1.4932979702949525
monash_hospital,gap_boundary,0.7,100,0.0,0.0,0.0,0.0,195.3340919971466,1.4296302390098572,1.4484530067443848,1.4296302390098572,1.4484530067443848
monash_m1_monthly,clean,0.0,100,0.0,0.0,0.0,0.0,19802.22782589972,1.5062540519237517,1.557371071577072,1.5062540519237517,1.557371071577072
monash_m1_monthly,spikes_intensity,1.0,100,0.0,0.0,0.0,0.0,19808.981290995478,1.5226785850524902,1.5937313377857207,1.5226785850524902,1.5937313377857207
monash_m1_monthly,spikes_intensity,2.0,100,0.0,0.0,0.0,0.0,19497.657282512188,1.5582017385959626,1.6593763315677643,1.5582017385959626,1.6593763315677643
monash_m1_monthly,spikes_intensity,4.0,100,0.0,0.0,0.0,0.0,19451.221216999293,1.7583986294269562,1.9246866858005525,1.7583986294269562,1.9246866858005525
monash_m1_monthly,spikes_intensity,6.0,100,0.0,0.0,0.0,0.0,20207.843748219013,2.0124624609947204,2.279138594865799,2.0124624609947204,2.279138594865799
monash_m1_monthly,spikes_intensity,8.0,100,0.0,0.0,0.0,0.0,20312.05055217266,2.3147355580329894,2.6605209815502167,2.3147355580329894,2.6605209815502167
monash_m1_monthly,spikes_intensity,12.0,100,0.0,0.0,0.0,0.0,22765.470682311057,2.991558941602707,3.3379355311393737,2.991558941602707,3.3379355311393737
monash_m1_monthly,spikes_intensity,16.0,100,0.0,0.0,0.0,0.0,22939.193432154654,3.5467445278167724,3.9072774386405946,3.5467445278167724,3.9072774386405946
monash_m1_monthly,spikes_intensity,20.0,100,0.0,0.0,0.0,0.0,24655.990141720773,4.0121487724781035,4.375669099092484,4.0121487724781035,4.375669099092484
monash_m1_monthly,spikes_intensity,30.0,100,0.0,0.0,0.0,0.0,26845.853900482656,5.351462028026581,5.72249609708786,5.351462028026581,5.72249609708786
monash_m1_monthly,spikes_intensity,40.0,100,0.0,0.0,0.0,0.0,29598.458979628085,6.2903385877609255,6.64449196100235,6.2903385877609255,6.64449196100235
monash_m1_monthly,spikes_density,0.01,100,0.0,0.0,0.0,0.0,21653.243730045557,2.2163960158824922,4.278848242759705,2.2163960158824922,4.278848242759705
monash_m1_monthly,spikes_density,0.02,100,0.0,0.0,0.0,0.0,22108.629143733382,3.1901165974140167,4.40504705786705,3.1901165974140167,4.40504705786705
monash_m1_monthly,spikes_density,0.05,100,0.0,0.0,0.0,0.0,24434.018990314005,4.104524229764938,4.475229734182358,4.104524229764938,4.475229734182358
monash_m1_monthly,spikes_density,0.08,100,0.0,0.0,0.0,0.0,25773.764280402662,3.90490486741066,4.167927235364914,3.90490486741066,4.167927235364914
monash_m1_monthly,spikes_density,0.12,100,0.0,0.0,0.0,0.0,29926.45831357837,3.722356663942337,3.8168652129173277,3.722356663942337,3.8168652129173277
monash_m1_monthly,spikes_density,0.16,100,0.0,0.0,0.0,0.0,33564.35760096789,3.426907868385315,3.5122812950611113,3.426907868385315,3.5122812950611113
monash_m1_monthly,spikes_density,0.2,100,0.0,0.0,0.0,0.0,37600.57593708754,3.1975427007675172,3.255243241786957,3.1975427007675172,3.255243241786957
monash_m1_monthly,spikes_density,0.3,100,0.0,0.0,0.0,0.0,46442.78985737324,2.7280062568187713,2.768721739053726,2.7280062568187713,2.768721739053726
monash_m1_monthly,spikes_density,0.4,100,0.0,0.0,0.0,0.0,56107.72753495693,2.3758428430557252,2.4053128230571748,2.3758428430557252,2.4053128230571748
monash_m1_monthly,drift,0.5,100,0.0,0.0,0.0,0.0,18769.787077729703,1.4987883007526397,1.548325341939926,1.4987883007526397,1.548325341939926
monash_m1_monthly,drift,1.0,100,0.0,0.0,0.0,0.0,21976.68087464392,1.5027355134487153,1.5524330270290374,1.5027355134487153,1.5524330270290374
monash_m1_monthly,drift,2.0,100,0.0,0.0,0.0,0.0,16690.442470664977,1.5148853373527527,1.5641781651973725,1.5148853373527527,1.5641781651973725
monash_m1_monthly,drift,4.0,100,0.0,0.0,0.0,0.0,29049.174679130316,1.6279012012481688,1.6778115773200988,1.6279012012481688,1.6778115773200988
monash_m1_monthly,drift,6.0,100,0.0,0.0,0.0,0.0,32747.8458721447,1.7105405938625335,1.7526746666431428,1.7105405938625335,1.7526746666431428
monash_m1_monthly,drift,9.0,100,0.0,0.0,0.0,0.0,41238.72203971147,1.8987266933918,1.9548841381072999,1.8987266933918,1.9548841381072999
monash_m1_monthly,drift,12.0,100,0.0,0.0,0.0,0.0,31255.544336348772,1.861231496334076,1.90042760014534,1.861231496334076,1.90042760014534
monash_m1_monthly,drift,16.0,100,0.0,0.0,0.0,0.0,38176.10619015217,1.9900778257846832,2.0442036974430082,1.9900778257846832,2.0442036974430082
monash_m1_monthly,drift,20.0,100,0.0,0.0,0.0,0.0,47498.56732423067,1.9865341234207152,2.029207919836044,1.9865341234207152,2.029207919836044
monash_m1_monthly,drift,26.0,100,0.0,0.0,0.0,0.0,85402.55873390674,1.9851777398586272,2.0197789239883424,1.9851777398586272,2.0197789239883424
monash_m1_monthly,drift,32.0,100,0.0,0.0,0.0,0.0,99897.90343123913,1.9369460082054137,1.9635929143428803,1.9369460082054137,1.9635929143428803
monash_m1_monthly,drift_step,0.5,100,0.0,0.0,0.0,0.0,19122.4101460737,1.5166884541511536,1.5687837886810303,1.5166884541511536,1.5687837886810303
monash_m1_monthly,drift_step,1.0,100,0.0,0.0,0.0,0.0,18842.480622074603,1.5441184067726135,1.5955695557594298,1.5441184067726135,1.5955695557594298
monash_m1_monthly,drift_step,2.0,100,0.0,0.0,0.0,0.0,22488.587136585713,1.6041965317726135,1.6514611518383027,1.6041965317726135,1.6514611518383027
monash_m1_monthly,drift_step,4.0,100,0.0,0.0,0.0,0.0,18285.895624608398,1.742072056531906,1.7984861469268798,1.742072056531906,1.7984861469268798
monash_m1_monthly,drift_step,8.0,100,0.0,0.0,0.0,0.0,24847.31186068535,1.7799489390850067,1.8125627601146699,1.7799489390850067,1.8125627601146699
monash_m1_monthly,drift_step,12.0,100,0.0,0.0,0.0,0.0,38184.173613553045,1.916299842596054,1.9371598088741302,1.916299842596054,1.9371598088741302
monash_m1_monthly,drift_step,16.0,100,0.0,0.0,0.0,0.0,38007.02794828892,2.03024244427681,2.0492704105377197,2.03024244427681,2.0492704105377197
monash_m1_monthly,drift_step,20.0,100,0.0,0.0,0.0,0.0,47110.96869051933,2.16337406873703,2.1854402911663056,2.16337406873703,2.1854402911663056
monash_m1_monthly,gap,0.05,100,0.0,0.0,0.0,0.0,19823.644819576144,1.504957617521286,1.551819508075714,1.504957617521286,1.551819508075714
monash_m1_monthly,gap,0.1,100,0.0,0.0,0.0,0.0,19872.951200724245,1.5022014701366424,1.5480049085617065,1.5022014701366424,1.5480049085617065
monash_m1_monthly,gap,0.15,100,0.0,0.0,0.0,0.0,19319.463535071016,1.5072715651988984,1.5520093512535096,1.5072715651988984,1.5520093512535096
monash_m1_monthly,gap,0.2,100,0.0,0.0,0.0,0.0,19460.103552713394,1.4968647623062135,1.5415574502944946,1.4968647623062135,1.5415574502944946
monash_m1_monthly,gap,0.3,100,0.0,0.0,0.0,0.0,19514.073006158473,1.483973071575165,1.5194496250152587,1.483973071575165,1.5194496250152587
monash_m1_monthly,gap,0.4,100,0.0,0.0,0.0,0.0,18413.826897213756,1.4654844188690186,1.4968463897705078,1.4654844188690186,1.4968463897705078
monash_m1_monthly,gap,0.5,100,0.0,0.0,0.0,0.0,18845.376004619302,1.4581323730945588,1.4879658555984496,1.4581323730945588,1.4879658555984496
monash_m1_monthly,gap,0.6,100,0.0,0.0,0.0,0.0,21214.48816759467,1.4189441049098968,1.4446802890300752,1.4189441049098968,1.4446802890300752
monash_m1_monthly,gap,0.7,100,0.0,0.0,0.0,0.0,20533.47363085717,1.4604270923137666,1.4811142230033874,1.4604270923137666,1.4811142230033874
monash_m1_monthly,gap_boundary,0.05,100,0.0,0.0,0.0,0.0,19421.01454621136,1.4982922089099884,1.5448640084266663,1.4982922089099884,1.5448640084266663
monash_m1_monthly,gap_boundary,0.1,100,0.0,0.0,0.0,0.0,19380.55418102324,1.4917749655246735,1.5397512114048004,1.4917749655246735,1.5397512114048004
monash_m1_monthly,gap_boundary,0.15,100,0.0,0.0,0.0,0.0,19210.6180686748,1.473432537317276,1.5161665570735932,1.473432537317276,1.5161665570735932
monash_m1_monthly,gap_boundary,0.2,100,0.0,0.0,0.0,0.0,19170.76860300064,1.4536612725257874,1.4907504296302796,1.4536612725257874,1.4907504296302796
monash_m1_monthly,gap_boundary,0.3,100,0.0,0.0,0.0,0.0,18658.603988379837,1.4416901576519012,1.478050193786621,1.4416901576519012,1.478050193786621
monash_m1_monthly,gap_boundary,0.4,100,0.0,0.0,0.0,0.0,17660.6670034647,1.4010719287395477,1.4278918409347534,1.4010719287395477,1.4278918409347534
monash_m1_monthly,gap_boundary,0.5,100,0.0,0.0,0.0,0.0,17527.175137472153,1.3576058304309846,1.3792136716842651,1.3576058304309846,1.3792136716842651
monash_m1_monthly,gap_boundary,0.6,100,0.0,0.0,0.0,0.0,17064.29577293515,1.3455604600906372,1.3666466355323792,1.3455604600906372,1.3666466355323792
monash_m1_monthly,gap_boundary,0.7,100,0.0,0.0,0.0,0.0,16243.561135892867,1.2676300132274627,1.2786770784854888,1.2676300132274627,1.2786770784854888
monash_m1_quarterly,clean,0.0,100,0.0,0.0,0.0,0.0,18386.786794261934,1.5556250536441802,1.5856819617748261,1.5556250536441802,1.5856819617748261
monash_m1_quarterly,spikes_intensity,1.0,100,0.0,0.0,0.0,0.0,18331.20948214531,1.5726155364513397,1.610340061187744,1.5726155364513397,1.610340061187744
monash_m1_quarterly,spikes_intensity,2.0,100,0.0,0.0,0.0,0.0,18182.82736900687,1.6336852788925171,1.6849449265003205,1.6336852788925171,1.6849449265003205
monash_m1_quarterly,spikes_intensity,4.0,100,0.0,0.0,0.0,0.0,18411.89596356392,1.8774423694610596,2.028303668498993,1.8774423694610596,2.028303668498993
monash_m1_quarterly,spikes_intensity,6.0,100,0.0,0.0,0.0,0.0,18761.161171758176,2.13762854218483,2.358752883672714,2.13762854218483,2.358752883672714
monash_m1_quarterly,spikes_intensity,8.0,100,0.0,0.0,0.0,0.0,18554.890023602245,2.4366728818416594,2.695221221446991,2.4366728818416594,2.695221221446991
monash_m1_quarterly,spikes_intensity,12.0,100,0.0,0.0,0.0,0.0,19195.845653334854,3.154480392932892,3.4641779863834383,3.154480392932892,3.4641779863834383
monash_m1_quarterly,spikes_intensity,16.0,100,0.0,0.0,0.0,0.0,20038.54066605091,3.6948099482059478,4.0184270286560055,3.6948099482059478,4.0184270286560055
monash_m1_quarterly,spikes_intensity,20.0,100,0.0,0.0,0.0,0.0,20706.235427031515,4.418969887495041,4.730763674974441,4.418969887495041,4.730763674974441
monash_m1_quarterly,spikes_intensity,30.0,100,0.0,0.0,0.0,0.0,22096.755429000856,5.647614214420319,5.928045315742493,5.647614214420319,5.928045315742493
monash_m1_quarterly,spikes_intensity,40.0,100,0.0,0.0,0.0,0.0,23509.322221790553,6.710640275478363,7.0740554082393645,6.710640275478363,7.0740554082393645
monash_m1_quarterly,spikes_density,0.01,100,0.0,0.0,0.0,0.0,19457.578213430643,3.326859406232834,4.812833348512649,3.326859406232834,4.812833348512649
monash_m1_quarterly,spikes_density,0.02,100,0.0,0.0,0.0,0.0,19828.792748587133,3.4200804054737093,4.867473993301392,3.4200804054737093,4.867473993301392
monash_m1_quarterly,spikes_density,0.05,100,0.0,0.0,0.0,0.0,20203.79251291871,4.360032153129578,4.705018650293351,4.360032153129578,4.705018650293351
monash_m1_quarterly,spikes_density,0.08,100,0.0,0.0,0.0,0.0,20886.16626026392,4.235617429018021,4.464447642564774,4.235617429018021,4.464447642564774
monash_m1_quarterly,spikes_density,0.12,100,0.0,0.0,0.0,0.0,23313.79427185297,3.896382384300232,4.009555451869964,3.896382384300232,4.009555451869964
monash_m1_quarterly,spikes_density,0.16,100,0.0,0.0,0.0,0.0,24187.00556725502,3.5646316707134247,3.6486964619159696,3.5646316707134247,3.6486964619159696
monash_m1_quarterly,spikes_density,0.2,100,0.0,0.0,0.0,0.0,27330.121899130343,3.2587584972381594,3.330706326961517,3.2587584972381594,3.330706326961517
monash_m1_quarterly,spikes_density,0.3,100,0.0,0.0,0.0,0.0,29103.824530277252,2.7361488449573517,2.76483318567276,2.7361488449573517,2.76483318567276
monash_m1_quarterly,spikes_density,0.4,100,0.0,0.0,0.0,0.0,33678.08515296578,2.366388741731644,2.3872767055034636,2.366388741731644,2.3872767055034636
monash_m1_quarterly,drift,0.5,100,0.0,0.0,0.0,0.0,18890.568715696336,1.5651420986652373,1.5963248908519745,1.5651420986652373,1.5963248908519745
monash_m1_quarterly,drift,1.0,100,0.0,0.0,0.0,0.0,18542.30728532553,1.556140092611313,1.586690548658371,1.556140092611313,1.586690548658371
monash_m1_quarterly,drift,2.0,100,0.0,0.0,0.0,0.0,19269.916566846372,1.5670282578468322,1.605059291124344,1.5670282578468322,1.605059291124344
monash_m1_quarterly,drift,4.0,100,0.0,0.0,0.0,0.0,18128.630149180888,1.70865532040596,1.7449834585189818,1.70865532040596,1.7449834585189818
monash_m1_quarterly,drift,6.0,100,0.0,0.0,0.0,0.0,21243.01929148078,1.8623332691192627,1.9147381722927093,1.8623332691192627,1.9147381722927093
monash_m1_quarterly,drift,9.0,100,0.0,0.0,0.0,0.0,19898.92456158459,1.8947188007831572,1.928332850933075,1.8947188007831572,1.928332850933075
monash_m1_quarterly,drift,12.0,100,0.0,0.0,0.0,0.0,30838.63417466998,1.8477543914318084,1.8726793837547302,1.8477543914318084,1.8726793837547302
monash_m1_quarterly,drift,16.0,100,0.0,0.0,0.0,0.0,17969.815131977797,1.970396760702133,1.997083328962326,1.970396760702133,1.997083328962326
monash_m1_quarterly,drift,20.0,100,0.0,0.0,0.0,0.0,35237.351094269754,1.9214140570163727,1.9422152173519134,1.9214140570163727,1.9422152173519134
monash_m1_quarterly,drift,26.0,100,0.0,0.0,0.0,0.0,47451.83834880352,1.952820063829422,1.9741762423515319,1.952820063829422,1.9741762423515319
monash_m1_quarterly,drift,32.0,100,0.0,0.0,0.0,0.0,34891.48323800206,1.9712218356132507,1.9938238704204558,1.9712218356132507,1.9938238704204558
monash_m1_quarterly,drift_step,0.5,100,0.0,0.0,0.0,0.0,18128.523444877865,1.5547257626056672,1.5842448341846467,1.5547257626056672,1.5842448341846467
monash_m1_quarterly,drift_step,1.0,100,0.0,0.0,0.0,0.0,18333.123102513553,1.5996731066703795,1.6318783926963807,1.5996731066703795,1.6318783926963807
monash_m1_quarterly,drift_step,2.0,100,0.0,0.0,0.0,0.0,18893.432086441517,1.6666255068778992,1.7005927276611328,1.6666255068778992,1.7005927276611328
monash_m1_quarterly,drift_step,4.0,100,0.0,0.0,0.0,0.0,19464.3546586442,1.7445367622375487,1.7721418261528015,1.7445367622375487,1.7721418261528015
monash_m1_quarterly,drift_step,8.0,100,0.0,0.0,0.0,0.0,19129.361297950745,1.8216193974018098,1.8428878164291382,1.8216193974018098,1.8428878164291382
monash_m1_quarterly,drift_step,12.0,100,0.0,0.0,0.0,0.0,18300.167772624492,1.980949754714966,1.9933816742897035,1.980949754714966,1.9933816742897035
monash_m1_quarterly,drift_step,16.0,100,0.0,0.0,0.0,0.0,26916.641611349583,2.1318381917476654,2.142937244176865,2.1318381917476654,2.142937244176865
monash_m1_quarterly,drift_step,20.0,100,0.0,0.0,0.0,0.0,32498.636948776246,2.2827184867858885,2.2911065971851348,2.2827184867858885,2.2911065971851348
monash_m1_quarterly,gap,0.05,100,0.0,0.0,0.0,0.0,18366.642155675887,1.5518268322944642,1.5815531671047212,1.5518268322944642,1.5815531671047212
monash_m1_quarterly,gap,0.1,100,0.0,0.0,0.0,0.0,18238.54237860799,1.559966346025467,1.5917873513698577,1.559966346025467,1.5917873513698577
monash_m1_quarterly,gap,0.15,100,0.0,0.0,0.0,0.0,18228.719866837262,1.5508329391479492,1.575959540605545,1.5508329391479492,1.575959540605545
monash_m1_quarterly,gap,0.2,100,0.0,0.0,0.0,0.0,18621.619860994815,1.5412198996543884,1.5669095277786256,1.5412198996543884,1.5669095277786256
monash_m1_quarterly,gap,0.3,100,0.0,0.0,0.0,0.0,18467.54039383054,1.5232655954360963,1.5441432106494903,1.5232655954360963,1.5441432106494903
monash_m1_quarterly,gap,0.4,100,0.0,0.0,0.0,0.0,18481.83574975252,1.5067833530902863,1.5270862913131713,1.5067833530902863,1.5270862913131713
monash_m1_quarterly,gap,0.5,100,0.0,0.0,0.0,0.0,17893.43943671465,1.5318535792827606,1.5506065213680267,1.5318535792827606,1.5506065213680267
monash_m1_quarterly,gap,0.6,100,0.0,0.0,0.0,0.0,18604.289441013338,1.5009107899665832,1.5180762135982513,1.5009107899665832,1.5180762135982513
monash_m1_quarterly,gap,0.7,100,0.0,0.0,0.0,0.0,17418.344933315515,1.4558296251296996,1.4713339972496033,1.4558296251296996,1.4713339972496033
monash_m1_quarterly,gap_boundary,0.05,100,0.0,0.0,0.0,0.0,18209.96356965065,1.5236208260059356,1.5503318059444426,1.5236208260059356,1.5503318059444426
monash_m1_quarterly,gap_boundary,0.1,100,0.0,0.0,0.0,0.0,18155.652520803214,1.5060968399047852,1.5310141301155091,1.5060968399047852,1.5310141301155091
monash_m1_quarterly,gap_boundary,0.15,100,0.0,0.0,0.0,0.0,18166.868651556968,1.4895936143398285,1.5106329655647277,1.4895936143398285,1.5106329655647277
monash_m1_quarterly,gap_boundary,0.2,100,0.0,0.0,0.0,0.0,18094.18063171387,1.4744179499149324,1.500347180366516,1.4744179499149324,1.500347180366516
monash_m1_quarterly,gap_boundary,0.3,100,0.0,0.0,0.0,0.0,17629.567102924586,1.426808133125305,1.4464485514163972,1.426808133125305,1.4464485514163972
monash_m1_quarterly,gap_boundary,0.4,100,0.0,0.0,0.0,0.0,17192.12573479414,1.3932230794429779,1.411137465238571,1.3932230794429779,1.411137465238571
monash_m1_quarterly,gap_boundary,0.5,100,0.0,0.0,0.0,0.0,16767.02111180544,1.3497199130058288,1.3633251142501832,1.3497199130058288,1.3633251142501832
monash_m1_quarterly,gap_boundary,0.6,100,0.0,0.0,0.0,0.0,16401.183157224656,1.325317610502243,1.335521229505539,1.325317610502243,1.335521229505539
monash_m1_quarterly,gap_boundary,0.7,100,0.0,0.0,0.0,0.0,15911.544626227022,1.2471532499790192,1.254965705871582,1.2471532499790192,1.254965705871582
monash_m1_yearly,clean,0.0,100,0.0,0.0,0.0,0.0,478686.6841859889,1.6005155313014985,1.6264904749393463,1.6005155313014985,1.6264904749393463
monash_m1_yearly,spikes_intensity,1.0,100,0.0,0.0,0.0,0.0,486602.05551035405,1.6119513154029845,1.6401744925975799,1.6119513154029845,1.6401744925975799
monash_m1_yearly,spikes_intensity,2.0,100,0.0,0.0,0.0,0.0,491975.0525400376,1.6608038365840911,1.6994467496871948,1.6608038365840911,1.6994467496871948
monash_m1_yearly,spikes_intensity,4.0,100,0.0,0.0,0.0,0.0,474406.7336008978,1.78077103972435,1.8387990653514863,1.78077103972435,1.8387990653514863
monash_m1_yearly,spikes_intensity,6.0,100,0.0,0.0,0.0,0.0,517911.93391764164,1.9503274834156037,2.0651439034938814,1.9503274834156037,2.0651439034938814
monash_m1_yearly,spikes_intensity,8.0,100,0.0,0.0,0.0,0.0,532604.777322445,2.291014519929886,2.4589677715301512,2.291014519929886,2.4589677715301512
monash_m1_yearly,spikes_intensity,12.0,100,0.0,0.0,0.0,0.0,550521.3152667093,2.8024645483493806,3.0636044478416444,2.8024645483493806,3.0636044478416444
monash_m1_yearly,spikes_intensity,16.0,100,0.0,0.0,0.0,0.0,602192.7468021393,3.293446445465088,3.68050972700119,3.293446445465088,3.68050972700119
monash_m1_yearly,spikes_intensity,20.0,100,0.0,0.0,0.0,0.0,624006.3574502373,3.7612557327747345,4.236108529567718,3.7612557327747345,4.236108529567718
monash_m1_yearly,spikes_intensity,30.0,100,0.0,0.0,0.0,0.0,734454.0554552651,4.725809086561203,5.360234242677689,4.725809086561203,5.360234242677689
monash_m1_yearly,spikes_intensity,40.0,100,0.0,0.0,0.0,0.0,837708.9412223863,5.531828173398972,6.323906219005584,5.531828173398972,6.323906219005584
monash_m1_yearly,spikes_density,0.01,100,0.0,0.0,0.0,0.0,572366.4910302949,3.6700783824920653,4.245847520828247,3.6700783824920653,4.245847520828247
monash_m1_yearly,spikes_density,0.02,100,0.0,0.0,0.0,0.0,605971.7948643446,3.6133673679828644,4.1729560983180995,3.6133673679828644,4.1729560983180995
monash_m1_yearly,spikes_density,0.05,100,0.0,0.0,0.0,0.0,638732.6797708988,3.686822679042816,4.132869529724121,3.686822679042816,4.132869529724121
monash_m1_yearly,spikes_density,0.08,100,0.0,0.0,0.0,0.0,731595.5598387552,3.6702854478359224,3.9053626823425294,3.6702854478359224,3.9053626823425294
monash_m1_yearly,spikes_density,0.12,100,0.0,0.0,0.0,0.0,873242.8944779705,3.54185146689415,3.663645874261856,3.54185146689415,3.663645874261856
monash_m1_yearly,spikes_density,0.16,100,0.0,0.0,0.0,0.0,891563.1255008721,3.28549418091774,3.354982122182846,3.28549418091774,3.354982122182846
monash_m1_yearly,spikes_density,0.2,100,0.0,0.0,0.0,0.0,1125009.980184171,3.006936639547348,3.0652936124801635,3.006936639547348,3.0652936124801635
monash_m1_yearly,spikes_density,0.3,100,0.0,0.0,0.0,0.0,1283513.2714403605,2.6369780814647674,2.679825118780136,2.6369780814647674,2.679825118780136
monash_m1_yearly,spikes_density,0.4,100,0.0,0.0,0.0,0.0,1591831.9792390943,2.316467533111572,2.3447462260723113,2.316467533111572,2.3447462260723113
monash_m1_yearly,drift,0.5,100,0.0,0.0,0.0,0.0,463995.8987394476,1.595563201904297,1.6199034583568572,1.595563201904297,1.6199034583568572
monash_m1_yearly,drift,1.0,100,0.0,0.0,0.0,0.0,439177.9510535765,1.6251412189006806,1.651459527015686,1.6251412189006806,1.651459527015686
monash_m1_yearly,drift,2.0,100,0.0,0.0,0.0,0.0,561781.6803676081,1.5960315704345702,1.6209483063220977,1.5960315704345702,1.6209483063220977
monash_m1_yearly,drift,4.0,100,0.0,0.0,0.0,0.0,788982.1451908373,1.6879292297363282,1.7140283143520356,1.6879292297363282,1.7140283143520356
monash_m1_yearly,drift,6.0,100,0.0,0.0,0.0,0.0,951204.0491625554,1.820293313264847,1.8523311948776244,1.820293313264847,1.8523311948776244
monash_m1_yearly,drift,9.0,100,0.0,0.0,0.0,0.0,919771.4111055934,1.820902738571167,1.8471050834655762,1.820902738571167,1.8471050834655762
monash_m1_yearly,drift,12.0,100,0.0,0.0,0.0,0.0,1416716.2296219862,1.8664918375015258,1.8867742443084716,1.8664918375015258,1.8867742443084716
monash_m1_yearly,drift,16.0,100,0.0,0.0,0.0,0.0,1751605.3212412787,1.8641139733791352,1.8833005607128144,1.8641139733791352,1.8833005607128144
monash_m1_yearly,drift,20.0,100,0.0,0.0,0.0,0.0,2074496.6698409556,1.8994272828102112,1.9197397530078888,1.8994272828102112,1.9197397530078888
monash_m1_yearly,drift,26.0,100,0.0,0.0,0.0,0.0,2272796.2161673154,1.900475299358368,1.921081657409668,1.900475299358368,1.921081657409668
monash_m1_yearly,drift,32.0,100,0.0,0.0,0.0,0.0,2729461.968417299,1.9176437377929687,1.9365760326385497,1.9176437377929687,1.9365760326385497
monash_m1_yearly,drift_step,0.5,100,0.0,0.0,0.0,0.0,476909.689506278,1.6036424374580383,1.6288462662696839,1.6036424374580383,1.6288462662696839
monash_m1_yearly,drift_step,1.0,100,0.0,0.0,0.0,0.0,502367.8461429048,1.6228878462314607,1.6496965157985688,1.6228878462314607,1.6496965157985688
monash_m1_yearly,drift_step,2.0,100,0.0,0.0,0.0,0.0,529824.0194205999,1.6401720345020294,1.6656745147705079,1.6401720345020294,1.6656745147705079
monash_m1_yearly,drift_step,4.0,100,0.0,0.0,0.0,0.0,519306.39460318326,1.7176793026924133,1.7418965351581575,1.7176793026924133,1.7418965351581575
monash_m1_yearly,drift_step,8.0,100,0.0,0.0,0.0,0.0,588745.5478956699,1.7900756072998047,1.8021107625961303,1.7900756072998047,1.8021107625961303
monash_m1_yearly,drift_step,12.0,100,0.0,0.0,0.0,0.0,976199.3596150613,1.971339898109436,1.9800333297252655,1.971339898109436,1.9800333297252655
monash_m1_yearly,drift_step,16.0,100,0.0,0.0,0.0,0.0,1025346.9950569987,2.087373641729355,2.0953841376304627,2.087373641729355,2.0953841376304627
monash_m1_yearly,drift_step,20.0,100,0.0,0.0,0.0,0.0,1269387.4026482916,2.191222270727158,2.198220911026001,2.191222270727158,2.198220911026001
monash_m1_yearly,gap,0.05,100,0.0,0.0,0.0,0.0,483623.71879089356,1.5997575294971467,1.625539891719818,1.5997575294971467,1.625539891719818
monash_m1_yearly,gap,0.1,100,0.0,0.0,0.0,0.0,479156.0136479807,1.5840428864955902,1.6075138771533966,1.5840428864955902,1.6075138771533966
monash_m1_yearly,gap,0.15,100,0.0,0.0,0.0,0.0,492369.9845362997,1.5820251524448394,1.60703906416893,1.5820251524448394,1.60703906416893
monash_m1_yearly,gap,0.2,100,0.0,0.0,0.0,0.0,459923.531784842,1.5757858633995057,1.5976298654079437,1.5757858633995057,1.5976298654079437
monash_m1_yearly,gap,0.3,100,0.0,0.0,0.0,0.0,482705.4406202793,1.5308462369441986,1.5507396411895753,1.5308462369441986,1.5507396411895753
monash_m1_yearly,gap,0.4,100,0.0,0.0,0.0,0.0,521975.73969939235,1.5301986372470855,1.5492789840698242,1.5301986372470855,1.5492789840698242
monash_m1_yearly,gap,0.5,100,0.0,0.0,0.0,0.0,462169.5951123381,1.530744401216507,1.5456470930576325,1.530744401216507,1.5456470930576325
monash_m1_yearly,gap,0.6,100,0.0,0.0,0.0,0.0,423105.54108459235,1.4862067103385925,1.5014422023296357,1.4862067103385925,1.5014422023296357
monash_m1_yearly,gap,0.7,100,0.0,0.0,0.0,0.0,515390.7102322817,1.4896784937381744,1.5090873157978058,1.4896784937381744,1.5090873157978058
monash_m1_yearly,gap_boundary,0.05,100,0.0,0.0,0.0,0.0,458687.125889504,1.5804908907413482,1.606488469839096,1.5804908907413482,1.606488469839096
monash_m1_yearly,gap_boundary,0.1,100,0.0,0.0,0.0,0.0,447753.77303912403,1.5735363483428955,1.6014621675014495,1.5735363483428955,1.6014621675014495
monash_m1_yearly,gap_boundary,0.15,100,0.0,0.0,0.0,0.0,429934.14991879225,1.5558200645446778,1.5810060596466065,1.5558200645446778,1.5810060596466065
monash_m1_yearly,gap_boundary,0.2,100,0.0,0.0,0.0,0.0,410718.2930155301,1.5300009894371032,1.5595931255817412,1.5300009894371032,1.5595931255817412
monash_m1_yearly,gap_boundary,0.3,100,0.0,0.0,0.0,0.0,389402.528474164,1.4951725566387177,1.5163283777236938,1.4951725566387177,1.5163283777236938
monash_m1_yearly,gap_boundary,0.4,100,0.0,0.0,0.0,0.0,372903.0921934032,1.4206175303459168,1.438377823829651,1.4206175303459168,1.438377823829651
monash_m1_yearly,gap_boundary,0.5,100,0.0,0.0,0.0,0.0,354872.10401268484,1.3663968539237976,1.3812104225158692,1.3663968539237976,1.3812104225158692
monash_m1_yearly,gap_boundary,0.6,100,0.0,0.0,0.0,0.0,346217.6830619264,1.3021105873584746,1.3132779586315155,1.3021105873584746,1.3132779586315155
monash_m1_yearly,gap_boundary,0.7,100,0.0,0.0,0.0,0.0,348777.02476145985,1.301140283346176,1.3120777940750121,1.301140283346176,1.3120777940750121
monash_m3_monthly,clean,0.0,100,0.0,0.0,0.0,0.0,4712.697563476562,1.6346632373332977,1.7396361541748047,1.6346632373332977,1.7396361541748047
monash_m3_monthly,spikes_intensity,1.0,100,0.0,0.0,0.0,0.0,4712.61361328125,1.65963205575943,1.7803281879425048,1.65963205575943,1.7803281879425048
monash_m3_monthly,spikes_intensity,2.0,100,0.0,0.0,0.0,0.0,4724.258353271484,1.707451626062393,1.8863851392269135,1.707451626062393,1.8863851392269135
monash_m3_monthly,spikes_intensity,4.0,100,0.0,0.0,0.0,0.0,4772.716575927734,1.9242498338222505,2.192210521697998,1.9242498338222505,2.192210521697998
monash_m3_monthly,spikes_intensity,6.0,100,0.0,0.0,0.0,0.0,4866.5791015625,2.2656399857997895,2.5499650228023527,2.2656399857997895,2.5499650228023527
monash_m3_monthly,spikes_intensity,8.0,100,0.0,0.0,0.0,0.0,4937.987060546875,2.536659253835678,2.8888276767730714,2.536659253835678,2.8888276767730714
monash_m3_monthly,spikes_intensity,12.0,100,0.0,0.0,0.0,0.0,5138.394523925781,3.08100839138031,3.5462383890151976,3.08100839138031,3.5462383890151976
monash_m3_monthly,spikes_intensity,16.0,100,0.0,0.0,0.0,0.0,5377.66435546875,3.8661003720760347,4.265916659832,3.8661003720760347,4.265916659832
monash_m3_monthly,spikes_intensity,20.0,100,0.0,0.0,0.0,0.0,5604.06177734375,4.470397329330444,4.837233890295028,4.470397329330444,4.837233890295028
monash_m3_monthly,spikes_intensity,30.0,100,0.0,0.0,0.0,0.0,6140.453029785156,5.66412567615509,6.108092123270035,5.66412567615509,6.108092123270035
monash_m3_monthly,spikes_intensity,40.0,100,0.0,0.0,0.0,0.0,6730.004802246094,6.648467580080032,7.024393603801728,6.648467580080032,7.024393603801728
monash_m3_monthly,spikes_density,0.01,100,0.0,0.0,0.0,0.0,4925.280150146485,2.1165563559532163,4.783166971206665,2.1165563559532163,4.783166971206665
monash_m3_monthly,spikes_density,0.02,100,0.0,0.0,0.0,0.0,5041.405612792969,3.602403095960617,4.96081280708313,3.602403095960617,4.96081280708313
monash_m3_monthly,spikes_density,0.05,100,0.0,0.0,0.0,0.0,5621.635490722656,4.4298650598526,4.772412037849426,4.4298650598526,4.772412037849426
monash_m3_monthly,spikes_density,0.08,100,0.0,0.0,0.0,0.0,6072.327299804688,4.236340007781982,4.390566772222519,4.236340007781982,4.390566772222519
monash_m3_monthly,spikes_density,0.12,100,0.0,0.0,0.0,0.0,6752.483815917969,3.8286195540428163,3.9505847764015196,3.8286195540428163,3.9505847764015196
monash_m3_monthly,spikes_density,0.16,100,0.0,0.0,0.0,0.0,7452.433391113282,3.536359745264053,3.621545594930649,3.536359745264053,3.621545594930649
monash_m3_monthly,spikes_density,0.2,100,0.0,0.0,0.0,0.0,8130.073916015625,3.2729926347732543,3.354453053474426,3.2729926347732543,3.354453053474426
monash_m3_monthly,spikes_density,0.3,100,0.0,0.0,0.0,0.0,9829.665415039062,2.751124392747879,2.8048874044418337,2.751124392747879,2.8048874044418337
monash_m3_monthly,spikes_density,0.4,100,0.0,0.0,0.0,0.0,11575.149809570312,2.3854299116134645,2.4292850208282473,2.3854299116134645,2.4292850208282473
monash_m3_monthly,drift,0.5,100,0.0,0.0,0.0,0.0,4712.668576660156,1.649536247253418,1.7588722789287567,1.649536247253418,1.7588722789287567
monash_m3_monthly,drift,1.0,100,0.0,0.0,0.0,0.0,4747.753519287109,1.6597405064105988,1.7780324304103852,1.6597405064105988,1.7780324304103852
monash_m3_monthly,drift,2.0,100,0.0,0.0,0.0,0.0,4762.123843383789,1.7516950166225433,1.8939115989208222,1.7516950166225433,1.8939115989208222
monash_m3_monthly,drift,4.0,100,0.0,0.0,0.0,0.0,4966.277274780274,1.7928188169002532,1.9477324068546296,1.7928188169002532,1.9477324068546296
monash_m3_monthly,drift,6.0,100,0.0,0.0,0.0,0.0,5395.1768798828125,1.8677228212356567,1.9666076815128326,1.8677228212356567,1.9666076815128326
monash_m3_monthly,drift,9.0,100,0.0,0.0,0.0,0.0,6993.797999267578,1.8485200750827788,1.9048832166194916,1.8485200750827788,1.9048832166194916
monash_m3_monthly,drift,12.0,100,0.0,0.0,0.0,0.0,8311.13821105957,1.8619410395622253,1.9115967118740083,1.8619410395622253,1.9115967118740083
monash_m3_monthly,drift,16.0,100,0.0,0.0,0.0,0.0,9646.553364257812,1.9579373240470885,2.0060831618309023,1.9579373240470885,2.0060831618309023
monash_m3_monthly,drift,20.0,100,0.0,0.0,0.0,0.0,12072.42162841797,1.9614887571334838,2.0071979665756228,1.9614887571334838,2.0071979665756228
monash_m3_monthly,drift,26.0,100,0.0,0.0,0.0,0.0,15000.6662109375,1.9544011652469635,1.9838366711139679,1.9544011652469635,1.9838366711139679
monash_m3_monthly,drift,32.0,100,0.0,0.0,0.0,0.0,17919.242133789063,1.9810998785495757,2.0150361967086794,1.9810998785495757,2.0150361967086794
monash_m3_monthly,drift_step,0.5,100,0.0,0.0,0.0,0.0,4738.942879638672,1.6417918086051941,1.747470109462738,1.6417918086051941,1.747470109462738
monash_m3_monthly,drift_step,1.0,100,0.0,0.0,0.0,0.0,4694.699886474609,1.6866086769104003,1.7973232030868531,1.6866086769104003,1.7973232030868531
monash_m3_monthly,drift_step,2.0,100,0.0,0.0,0.0,0.0,4678.641253662109,1.778156510591507,1.8957311522960663,1.778156510591507,1.8957311522960663
monash_m3_monthly,drift_step,4.0,100,0.0,0.0,0.0,0.0,5009.207327880859,1.7623204720020293,1.859372192621231,1.7623204720020293,1.859372192621231
monash_m3_monthly,drift_step,8.0,100,0.0,0.0,0.0,0.0,6021.9739453125,1.797725031375885,1.8607050466537476,1.797725031375885,1.8607050466537476
monash_m3_monthly,drift_step,12.0,100,0.0,0.0,0.0,0.0,7343.880771484375,1.9884088134765625,2.0393822836875914,1.9884088134765625,2.0393822836875914
monash_m3_monthly,drift_step,16.0,100,0.0,0.0,0.0,0.0,8799.47883544922,2.1229169940948487,2.1499981570243833,2.1229169940948487,2.1499981570243833
monash_m3_monthly,drift_step,20.0,100,0.0,0.0,0.0,0.0,9903.284458007813,2.201651095151901,2.2424785029888152,2.201651095151901,2.2424785029888152
monash_m3_monthly,gap,0.05,100,0.0,0.0,0.0,0.0,4716.995177001953,1.6347070932388306,1.7373544263839722,1.6347070932388306,1.7373544263839722
monash_m3_monthly,gap,0.1,100,0.0,0.0,0.0,0.0,4723.494274902344,1.6257522535324096,1.7174903488159179,1.6257522535324096,1.7174903488159179
monash_m3_monthly,gap,0.15,100,0.0,0.0,0.0,0.0,4736.460817871094,1.626748912334442,1.7195804560184478,1.626748912334442,1.7195804560184478
monash_m3_monthly,gap,0.2,100,0.0,0.0,0.0,0.0,4681.939508056641,1.6379803264141082,1.7324534165859222,1.6379803264141082,1.7324534165859222
monash_m3_monthly,gap,0.3,100,0.0,0.0,0.0,0.0,4756.0005786132815,1.5815248131752013,1.6837271094322204,1.5815248131752013,1.6837271094322204
monash_m3_monthly,gap,0.4,100,0.0,0.0,0.0,0.0,4691.293354492187,1.624124164581299,1.6883013343811035,1.624124164581299,1.6883013343811035
monash_m3_monthly,gap,0.5,100,0.0,0.0,0.0,0.0,4659.843992919922,1.6176484143733978,1.7015516579151153,1.6176484143733978,1.7015516579151153
monash_m3_monthly,gap,0.6,100,0.0,0.0,0.0,0.0,4739.724790039062,1.544461201429367,1.5727049505710602,1.544461201429367,1.5727049505710602
monash_m3_monthly,gap,0.7,100,0.0,0.0,0.0,0.0,4780.0946594238285,1.5376373708248139,1.579989492893219,1.5376373708248139,1.579989492893219
monash_m3_monthly,gap_boundary,0.05,100,0.0,0.0,0.0,0.0,4682.233707275391,1.605466138124466,1.7213881373405457,1.605466138124466,1.7213881373405457
monash_m3_monthly,gap_boundary,0.1,100,0.0,0.0,0.0,0.0,4662.641042480469,1.6023595237731934,1.712842254638672,1.6023595237731934,1.712842254638672
monash_m3_monthly,gap_boundary,0.15,100,0.0,0.0,0.0,0.0,4638.066262207031,1.5730624759197236,1.6797130942344665,1.5730624759197236,1.6797130942344665
monash_m3_monthly,gap_boundary,0.2,100,0.0,0.0,0.0,0.0,4617.184718017578,1.5645495355129242,1.6669952976703644,1.5645495355129242,1.6669952976703644
monash_m3_monthly,gap_boundary,0.3,100,0.0,0.0,0.0,0.0,4581.428930053711,1.5474074387550354,1.6441213071346283,1.5474074387550354,1.6441213071346283
monash_m3_monthly,gap_boundary,0.4,100,0.0,0.0,0.0,0.0,4527.377993774414,1.5059520161151887,1.5811613118648529,1.5059520161151887,1.5811613118648529
monash_m3_monthly,gap_boundary,0.5,100,0.0,0.0,0.0,0.0,4472.8535437011715,1.4908457005023956,1.5508660054206849,1.4908457005023956,1.5508660054206849
monash_m3_monthly,gap_boundary,0.6,100,0.0,0.0,0.0,0.0,4429.032730712891,1.4494856905937195,1.4959611535072326,1.4494856905937195,1.4959611535072326
monash_m3_monthly,gap_boundary,0.7,100,0.0,0.0,0.0,0.0,4391.182325439453,1.4093821227550507,1.4439697933197022,1.4093821227550507,1.4439697933197022
monash_m3_quarterly,clean,0.0,100,0.0,0.0,0.0,0.0,4774.028128662109,1.4130158460140227,1.4348432624340057,1.4130158460140227,1.4348432624340057
monash_m3_quarterly,spikes_intensity,1.0,100,0.0,0.0,0.0,0.0,4774.867366943359,1.4314301681518555,1.4594464588165283,1.4314301681518555,1.4594464588165283
monash_m3_quarterly,spikes_intensity,2.0,100,0.0,0.0,0.0,0.0,4769.261124267578,1.4704760468006135,1.5103491008281709,1.4704760468006135,1.5103491008281709
monash_m3_quarterly,spikes_intensity,4.0,100,0.0,0.0,0.0,0.0,4813.7521618652345,1.6212222182750702,1.7267767548561097,1.6212222182750702,1.7267767548561097
monash_m3_quarterly,spikes_intensity,6.0,100,0.0,0.0,0.0,0.0,4868.836929931641,1.8321940279006959,2.0214935064315798,1.8321940279006959,2.0214935064315798
monash_m3_quarterly,spikes_intensity,8.0,100,0.0,0.0,0.0,0.0,4951.916845703125,2.0735308504104615,2.3076468217372894,2.0735308504104615,2.3076468217372894
monash_m3_quarterly,spikes_intensity,12.0,100,0.0,0.0,0.0,0.0,5092.0983374023435,2.4788640105724333,2.7579800724983214,2.4788640105724333,2.7579800724983214
monash_m3_quarterly,spikes_intensity,16.0,100,0.0,0.0,0.0,0.0,5265.2269921875,2.926304258108139,3.2103019940853117,2.926304258108139,3.2103019940853117
monash_m3_quarterly,spikes_intensity,20.0,100,0.0,0.0,0.0,0.0,5472.955712890625,3.5627869260311127,3.868497958183289,3.5627869260311127,3.868497958183289
monash_m3_quarterly,spikes_intensity,30.0,100,0.0,0.0,0.0,0.0,5935.017014160157,4.655187276601791,4.9569301962852474,4.655187276601791,4.9569301962852474
monash_m3_quarterly,spikes_intensity,40.0,100,0.0,0.0,0.0,0.0,6342.782673339843,5.506448268890381,5.802163022756576,5.506448268890381,5.802163022756576
monash_m3_quarterly,spikes_density,0.01,100,0.0,0.0,0.0,0.0,5073.930209960938,2.6555010008811952,3.5906705498695373,2.6555010008811952,3.5906705498695373
monash_m3_quarterly,spikes_density,0.02,100,0.0,0.0,0.0,0.0,5117.723297119141,2.7766344475746156,3.8021113765239716,2.7766344475746156,3.8021113765239716
monash_m3_quarterly,spikes_density,0.05,100,0.0,0.0,0.0,0.0,5495.857346191407,3.558086665868759,3.8384893667697906,3.558086665868759,3.8384893667697906
monash_m3_quarterly,spikes_density,0.08,100,0.0,0.0,0.0,0.0,5908.7254321289065,3.546447423696518,3.7713780438899995,3.546447423696518,3.7713780438899995
monash_m3_quarterly,spikes_density,0.12,100,0.0,0.0,0.0,0.0,6349.3067553710935,3.4375953245162965,3.5730415654182432,3.4375953245162965,3.5730415654182432
monash_m3_quarterly,spikes_density,0.16,100,0.0,0.0,0.0,0.0,6907.788591308594,3.1632361078262328,3.248633346557617,3.1632361078262328,3.248633346557617
monash_m3_quarterly,spikes_density,0.2,100,0.0,0.0,0.0,0.0,7461.830031738281,2.98181450009346,3.0421083068847654,2.98181450009346,3.0421083068847654
monash_m3_quarterly,spikes_density,0.3,100,0.0,0.0,0.0,0.0,8894.0943359375,2.5820254635810853,2.6142400872707365,2.5820254635810853,2.6142400872707365
monash_m3_quarterly,spikes_density,0.4,100,0.0,0.0,0.0,0.0,10198.629299316406,2.3222818100452423,2.3413879787921905,2.3222818100452423,2.3413879787921905
monash_m3_quarterly,drift,0.5,100,0.0,0.0,0.0,0.0,4814.737712402344,1.411619951725006,1.4329555141925812,1.411619951725006,1.4329555141925812
monash_m3_quarterly,drift,1.0,100,0.0,0.0,0.0,0.0,4746.030505371094,1.4034279811382293,1.4234310650825501,1.4034279811382293,1.4234310650825501
monash_m3_quarterly,drift,2.0,100,0.0,0.0,0.0,0.0,4774.81303100586,1.4554926478862762,1.4823532164096833,1.4554926478862762,1.4823532164096833
monash_m3_quarterly,drift,4.0,100,0.0,0.0,0.0,0.0,4574.971289367676,1.5736139082908631,1.602213099002838,1.5736139082908631,1.602213099002838
monash_m3_quarterly,drift,6.0,100,0.0,0.0,0.0,0.0,5200.144063110351,1.6716099298000335,1.6980625104904175,1.6716099298000335,1.6980625104904175
monash_m3_quarterly,drift,9.0,100,0.0,0.0,0.0,0.0,6093.469790039063,1.7585518145561219,1.7836256754398345,1.7585518145561219,1.7836256754398345
monash_m3_quarterly,drift,12.0,100,0.0,0.0,0.0,0.0,6782.148450927734,1.833657455444336,1.8588663673400878,1.833657455444336,1.8588663673400878
monash_m3_quarterly,drift,16.0,100,0.0,0.0,0.0,0.0,8820.585502929687,1.8524698650836944,1.8758153343200683,1.8524698650836944,1.8758153343200683
monash_m3_quarterly,drift,20.0,100,0.0,0.0,0.0,0.0,10482.150834960938,1.86643359541893,1.8898748767375946,1.86643359541893,1.8898748767375946
monash_m3_quarterly,drift,26.0,100,0.0,0.0,0.0,0.0,13223.649248046875,1.8679936671257018,1.8891847109794617,1.8679936671257018,1.8891847109794617
monash_m3_quarterly,drift,32.0,100,0.0,0.0,0.0,0.0,15146.538129882812,1.9167142164707185,1.9392912554740906,1.9167142164707185,1.9392912554740906
monash_m3_quarterly,drift_step,0.5,100,0.0,0.0,0.0,0.0,4748.296739501953,1.4262511384487153,1.4472565293312072,1.4262511384487153,1.4472565293312072
monash_m3_quarterly,drift_step,1.0,100,0.0,0.0,0.0,0.0,4832.679113769531,1.4148014724254607,1.4401095032691955,1.4148014724254607,1.4401095032691955
monash_m3_quarterly,drift_step,2.0,100,0.0,0.0,0.0,0.0,4771.977810058594,1.5106376457214354,1.5368297803401947,1.5106376457214354,1.5368297803401947
monash_m3_quarterly,drift_step,4.0,100,0.0,0.0,0.0,0.0,4936.4804724121095,1.6426511108875275,1.6641855370998382,1.6426511108875275,1.6641855370998382
monash_m3_quarterly,drift_step,8.0,100,0.0,0.0,0.0,0.0,5632.697553710937,1.6712370479106904,1.6886417496204376,1.6712370479106904,1.6886417496204376
monash_m3_quarterly,drift_step,12.0,100,0.0,0.0,0.0,0.0,6897.2760009765625,1.8109894847869874,1.821812480688095,1.8109894847869874,1.821812480688095
monash_m3_quarterly,drift_step,16.0,100,0.0,0.0,0.0,0.0,7916.484423828125,1.9522522592544556,1.959483309984207,1.9522522592544556,1.959483309984207
monash_m3_quarterly,drift_step,20.0,100,0.0,0.0,0.0,0.0,8776.336528320313,2.0224304461479186,2.030586721897125,2.0224304461479186,2.030586721897125
monash_m3_quarterly,gap,0.05,100,0.0,0.0,0.0,0.0,4772.464835205078,1.4099124801158904,1.4291598308086395,1.4099124801158904,1.4291598308086395
monash_m3_quarterly,gap,0.1,100,0.0,0.0,0.0,0.0,4790.987448730469,1.40583953499794,1.4260033905506133,1.40583953499794,1.4260033905506133
monash_m3_quarterly,gap,0.15,100,0.0,0.0,0.0,0.0,4771.78621459961,1.4035492169857025,1.4187755072116852,1.4035492169857025,1.4187755072116852
monash_m3_quarterly,gap,0.2,100,0.0,0.0,0.0,0.0,4795.9143969726565,1.3874414026737214,1.4062717044353485,1.3874414026737214,1.4062717044353485
monash_m3_quarterly,gap,0.3,100,0.0,0.0,0.0,0.0,4799.698428955078,1.3862215554714203,1.4024834406375886,1.3862215554714203,1.4024834406375886
monash_m3_quarterly,gap,0.4,100,0.0,0.0,0.0,0.0,4800.070689697266,1.378048677444458,1.3936649286746978,1.378048677444458,1.3936649286746978
monash_m3_quarterly,gap,0.5,100,0.0,0.0,0.0,0.0,4731.580556640625,1.351978168487549,1.3661567163467407,1.351978168487549,1.3661567163467407
monash_m3_quarterly,gap,0.6,100,0.0,0.0,0.0,0.0,4812.8055859375,1.362607501745224,1.3768111836910248,1.362607501745224,1.3768111836910248
monash_m3_quarterly,gap,0.7,100,0.0,0.0,0.0,0.0,4760.418005371093,1.3652446448802948,1.3838407123088836,1.3652446448802948,1.3838407123088836
monash_m3_quarterly,gap_boundary,0.05,100,0.0,0.0,0.0,0.0,4728.3457543945315,1.3973007440567016,1.41456072807312,1.3973007440567016,1.41456072807312
monash_m3_quarterly,gap_boundary,0.1,100,0.0,0.0,0.0,0.0,4679.946733398438,1.3831992137432099,1.4007665538787841,1.3831992137432099,1.4007665538787841
monash_m3_quarterly,gap_boundary,0.15,100,0.0,0.0,0.0,0.0,4634.023236083985,1.3679921519756317,1.3842565774917603,1.3679921519756317,1.3842565774917603
monash_m3_quarterly,gap_boundary,0.2,100,0.0,0.0,0.0,0.0,4584.621196289063,1.354869682788849,1.370310435295105,1.354869682788849,1.370310435295105
monash_m3_quarterly,gap_boundary,0.3,100,0.0,0.0,0.0,0.0,4497.692326660156,1.3078120946884155,1.3208061933517456,1.3078120946884155,1.3208061933517456
monash_m3_quarterly,gap_boundary,0.4,100,0.0,0.0,0.0,0.0,4421.6451733398435,1.2798734652996062,1.2923987817764282,1.2798734652996062,1.2923987817764282
monash_m3_quarterly,gap_boundary,0.5,100,0.0,0.0,0.0,0.0,4341.939348144531,1.2478555750846863,1.2571045541763306,1.2478555750846863,1.2571045541763306
monash_m3_quarterly,gap_boundary,0.6,100,0.0,0.0,0.0,0.0,4276.422744140625,1.2044647991657258,1.2108889985084534,1.2044647991657258,1.2108889985084534
monash_m3_quarterly,gap_boundary,0.7,100,0.0,0.0,0.0,0.0,4236.239313964844,1.1721333253383637,1.1772667527198792,1.1721333253383637,1.1772667527198792
monash_m3_yearly,clean,0.0,100,0.0,0.0,0.0,0.0,4522.417318725586,1.6252249491214752,1.6537293374538422,1.6252249491214752,1.6537293374538422
monash_m3_yearly,spikes_intensity,1.0,100,0.0,0.0,0.0,0.0,4517.119902954101,1.6471262753009797,1.6793243861198426,1.6471262753009797,1.6793243861198426
monash_m3_yearly,spikes_intensity,2.0,100,0.0,0.0,0.0,0.0,4529.7606756591795,1.6896727108955383,1.7363826310634614,1.6896727108955383,1.7363826310634614
monash_m3_yearly,spikes_intensity,4.0,100,0.0,0.0,0.0,0.0,4610.956359863281,1.8572051453590392,1.9562794005870818,1.8572051453590392,1.9562794005870818
monash_m3_yearly,spikes_intensity,6.0,100,0.0,0.0,0.0,0.0,4720.301752929688,2.072149441242218,2.1986854016780852,2.072149441242218,2.1986854016780852
monash_m3_yearly,spikes_intensity,8.0,100,0.0,0.0,0.0,0.0,4801.353248291016,2.377514545917511,2.5566881000995636,2.377514545917511,2.5566881000995636
monash_m3_yearly,spikes_intensity,12.0,100,0.0,0.0,0.0,0.0,5047.975421142578,2.8905723702907564,3.1377654421329497,2.8905723702907564,3.1377654421329497
monash_m3_yearly,spikes_intensity,16.0,100,0.0,0.0,0.0,0.0,5261.847857666015,3.429488127231598,3.8133010864257812,3.429488127231598,3.8133010864257812
monash_m3_yearly,spikes_intensity,20.0,100,0.0,0.0,0.0,0.0,5566.1796044921875,4.000577142238617,4.4184482431411745,4.000577142238617,4.4184482431411745
monash_m3_yearly,spikes_intensity,30.0,100,0.0,0.0,0.0,0.0,6191.730725097656,5.089068802595139,5.689079520702362,5.089068802595139,5.689079520702362
monash_m3_yearly,spikes_intensity,40.0,100,0.0,0.0,0.0,0.0,6792.179334716797,5.889036494493484,6.582954157590866,5.889036494493484,6.582954157590866
monash_m3_yearly,spikes_density,0.01,100,0.0,0.0,0.0,0.0,5427.878009033203,3.7955224823951723,4.577874809503555,3.7955224823951723,4.577874809503555
monash_m3_yearly,spikes_density,0.02,100,0.0,0.0,0.0,0.0,5434.096608886719,3.834511867761612,4.635848253965378,3.834511867761612,4.635848253965378
monash_m3_yearly,spikes_density,0.05,100,0.0,0.0,0.0,0.0,5532.7105322265625,3.961097595691681,4.403562977313995,3.961097595691681,4.403562977313995
monash_m3_yearly,spikes_density,0.08,100,0.0,0.0,0.0,0.0,5927.720102539062,3.863372713327408,4.120282504558563,3.863372713327408,4.120282504558563
monash_m3_yearly,spikes_density,0.12,100,0.0,0.0,0.0,0.0,6767.419324951172,3.6154994773864746,3.714290724992752,3.6154994773864746,3.714290724992752
monash_m3_yearly,spikes_density,0.16,100,0.0,0.0,0.0,0.0,7407.8869921875,3.377652385234833,3.4644948863983154,3.377652385234833,3.4644948863983154
monash_m3_yearly,spikes_density,0.2,100,0.0,0.0,0.0,0.0,8226.904418945312,3.1075757157802584,3.1670195066928866,3.1075757157802584,3.1670195066928866
monash_m3_yearly,spikes_density,0.3,100,0.0,0.0,0.0,0.0,9926.175759277343,2.6683381605148315,2.700884994268417,2.6683381605148315,2.700884994268417
monash_m3_yearly,spikes_density,0.4,100,0.0,0.0,0.0,0.0,11891.584768066406,2.3243800377845765,2.353161772489548,2.3243800377845765,2.353161772489548
monash_m3_yearly,drift,0.5,100,0.0,0.0,0.0,0.0,4539.758489379883,1.6323928427696228,1.661618448495865,1.6323928427696228,1.661618448495865
monash_m3_yearly,drift,1.0,100,0.0,0.0,0.0,0.0,4485.5280725097655,1.6491264414787292,1.6817845237255096,1.6491264414787292,1.6817845237255096
monash_m3_yearly,drift,2.0,100,0.0,0.0,0.0,0.0,4360.959036254882,1.694536236524582,1.730208820104599,1.694536236524582,1.730208820104599
monash_m3_yearly,drift,4.0,100,0.0,0.0,0.0,0.0,4422.607505493164,1.6859313762187957,1.7135284662246704,1.6859313762187957,1.7135284662246704
monash_m3_yearly,drift,6.0,100,0.0,0.0,0.0,0.0,5369.038878784179,1.8398660516738892,1.8755066168308259,1.8398660516738892,1.8755066168308259
monash_m3_yearly,drift,9.0,100,0.0,0.0,0.0,0.0,6295.6028186035155,1.8407883584499358,1.8670253300666808,1.8407883584499358,1.8670253300666808
monash_m3_yearly,drift,12.0,100,0.0,0.0,0.0,0.0,7663.893294677734,1.863274314403534,1.8876733934879304,1.863274314403534,1.8876733934879304
monash_m3_yearly,drift,16.0,100,0.0,0.0,0.0,0.0,10030.906096191406,1.929338685274124,1.9521323180198669,1.929338685274124,1.9521323180198669
monash_m3_yearly,drift,20.0,100,0.0,0.0,0.0,0.0,11276.996405029297,1.9675510597229005,1.9904123151302338,1.9675510597229005,1.9904123151302338
monash_m3_yearly,drift,26.0,100,0.0,0.0,0.0,0.0,14921.296762695312,1.944803215265274,1.9657723236083984,1.944803215265274,1.9657723236083984
monash_m3_yearly,drift,32.0,100,0.0,0.0,0.0,0.0,17831.32762451172,1.9761074948310853,1.9953896689414978,1.9761074948310853,1.9953896689414978
monash_m3_yearly,drift_step,0.5,100,0.0,0.0,0.0,0.0,4520.065784301758,1.6256291496753692,1.6538132178783416,1.6256291496753692,1.6538132178783416
monash_m3_yearly,drift_step,1.0,100,0.0,0.0,0.0,0.0,4536.3530078125,1.6434592127799987,1.6723677825927734,1.6434592127799987,1.6723677825927734
monash_m3_yearly,drift_step,2.0,100,0.0,0.0,0.0,0.0,4597.7385296630855,1.667643346786499,1.693925950527191,1.667643346786499,1.693925950527191
monash_m3_yearly,drift_step,4.0,100,0.0,0.0,0.0,0.0,4778.6927801513675,1.774542977809906,1.8004737055301667,1.774542977809906,1.8004737055301667
monash_m3_yearly,drift_step,8.0,100,0.0,0.0,0.0,0.0,6291.727337646485,1.8079970014095306,1.8207253170013429,1.8079970014095306,1.8207253170013429
monash_m3_yearly,drift_step,12.0,100,0.0,0.0,0.0,0.0,7192.926041259766,2.0029344725608826,2.015706700086594,2.0029344725608826,2.015706700086594
monash_m3_yearly,drift_step,16.0,100,0.0,0.0,0.0,0.0,8777.743374023437,2.172449173927307,2.179846181869507,2.172449173927307,2.179846181869507
monash_m3_yearly,drift_step,20.0,100,0.0,0.0,0.0,0.0,9986.08083984375,2.2795295917987826,2.286052768230438,2.2795295917987826,2.286052768230438
monash_m3_yearly,gap,0.05,100,0.0,0.0,0.0,0.0,4520.210690307617,1.6213825511932374,1.6626412415504455,1.6213825511932374,1.6626412415504455
monash_m3_yearly,gap,0.1,100,0.0,0.0,0.0,0.0,4531.117362060547,1.6199662280082703,1.6500869250297547,1.6199662280082703,1.6500869250297547
monash_m3_yearly,gap,0.15,100,0.0,0.0,0.0,0.0,4493.879668579101,1.6156305825710298,1.641222631931305,1.6156305825710298,1.641222631931305
monash_m3_yearly,gap,0.2,100,0.0,0.0,0.0,0.0,4450.809645385742,1.6203969740867614,1.6447578549385071,1.6203969740867614,1.6447578549385071
monash_m3_yearly,gap,0.3,100,0.0,0.0,0.0,0.0,4560.544276123047,1.5699977338314057,1.5914179491996765,1.5699977338314057,1.5914179491996765
monash_m3_yearly,gap,0.4,100,0.0,0.0,0.0,0.0,4500.651723632813,1.5542936539649963,1.576742616891861,1.5542936539649963,1.576742616891861
monash_m3_yearly,gap,0.5,100,0.0,0.0,0.0,0.0,4582.657666931153,1.560553811788559,1.5771895134449005,1.560553811788559,1.5771895134449005
monash_m3_yearly,gap,0.6,100,0.0,0.0,0.0,0.0,4520.823453979492,1.5012385773658752,1.5222529244422913,1.5012385773658752,1.5222529244422913
monash_m3_yearly,gap,0.7,100,0.0,0.0,0.0,0.0,4706.385543518067,1.4102619147300721,1.4282363760471344,1.4102619147300721,1.4282363760471344
monash_m3_yearly,gap_boundary,0.05,100,0.0,0.0,0.0,0.0,4443.24669921875,1.5970283651351929,1.6207634472846986,1.5970283651351929,1.6207634472846986
monash_m3_yearly,gap_boundary,0.1,100,0.0,0.0,0.0,0.0,4388.466854248047,1.5891316044330597,1.6151800489425658,1.5891316044330597,1.6151800489425658
monash_m3_yearly,gap_boundary,0.15,100,0.0,0.0,0.0,0.0,4314.150813598633,1.564648325443268,1.58455747961998,1.564648325443268,1.58455747961998
monash_m3_yearly,gap_boundary,0.2,100,0.0,0.0,0.0,0.0,4253.257987670899,1.525618735551834,1.5454753196239472,1.525618735551834,1.5454753196239472
monash_m3_yearly,gap_boundary,0.3,100,0.0,0.0,0.0,0.0,4132.631129150391,1.4851682877540588,1.5009471368789673,1.4851682877540588,1.5009471368789673
monash_m3_yearly,gap_boundary,0.4,100,0.0,0.0,0.0,0.0,3983.0982075500488,1.4134537589550018,1.4240423595905305,1.4134537589550018,1.4240423595905305
monash_m3_yearly,gap_boundary,0.5,100,0.0,0.0,0.0,0.0,3893.1139022827147,1.3721968197822572,1.3842880654335021,1.3721968197822572,1.3842880654335021
monash_m3_yearly,gap_boundary,0.6,100,0.0,0.0,0.0,0.0,3782.0106861877443,1.290886367559433,1.2976499462127686,1.290886367559433,1.2976499462127686
monash_m3_yearly,gap_boundary,0.7,100,0.0,0.0,0.0,0.0,3629.713781890869,1.2134832346439361,1.2172905778884888,1.2134832346439361,1.2172905778884888
m4_quarterly,clean,0.0,100,0.0,0.0,0.0,0.0,4074.8374591064453,1.8417777717113495,1.9215194189548492,1.8417777717113495,1.9215194189548492
m4_quarterly,spikes_intensity,1.0,100,0.0,0.0,0.0,0.0,4084.430823974609,1.8719358122348786,1.9716453540325165,1.8719358122348786,1.9716453540325165
m4_quarterly,spikes_intensity,2.0,100,0.0,0.0,0.0,0.0,4104.2779296875,1.9275184667110443,2.1335706186294554,1.9275184667110443,2.1335706186294554
m4_quarterly,spikes_intensity,4.0,100,0.0,0.0,0.0,0.0,4181.757033081055,2.240376658439636,2.561496925354004,2.240376658439636,2.561496925354004
m4_quarterly,spikes_intensity,6.0,100,0.0,0.0,0.0,0.0,4277.188643798828,2.608602876663208,3.0337867546081543,2.608602876663208,3.0337867546081543
m4_quarterly,spikes_intensity,8.0,100,0.0,0.0,0.0,0.0,4420.360735473633,3.100601403713226,3.4912695145606993,3.100601403713226,3.4912695145606993
m4_quarterly,spikes_intensity,12.0,100,0.0,0.0,0.0,0.0,4667.904783935547,3.855504468679428,4.2901967489719395,3.855504468679428,4.2901967489719395
m4_quarterly,spikes_intensity,16.0,100,0.0,0.0,0.0,0.0,4955.117330322266,4.593331040143966,4.958663351535797,4.593331040143966,4.958663351535797
m4_quarterly,spikes_intensity,20.0,100,0.0,0.0,0.0,0.0,5189.065938720703,5.328566297292709,5.680649983882904,5.328566297292709,5.680649983882904
m4_quarterly,spikes_intensity,30.0,100,0.0,0.0,0.0,0.0,5847.011164550781,6.708091303110122,7.064944926500321,6.708091303110122,7.064944926500321
m4_quarterly,spikes_intensity,40.0,100,0.0,0.0,0.0,0.0,6525.472834472656,7.757863999605179,8.058813010454179,7.757863999605179,8.058813010454179
m4_quarterly,spikes_density,0.01,100,5.882352941176471e-05,0.0,5.882352941176471e-05,0.01,4361.738181762696,2.718306772708893,6.1692554104328154,2.718306772708893,6.138547593355179
m4_quarterly,spikes_density,0.02,100,5.882352941176471e-05,0.0,5.882352941176471e-05,0.01,4498.644468994141,4.71671507358551,6.2257146286964415,4.71671507358551,6.215169966220856
m4_quarterly,spikes_density,0.05,100,0.0,0.0,0.0,0.0,5200.491220703125,5.276535234451294,5.6633797955513,5.276535234451294,5.6633797955513
m4_quarterly,spikes_density,0.08,100,0.0,0.0,0.0,0.0,5814.59716796875,4.734866192340851,5.0244175148010255,4.734866192340851,5.0244175148010255
m4_quarterly,spikes_density,0.12,100,0.0,0.0,0.0,0.0,6746.658433837891,4.327773689031601,4.477463374137878,4.327773689031601,4.477463374137878
m4_quarterly,spikes_density,0.16,100,0.0,0.0,0.0,0.0,7603.789405517578,3.8759095418453215,4.001906571388244,3.8759095418453215,4.001906571388244
m4_quarterly,spikes_density,0.2,100,0.0,0.0,0.0,0.0,8489.553947753906,3.510246071815491,3.6035959136486055,3.510246071815491,3.6035959136486055
m4_quarterly,spikes_density,0.3,100,0.0,0.0,0.0,0.0,10657.109560546874,2.8621028411388396,2.930473119020462,2.8621028411388396,2.930473119020462
m4_quarterly,spikes_density,0.4,100,0.0,0.0,0.0,0.0,12810.209401855469,2.458112086057663,2.5088218986988067,2.458112086057663,2.5088218986988067
m4_quarterly,drift,0.5,100,0.0,0.0,0.0,0.0,4055.9225830078126,1.8590807390213013,1.9415397143363953,1.8590807390213013,1.9415397143363953
m4_quarterly,drift,1.0,100,0.0,0.0,0.0,0.0,4098.100587768555,1.8802895402908326,1.962772581577301,1.8802895402908326,1.962772581577301
m4_quarterly,drift,2.0,100,0.0,0.0,0.0,0.0,4158.186057739258,1.8805331563949585,1.9659939098358155,1.8805331563949585,1.9659939098358155
m4_quarterly,drift,4.0,100,0.0,0.0,0.0,0.0,4592.756270141602,1.9196944260597228,2.0085198307037353,1.9196944260597228,2.0085198307037353
m4_quarterly,drift,6.0,100,0.0,0.0,0.0,0.0,5275.274197082519,1.9223349642753602,1.9874237561225891,1.9223349642753602,1.9874237561225891
m4_quarterly,drift,9.0,100,0.0,0.0,0.0,0.0,7327.423639526367,1.8788819694519043,1.9168425357341767,1.8788819694519043,1.9168425357341767
m4_quarterly,drift,12.0,100,0.0,0.0,0.0,0.0,7620.872259521484,1.9970249676704406,2.032894287109375,1.9970249676704406,2.032894287109375
m4_quarterly,drift,16.0,100,0.0,0.0,0.0,0.0,11170.164706115722,1.958880009651184,1.9893537044525147,1.958880009651184,1.9893537044525147
m4_quarterly,drift,20.0,100,0.0,0.0,0.0,0.0,14515.761011352539,1.928730432987213,1.9551120817661285,1.928730432987213,1.9551120817661285
m4_quarterly,drift,26.0,100,0.0,0.0,0.0,0.0,16715.03319030762,1.9986679232120514,2.0235841417312623,1.9986679232120514,2.0235841417312623
m4_quarterly,drift,32.0,100,0.0,0.0,0.0,0.0,21658.01306640625,1.966027764081955,1.9898943769931794,1.966027764081955,1.9898943769931794
m4_quarterly,drift_step,0.5,100,0.0,0.0,0.0,0.0,4062.059030151367,1.846997241973877,1.9287336456775666,1.846997241973877,1.9287336456775666
m4_quarterly,drift_step,1.0,100,0.0,0.0,0.0,0.0,4029.3194061279296,1.899182423353195,1.985100073814392,1.899182423353195,1.985100073814392
m4_quarterly,drift_step,2.0,100,0.0,0.0,0.0,0.0,4165.30470703125,1.9094388353824616,1.9845431685447692,1.9094388353824616,1.9845431685447692
m4_quarterly,drift_step,4.0,100,0.0,0.0,0.0,0.0,4632.078545532227,1.9261515259742736,1.9894781768321992,1.9261515259742736,1.9894781768321992
m4_quarterly,drift_step,8.0,100,0.0,0.0,0.0,0.0,6258.566065673828,1.9856831157207488,2.0246377325057985,1.9856831157207488,2.0246377325057985
m4_quarterly,drift_step,12.0,100,0.0,0.0,0.0,0.0,8070.360263671875,2.1288467812538148,2.1524416518211367,2.1288467812538148,2.1524416518211367
m4_quarterly,drift_step,16.0,100,0.0,0.0,0.0,0.0,9153.072369384765,2.2684445917606353,2.280203423500061,2.2684445917606353,2.280203423500061
m4_quarterly,drift_step,20.0,100,0.0,0.0,0.0,0.0,10855.772811279297,2.363528447151184,2.374564770460129,2.363528447151184,2.374564770460129
m4_quarterly,gap,0.05,100,0.0,0.0,0.0,0.0,4069.4756732177734,1.8349973094463348,1.920364202260971,1.8349973094463348,1.920364202260971
m4_quarterly,gap,0.1,100,0.0,0.0,0.0,0.0,4023.6310345458983,1.8678334558010101,1.9389516973495484,1.8678334558010101,1.9389516973495484
m4_quarterly,gap,0.15,100,0.0,0.0,0.0,0.0,4113.130370483398,1.8080711567401886,1.8659447634220123,1.8080711567401886,1.8659447634220123
m4_quarterly,gap,0.2,100,0.0,0.0,0.0,0.0,4124.195097045898,1.7954799187183381,1.8613738119602203,1.7954799187183381,1.8613738119602203
m4_quarterly,gap,0.3,100,0.0,0.0,0.0,0.0,4024.292761230469,1.7657249784469604,1.8123033142089844,1.7657249784469604,1.8123033142089844
m4_quarterly,gap,0.4,100,0.0,0.0,0.0,0.0,4062.4944091796874,1.8457701694965363,1.914034482240677,1.8457701694965363,1.914034482240677
m4_quarterly,gap,0.5,100,0.0,0.0,0.0,0.0,4284.880432739258,1.6862812912464142,1.7250520706176757,1.6862812912464142,1.7250520706176757
m4_quarterly,gap,0.6,100,0.0,0.0,0.0,0.0,4129.370164794922,1.701384152173996,1.7325773024559021,1.701384152173996,1.7325773024559021
m4_quarterly,gap,0.7,100,0.0,0.0,0.0,0.0,4132.428164672851,1.6039218306541443,1.6347018885612488,1.6039218306541443,1.6347018885612488
m4_quarterly,gap_boundary,0.05,100,0.0,0.0,0.0,0.0,3991.579846801758,1.8563395035266876,1.9378439509868621,1.8563395035266876,1.9378439509868621
m4_quarterly,gap_boundary,0.1,100,0.0,0.0,0.0,0.0,3907.853048706055,1.866731606721878,1.9607852602005005,1.866731606721878,1.9607852602005005
m4_quarterly,gap_boundary,0.15,100,0.0,0.0,0.0,0.0,3812.668819580078,1.831625267267227,1.9328291594982148,1.831625267267227,1.9328291594982148
m4_quarterly,gap_boundary,0.2,100,0.0,0.0,0.0,0.0,3718.227403564453,1.7778067910671234,1.8538245391845702,1.7778067910671234,1.8538245391845702
m4_quarterly,gap_boundary,0.3,100,0.0,0.0,0.0,0.0,3561.5153845214845,1.6689488184452057,1.717415201663971,1.6689488184452057,1.717415201663971
m4_quarterly,gap_boundary,0.4,100,0.0,0.0,0.0,0.0,3444.146473388672,1.6088595581054688,1.6468154883384705,1.6088595581054688,1.6468154883384705
m4_quarterly,gap_boundary,0.5,100,0.0,0.0,0.0,0.0,3323.8569625854493,1.5564145708084107,1.5879281079769134,1.5564145708084107,1.5879281079769134
m4_quarterly,gap_boundary,0.6,100,0.0,0.0,0.0,0.0,3189.15032623291,1.4798216223716736,1.506379600763321,1.4798216223716736,1.506379600763321
m4_quarterly,gap_boundary,0.7,100,0.0,0.0,0.0,0.0,3053.3983570861815,1.3986903572082519,1.4134969437122344,1.3986903572082519,1.4134969437122344
m4_yearly,clean,0.0,100,0.0,0.0,0.0,0.0,3721.4144110107422,1.8087530863285064,1.8362443768978118,1.8087530863285064,1.8362443768978118
m4_yearly,spikes_intensity,1.0,100,0.0,0.0,0.0,0.0,3730.43431640625,1.83861692070961,1.8781815254688263,1.83861692070961,1.8781815254688263
m4_yearly,spikes_intensity,2.0,100,0.0,0.0,0.0,0.0,3770.028147583008,1.8802479636669158,1.9418626606464386,1.8802479636669158,1.9418626606464386
m4_yearly,spikes_intensity,4.0,100,0.0,0.0,0.0,0.0,3833.336489868164,2.0951479840278626,2.234831074476242,2.0951479840278626,2.234831074476242
m4_yearly,spikes_intensity,6.0,100,0.0,0.0,0.0,0.0,3928.6686206054687,2.4824206471443175,2.6991018688678743,2.4824206471443175,2.6991018688678743
m4_yearly,spikes_intensity,8.0,100,0.0,0.0,0.0,0.0,4098.849708862304,2.9631886303424837,3.2744351840019226,2.9631886303424837,3.2744351840019226
m4_yearly,spikes_intensity,12.0,100,0.0,0.0,0.0,0.0,4339.948208007812,3.773974267244339,4.188766050338745,3.773974267244339,4.188766050338745
m4_yearly,spikes_intensity,16.0,100,0.0,0.0,0.0,0.0,4577.954063720703,4.5086524403095245,5.093264759778976,4.5086524403095245,5.093264759778976
m4_yearly,spikes_intensity,20.0,100,0.0,0.0,0.0,0.0,4848.290509033203,5.183307802677154,5.8601638948917385,5.183307802677154,5.8601638948917385
m4_yearly,spikes_intensity,30.0,100,0.0,0.0,0.0,0.0,5542.945034179687,6.592695740461349,7.49625855922699,6.592695740461349,7.49625855922699
m4_yearly,spikes_intensity,40.0,100,0.001379310344827586,0.000689655172413793,0.000689655172413793,0.04,6174.006655273438,7.577015475034714,8.629718472957611,7.560161188840866,8.606309783458709
m4_yearly,spikes_density,0.01,100,0.0,0.0,0.0,0.0,4568.236147460938,4.702537190914154,6.225266321897506,4.702537190914154,6.225266321897506
m4_yearly,spikes_density,0.02,100,0.0,0.0,0.0,0.0,4545.742313232422,4.673914630413055,6.171609894037247,4.673914630413055,6.171609894037247
m4_yearly,spikes_density,0.05,100,0.0,0.0,0.0,0.0,4818.659243164063,5.151546492576599,5.820989928245544,5.151546492576599,5.820989928245544
m4_yearly,spikes_density,0.08,100,0.0,0.0,0.0,0.0,5487.607270507812,4.969575003385544,5.2408708274364475,4.969575003385544,5.2408708274364475
m4_yearly,spikes_density,0.12,100,0.0,0.0,0.0,0.0,6498.422845458985,4.271575546264648,4.3829172837734225,4.271575546264648,4.3829172837734225
m4_yearly,spikes_density,0.16,100,0.0,0.0,0.0,0.0,7547.125844726563,3.8421708583831786,3.919928963184357,3.8421708583831786,3.919928963184357
m4_yearly,spikes_density,0.2,100,0.0,0.0,0.0,0.0,8486.765927734376,3.469774603843689,3.540320625305176,3.469774603843689,3.540320625305176
m4_yearly,spikes_density,0.3,100,0.0,0.0,0.0,0.0,10765.321939697265,2.8443840646743777,2.8862966656684876,2.8443840646743777,2.8862966656684876
m4_yearly,spikes_density,0.4,100,0.0,0.0,0.0,0.0,13320.703087158203,2.379630835056305,2.402951109409332,2.379630835056305,2.402951109409332
m4_yearly,drift,0.5,100,0.0,0.0,0.0,0.0,3775.52673828125,1.8064321768283844,1.834095882177353,1.8064321768283844,1.834095882177353
m4_yearly,drift,1.0,100,0.0,0.0,0.0,0.0,3939.2117053222655,1.8057765901088714,1.8334897994995116,1.8057765901088714,1.8334897994995116
m4_yearly,drift,2.0,100,0.0,0.0,0.0,0.0,3969.0733613586426,1.8981552290916444,1.93123508810997,1.8981552290916444,1.93123508810997
m4_yearly,drift,4.0,100,0.0,0.0,0.0,0.0,4306.617483520507,1.8101032316684722,1.847132978439331,1.8101032316684722,1.847132978439331
m4_yearly,drift,6.0,100,0.0,0.0,0.0,0.0,5639.134707641601,1.769479250907898,1.7955685424804688,1.769479250907898,1.7955685424804688
m4_yearly,drift,9.0,100,0.0,0.0,0.0,0.0,7228.710187988281,1.8159429788589478,1.8366270649433136,1.8159429788589478,1.8366270649433136
m4_yearly,drift,12.0,100,0.0,0.0,0.0,0.0,9813.480814819335,1.8551583409309387,1.8773258900642396,1.8551583409309387,1.8773258900642396
m4_yearly,drift,16.0,100,0.0,0.0,0.0,0.0,11662.127074584962,1.9187877953052521,1.9415947163105012,1.9187877953052521,1.9415947163105012
m4_yearly,drift,20.0,100,0.0,0.0,0.0,0.0,14179.07796875,1.9571346938610077,1.9805071330070496,1.9571346938610077,1.9805071330070496
m4_yearly,drift,26.0,100,0.0,0.0,0.0,0.0,18487.894217529298,1.9328329908847808,1.9540634644031525,1.9328329908847808,1.9540634644031525
m4_yearly,drift,32.0,100,0.0,0.0,0.0,0.0,22524.198141479494,1.9192350924015045,1.9398208928108216,1.9192350924015045,1.9398208928108216
m4_yearly,drift_step,0.5,100,0.0,0.0,0.0,0.0,3729.421244506836,1.8098804223537446,1.8385889887809754,1.8098804223537446,1.8385889887809754
m4_yearly,drift_step,1.0,100,0.0,0.0,0.0,0.0,3659.208156738281,1.908107397556305,1.943628865480423,1.908107397556305,1.943628865480423
m4_yearly,drift_step,2.0,100,0.0,0.0,0.0,0.0,3880.3144171142576,1.800013428926468,1.8218066120147705,1.800013428926468,1.8218066120147705
m4_yearly,drift_step,4.0,100,0.0,0.0,0.0,0.0,4754.266033325195,1.8370315790176392,1.8616146171092987,1.8370315790176392,1.8616146171092987
m4_yearly,drift_step,8.0,100,0.0,0.0,0.0,0.0,5970.522475585937,2.0053247475624083,2.020786365270615,2.0053247475624083,2.020786365270615
m4_yearly,drift_step,12.0,100,0.0,0.0,0.0,0.0,7607.997006225586,2.198791172504425,2.2075226414203644,2.198791172504425,2.2075226414203644
m4_yearly,drift_step,16.0,100,0.0,0.0,0.0,0.0,9240.50673034668,2.3691504836082458,2.3781349885463716,2.3691504836082458,2.3781349885463716
m4_yearly,drift_step,20.0,100,0.0,0.0,0.0,0.0,10743.644170532227,2.4607456040382387,2.468102077245712,2.4607456040382387,2.468102077245712
m4_yearly,gap,0.05,100,0.0,0.0,0.0,0.0,3722.651809692383,1.8060525918006898,1.8321006047725676,1.8060525918006898,1.8321006047725676
m4_yearly,gap,0.1,100,0.0,0.0,0.0,0.0,3699.7321459960935,1.7917627501487732,1.815327868461609,1.7917627501487732,1.815327868461609
m4_yearly,gap,0.15,100,0.0,0.0,0.0,0.0,3739.6656646728516,1.8045801830291748,1.8409437143802643,1.8045801830291748,1.8409437143802643
m4_yearly,gap,0.2,100,0.0,0.0,0.0,0.0,3740.2553942871095,1.787613091468811,1.8134318327903747,1.787613091468811,1.8134318327903747
m4_yearly,gap,0.3,100,0.0,0.0,0.0,0.0,3812.849196166992,1.7295072078704834,1.7513936340808869,1.7295072078704834,1.7513936340808869
m4_yearly,gap,0.4,100,0.0,0.0,0.0,0.0,3825.816626281738,1.7563044786453248,1.7825850665569305,1.7563044786453248,1.7825850665569305
m4_yearly,gap,0.5,100,0.0,0.0,0.0,0.0,3633.5743359375,1.7391164588928223,1.7600261354446411,1.7391164588928223,1.7600261354446411
m4_yearly,gap,0.6,100,0.0,0.0,0.0,0.0,4048.722137451172,1.6730088126659393,1.6959047043323516,1.6730088126659393,1.6959047043323516
m4_yearly,gap,0.7,100,0.0,0.0,0.0,0.0,3885.9594955444336,1.7628803861141205,1.7878841626644135,1.7628803861141205,1.7878841626644135
m4_yearly,gap_boundary,0.05,100,0.0,0.0,0.0,0.0,3617.6425537109376,1.8075407898426057,1.836737036705017,1.8075407898426057,1.836737036705017
m4_yearly,gap_boundary,0.1,100,0.0,0.0,0.0,0.0,3493.0938818359373,1.7881820678710938,1.8222757732868196,1.7881820678710938,1.8222757732868196
m4_yearly,gap_boundary,0.15,100,0.0,0.0,0.0,0.0,3402.051309814453,1.75676220536232,1.7914819991588593,1.75676220536232,1.7914819991588593
m4_yearly,gap_boundary,0.2,100,0.0,0.0,0.0,0.0,3291.1484033203124,1.7150979447364807,1.7391273558139801,1.7150979447364807,1.7391273558139801
m4_yearly,gap_boundary,0.3,100,0.0,0.0,0.0,0.0,3108.4538397216797,1.6514089405536652,1.6753974211215974,1.6514089405536652,1.6753974211215974
m4_yearly,gap_boundary,0.4,100,0.0,0.0,0.0,0.0,2927.0289935302735,1.5819940638542176,1.5992130982875823,1.5819940638542176,1.5992130982875823
m4_yearly,gap_boundary,0.5,100,0.0,0.0,0.0,0.0,2769.9238818359377,1.5098169839382172,1.525295033454895,1.5098169839382172,1.525295033454895
m4_yearly,gap_boundary,0.6,100,0.0,0.0,0.0,0.0,2634.9014675903322,1.420236678123474,1.435690357685089,1.420236678123474,1.435690357685089
m4_yearly,gap_boundary,0.7,100,0.0,0.0,0.0,0.0,2498.6587997436523,1.3096149468421936,1.3186958479881286,1.3096149468421936,1.3186958479881286
m5,clean,0.0,100,0.002316386421319797,0.0,0.002316386421319797,0.28,1.1683737403154373,7.950366375446319,13.660971179008484,7.5901226449012755,10.65695041179657
m5,spikes_intensity,1.0,100,0.0017636619606598986,0.0,0.0017636619606598986,0.21,1.2040232443809509,7.432346320152282,12.4091637301445,7.244840931892395,10.258541867733001
m5,spikes_intensity,2.0,100,0.0013144432106598986,0.0,0.0013144432106598986,0.19,1.2648338973522186,7.014563736915588,11.442565076351165,6.938315052986145,9.92347063779831
m5,spikes_intensity,4.0,100,0.0004941307106598985,0.0,0.0004941307106598985,0.11,1.3940417159348726,7.018335049152374,10.697804944515228,7.018335049152374,9.840420205593109
m5,spikes_intensity,6.0,100,0.00033203125,0.0,0.00033203125,0.1,1.5366641238331795,7.9660076236724855,10.995932550430298,7.938197546005249,10.535755157470703
m5,spikes_intensity,8.0,100,0.0006113182106598985,0.0,0.0006113182106598985,0.16,1.667515670955181,9.079487771987916,11.73041648387909,9.079487771987916,11.234521775245666
m5,spikes_intensity,12.0,100,0.00333984375,0.00119140625,0.0021484375,0.31,1.9307303123176098,11.097703576087952,13.43286304950714,11.027807898521424,12.66610755443573
m5,spikes_intensity,16.0,100,0.005064443210659899,0.00171875,0.0033456932106598987,0.36,2.200516480207443,12.347947244644166,14.184048805236817,12.1512149143219,13.35016960144043
m5,spikes_intensity,20.0,100,0.012550761421319799,0.00560546875,0.006945292671319797,0.52,2.469319981336594,13.370844540596009,14.93459750175476,12.926269421577453,13.750283632278443
m5,spikes_intensity,30.0,100,0.02239629600253807,0.010755770145939087,0.011640525856598985,0.64,3.1986154875159265,14.895406036376952,15.885039319992066,13.923210525512696,14.332542009353638
m5,spikes_intensity,40.0,100,0.030292340022426617,0.013960939739603,0.01633140028282362,0.78,3.829708289504051,16.09371479988098,17.044154653549196,14.401889848709107,14.649655504226684
m5,spikes_density,0.01,100,0.008948033890765057,0.00402012479941897,0.004927909091346086,0.9,1.42952820956707,13.88774663925171,29.939773693084717,10.14701364517212,14.751654415130615
m5,spikes_density,0.02,100,0.017374388861503824,0.008580622102718462,0.008793766758785362,0.9,1.679880896061659,20.568542127609252,23.233850784301758,14.267560663223266,14.712897834777833
m5,spikes_density,0.05,100,0.010464685120558377,0.004482372303299492,0.005982312817258884,0.45,2.472366120517254,13.20720389842987,14.667175559997558,12.805446753501892,13.757897548675537
m5,spikes_density,0.08,100,5.859375e-05,0.0,5.859375e-05,0.02,3.2629076924920084,9.742337985038757,10.812278461456298,9.742337985038757,10.782748136520386
m5,spikes_density,0.12,100,0.0,0.0,0.0,0.0,4.348433542251587,7.232694430351257,8.003480968475342,7.232694430351257,8.003480968475342
m5,spikes_density,0.16,100,0.0,0.0,0.0,0.0,5.413579307198525,5.78849907875061,6.482654433250428,5.78849907875061,6.482654433250428
m5,spikes_density,0.2,100,0.0,0.0,0.0,0.0,6.301825542449951,4.900178945064544,5.459643936157226,4.900178945064544,5.459643936157226
m5,spikes_density,0.3,100,0.0,0.0,0.0,0.0,9.13266247868538,3.428772466182709,3.8203539752960207,3.428772466182709,3.8203539752960207
m5,spikes_density,0.4,100,0.0,0.0,0.0,0.0,11.802568163871765,2.6606942343711855,2.939828541278839,2.6606942343711855,2.939828541278839
m5,drift,0.5,100,0.00016209946065989849,0.0,0.00016209946065989849,0.06,1.4138454330712558,4.8176213431358335,8.021438162326813,4.8176213431358335,7.701072657108307
m5,drift,1.0,100,6.444321065989848e-05,0.0,6.444321065989848e-05,0.03,1.7415438303351403,3.6305921709537508,6.056788277626038,3.6305921709537508,5.999808802604675
m5,drift,2.0,100,0.0,0.0,0.0,0.0,2.457703065276146,2.3653606724739076,3.814809079170227,2.3653606724739076,3.814809079170227
m5,drift,4.0,100,0.0,0.0,0.0,0.0,4.755804082751274,1.741075245141983,2.2632898461818693,1.741075245141983,2.2632898461818693
m5,drift,6.0,100,0.0,0.0,0.0,0.0,6.548145087957383,1.5501458108425141,1.7990427219867706,1.5501458108425141,1.7990427219867706
m5,drift,9.0,100,0.0,0.0,0.0,0.0,9.998093630075454,1.4356283378601074,1.6012182676792144,1.4356283378601074,1.6012182676792144
m5,drift,12.0,100,0.0,0.0,0.0,0.0,13.88205446600914,1.3848386883735657,1.5300204026699067,1.3848386883735657,1.5300204026699067
m5,drift,16.0,100,0.0,0.0,0.0,0.0,18.314620447158813,1.3377274572849274,1.4129005467891693,1.3377274572849274,1.4129005467891693
m5,drift,20.0,100,0.0,0.0,0.0,0.0,22.724610178470613,1.3078988575935364,1.3862420129776,1.3078988575935364,1.3862420129776
m5,drift,26.0,100,0.0,0.0,0.0,0.0,29.817681488990782,1.2921154701709747,1.3696957790851594,1.2921154701709747,1.3696957790851594
m5,drift,32.0,100,0.0,0.0,0.0,0.0,36.061561675071715,1.2778941416740417,1.332500649690628,1.2778941416740417,1.332500649690628
m5,drift_step,0.5,100,0.0012363182106598985,0.0,0.0012363182106598985,0.19,1.2869065652042628,6.598454456329346,11.106648428440094,6.545595731735229,9.720551311969757
m5,drift_step,1.0,100,0.0014511619606598985,0.0,0.0014511619606598985,0.2,1.382317813038826,6.27260205745697,10.421039726734161,6.118613123893738,8.907734491825103
m5,drift_step,2.0,100,0.001484375,0.0,0.001484375,0.14,1.7207837525010108,5.99218593120575,9.855271112918853,5.711179070472717,7.973648798465729
m5,drift_step,4.0,100,0.00083984375,0.0,0.00083984375,0.12,2.458365553021431,4.835587222576141,7.429286140203476,4.812145230770111,6.951327661275863
m5,drift_step,8.0,100,0.00103515625,5.859375e-05,0.0009765625,0.15,2.752180314734578,5.726507608890533,9.420513632297515,5.559229280948639,7.452588007450104
m5,drift_step,12.0,100,0.0010546875,9.765625e-05,0.00095703125,0.11,4.61012921154499,5.404413394927978,8.143211517333985,5.199130430221557,6.560721292495727
m5,drift_step,16.0,100,0.001484375,0.0002734375,0.0012109375,0.13,6.837737618386745,5.453825038671494,7.988092319965363,4.9910429608821865,6.150932972431183
m5,drift_step,20.0,100,0.00115234375,5.859375e-05,0.00109375,0.16,7.917122180461884,5.059593676328659,8.05922156572342,5.004809244871139,6.684051783084869
m5,gap,0.05,100,0.002186978043673965,0.0,0.002186978043673965,0.28,1.1838154417276383,8.070713384151459,13.34940170288086,7.633062551021576,10.603413019180298
m5,gap,0.1,100,0.0023319299062087777,0.0,0.0023319299062087777,0.28,1.1630299533158541,8.162799999713897,13.658155491352082,7.701032640933991,10.613201639652253
m5,gap,0.15,100,0.0022059970366907987,0.0,0.0022059970366907987,0.25,1.1804453107342123,7.767259306907654,13.103020563125611,7.471865611076355,10.357924327850341
m5,gap,0.2,100,0.0025053881918439967,0.0,0.0025053881918439967,0.24,1.178048982322216,7.883185374736786,13.14896317243576,7.601595761775971,10.299381444454193
m5,gap,0.3,100,0.00224329918588314,0.0,0.00224329918588314,0.22,1.2100702130049468,7.733070995807648,13.833238694667816,7.385378096103668,10.088344466686248
m5,gap,0.4,100,0.002414763093085732,0.0,0.002414763093085732,0.22,1.2421162312850356,8.019845616817474,12.395915303230286,7.541015861034393,9.833369727134704
m5,gap,0.5,100,0.0026704677078757694,0.0,0.0026704677078757694,0.24,1.2473524025455118,7.664578671455383,11.799559140205384,7.160711579322815,9.516860117912293
m5,gap,0.6,100,0.0026976224576503427,0.0,0.0026976224576503427,0.19,1.2911928225681186,7.183511255979538,10.708034874200822,6.807214258909226,8.502426849603653
m5,gap,0.7,100,0.00203832059100987,0.0,0.00203832059100987,0.17,1.2148701572045684,7.5737754917144775,10.913814043998718,7.202350053787232,8.936757349967957
m5,gap_boundary,0.05,100,0.0025215285706018816,0.0,0.0025215285706018816,0.29,1.1064132118597627,7.976052312850952,13.756977665424348,7.5500986289978025,10.698978626728058
m5,gap_boundary,0.1,100,0.00250834816247749,0.0,0.00250834816247749,0.25,1.0601887864246964,7.86956823348999,13.597904589176178,7.551285152435303,10.389902565479279
m5,gap_boundary,0.15,100,0.0035836012268855703,0.0,0.0035836012268855703,0.27,1.0279389955848455,8.333199441432953,14.040993437767028,7.700762822628021,10.310578074455261
m5,gap_boundary,0.2,100,0.0025981179003329025,0.0,0.0025981179003329025,0.18,1.0269658880960195,7.733805539608002,13.055981359481812,7.129847276210785,9.40231183052063
m5,gap_boundary,0.3,47,0.002229345811533959,0.0,0.002229345811533959,0.14893617021276595,0.8884571004421153,7.346917000222714,10.127898561193588,6.623352060926721,8.384513367997839
m5,gap_boundary,0.4,28,0.0025209328905078042,0.0,0.0025209328905078042,0.21428571428571427,0.9885840104626757,7.396406386579786,10.717710316181183,7.034845054149628,9.001329924379077
m5,gap_boundary,0.5,20,0.0007614213197969543,0.0,0.0007614213197969543,0.05,1.1334377892315388,6.477192997932434,7.538452100753784,6.378055119514466,7.099659013748169
m5,gap_boundary,0.6,13,0.0040041332988891756,0.0,0.0040041332988891756,0.15384615384615385,0.542880960381948,7.933830316250141,9.613555908203125,7.045790874041044,7.966288786668044
m5,gap_boundary,0.7,7,0.004874197283924624,0.0,0.004874197283924624,0.2857142857142857,0.6704991289547512,6.988500016076224,8.968446288790021,6.634002651487078,7.394372224807739
nn5,clean,0.0,100,0.0,0.0,0.0,0.0,18.599056034088136,2.1233730363845824,2.757696808576584,2.1233730363845824,2.757696808576584
nn5,spikes_intensity,1.0,100,0.0,0.0,0.0,0.0,18.607322998046875,2.1443549573421476,2.775538454055786,2.1443549573421476,2.775538454055786
nn5,spikes_intensity,2.0,100,0.0,0.0,0.0,0.0,18.670334372520447,2.212567708492279,2.8252371287345888,2.212567708492279,2.8252371287345888
nn5,spikes_intensity,4.0,100,0.0,0.0,0.0,0.0,19.079823312759398,2.5236889123916626,3.2394427967071535,2.5236889123916626,3.2394427967071535
nn5,spikes_intensity,6.0,100,0.0,0.0,0.0,0.0,19.687990016937256,3.0195078086853027,3.8222612738609314,3.0195078086853027,3.8222612738609314
nn5,spikes_intensity,8.0,100,0.0,0.0,0.0,0.0,20.402927417755127,3.5987302708625792,4.338729009628296,3.5987302708625792,4.338729009628296
nn5,spikes_intensity,12.0,100,0.0,0.0,0.0,0.0,21.784311599731446,4.6428874039649966,5.318289802074433,4.6428874039649966,5.318289802074433
nn5,spikes_intensity,16.0,100,0.0,0.0,0.0,0.0,23.2456529712677,5.5092756247520445,6.176153855323792,5.5092756247520445,6.176153855323792
nn5,spikes_intensity,20.0,100,0.0,0.0,0.0,0.0,24.58062876701355,6.3541864395141605,6.967665696144104,6.3541864395141605,6.967665696144104
nn5,spikes_intensity,30.0,100,0.0,0.0,0.0,0.0,28.091016578674317,7.991298513412476,8.5316552400589,7.991298513412476,8.5316552400589
nn5,spikes_intensity,40.0,100,0.0,0.0,0.0,0.0,31.69549912452698,9.237076449394227,9.757073092460633,9.237076449394227,9.757073092460633
nn5,spikes_density,0.01,100,0.0,0.0,0.0,0.0,19.786419429779052,3.6708472287654876,8.134328761100768,3.6708472287654876,8.134328761100768
nn5,spikes_density,0.02,100,0.0,0.0,0.0,0.0,20.921615085601807,6.310465455055237,7.9412418508529665,6.310465455055237,7.9412418508529665
nn5,spikes_density,0.05,100,0.0,0.0,0.0,0.0,24.504166460037233,6.369280395507812,6.960620737075805,6.369280395507812,6.960620737075805
nn5,spikes_density,0.08,100,0.0,0.0,0.0,0.0,27.955489177703857,5.729199066162109,6.235986299514771,5.729199066162109,6.235986299514771
nn5,spikes_density,0.12,100,0.0,0.0,0.0,0.0,32.78870602607727,4.980633020401001,5.3241113710403445,4.980633020401001,5.3241113710403445
nn5,spikes_density,0.16,100,0.0,0.0,0.0,0.0,37.68780611038208,4.376549036502838,4.697162585258484,4.376549036502838,4.697162585258484
nn5,spikes_density,0.2,100,0.0,0.0,0.0,0.0,42.16170858383179,3.9352619862556457,4.179764602184296,3.9352619862556457,4.179764602184296
nn5,spikes_density,0.3,100,0.0,0.0,0.0,0.0,54.381345977783205,3.1024594044685365,3.2948114824295045,3.1024594044685365,3.2948114824295045
nn5,spikes_density,0.4,100,0.0,0.0,0.0,0.0,66.12176015853882,2.56879252910614,2.719091145992279,2.56879252910614,2.719091145992279
nn5,drift,0.5,100,0.0,0.0,0.0,0.0,18.77683153629303,2.1356487035751344,2.762918198108673,2.1356487035751344,2.762918198108673
nn5,drift,1.0,100,0.0,0.0,0.0,0.0,19.204564657211304,2.1642048490047454,2.8150407004356386,2.1642048490047454,2.8150407004356386
nn5,drift,2.0,100,0.0,0.0,0.0,0.0,19.069288034439086,2.359463518857956,3.1013155615329744,2.359463518857956,3.1013155615329744
nn5,drift,4.0,100,0.0,0.0,0.0,0.0,24.157510540485383,2.3502730774879455,3.126151329278946,2.3502730774879455,3.126151329278946
nn5,drift,6.0,100,0.0,0.0,0.0,0.0,29.165187525749207,2.2205284881591796,2.6502530217170714,2.2205284881591796,2.6502530217170714
nn5,drift,9.0,100,0.0,0.0,0.0,0.0,40.48702233314514,1.9321035170555114,2.1551357662677764,1.9321035170555114,2.1551357662677764
nn5,drift,12.0,100,0.0,0.0,0.0,0.0,52.6691313457489,1.7998313975334168,1.9586998546123504,1.7998313975334168,1.9586998546123504
nn5,drift,16.0,100,0.0,0.0,0.0,0.0,75.86357189178467,1.6473644602298736,1.7520159339904786,1.6473644602298736,1.7520159339904786
nn5,drift,20.0,100,0.0,0.0,0.0,0.0,89.69936792373657,1.6357051694393159,1.7225057625770568,1.6357051694393159,1.7225057625770568
nn5,drift,26.0,100,0.0,0.0,0.0,0.0,116.11665935516358,1.5964736092090606,1.6684873175621033,1.5964736092090606,1.6684873175621033
nn5,drift,32.0,100,0.0,0.0,0.0,0.0,142.81083606719972,1.5707998287677765,1.6271692526340484,1.5707998287677765,1.6271692526340484
nn5,drift_step,0.5,100,0.0,0.0,0.0,0.0,18.58743013381958,2.141020666360855,2.7824126183986664,2.141020666360855,2.7824126183986664
nn5,drift_step,1.0,100,0.0,0.0,0.0,0.0,18.606304025650026,2.2196781599521636,2.823237849473953,2.2196781599521636,2.823237849473953
nn5,drift_step,2.0,100,0.0,0.0,0.0,0.0,18.771813406944275,2.360061022043228,2.968701617717743,2.360061022043228,2.968701617717743
nn5,drift_step,4.0,100,0.0,0.0,0.0,0.0,21.54968186855316,2.333740437030792,2.8727695083618165,2.333740437030792,2.8727695083618165
nn5,drift_step,8.0,100,0.0,0.0,0.0,0.0,30.64075963973999,2.173512841463089,2.4507971239089965,2.173512841463089,2.4507971239089965
nn5,drift_step,12.0,100,0.0,0.0,0.0,0.0,41.49095418930054,2.3770261359214784,2.6089677309989927,2.3770261359214784,2.6089677309989927
nn5,drift_step,16.0,100,0.0,0.0,0.0,0.0,51.54401700973511,2.613951346874237,2.7913600003719328,2.613951346874237,2.7913600003719328
nn5,drift_step,20.0,100,0.0,0.0,0.0,0.0,58.791051330566404,2.8333517861366273,3.050629937648773,2.8333517861366273,3.050629937648773
nn5,gap,0.05,100,0.0,0.0,0.0,0.0,18.609195895195008,2.1232427382469177,2.73833997130394,2.1232427382469177,2.73833997130394
nn5,gap,0.1,100,0.0,0.0,0.0,0.0,18.630492820739747,2.1288475394248962,2.7110351526737215,2.1288475394248962,2.7110351526737215
nn5,gap,0.15,100,0.0,0.0,0.0,0.0,18.594187054634094,2.1289367485046387,2.7142980122566223,2.1289367485046387,2.7142980122566223
nn5,gap,0.2,100,0.0,0.0,0.0,0.0,18.685988349914552,2.1324964344501494,2.686412489414215,2.1324964344501494,2.686412489414215
nn5,gap,0.3,100,0.0,0.0,0.0,0.0,18.729768857955932,2.1259849643707276,2.612415643930435,2.1259849643707276,2.612415643930435
nn5,gap,0.4,100,0.0,0.0,0.0,0.0,18.613344688415527,2.131612859964371,2.591770169734955,2.131612859964371,2.591770169734955
nn5,gap,0.5,100,0.0,0.0,0.0,0.0,18.793134388923644,2.1370970129966738,2.4820816683769227,2.1370970129966738,2.4820816683769227
nn5,gap,0.6,100,0.0,0.0,0.0,0.0,18.918020811080932,2.1062269186973572,2.381062183380127,2.1062269186973572,2.381062183380127
nn5,gap,0.7,100,0.0,0.0,0.0,0.0,18.96385254859924,2.049154570102692,2.278300038576126,2.049154570102692,2.278300038576126
nn5,gap_boundary,0.05,100,0.0,0.0,0.0,0.0,18.60830126285553,2.1301896214485168,2.7511544227600098,2.1301896214485168,2.7511544227600098
nn5,gap_boundary,0.1,100,0.0,0.0,0.0,0.0,18.60765340805054,2.1346712374687193,2.7375879037380217,2.1346712374687193,2.7375879037380217
nn5,gap_boundary,0.15,100,0.0,0.0,0.0,0.0,18.462306280136108,2.0728535115718842,2.6492112684249878,2.0728535115718842,2.6492112684249878
nn5,gap_boundary,0.2,100,0.0,0.0,0.0,0.0,18.382659425735472,2.0683272087574007,2.608234233856201,2.0683272087574007,2.608234233856201
nn5,gap_boundary,0.3,100,0.0,0.0,0.0,0.0,18.15034637451172,2.053151865005493,2.469924317598343,2.053151865005493,2.469924317598343
nn5,gap_boundary,0.4,100,0.0,0.0,0.0,0.0,17.904257817268373,2.088955122232437,2.4727084136009214,2.088955122232437,2.4727084136009214
nn5,gap_boundary,0.5,100,0.0,0.0,0.0,0.0,17.617746620178224,2.11697052359581,2.364961230754852,2.11697052359581,2.364961230754852
nn5,gap_boundary,0.6,100,0.0,0.0,0.0,0.0,18.48364890575409,2.0901466012001038,2.234882539510727,2.0901466012001038,2.234882539510727
monash_nn5_weekly,clean,0.0,100,0.0,0.0,0.0,0.0,127.75319919586181,1.4615732061862945,1.5934022223949433,1.4615732061862945,1.5934022223949433
monash_nn5_weekly,spikes_intensity,1.0,100,0.0,0.0,0.0,0.0,127.73957283020019,1.4688688123226166,1.6002449381351471,1.4688688123226166,1.6002449381351471
monash_nn5_weekly,spikes_intensity,2.0,100,0.0,0.0,0.0,0.0,127.76355525970459,1.490128437280655,1.6326509928703308,1.490128437280655,1.6326509928703308
monash_nn5_weekly,spikes_intensity,4.0,100,0.0,0.0,0.0,0.0,127.85403289794922,1.6101464307308198,1.7865282440185546,1.6101464307308198,1.7865282440185546
monash_nn5_weekly,spikes_intensity,6.0,100,0.0,0.0,0.0,0.0,128.5149562072754,1.8139115071296692,2.000176694393158,1.8139115071296692,2.000176694393158
monash_nn5_weekly,spikes_intensity,8.0,100,0.0,0.0,0.0,0.0,129.13176792144776,2.0190294897556305,2.233290579319,2.0190294897556305,2.233290579319
monash_nn5_weekly,spikes_intensity,12.0,100,0.0,0.0,0.0,0.0,131.67989673614503,2.4370303213596345,2.72303307056427,2.4370303213596345,2.72303307056427
monash_nn5_weekly,spikes_intensity,16.0,100,0.0,0.0,0.0,0.0,135.60416912078858,2.8950613272190093,3.179911096096039,2.8950613272190093,3.179911096096039
monash_nn5_weekly,spikes_intensity,20.0,100,0.0,0.0,0.0,0.0,138.78232528686524,3.236625851392746,3.601314084529877,3.236625851392746,3.601314084529877
monash_nn5_weekly,spikes_intensity,30.0,100,0.0,0.0,0.0,0.0,147.53207969665527,4.215968356132508,4.58014142036438,4.215968356132508,4.58014142036438
monash_nn5_weekly,spikes_intensity,40.0,100,0.0,0.0,0.0,0.0,155.97389945983886,5.092373042106629,5.455106310844421,5.092373042106629,5.455106310844421
monash_nn5_weekly,spikes_density,0.01,100,0.0,0.0,0.0,0.0,130.0123057937622,1.5302837657928468,2.9904683339595795,1.5302837657928468,2.9904683339595795
monash_nn5_weekly,spikes_density,0.02,100,0.0,0.0,0.0,0.0,131.92531734466553,2.295065984725952,3.2843913221359253,2.295065984725952,3.2843913221359253
monash_nn5_weekly,spikes_density,0.05,100,0.0,0.0,0.0,0.0,138.1565348815918,3.1893320870399475,3.596019045114517,3.1893320870399475,3.596019045114517
monash_nn5_weekly,spikes_density,0.08,100,0.0,0.0,0.0,0.0,145.49529319763184,3.312055516242981,3.485530138015747,3.312055516242981,3.485530138015747
monash_nn5_weekly,spikes_density,0.12,100,0.0,0.0,0.0,0.0,155.97791275024414,3.1731183099746705,3.264481086730957,3.1731183099746705,3.264481086730957
monash_nn5_weekly,spikes_density,0.16,100,0.0,0.0,0.0,0.0,165.39919593811035,3.0246975731849672,3.139250686168671,3.0246975731849672,3.139250686168671
monash_nn5_weekly,spikes_density,0.2,100,0.0,0.0,0.0,0.0,174.14321495056151,2.877624635696411,2.97840434551239,2.877624635696411,2.97840434551239
monash_nn5_weekly,spikes_density,0.3,100,0.0,0.0,0.0,0.0,197.76875770568847,2.5716141080856323,2.6576044011116027,2.5716141080856323,2.6576044011116027
monash_nn5_weekly,spikes_density,0.4,100,0.0,0.0,0.0,0.0,220.98994422912597,2.3264714848995207,2.4135475039482115,2.3264714848995207,2.4135475039482115
monash_nn5_weekly,drift,0.5,100,0.0,0.0,0.0,0.0,127.24940586090088,1.463302481174469,1.596500506401062,1.463302481174469,1.596500506401062
monash_nn5_weekly,drift,1.0,100,0.0,0.0,0.0,0.0,127.55389114379882,1.4724959111213685,1.6141848158836365,1.4724959111213685,1.6141848158836365
monash_nn5_weekly,drift,2.0,100,0.0,0.0,0.0,0.0,126.7888927078247,1.4895293951034545,1.6326762056350708,1.4895293951034545,1.6326762056350708
monash_nn5_weekly,drift,4.0,100,0.0,0.0,0.0,0.0,121.83590879440308,1.5981280100345612,1.7707190537452697,1.5981280100345612,1.7707190537452697
monash_nn5_weekly,drift,6.0,100,0.0,0.0,0.0,0.0,138.59025619506835,1.6155336856842042,1.7695644831657409,1.6155336856842042,1.7695644831657409
monash_nn5_weekly,drift,9.0,100,0.0,0.0,0.0,0.0,145.09299018859863,1.8106514132022857,1.9802157402038574,1.8106514132022857,1.9802157402038574
monash_nn5_weekly,drift,12.0,100,0.0,0.0,0.0,0.0,143.56411546707153,1.993733228445053,2.1428629529476164,1.993733228445053,2.1428629529476164
monash_nn5_weekly,drift,16.0,100,0.0,0.0,0.0,0.0,167.832393951416,1.9909826588630677,2.122199411392212,1.9909826588630677,2.122199411392212
monash_nn5_weekly,drift,20.0,100,0.0,0.0,0.0,0.0,184.13800876617432,2.010213783979416,2.105844246149063,2.010213783979416,2.105844246149063
monash_nn5_weekly,drift,26.0,100,0.0,0.0,0.0,0.0,247.49366817474365,2.0338937211036683,2.1030838227272035,2.0338937211036683,2.1030838227272035
monash_nn5_weekly,drift,32.0,100,0.0,0.0,0.0,0.0,315.72939582824705,2.014691877365112,2.062118830680847,2.014691877365112,2.062118830680847
monash_nn5_weekly,drift_step,0.5,100,0.0,0.0,0.0,0.0,127.32692016601563,1.4680018711090088,1.6007893359661103,1.4680018711090088,1.6007893359661103
monash_nn5_weekly,drift_step,1.0,100,0.0,0.0,0.0,0.0,127.45659149169921,1.4837430608272553,1.6155874395370484,1.4837430608272553,1.6155874395370484
monash_nn5_weekly,drift_step,2.0,100,0.0,0.0,0.0,0.0,127.56187473297119,1.511141493320465,1.6523130750656128,1.511141493320465,1.6523130750656128
monash_nn5_weekly,drift_step,4.0,100,0.0,0.0,0.0,0.0,130.59243949890137,1.6042141997814179,1.760636420249939,1.6042141997814179,1.760636420249939
monash_nn5_weekly,drift_step,8.0,100,0.0,0.0,0.0,0.0,139.49412864685058,1.7871244597434996,1.9367098033428192,1.7871244597434996,1.9367098033428192
monash_nn5_weekly,drift_step,12.0,100,0.0,0.0,0.0,0.0,152.56576335906982,1.810691089630127,1.9557714986801147,1.810691089630127,1.9557714986801147
monash_nn5_weekly,drift_step,16.0,100,0.0,0.0,0.0,0.0,177.37599937438964,1.8521286940574646,1.951916788816452,1.8521286940574646,1.951916788816452
monash_nn5_weekly,drift_step,20.0,100,0.0,0.0,0.0,0.0,199.92572517395018,1.9368699955940247,2.0089659523963928,1.9368699955940247,2.0089659523963928
monash_nn5_weekly,gap,0.05,100,0.0,0.0,0.0,0.0,127.7579012298584,1.4540573227405549,1.5891084146499634,1.4540573227405549,1.5891084146499634
monash_nn5_weekly,gap,0.1,100,0.0,0.0,0.0,0.0,127.79124938964844,1.4523650872707368,1.5704367291927337,1.4523650872707368,1.5704367291927337
monash_nn5_weekly,gap,0.15,100,0.0,0.0,0.0,0.0,127.74380214691162,1.4468593561649323,1.578307558298111,1.4468593561649323,1.578307558298111
monash_nn5_weekly,gap,0.2,100,0.0,0.0,0.0,0.0,127.80554954528809,1.4502209854125976,1.57016148686409,1.4502209854125976,1.57016148686409
monash_nn5_weekly,gap,0.3,100,0.0,0.0,0.0,0.0,127.82582920074464,1.4369439470767975,1.5477514922618867,1.4369439470767975,1.5477514922618867
monash_nn5_weekly,gap,0.4,100,0.0,0.0,0.0,0.0,127.22132297515869,1.428418937921524,1.5379334115982055,1.428418937921524,1.5379334115982055
monash_nn5_weekly,gap,0.5,100,0.0,0.0,0.0,0.0,127.70573780059814,1.4199257004261017,1.5138238561153412,1.4199257004261017,1.5138238561153412
monash_nn5_weekly,gap,0.6,100,0.0,0.0,0.0,0.0,127.8377548980713,1.3885626673698426,1.4447178900241853,1.3885626673698426,1.4447178900241853
monash_nn5_weekly,gap,0.7,100,0.0,0.0,0.0,0.0,127.17368427276611,1.3548056995868683,1.3913793063163757,1.3548056995868683,1.3913793063163757
monash_nn5_weekly,gap_boundary,0.05,100,0.0,0.0,0.0,0.0,127.58878768920898,1.4653346621990204,1.5947034060955048,1.4653346621990204,1.5947034060955048
monash_nn5_weekly,gap_boundary,0.1,100,0.0,0.0,0.0,0.0,127.57596424102783,1.4702180099487305,1.5942187404632568,1.4702180099487305,1.5942187404632568
monash_nn5_weekly,gap_boundary,0.15,100,0.0,0.0,0.0,0.0,126.83443759918212,1.4027935397624969,1.5446939253807068,1.4027935397624969,1.5446939253807068
monash_nn5_weekly,gap_boundary,0.2,100,0.0,0.0,0.0,0.0,126.26307346343994,1.407292652130127,1.550831903219223,1.407292652130127,1.550831903219223
monash_nn5_weekly,gap_boundary,0.3,100,0.0,0.0,0.0,0.0,124.94864036560058,1.3921446514129638,1.5117750990390777,1.3921446514129638,1.5117750990390777
monash_nn5_weekly,gap_boundary,0.4,100,0.0,0.0,0.0,0.0,123.93647865295411,1.403256266117096,1.509335035085678,1.403256266117096,1.509335035085678
monash_nn5_weekly,gap_boundary,0.5,100,0.0,0.0,0.0,0.0,123.03800258636474,1.4066592597961425,1.5038356590270996,1.4066592597961425,1.5038356590270996
monash_nn5_weekly,gap_boundary,0.6,100,0.0,0.0,0.0,0.0,124.28133716583253,1.4055432522296905,1.4825201165676116,1.4055432522296905,1.4825201165676116
monash_nn5_weekly,gap_boundary,0.7,100,0.0,0.0,0.0,0.0,122.63344501495361,1.2347578775882722,1.2515270805358887,1.2347578775882722,1.2515270805358887
monash_tourism_monthly,clean,0.0,100,0.0,0.0,0.0,0.0,7273.359348487854,3.277977147102356,4.050121873617172,3.277977147102356,4.050121873617172
monash_tourism_monthly,spikes_intensity,1.0,100,0.0,0.0,0.0,0.0,7308.158168716431,3.274232345819473,4.071434881687164,3.274232345819473,4.071434881687164
monash_tourism_monthly,spikes_intensity,2.0,100,0.0,0.0,0.0,0.0,7380.743141365051,3.285394068956375,4.099159172773361,3.285394068956375,4.099159172773361
monash_tourism_monthly,spikes_intensity,4.0,100,0.0,0.0,0.0,0.0,7649.1902730560305,3.5485667312145233,4.5957444334030155,3.5485667312145233,4.5957444334030155
monash_tourism_monthly,spikes_intensity,6.0,100,0.0,0.0,0.0,0.0,7908.692549972534,4.014119108915329,5.047599012851715,4.014119108915329,5.047599012851715
monash_tourism_monthly,spikes_intensity,8.0,100,0.0,0.0,0.0,0.0,8329.46448020935,4.7023623919487,5.719589440822602,4.7023623919487,5.719589440822602
monash_tourism_monthly,spikes_intensity,12.0,100,0.0,0.0,0.0,0.0,8965.137208595275,5.879128820896149,6.892608489990234,5.879128820896149,6.892608489990234
monash_tourism_monthly,spikes_intensity,16.0,100,0.0,0.0,0.0,0.0,9633.247324447631,6.950512316226959,7.79187020778656,6.950512316226959,7.79187020778656
monash_tourism_monthly,spikes_intensity,20.0,100,0.0,0.0,0.0,0.0,10328.951447219848,7.893078184127807,8.731333804130553,7.893078184127807,8.731333804130553
monash_tourism_monthly,spikes_intensity,30.0,100,0.0,0.0,0.0,0.0,12082.109109268189,9.731466183662414,10.404043793678284,9.731466183662414,10.404043793678284
monash_tourism_monthly,spikes_intensity,40.0,100,0.0,0.0,0.0,0.0,13753.128292160034,11.067729153633117,11.678648629188537,11.067729153633117,11.678648629188537
monash_tourism_monthly,spikes_density,0.01,100,0.0006126128984495632,0.00013008439621803414,0.0004825285022315291,0.1,7859.414735069275,3.822350399494171,10.996964399814606,3.822350399494171,10.888244860172271
monash_tourism_monthly,spikes_density,0.02,100,0.00037967722148190457,0.0001388888888888889,0.00024078833259301563,0.05,8556.772014503478,9.063081533908845,10.375233883857726,9.058836119174957,10.352001852989197
monash_tourism_monthly,spikes_density,0.05,100,0.0,0.0,0.0,0.0,10327.361491241456,7.85109189748764,8.678656692504882,7.85109189748764,8.678656692504882
monash_tourism_monthly,spikes_density,0.08,100,0.0,0.0,0.0,0.0,12256.827989120484,6.721471717357636,7.373804445266724,6.721471717357636,7.373804445266724
monash_tourism_monthly,spikes_density,0.12,100,0.0,0.0,0.0,0.0,14803.758532104492,5.632785935401916,6.1419206142425535,5.632785935401916,6.1419206142425535
monash_tourism_monthly,spikes_density,0.16,100,0.0,0.0,0.0,0.0,17197.984962768554,4.851346297264099,5.26243684053421,4.851346297264099,5.26243684053421
monash_tourism_monthly,spikes_density,0.2,100,0.0,0.0,0.0,0.0,19709.225536956787,4.234222753047943,4.600881702899933,4.234222753047943,4.600881702899933
monash_tourism_monthly,spikes_density,0.3,100,0.0,0.0,0.0,0.0,25952.294734344483,3.285180938243866,3.5150813126564024,3.285180938243866,3.5150813126564024
monash_tourism_monthly,spikes_density,0.4,100,0.0,0.0,0.0,0.0,32229.75753326416,2.6631492257118223,2.8544198155403135,2.6631492257118223,2.8544198155403135
monash_tourism_monthly,drift,0.5,100,0.0,0.0,0.0,0.0,7148.641189956665,3.328550032377243,4.110328658819198,3.328550032377243,4.110328658819198
monash_tourism_monthly,drift,1.0,100,0.0,0.0,0.0,0.0,6984.180337867737,3.326687079668045,4.107692501544952,3.326687079668045,4.107692501544952
monash_tourism_monthly,drift,2.0,100,0.0,0.0,0.0,0.0,7190.563903217316,3.7158925914764405,4.699835085868836,3.7158925914764405,4.699835085868836
monash_tourism_monthly,drift,4.0,100,0.0,0.0,0.0,0.0,10154.714169063569,3.0660256719589234,3.842374587059021,3.0660256719589234,3.842374587059021
monash_tourism_monthly,drift,6.0,100,0.0,0.0,0.0,0.0,10155.845933876037,2.552542062997818,2.9584373307228087,2.552542062997818,2.9584373307228087
monash_tourism_monthly,drift,9.0,100,0.0,0.0,0.0,0.0,16118.781238708496,2.328692973852158,2.576188621520996,2.328692973852158,2.576188621520996
monash_tourism_monthly,drift,12.0,100,0.0,0.0,0.0,0.0,18505.801163635253,2.261514836549759,2.440002830028534,2.261514836549759,2.440002830028534
monash_tourism_monthly,drift,16.0,100,0.0,0.0,0.0,0.0,26517.39646331787,2.1572997319698333,2.3069920778274535,2.1572997319698333,2.3069920778274535
monash_tourism_monthly,drift,20.0,100,0.0,0.0,0.0,0.0,36484.32174285888,2.074561325311661,2.186655695438385,2.074561325311661,2.186655695438385
monash_tourism_monthly,drift,26.0,100,0.0,0.0,0.0,0.0,41698.45361602783,2.0708236789703367,2.166803727149963,2.0708236789703367,2.166803727149963
monash_tourism_monthly,drift,32.0,100,0.0,0.0,0.0,0.0,56767.77527587891,2.028618836402893,2.101513900756836,2.028618836402893,2.101513900756836
monash_tourism_monthly,drift_step,0.5,100,0.0,0.0,0.0,0.0,7458.98389629364,3.280852098464966,4.043526685237884,3.280852098464966,4.043526685237884
monash_tourism_monthly,drift_step,1.0,100,0.0,0.0,0.0,0.0,7071.98785774231,3.3160391569137575,4.057338817119598,3.3160391569137575,4.057338817119598
monash_tourism_monthly,drift_step,2.0,100,0.0,0.0,0.0,0.0,7860.843874320984,3.101700885295868,3.7873767948150636,3.101700885295868,3.7873767948150636
monash_tourism_monthly,drift_step,4.0,100,0.0,0.0,0.0,0.0,8813.003976593018,2.7043391835689543,3.238349505662918,2.7043391835689543,3.238349505662918
monash_tourism_monthly,drift_step,8.0,100,0.0,0.0,0.0,0.0,12862.806761245727,2.5687522315979003,2.7932303178310396,2.5687522315979003,2.7932303178310396
monash_tourism_monthly,drift_step,12.0,100,0.0,0.0,0.0,0.0,17547.405474090578,2.7428108048439026,2.9096903872489928,2.7428108048439026,2.9096903872489928
monash_tourism_monthly,drift_step,16.0,100,0.0,0.0,0.0,0.0,21369.27185974121,2.8368725979328158,2.9354531490802764,2.8368725979328158,2.9354531490802764
monash_tourism_monthly,drift_step,20.0,100,0.0,0.0,0.0,0.0,26908.944622039795,2.917471237182617,2.9968877148628237,2.917471237182617,2.9968877148628237
monash_tourism_monthly,gap,0.05,100,0.0,0.0,0.0,0.0,7284.8702778244015,3.2627469193935394,4.015963387489319,3.2627469193935394,4.015963387489319
monash_tourism_monthly,gap,0.1,100,0.0,0.0,0.0,0.0,7231.939055023194,3.2553912675380707,3.995326393842697,3.2553912675380707,3.995326393842697
monash_tourism_monthly,gap,0.15,100,0.0,0.0,0.0,0.0,7001.162132644653,3.2792111468315124,4.0111474931240085,3.2792111468315124,4.0111474931240085
monash_tourism_monthly,gap,0.2,100,0.0,0.0,0.0,0.0,7266.461542282104,3.2089228761196136,3.948650404214859,3.2089228761196136,3.948650404214859
monash_tourism_monthly,gap,0.3,100,0.0,0.0,0.0,0.0,7571.481026268006,3.2449944901466368,3.879216216802597,3.2449944901466368,3.879216216802597
monash_tourism_monthly,gap,0.4,100,0.0,0.0,0.0,0.0,7514.271947631836,3.2320144295692446,3.844877506494522,3.2320144295692446,3.844877506494522
monash_tourism_monthly,gap,0.5,100,6.535947712418301e-05,0.0,6.535947712418301e-05,0.01,7170.706284942627,3.3472094094753264,3.9317319416999816,3.3472094094753264,3.900229523181915
monash_tourism_monthly,gap,0.6,100,8.064516129032258e-05,0.0,8.064516129032258e-05,0.01,7291.737724399567,3.0286339259147645,3.8158710134029388,3.0286339259147645,3.5979940831661223
monash_tourism_monthly,gap,0.7,100,0.00021739130434782607,0.0,0.00021739130434782607,0.01,7978.505426635742,3.2900489163398743,3.6476359975337984,3.2670277523994447,3.622778571844101
monash_tourism_monthly,gap_boundary,0.05,100,0.0,0.0,0.0,0.0,7048.150059623718,3.299629068374634,4.061141463518143,3.299629068374634,4.061141463518143
monash_tourism_monthly,gap_boundary,0.1,100,0.0,0.0,0.0,0.0,6851.380315322876,3.3466477251052855,4.052410392761231,3.3466477251052855,4.052410392761231
monash_tourism_monthly,gap_boundary,0.15,100,0.0,0.0,0.0,0.0,6621.23120639801,3.2887945687770843,3.9918278634548185,3.2887945687770843,3.9918278634548185
monash_tourism_monthly,gap_boundary,0.2,100,0.0,0.0,0.0,0.0,6413.679595928192,3.2388391554355622,3.945917880535126,3.2388391554355622,3.945917880535126
monash_tourism_monthly,gap_boundary,0.3,100,4.672897196261682e-05,0.0,4.672897196261682e-05,0.01,6051.122652225495,3.310038117170334,4.014893391132355,3.310038117170334,3.9747132802009584
monash_tourism_monthly,gap_boundary,0.4,100,5.434782608695652e-05,0.0,5.434782608695652e-05,0.01,5666.730784034729,3.2397114503383637,4.000676177740097,3.2397114503383637,3.9443638837337494
monash_tourism_monthly,gap_boundary,0.5,100,6.535947712418301e-05,0.0,6.535947712418301e-05,0.01,5132.205875911713,2.9979745149612427,3.6151021838188173,2.9979745149612427,3.555160548686981
monash_tourism_monthly,gap_boundary,0.6,100,8.19672131147541e-05,0.0,8.19672131147541e-05,0.01,4793.171513357162,2.9363853299617766,3.446823842525482,2.9363853299617766,3.369326817989349
monash_tourism_monthly,gap_boundary,0.7,100,0.0,0.0,0.0,0.0,4286.704058103562,2.6185026943683622,3.0208279848098756,2.6185026943683622,3.0208279848098756
monash_tourism_quarterly,clean,0.0,100,0.0,0.0,0.0,0.0,29838.026051254274,2.5612299287319185,2.7469087290763854,2.5612299287319185,2.7469087290763854
monash_tourism_quarterly,spikes_intensity,1.0,100,0.0,0.0,0.0,0.0,29881.31805717468,2.5942123222351072,2.8069573295116426,2.5942123222351072,2.8069573295116426
monash_tourism_quarterly,spikes_intensity,2.0,100,0.0,0.0,0.0,0.0,30296.64344642639,2.592887637615204,2.8741004455089567,2.592887637615204,2.8741004455089567
monash_tourism_quarterly,spikes_intensity,4.0,100,0.0,0.0,0.0,0.0,31481.150323028563,3.034477163553238,3.49329052567482,3.034477163553238,3.49329052567482
monash_tourism_quarterly,spikes_intensity,6.0,100,0.0,0.0,0.0,0.0,32117.52515625,3.6101041436195374,4.213985443115234,3.6101041436195374,4.213985443115234
monash_tourism_quarterly,spikes_intensity,8.0,100,0.0,0.0,0.0,0.0,34503.50717430115,4.379646587371826,4.919643558263779,4.379646587371826,4.919643558263779
monash_tourism_quarterly,spikes_intensity,12.0,100,0.0,0.0,0.0,0.0,36213.335659942626,5.5818846940994264,6.146828410625457,5.5818846940994264,6.146828410625457
monash_tourism_quarterly,spikes_intensity,16.0,100,0.0,0.0,0.0,0.0,40230.49718811035,6.671532626152039,7.176047096252441,6.671532626152039,7.176047096252441
monash_tourism_quarterly,spikes_intensity,20.0,100,0.0,0.0,0.0,0.0,42162.47981246948,7.530520629882813,8.064468071460723,7.530520629882813,8.064468071460723
monash_tourism_quarterly,spikes_intensity,30.0,100,0.0,0.0,0.0,0.0,49843.228234100345,9.360223233699799,9.92927900314331,9.360223233699799,9.92927900314331
monash_tourism_quarterly,spikes_intensity,40.0,100,9.708737864077669e-05,0.0,9.708737864077669e-05,0.01,56791.34179962158,10.75697566986084,11.112152276039124,10.75697566986084,11.111184391975403
monash_tourism_quarterly,spikes_density,0.01,100,0.0007653862117821822,0.0001951265943270512,0.000570259617455131,0.08,32778.2318409729,3.1485370206832886,10.059457495212556,3.1485370206832886,9.93138311624527
monash_tourism_quarterly,spikes_density,0.02,100,0.00039120502569960026,9.80392156862745e-05,0.0002931658100133257,0.03,34263.49301048279,7.676804717779159,9.646490696668625,7.67143998503685,9.600540436506272
monash_tourism_quarterly,spikes_density,0.05,100,0.0,0.0,0.0,0.0,42518.17931556702,7.483494954109192,8.005366578102112,7.483494954109192,8.005366578102112
monash_tourism_quarterly,spikes_density,0.08,100,0.0,0.0,0.0,0.0,49239.69409622192,6.529529490470886,6.882577273845673,6.529529490470886,6.882577273845673
monash_tourism_quarterly,spikes_density,0.12,100,0.0,0.0,0.0,0.0,59994.33047332764,5.501134665012359,5.716505353450775,5.501134665012359,5.716505353450775
monash_tourism_quarterly,spikes_density,0.16,100,0.0,0.0,0.0,0.0,68788.22649505615,4.740712585449219,4.913838300704956,4.740712585449219,4.913838300704956
monash_tourism_quarterly,spikes_density,0.2,100,0.0,0.0,0.0,0.0,78103.97231506348,4.103947341442108,4.231356596946716,4.103947341442108,4.231356596946716
monash_tourism_quarterly,spikes_density,0.3,100,0.0,0.0,0.0,0.0,102854.40606719971,3.1478333640098572,3.2433799052238466,3.1478333640098572,3.2433799052238466
monash_tourism_quarterly,spikes_density,0.4,100,0.0,0.0,0.0,0.0,127563.62007659912,2.59644939661026,2.669774498939514,2.59644939661026,2.669774498939514
monash_tourism_quarterly,drift,0.5,100,0.0,0.0,0.0,0.0,29592.549741592407,2.6063808715343475,2.7955381512641906,2.6063808715343475,2.7955381512641906
monash_tourism_quarterly,drift,1.0,100,0.0,0.0,0.0,0.0,26750.540917358398,2.696621632575989,2.9152814102172853,2.696621632575989,2.9152814102172853
monash_tourism_quarterly,drift,2.0,100,0.0,0.0,0.0,0.0,30797.576287345888,2.7150916039943693,2.981290214061737,2.7150916039943693,2.981290214061737
monash_tourism_quarterly,drift,4.0,100,0.0,0.0,0.0,0.0,46646.62400360107,2.568962607383728,2.8068653035163877,2.568962607383728,2.8068653035163877
monash_tourism_quarterly,drift,6.0,100,0.0,0.0,0.0,0.0,44588.11801254273,2.3802565908432007,2.5293704748153685,2.3802565908432007,2.5293704748153685
monash_tourism_quarterly,drift,9.0,100,0.0,0.0,0.0,0.0,51097.98493560791,2.2565972101688385,2.354811887741089,2.2565972101688385,2.354811887741089
monash_tourism_quarterly,drift,12.0,100,0.0,0.0,0.0,0.0,79422.49009674072,2.11207706451416,2.1989532709121704,2.11207706451416,2.1989532709121704
monash_tourism_quarterly,drift,16.0,100,0.0,0.0,0.0,0.0,103677.25459442139,2.0764613938331604,2.135404427051544,2.0764613938331604,2.135404427051544
monash_tourism_quarterly,drift,20.0,100,0.0,0.0,0.0,0.0,135081.29350860594,2.0355891299247744,2.0916490364074707,2.0355891299247744,2.0916490364074707
monash_tourism_quarterly,drift,26.0,100,0.0,0.0,0.0,0.0,175736.1374041748,2.0292010354995726,2.07492977976799,2.0292010354995726,2.07492977976799
monash_tourism_quarterly,drift,32.0,100,0.0,0.0,0.0,0.0,224895.2866949463,1.9906902921199798,2.0309136629104616,1.9906902921199798,2.0309136629104616
monash_tourism_quarterly,drift_step,0.5,100,0.0,0.0,0.0,0.0,30064.179880523683,2.5806426191329956,2.7582332360744477,2.5806426191329956,2.7582332360744477
monash_tourism_quarterly,drift_step,1.0,100,0.0,0.0,0.0,0.0,30234.481872406006,2.575004403591156,2.7784469985961913,2.575004403591156,2.7784469985961913
monash_tourism_quarterly,drift_step,2.0,100,0.0,0.0,0.0,0.0,31933.836401290893,2.52769128203392,2.715628892183304,2.52769128203392,2.715628892183304
monash_tourism_quarterly,drift_step,4.0,100,0.0,0.0,0.0,0.0,39200.68944084168,2.3525497007369993,2.512271150350571,2.3525497007369993,2.512271150350571
monash_tourism_quarterly,drift_step,8.0,100,0.0,0.0,0.0,0.0,52493.74191772461,2.4215845572948456,2.4740185284614564,2.4215845572948456,2.4740185284614564
monash_tourism_quarterly,drift_step,12.0,100,0.0,0.0,0.0,0.0,73897.38428649903,2.574785259962082,2.609436341524124,2.574785259962082,2.609436341524124
monash_tourism_quarterly,drift_step,16.0,100,0.0,0.0,0.0,0.0,80140.31239715577,2.76505432844162,2.7976898646354673,2.76505432844162,2.7976898646354673
monash_tourism_quarterly,drift_step,20.0,100,0.0,0.0,0.0,0.0,103020.69868804932,2.8147305750846865,2.8350528514385225,2.8147305750846865,2.8350528514385225
monash_tourism_quarterly,gap,0.05,100,0.0,0.0,0.0,0.0,29722.85098625183,2.545126793384552,2.723422917127609,2.545126793384552,2.723422917127609
monash_tourism_quarterly,gap,0.1,100,0.0,0.0,0.0,0.0,29489.516699905394,2.551879870891571,2.7128077471256256,2.551879870891571,2.7128077471256256
monash_tourism_quarterly,gap,0.15,100,0.0,0.0,0.0,0.0,30145.617454681396,2.51982972741127,2.6737403988838198,2.51982972741127,2.6737403988838198
monash_tourism_quarterly,gap,0.2,100,0.0,0.0,0.0,0.0,30031.111012649537,2.5773870384693147,2.731054332256317,2.5773870384693147,2.731054332256317
monash_tourism_quarterly,gap,0.3,100,0.0,0.0,0.0,0.0,30487.208971252443,2.643404281139374,2.8267531526088714,2.643404281139374,2.8267531526088714
monash_tourism_quarterly,gap,0.4,100,0.0,0.0,0.0,0.0,30896.936699295045,2.4690278458595274,2.6103455424308777,2.4690278458595274,2.6103455424308777
monash_tourism_quarterly,gap,0.5,100,0.000196078431372549,0.0,0.000196078431372549,0.01,27737.301297454833,2.641950669288635,2.8316050386428833,2.625938172340393,2.7995800447463988
monash_tourism_quarterly,gap,0.6,100,0.00024390243902439024,0.0,0.00024390243902439024,0.01,30670.060485229493,2.645033575296402,2.7959334480762483,2.62973583817482,2.7704371559619902
monash_tourism_quarterly,gap,0.7,100,0.0003225806451612903,0.0,0.0003225806451612903,0.01,31560.69617362976,2.5910191106796265,2.755244116783142,2.5430238485336303,2.6866795301437376
monash_tourism_quarterly,gap_boundary,0.05,100,0.0,0.0,0.0,0.0,29007.153989562987,2.5874904239177705,2.745554811954498,2.5874904239177705,2.745554811954498
monash_tourism_quarterly,gap_boundary,0.1,100,0.0,0.0,0.0,0.0,28213.326072921755,2.644262503385544,2.7883123886585235,2.644262503385544,2.7883123886585235
monash_tourism_quarterly,gap_boundary,0.15,100,0.0,0.0,0.0,0.0,27404.230751457213,2.588818782567978,2.76572007060051,2.588818782567978,2.76572007060051
monash_tourism_quarterly,gap_boundary,0.2,100,0.0,0.0,0.0,0.0,26592.353293380736,2.563379182815552,2.7303061628341676,2.563379182815552,2.7303061628341676
monash_tourism_quarterly,gap_boundary,0.3,100,0.0,0.0,0.0,0.0,24833.45061706543,2.6241072154045106,2.7765160071849824,2.6241072154045106,2.7765160071849824
monash_tourism_quarterly,gap_boundary,0.4,100,0.0,0.0,0.0,0.0,23249.589514141084,2.6199508512020113,2.820662877559662,2.6199508512020113,2.820662877559662
monash_tourism_quarterly,gap_boundary,0.5,100,0.0,0.0,0.0,0.0,21259.946824913026,2.3569764745235444,2.4982411861419678,2.3569764745235444,2.4982411861419678
monash_tourism_quarterly,gap_boundary,0.6,100,0.0,0.0,0.0,0.0,19494.275792598724,2.2917209684848787,2.4168398892879486,2.2917209684848787,2.4168398892879486
monash_tourism_quarterly,gap_boundary,0.7,100,0.0,0.0,0.0,0.0,17624.140574388504,2.007291164398193,2.083256574869156,2.007291164398193,2.083256574869156
monash_tourism_yearly,clean,0.0,100,0.0,0.0,0.0,0.0,359159.5583273144,1.92915172457695,1.9636729085445404,1.92915172457695,1.9636729085445404
monash_tourism_yearly,spikes_intensity,1.0,100,0.0,0.0,0.0,0.0,362123.6019075686,1.9626779997348784,2.000230598449707,1.9626779997348784,2.000230598449707
monash_tourism_yearly,spikes_intensity,2.0,100,0.0,0.0,0.0,0.0,352082.69069115026,2.0279192221164704,2.0861643052101133,2.0279192221164704,2.0861643052101133
monash_tourism_yearly,spikes_intensity,4.0,100,0.0,0.0,0.0,0.0,377426.0582935849,2.2794831085205076,2.41200426697731,2.2794831085205076,2.41200426697731
monash_tourism_yearly,spikes_intensity,6.0,100,0.0,0.0,0.0,0.0,336790.6502324654,2.628622069358826,2.857787472009659,2.628622069358826,2.857787472009659
monash_tourism_yearly,spikes_intensity,8.0,100,0.0,0.0,0.0,0.0,333865.3930497502,3.1000679421424864,3.4593580496311187,3.1000679421424864,3.4593580496311187
monash_tourism_yearly,spikes_intensity,12.0,100,0.0,0.0,0.0,0.0,417248.21062241733,3.9326977205276488,4.51972878575325,3.9326977205276488,4.51972878575325
monash_tourism_yearly,spikes_intensity,16.0,100,0.0,0.0,0.0,0.0,365383.4525209315,4.645895683765412,5.436608695983887,4.645895683765412,5.436608695983887
monash_tourism_yearly,spikes_intensity,20.0,100,0.0,0.0,0.0,0.0,394625.9696157031,5.3434749901294705,6.335850046873093,5.3434749901294705,6.335850046873093
monash_tourism_yearly,spikes_intensity,30.0,100,0.0,0.0,0.0,0.0,513426.68333674164,6.706463752985001,8.08816297531128,6.706463752985001,8.08816297531128
monash_tourism_yearly,spikes_intensity,40.0,100,0.00043478260869565214,0.0,0.00043478260869565214,0.01,570951.5025260746,7.75090574145317,9.42027167916298,7.750125941038132,9.41927194237709
monash_tourism_yearly,spikes_density,0.01,100,0.0,0.0,0.0,0.0,406411.2894359463,5.375657502412796,6.421822036504746,5.375657502412796,6.421822036504746
monash_tourism_yearly,spikes_density,0.02,100,0.0,0.0,0.0,0.0,404307.61802104267,5.293379899263382,6.325444532632828,5.293379899263382,6.325444532632828
monash_tourism_yearly,spikes_density,0.05,100,0.0,0.0,0.0,0.0,402073.9966254507,5.374858185052871,6.373258191347122,5.374858185052871,6.373258191347122
monash_tourism_yearly,spikes_density,0.08,100,0.0,0.0,0.0,0.0,482983.78080492583,5.279080358743667,5.564527013301849,5.279080358743667,5.564527013301849
monash_tourism_yearly,spikes_density,0.12,100,0.0,0.0,0.0,0.0,496885.4296238783,4.49321772813797,4.5958277606964115,4.49321772813797,4.5958277606964115
monash_tourism_yearly,spikes_density,0.16,100,0.0,0.0,0.0,0.0,448395.52482213615,4.006097857952118,4.083147727251053,4.006097857952118,4.083147727251053
monash_tourism_yearly,spikes_density,0.2,100,0.0,0.0,0.0,0.0,540952.6135005063,3.591599327325821,3.652501026391983,3.591599327325821,3.652501026391983
monash_tourism_yearly,spikes_density,0.3,100,0.0,0.0,0.0,0.0,612302.3921849481,2.9352161037921904,2.974800229072571,2.9352161037921904,2.974800229072571
monash_tourism_yearly,spikes_density,0.4,100,0.0,0.0,0.0,0.0,718841.7942244894,2.5127432024478913,2.538401246070862,2.5127432024478913,2.538401246070862
monash_tourism_yearly,drift,0.5,100,0.0,0.0,0.0,0.0,365093.5769411959,1.941826412677765,1.9779142117500306,1.941826412677765,1.9779142117500306
monash_tourism_yearly,drift,1.0,100,0.0,0.0,0.0,0.0,380609.4824886175,1.9487439465522767,1.985809724330902,1.9487439465522767,1.985809724330902
monash_tourism_yearly,drift,2.0,100,0.0,0.0,0.0,0.0,325611.7499187137,2.0905255317687987,2.1326614809036255,2.0905255317687987,2.1326614809036255
monash_tourism_yearly,drift,4.0,100,0.0,0.0,0.0,0.0,411040.9110429149,2.0502592444419863,2.1062917387485505,2.0502592444419863,2.1062917387485505
monash_tourism_yearly,drift,6.0,100,0.0,0.0,0.0,0.0,448630.9722016954,2.1307699477672575,2.1832224595546723,2.1307699477672575,2.1832224595546723
monash_tourism_yearly,drift,9.0,100,0.0,0.0,0.0,0.0,309554.1748849483,2.0925810170173644,2.1334483730793,2.0925810170173644,2.1334483730793
monash_tourism_yearly,drift,12.0,100,0.0,0.0,0.0,0.0,566387.1086131345,2.07159113407135,2.108737761974335,2.07159113407135,2.108737761974335
monash_tourism_yearly,drift,16.0,100,0.0,0.0,0.0,0.0,686276.8679854333,2.052791203260422,2.0878104329109193,2.052791203260422,2.0878104329109193
monash_tourism_yearly,drift,20.0,100,0.0,0.0,0.0,0.0,863832.7933805507,2.0537269055843352,2.0866969311237336,2.0537269055843352,2.0866969311237336
monash_tourism_yearly,drift,26.0,100,0.0,0.0,0.0,0.0,1001043.8191393719,2.0067240726947784,2.032338446378708,2.0067240726947784,2.032338446378708
monash_tourism_yearly,drift,32.0,100,0.0,0.0,0.0,0.0,1124651.7797392916,2.0230073249340057,2.050182353258133,2.0230073249340057,2.050182353258133
monash_tourism_yearly,drift_step,0.5,100,0.0,0.0,0.0,0.0,363302.558813069,1.956695898771286,1.990695139169693,1.956695898771286,1.990695139169693
monash_tourism_yearly,drift_step,1.0,100,0.0,0.0,0.0,0.0,368815.0979961982,1.9445483040809632,1.9786550080776215,1.9445483040809632,1.9786550080776215
monash_tourism_yearly,drift_step,2.0,100,0.0,0.0,0.0,0.0,349281.4809185722,2.0366986191272733,2.0725878953933714,2.0366986191272733,2.0725878953933714
monash_tourism_yearly,drift_step,4.0,100,0.0,0.0,0.0,0.0,401425.9938093314,2.012716453075409,2.044102004766464,2.012716453075409,2.044102004766464
monash_tourism_yearly,drift_step,8.0,100,0.0,0.0,0.0,0.0,353866.27150472463,2.1861848723888397,2.2081338679790496,2.1861848723888397,2.2081338679790496
monash_tourism_yearly,drift_step,12.0,100,0.0,0.0,0.0,0.0,364299.09546447487,2.3684104788303375,2.3813617825508118,2.3684104788303375,2.3813617825508118
monash_tourism_yearly,drift_step,16.0,100,0.0,0.0,0.0,0.0,577081.8532705248,2.4994068014621735,2.5130397284030916,2.4994068014621735,2.5130397284030916
monash_tourism_yearly,drift_step,20.0,100,0.0,0.0,0.0,0.0,675816.2467973876,2.6358830070495607,2.646429990530014,2.6358830070495607,2.646429990530014
monash_tourism_yearly,gap,0.05,100,0.0,0.0,0.0,0.0,366040.10041549994,1.917294783592224,1.9515981829166413,1.917294783592224,1.9515981829166413
monash_tourism_yearly,gap,0.1,100,0.0,0.0,0.0,0.0,358936.3628107342,1.916423314809799,1.9492798233032227,1.916423314809799,1.9492798233032227
monash_tourism_yearly,gap,0.15,100,0.0,0.0,0.0,0.0,365170.93706709874,1.9067401051521302,1.9393952929973601,1.9067401051521302,1.9393952929973601
monash_tourism_yearly,gap,0.2,100,0.0,0.0,0.0,0.0,361239.2622216615,1.8583531057834626,1.885295374393463,1.8583531057834626,1.885295374393463
monash_tourism_yearly,gap,0.3,100,0.0,0.0,0.0,0.0,355999.26761138096,1.8822913205623626,1.91228710770607,1.8822913205623626,1.91228710770607
monash_tourism_yearly,gap,0.4,100,0.0,0.0,0.0,0.0,352124.8758733735,1.7970946776866912,1.8248247039318084,1.7970946776866912,1.8248247039318084
monash_tourism_yearly,gap,0.5,100,0.0,0.0,0.0,0.0,346550.1623372257,1.786845599412918,1.8119542574882508,1.786845599412918,1.8119542574882508
monash_tourism_yearly,gap,0.6,100,0.0,0.0,0.0,0.0,364736.0672284876,1.759905915260315,1.7913565003871919,1.759905915260315,1.7913565003871919
monash_tourism_yearly,gap,0.7,100,0.0,0.0,0.0,0.0,367306.41509058536,1.6796683859825134,1.6952117943763734,1.6796683859825134,1.6952117943763734
monash_tourism_yearly,gap_boundary,0.05,100,0.0,0.0,0.0,0.0,355120.9225024672,1.9138446736335755,1.9510462760925293,1.9138446736335755,1.9510462760925293
monash_tourism_yearly,gap_boundary,0.1,100,0.0,0.0,0.0,0.0,353866.1180376591,1.9024640238285064,1.942210657596588,1.9024640238285064,1.942210657596588
monash_tourism_yearly,gap_boundary,0.15,100,0.0,0.0,0.0,0.0,352528.5852336061,1.8781478273868562,1.9061977338790894,1.8781478273868562,1.9061977338790894
monash_tourism_yearly,gap_boundary,0.2,100,0.0,0.0,0.0,0.0,350151.6604665303,1.9081836128234864,1.9391715574264525,1.9081836128234864,1.9391715574264525
monash_tourism_yearly,gap_boundary,0.3,100,0.0,0.0,0.0,0.0,354509.4337069006,1.8866131973266602,1.9165078258514405,1.8866131973266602,1.9165078258514405
monash_tourism_yearly,gap_boundary,0.4,100,0.0,0.0,0.0,0.0,355956.60389871744,1.780815167427063,1.8176255750656127,1.780815167427063,1.8176255750656127
monash_tourism_yearly,gap_boundary,0.5,100,0.0,0.0,0.0,0.0,351477.784391845,1.6483692860603332,1.666942822933197,1.6483692860603332,1.666942822933197
monash_tourism_yearly,gap_boundary,0.6,100,0.0,0.0,0.0,0.0,347130.22778979765,1.581212087869644,1.6006717920303344,1.581212087869644,1.6006717920303344
monash_tourism_yearly,gap_boundary,0.7,100,0.0,0.0,0.0,0.0,332753.1396025344,1.3891945242881776,1.4023214900493621,1.3891945242881776,1.4023214900493621
monash_traffic,clean,0.0,100,0.0,0.0,0.0,0.0,0.053033080529421565,3.808906352519989,5.053948252201081,3.808906352519989,5.053948252201081
monash_traffic,spikes_intensity,1.0,100,0.0,0.0,0.0,0.0,0.05344646302983165,3.792636127471924,5.106594836711883,3.792636127471924,5.106594836711883
monash_traffic,spikes_intensity,2.0,100,0.0,0.0,0.0,0.0,0.05441270675510168,3.885202293395996,5.291749141216278,3.885202293395996,5.291749141216278
monash_traffic,spikes_intensity,4.0,100,0.0,0.0,0.0,0.0,0.05766015218570828,4.269514183998108,5.74757532119751,4.269514183998108,5.74757532119751
monash_traffic,spikes_intensity,6.0,100,0.0,0.0,0.0,0.0,0.0610824584774673,4.851876561641693,6.30365166425705,4.851876561641693,6.30365166425705
monash_traffic,spikes_intensity,8.0,100,0.0,0.0,0.0,0.0,0.06452081145718694,5.486489541530609,6.913451781272888,5.486489541530609,6.913451781272888
monash_traffic,spikes_intensity,12.0,100,0.0,0.0,0.0,0.0,0.07222601165995002,6.809524750709533,8.080489134788513,6.809524750709533,8.080489134788513
monash_traffic,spikes_intensity,16.0,100,0.0,0.0,0.0,0.0,0.07960593067109585,7.972557334899903,9.23667384147644,7.972557334899903,9.23667384147644
monash_traffic,spikes_intensity,20.0,100,0.0,0.0,0.0,0.0,0.08592323992401361,9.085082263946534,10.158278183937073,9.085082263946534,10.158278183937073
monash_traffic,spikes_intensity,30.0,100,0.000859375,0.000390625,0.00046875,0.05,0.10434808742254972,10.98100085735321,11.810739521980286,10.960221524238586,11.75997585773468
monash_traffic,spikes_intensity,40.0,100,0.002890625,0.00099609375,0.00189453125,0.14,0.12266832586377859,12.354376058578492,13.06939148902893,12.250679950714112,12.895472564697265
monash_traffic,spikes_density,0.01,100,0.0013671875,0.0003125,0.0010546875,0.28,0.05991655260324478,7.024108698368073,13.704245328903198,7.024108698368073,13.027844200134277
monash_traffic,spikes_density,0.02,100,0.0009375,0.00025390625,0.00068359375,0.13,0.06685897924005985,9.969557523727417,12.650286116600036,9.927434148788452,12.359307951927185
monash_traffic,spikes_density,0.05,100,0.0,0.0,0.0,0.0,0.08592305105179548,9.099923539161683,10.06966100692749,9.099923539161683,10.06966100692749
monash_traffic,spikes_density,0.08,100,0.0,0.0,0.0,0.0,0.10731828160583973,7.413658142089844,8.31413727760315,7.413658142089844,8.31413727760315
monash_traffic,spikes_density,0.12,100,0.0,0.0,0.0,0.0,0.13378403082489967,6.04354621887207,6.79152982711792,6.04354621887207,6.79152982711792
monash_traffic,spikes_density,0.16,100,0.0,0.0,0.0,0.0,0.15902773380279542,5.101894083023072,5.722827410697937,5.101894083023072,5.722827410697937
monash_traffic,spikes_density,0.2,100,0.0,0.0,0.0,0.0,0.18489883236587049,4.467273721694946,4.974664680957794,4.467273721694946,4.974664680957794
monash_traffic,spikes_density,0.3,100,0.0,0.0,0.0,0.0,0.2517969314008951,3.328066065311432,3.715792272090912,3.328066065311432,3.715792272090912
monash_traffic,spikes_density,0.4,100,0.0,0.0,0.0,0.0,0.31816625222563744,2.672738165855408,2.9759869241714476,2.672738165855408,2.9759869241714476
monash_traffic,drift,0.5,100,3.90625e-05,0.0,3.90625e-05,0.02,0.05357819677330553,3.967507207393646,5.26962983250618,3.967507207393646,5.262480965852737
monash_traffic,drift,1.0,100,1.953125e-05,0.0,1.953125e-05,0.01,0.06323880289681255,3.5954594337940216,4.964764906167984,3.5954594337940216,4.9192221891880035
monash_traffic,drift,2.0,100,1.953125e-05,0.0,1.953125e-05,0.01,0.08055347429588437,2.9607848370075227,4.137967541217804,2.9607848370075227,4.111786415576935
monash_traffic,drift,4.0,100,0.0,0.0,0.0,0.0,0.13852710209786892,1.7292845439910889,2.098836168050766,1.7292845439910889,2.098836168050766
monash_traffic,drift,6.0,100,0.0,0.0,0.0,0.0,0.21327785525470971,1.4650652623176574,1.614233866930008,1.4650652623176574,1.614233866930008
monash_traffic,drift,9.0,100,0.0,0.0,0.0,0.0,0.32058344341814515,1.3254908680915833,1.434159622192383,1.3254908680915833,1.434159622192383
monash_traffic,drift,12.0,100,0.0,0.0,0.0,0.0,0.4212470260262489,1.218370326757431,1.2835216093063355,1.218370326757431,1.2835216093063355
monash_traffic,drift,16.0,100,0.0,0.0,0.0,0.0,0.5662756024301052,1.1761122500896455,1.22318706035614,1.1761122500896455,1.22318706035614
monash_traffic,drift,20.0,100,0.0,0.0,0.0,0.0,0.7136055648326873,1.1538398671150207,1.2074947464466095,1.1538398671150207,1.2074947464466095
monash_traffic,drift,26.0,100,0.0,0.0,0.0,0.0,0.9284107571840287,1.1130584037303926,1.14921706199646,1.1130584037303926,1.14921706199646
monash_traffic,drift,32.0,100,0.0,0.0,0.0,0.0,1.129894798696041,1.0922577893733978,1.1196509885787964,1.0922577893733978,1.1196509885787964
monash_traffic,drift_step,0.5,100,0.0,0.0,0.0,0.0,0.05299501152709127,3.819198534488678,5.0624078845977785,3.819198534488678,5.0624078845977785
monash_traffic,drift_step,1.0,100,0.0,0.0,0.0,0.0,0.052849041800945996,3.817430944442749,5.089719226360321,3.817430944442749,5.089719226360321
monash_traffic,drift_step,2.0,100,0.0,0.0,0.0,0.0,0.053204541821032764,3.801039311885834,5.053243184089661,3.801039311885834,5.053243184089661
monash_traffic,drift_step,4.0,100,0.0,0.0,0.0,0.0,0.05492143021896481,3.79115385890007,5.025721625089646,3.79115385890007,5.025721625089646
monash_traffic,drift_step,8.0,100,0.0,0.0,0.0,0.0,0.057010062094777825,3.800862640142441,5.032547304630279,3.800862640142441,5.032547304630279
monash_traffic,drift_step,12.0,100,0.0,0.0,0.0,0.0,0.0556046192906797,3.7989602422714235,5.042524197101593,3.7989602422714235,5.042524197101593
monash_traffic,drift_step,16.0,100,0.0,0.0,0.0,0.0,0.05673224864527583,3.7946407437324523,5.037618185281754,3.7946407437324523,5.037618185281754
monash_traffic,drift_step,20.0,100,7.8125e-05,0.0,7.8125e-05,0.01,0.07471813952550292,3.737008749246597,5.06335932970047,3.737008749246597,5.055971901416779
monash_traffic,gap,0.05,100,0.0,0.0,0.0,0.0,0.053030813168734314,3.809209086894989,5.054085147380829,3.809209086894989,5.054085147380829
monash_traffic,gap,0.1,100,9.615384615384615e-05,0.0,9.615384615384615e-05,0.01,0.052346343602985144,3.812439618110657,5.274297873973847,3.812439618110657,5.135516593456268
monash_traffic,gap,0.15,100,0.0,0.0,0.0,0.0,0.05266841944307089,3.7731484389305114,4.966427241563797,3.7731484389305114,4.966427241563797
monash_traffic,gap,0.2,100,0.0,0.0,0.0,0.0,0.052609525453299284,3.8420595598220824,5.056838872432709,3.8420595598220824,5.056838872432709
monash_traffic,gap,0.3,100,0.0,0.0,0.0,0.0,0.05305590773001313,3.8141682863235475,5.051217443943024,3.8141682863235475,5.051217443943024
monash_traffic,gap,0.4,100,0.0,0.0,0.0,0.0,0.0529935490526259,3.7902278101444242,5.051741478443145,3.7902278101444242,5.051741478443145
monash_traffic,gap,0.5,100,0.0,0.0,0.0,0.0,0.0528401012532413,3.7787968802452085,5.005287070274353,3.7787968802452085,5.005287070274353
monash_traffic,gap,0.6,100,0.0,0.0,0.0,0.0,0.0526822404563427,3.70324147105217,4.875350806713104,3.70324147105217,4.875350806713104
monash_traffic,gap,0.7,100,0.0,0.0,0.0,0.0,0.05273063996806741,3.7653599333763124,4.99099538564682,3.7653599333763124,4.99099538564682
monash_weather,clean,0.0,100,0.00291015625,0.0,0.00291015625,0.23,14.234257417023182,5.484293712377548,12.435276830196381,4.717674669027328,5.023835160732269
monash_weather,spikes_intensity,1.0,100,0.0021484375,0.0,0.0021484375,0.23,14.302397867441178,4.774342925548553,10.414135620594024,4.523787610530853,5.138155090808868
monash_weather,spikes_intensity,2.0,100,0.00193359375,0.00015625,0.00177734375,0.23,14.40331915140152,4.426960695981979,9.280541775226594,4.330087240934372,5.320977013111115
monash_weather,spikes_intensity,4.0,100,0.00091796875,0.0,0.00091796875,0.19,14.867987760305404,4.636344894170761,8.090376077890395,4.634902862310409,5.845310837030411
monash_weather,spikes_intensity,6.0,100,0.00232421875,0.00064453125,0.0016796875,0.21,15.347024692296982,5.4301801204681395,8.012599509954452,5.366268167495727,6.295399879217148
monash_weather,spikes_intensity,8.0,100,0.002890625,0.00109375,0.001796875,0.19,16.087488808631896,5.961153304576873,7.867772924900055,5.882011210918426,6.696256420612335
monash_weather,spikes_intensity,12.0,100,0.0032421875,0.00130859375,0.00193359375,0.15,17.277300546169283,6.841983770132065,8.25679857134819,6.782761043310165,7.455633620023727
monash_weather,spikes_intensity,16.0,100,0.006171875,0.00294921875,0.00322265625,0.19,18.396308964490892,8.043185224533081,9.14615442276001,7.57150297164917,8.096033544540406
monash_weather,spikes_intensity,20.0,100,0.00814453125,0.0041015625,0.00404296875,0.22,19.62705139160156,8.800985895395279,9.90460641503334,8.17376831650734,8.67857484459877
monash_weather,spikes_intensity,30.0,100,0.00953125,0.00447265625,0.00505859375,0.22,22.825279968976975,9.937597151994705,10.717283436059951,9.409345504045486,9.857554928064346
monash_weather,spikes_intensity,40.0,100,0.00943359375,0.0048046875,0.00462890625,0.25,25.533008759021758,11.261090456247329,11.901622304916382,10.365522629022598,10.748045482635497
monash_weather,spikes_density,0.01,100,0.00306640625,0.000859375,0.00220703125,0.24,15.38656937599182,9.40351856470108,18.12056079387665,6.378877031803131,9.837413458824157
monash_weather,spikes_density,0.02,100,0.00408203125,0.0017578125,0.00232421875,0.24,16.325936259031295,11.890902384519578,14.644764765501023,8.386971834897995,9.688690069913864
monash_weather,spikes_density,0.05,100,0.00779296875,0.00375,0.00404296875,0.21,19.55997512817383,8.770837360620499,9.834137145280838,8.206591421365738,8.692485591173172
monash_weather,spikes_density,0.08,100,0.00015625,0.0,0.00015625,0.05,22.763452814817427,6.901642473936081,7.7592674458026885,6.901642473936081,7.624642058610916
monash_weather,spikes_density,0.12,100,5.859375e-05,0.0,5.859375e-05,0.02,27.11079464673996,5.600486496686935,6.16535549402237,5.600486496686935,6.082492773532867
monash_weather,spikes_density,0.16,100,1.953125e-05,0.0,1.953125e-05,0.01,31.379294493198394,4.722512942552567,5.246562080383301,4.722512942552567,5.193870220184326
monash_weather,spikes_density,0.2,100,5.859375e-05,0.0,5.859375e-05,0.01,35.868538210391996,4.1019080603122715,4.610169131755828,4.1019080603122715,4.56580067396164
monash_weather,spikes_density,0.3,100,1.953125e-05,0.0,1.953125e-05,0.01,46.59505048751831,3.188564406633377,3.531802183389664,3.188564406633377,3.5303752100467682
monash_weather,spikes_density,0.4,100,0.0,0.0,0.0,0.0,57.556064507961274,2.5920841026306154,2.874692050218582,2.5920841026306154,2.874692050218582
monash_weather,drift,0.5,100,0.0003515625,0.0,0.0003515625,0.11,14.558120111227035,3.055568401813507,5.468562586307526,3.055568401813507,4.768286592960358
monash_weather,drift,1.0,100,0.00017578125,0.0,0.00017578125,0.04,15.827547733783723,2.5085432720184326,4.132365680932999,2.5085432720184326,3.8723689234256744
monash_weather,drift,2.0,100,7.8125e-05,0.0,7.8125e-05,0.02,19.26275235891342,2.2653215205669404,3.2706947898864747,2.2653215205669404,3.1328759002685547
monash_weather,drift,4.0,100,3.90625e-05,0.0,3.90625e-05,0.01,25.75821429014206,1.9022803223133087,2.496483668088913,1.9022803223133087,2.4203203570842744
monash_weather,drift,6.0,100,0.0,0.0,0.0,0.0,37.27357238054275,1.5711407446861267,1.9014811360836028,1.5711407446861267,1.9014811360836028
monash_weather,drift,9.0,100,0.0,0.0,0.0,0.0,54.319010255336764,1.3926402390003205,1.6709337222576142,1.3926402390003205,1.6709337222576142
monash_weather,drift,12.0,100,0.0,0.0,0.0,0.0,72.54825673103332,1.274464681148529,1.4549820554256438,1.274464681148529,1.4549820554256438
monash_weather,drift,16.0,100,0.0,0.0,0.0,0.0,95.68948421001434,1.2343997263908386,1.392372328042984,1.2343997263908386,1.392372328042984
monash_weather,drift,20.0,100,0.0,0.0,0.0,0.0,118.43356482982635,1.1652159357070924,1.300100303888321,1.1652159357070924,1.300100303888321
monash_weather,drift,26.0,100,0.0,0.0,0.0,0.0,152.95689799785615,1.1308486080169677,1.242093790769577,1.1308486080169677,1.242093790769577
monash_weather,drift,32.0,100,0.0,0.0,0.0,0.0,187.06210838317872,1.1086299681663514,1.189024418592453,1.1086299681663514,1.189024418592453
monash_weather,drift_step,0.5,100,0.0025390625,0.0,0.0025390625,0.23,14.310990935862064,5.269144752025604,11.845321694612503,4.609537694454193,5.023757191896439
monash_weather,drift_step,1.0,100,0.00251953125,0.0,0.00251953125,0.22,14.488088020980358,5.105613572597504,11.162272107601165,4.44817408323288,4.944762189388275
monash_weather,drift_step,2.0,100,0.00263671875,0.0,0.00263671875,0.22,14.540785136520862,5.242162908315659,11.908148754835128,4.581760944128036,4.937396820783615
monash_weather,drift_step,4.0,100,0.0026171875,0.0,0.0026171875,0.21,14.601091251671313,5.20228564620018,11.860149528980255,4.491480067968369,4.851069271564484
monash_weather,drift_step,8.0,100,0.002578125,0.0,0.002578125,0.2,17.180100517868997,5.102679058313369,10.401249867677688,4.386425386667252,4.693328610658646
monash_weather,drift_step,12.0,100,0.003203125,0.0,0.003203125,0.23,16.866606972515584,5.497329858541488,12.346806569099426,4.718904784917831,4.995992074012756
monash_weather,drift_step,16.0,100,0.00271484375,0.0,0.00271484375,0.21,17.676703414022924,5.319028240442276,11.933152585029601,4.552409197092056,4.819282383918762
monash_weather,drift_step,20.0,100,0.00251953125,0.0,0.00251953125,0.19,15.711927069723606,5.189118032455444,11.360422763824463,4.457646045684815,4.76729112625122
monash_weather,gap,0.05,100,0.0029057400932400936,0.0,0.0029057400932400936,0.23,14.15383301049471,5.478993408679962,12.434062430858612,4.712374365329742,5.020368468761444
monash_weather,gap,0.1,100,0.002900111607142857,0.0,0.002900111607142857,0.23,14.222330761253835,5.4571809124946595,12.147766355276108,4.6965412068367005,5.010413335561752
monash_weather,gap,0.15,100,0.00291015625,0.0,0.00291015625,0.23,14.147624860107898,5.4712466776371,12.419209792613984,4.70462763428688,5.007768123149872
monash_weather,gap,0.2,100,0.0028648181352459016,0.0,0.0028648181352459016,0.23,14.228228688538074,5.492021569013596,12.290540540218354,4.725402525663376,5.019715688228607
monash_weather,gap,0.3,100,0.00291015625,0.0,0.00291015625,0.23,14.197024121582508,5.478700033426285,12.428333889245987,4.712080990076065,5.016892219781876
monash_weather,gap,0.4,100,0.002883997594022462,0.0,0.002883997594022462,0.23,14.135722794234752,5.5037277781963345,12.275000985860824,4.726552304029465,5.020898393392563
monash_weather,gap,0.5,100,0.002770946937919463,0.0,0.002770946937919463,0.21,14.092250566184521,5.411405907869339,11.844445651769638,4.638048382997513,4.90876251578331
monash_weather,gap,0.6,100,0.0034542355048599416,0.0,0.0034542355048599416,0.23,14.153732219170779,5.426799368858338,12.027147314548493,4.703673911094666,5.0036067032814024
monash_weather,gap,0.7,100,0.0028491366736360015,0.0,0.0028491366736360015,0.23,14.262793623059988,5.404026335477829,12.062529975175858,4.662610815763474,5.004250422716141
monash_weather,gap_boundary,0.05,46,0.004347729505182942,0.0,0.004347729505182942,0.2608695652173913,13.111170439778462,5.4472035661987634,7.976289482220359,4.930726603321407,5.619266823582027
monash_weather,gap_boundary,0.1,16,0.0032116595137566062,0.0,0.0032116595137566062,0.25,13.147094817832112,4.636106517165899,9.63557581230998,4.4988373182713985,4.947717946022749
monash_weather,gap_boundary,0.15,6,0.0036266100049841296,0.0,0.0036266100049841296,0.3333333333333333,16.204554200172424,5.221366663773854,9.498817364374796,5.03228356440862,5.995307842890422
monash_weather,gap_boundary,0.2,3,0.0018726591760299626,0.0,0.0018726591760299626,0.3333333333333333,17.417813460032146,4.10666286945343,7.549226880073547,4.10666286945343,5.83206061522166
monash_weather,gap_boundary,0.3,1,0.0,0.0,0.0,0.0,6.2833333015441895,4.172308444976807,4.424403190612793,4.172308444976807,4.424403190612793
