decode_seed,dataset,model,family,severity,MASE,WQL,n_series,ctx_digest
0,dominick,chronos-t5,clean,0.0,0.7698056257095454,0.2595823699292185,100,022395fb7a7f6672
0,dominick,chronos-t5,spikes_intensity,1.0,0.8567164292892394,0.2797588507255428,100,96a21cb7d558c459
0,dominick,chronos-t5,spikes_intensity,2.0,0.8143198755473295,0.2688889991913004,100,02c05273af04796e
0,dominick,chronos-t5,spikes_intensity,4.0,0.9120798388929456,0.2808498770786835,100,a01e33337a25d3cb
0,dominick,chronos-t5,spikes_intensity,6.0,0.7888441036823132,0.2679858489214182,100,a1c88b1123d5665f
0,dominick,chronos-t5,spikes_intensity,8.0,0.8359195423689078,0.2692282604395277,100,ad0b21c830c4ba78
0,dominick,chronos-t5,spikes_intensity,12.0,0.9187795693925368,0.2779653898292637,100,1279f5fe1c6b8df8
0,dominick,chronos-t5,spikes_intensity,16.0,0.7527951852302058,0.2555399559198736,100,bd13299b55e13a1d
0,dominick,chronos-t5,spikes_intensity,20.0,0.8765164176308837,0.2828996229821954,100,74cccbfb292b023b
0,dominick,chronos-t5,spikes_intensity,30.0,0.7893418896752781,0.2731867172521155,100,acbd9680d49330dd
0,dominick,chronos-t5,spikes_intensity,40.0,0.7878952997717225,0.2814765724916204,100,15ca3ff2d3d8b787
0,ercot,chronos-t5,clean,0.0,0.5921761197102479,0.0164299564227122,8,5fe0784946f6200c
0,ercot,chronos-t5,spikes_intensity,1.0,0.7338615035172172,0.0259363322082181,8,5f73b78a604864c5
0,ercot,chronos-t5,spikes_intensity,2.0,0.7950826291184022,0.0298377097403562,8,bc358fdf242bc002
0,ercot,chronos-t5,spikes_intensity,4.0,0.6691769856061655,0.0211063804893024,8,944dd1e74d54057c
0,ercot,chronos-t5,spikes_intensity,6.0,0.6874546351482106,0.0222555727961184,8,149a61298f23ab72
0,ercot,chronos-t5,spikes_intensity,8.0,1.376290160252538,0.0400562573788806,8,2649ca6182b872d1
0,ercot,chronos-t5,spikes_intensity,12.0,2.007235366737064,0.0522909281808252,8,ea324b5bc2f7f60e
0,ercot,chronos-t5,spikes_intensity,16.0,2.0731511162032814,0.1293510195945888,8,b4361bd3cf691cb4
0,ercot,chronos-t5,spikes_intensity,20.0,2.7855010019481647,0.2123739649782506,8,8006c8760c59c71d
0,ercot,chronos-t5,spikes_intensity,30.0,0.7270469016119324,0.0232037509187984,8,b1179537e155957b
0,ercot,chronos-t5,spikes_intensity,40.0,0.626335091050012,0.0174074118147731,8,dce05615cd89ade6
0,exchange_rate,chronos-t5,clean,0.0,1.9953892153692887,0.0128820978414308,8,270afda0994788e3
0,exchange_rate,chronos-t5,spikes_intensity,1.0,2.551322447474171,0.0116331763663634,8,865e207fed08bba8
0,exchange_rate,chronos-t5,spikes_intensity,2.0,1.6426690364100631,0.0120806132772454,8,5c09d9f7d4c0102a
0,exchange_rate,chronos-t5,spikes_intensity,4.0,2.179396616293,0.0143607467357714,8,cd6e8cd6b0e36278
0,exchange_rate,chronos-t5,spikes_intensity,6.0,2.137355149414873,0.0158573630782586,8,32dfceeb485d5867
0,exchange_rate,chronos-t5,spikes_intensity,8.0,2.0183133232573707,0.0216675433508838,8,0c909a0c5a0814fc
0,exchange_rate,chronos-t5,spikes_intensity,12.0,4.157933647955418,0.061731617944536,8,2e4e303a896f31f0
0,exchange_rate,chronos-t5,spikes_intensity,16.0,12.750371412688857,0.1466360511938754,8,d599571ce93699a0
0,exchange_rate,chronos-t5,spikes_intensity,20.0,2.457801035870053,0.0629496054849688,8,674056d4c6c305f0
0,exchange_rate,chronos-t5,spikes_intensity,30.0,2.0509407964825037,0.0179697288203298,8,3b8d07a42aa0ca90
0,exchange_rate,chronos-t5,spikes_intensity,40.0,1.807465356902823,0.086476807313214,8,45270fb9d1e91b7a
0,m4_quarterly,chronos-t5,clean,0.0,1.1786944819900755,0.0779970499015644,100,444302055904448c
0,m4_quarterly,chronos-t5,spikes_intensity,1.0,1.3204390780327246,0.0847491836232204,100,d802e881186620ff
0,m4_quarterly,chronos-t5,spikes_intensity,2.0,1.2769416083390306,0.0839977221030401,100,178b8761f520c486
0,m4_quarterly,chronos-t5,spikes_intensity,4.0,1.4260956958822033,0.0986171495555725,100,5a1de60abe236214
0,m4_quarterly,chronos-t5,spikes_intensity,6.0,1.409241351695972,0.0914192791761812,100,b45d35da3dbe7cea
0,m4_quarterly,chronos-t5,spikes_intensity,8.0,1.28767307819414,0.0919545040000493,100,c779628cc7496ee7
0,m4_quarterly,chronos-t5,spikes_intensity,12.0,1.3920429341117324,0.105048643258837,100,ebaa3d59770ef535
0,m4_quarterly,chronos-t5,spikes_intensity,16.0,1.2403346734186484,0.0816008401681919,100,aa2a857446c20077
0,m4_quarterly,chronos-t5,spikes_intensity,20.0,1.2777700338258555,0.0817550357221005,100,09323c23fc1cbaa8
0,m4_quarterly,chronos-t5,spikes_intensity,30.0,1.2256723186500451,0.0802289981364264,100,ac4e612dcd8e3068
0,m4_quarterly,chronos-t5,spikes_intensity,40.0,1.2295470012028002,0.0801870602211576,100,a2856790d0642af9
0,m4_yearly,chronos-t5,clean,0.0,3.6359417595136,0.1411881404039837,100,2ab6975b9e0df166
0,m4_yearly,chronos-t5,spikes_intensity,1.0,3.8325193575935432,0.1495689607431018,100,5ef3ac7b0be9a93c
0,m4_yearly,chronos-t5,spikes_intensity,2.0,3.9870845899673744,0.1458029199945107,100,ec76b17f9b2b1e01
0,m4_yearly,chronos-t5,spikes_intensity,4.0,4.51667687673494,0.169091651589772,100,475747034e419c49
0,m4_yearly,chronos-t5,spikes_intensity,6.0,5.280644034374426,0.1593643635060655,100,c6848105cc95cfe6
0,m4_yearly,chronos-t5,spikes_intensity,8.0,6.943708382934076,0.2050835698897075,100,7492372daa9025d6
0,m4_yearly,chronos-t5,spikes_intensity,12.0,5.840080477651927,0.2376724318808517,100,d6aeab8173e39d16
0,m4_yearly,chronos-t5,spikes_intensity,16.0,7.04567840308351,0.1831098068430456,100,8f71a682b675a88c
0,m4_yearly,chronos-t5,spikes_intensity,20.0,3.996832420071746,0.1702361371412103,100,8fac836905de283d
0,m4_yearly,chronos-t5,spikes_intensity,30.0,3.899673539721357,0.1896194718161375,100,b3b7fbb20389e4d3
0,m4_yearly,chronos-t5,spikes_intensity,40.0,5.950707405573579,0.2637025196771269,100,2d11cd7751ba229d
0,m5,chronos-t5,clean,0.0,0.9247766879614568,0.5681063337717701,100,dc3b120d18c4ec13
0,m5,chronos-t5,spikes_intensity,1.0,0.942208455630108,0.604934595622568,100,6c4f1cabc63fa325
0,m5,chronos-t5,spikes_intensity,2.0,0.9176643084669937,0.5727899165843322,100,e2b895b574fa4447
0,m5,chronos-t5,spikes_intensity,4.0,0.925171521571348,0.5781927104339855,100,69bcd813d4681f45
0,m5,chronos-t5,spikes_intensity,6.0,0.9354066952630136,0.6289873609785768,100,2b90fe15a5e358dd
0,m5,chronos-t5,spikes_intensity,8.0,0.9106898614916716,0.5646699448534602,100,97daf664fd5fd941
0,m5,chronos-t5,spikes_intensity,12.0,0.9171183729243522,0.571581456344089,100,c182cf645a721e84
0,m5,chronos-t5,spikes_intensity,16.0,0.9370822739925412,0.5868551209564852,100,ae0da24ac2847bcd
0,m5,chronos-t5,spikes_intensity,20.0,0.9244855220909304,0.5747553551369777,100,d06028d60796234f
0,m5,chronos-t5,spikes_intensity,30.0,0.919669293846272,0.5794604412238494,100,0b14459894c675f3
0,m5,chronos-t5,spikes_intensity,40.0,0.9135972095394648,0.584811874855596,100,5a22e04f4be9e73b
0,monash_australian_electricity,chronos-t5,clean,0.0,1.184876521529985,0.0698047190141327,5,38c44bb4fa034e9e
0,monash_australian_electricity,chronos-t5,spikes_intensity,1.0,1.1905565189642375,0.0647085366864044,5,1a5a866b8da59a08
0,monash_australian_electricity,chronos-t5,spikes_intensity,2.0,1.0919066437571323,0.059752562444376,5,f85739575f232240
0,monash_australian_electricity,chronos-t5,spikes_intensity,4.0,1.145177796689641,0.0731076867771791,5,0a141776da56cd12
0,monash_australian_electricity,chronos-t5,spikes_intensity,6.0,1.472139750099206,0.1780754572634478,5,72e39e3b422f68ea
0,monash_australian_electricity,chronos-t5,spikes_intensity,8.0,4.8029290244626734,0.3617322353591504,5,8a8db42b5d194a33
0,monash_australian_electricity,chronos-t5,spikes_intensity,12.0,1.3156013383525722,0.1110561107112698,5,dc05f616208a700e
0,monash_australian_electricity,chronos-t5,spikes_intensity,16.0,1.3522001978130949,0.1017151984536523,5,4c8979ecadc87426
0,monash_australian_electricity,chronos-t5,spikes_intensity,20.0,1.0440586680811526,0.068941574340409,5,fc94b5fef914ba7c
0,monash_australian_electricity,chronos-t5,spikes_intensity,30.0,1.0661346846602169,0.0521563514704679,5,c421b7df70734512
0,monash_australian_electricity,chronos-t5,spikes_intensity,40.0,1.1485093308025436,0.0775621850353463,5,514ebb5b2b9f823d
0,monash_car_parts,chronos-t5,clean,0.0,0.9210502929532032,1.0933709569566032,100,d1853c77ba0bd2eb
0,monash_car_parts,chronos-t5,spikes_intensity,1.0,0.9092109489796966,1.0202266714352002,100,7d5cb79432b86f65
0,monash_car_parts,chronos-t5,spikes_intensity,2.0,0.9248242745402956,1.0591025287165283,100,4aee5a248eed22d8
0,monash_car_parts,chronos-t5,spikes_intensity,4.0,0.9326160259639592,1.1251202617483869,100,92c384a479576efa
0,monash_car_parts,chronos-t5,spikes_intensity,6.0,0.9526453166195152,1.1282425224094728,100,01e2e4f7f5d6126c
0,monash_car_parts,chronos-t5,spikes_intensity,8.0,0.923796264430599,1.1246471260970394,100,640f3429f1fd3eca
0,monash_car_parts,chronos-t5,spikes_intensity,12.0,0.9057162606632194,1.0593407782536448,100,b595d5004bd8cbba
0,monash_car_parts,chronos-t5,spikes_intensity,16.0,0.897909904818536,1.0417591856800894,100,90f3b31afa2c959c
0,monash_car_parts,chronos-t5,spikes_intensity,20.0,0.9298086119083644,1.110812688951739,100,2ae1e795bb3afaaa
0,monash_car_parts,chronos-t5,spikes_intensity,30.0,0.9178534866364018,1.1754742809919003,100,3820c2cc82a6611e
0,monash_car_parts,chronos-t5,spikes_intensity,40.0,0.9030929150447736,1.1646023366720883,100,ceb769504c62b52c
0,monash_cif_2016,chronos-t5,clean,0.0,0.9939565580468096,0.0138880631231882,72,e4e15f9e2e7a0573
0,monash_cif_2016,chronos-t5,spikes_intensity,1.0,1.0864694039116016,0.0123933543686988,72,afe900560fb12fd9
0,monash_cif_2016,chronos-t5,spikes_intensity,2.0,1.1150443903931435,0.0201466615602385,72,8fd7b3b18790cfed
0,monash_cif_2016,chronos-t5,spikes_intensity,4.0,1.2752585262872047,0.3839643892477673,72,4a4e1d2284da3123
0,monash_cif_2016,chronos-t5,spikes_intensity,6.0,1.4689251874068503,0.017324038667421,72,c2a8cd1e6e928de2
0,monash_cif_2016,chronos-t5,spikes_intensity,8.0,1.0835718387856166,0.0130207804272569,72,d31f557b9421f107
0,monash_cif_2016,chronos-t5,spikes_intensity,12.0,1.1029049466075822,0.0285827982915962,72,1b614f5dea80b158
0,monash_cif_2016,chronos-t5,spikes_intensity,16.0,1.1354094775385872,0.0126212154569431,72,6760f0030b816bc4
0,monash_cif_2016,chronos-t5,spikes_intensity,20.0,1.0904913615531329,0.0150934058947981,72,621d2bd7286f3b0b
0,monash_cif_2016,chronos-t5,spikes_intensity,30.0,1.1849408570518138,0.0269054854812355,72,e1ed3260b28feb2e
0,monash_cif_2016,chronos-t5,spikes_intensity,40.0,1.0745846649308075,0.0115885017674322,72,33b5766bc4a0e864
0,monash_covid_deaths,chronos-t5,clean,0.0,50.51105006993207,0.0506425269763182,100,45dec5fd7f93b8a9
0,monash_covid_deaths,chronos-t5,spikes_intensity,1.0,56.88970247799659,0.0640695444109632,100,5b5a71d09cc799f0
0,monash_covid_deaths,chronos-t5,spikes_intensity,2.0,58.75664172581646,0.0802936676577872,100,a7c86375b99c1fa3
0,monash_covid_deaths,chronos-t5,spikes_intensity,4.0,60.01219682307608,0.0687463996114833,100,9a4298d530e4aeab
0,monash_covid_deaths,chronos-t5,spikes_intensity,6.0,54.15661409383932,0.0525027234739582,100,3ddb1f940ccb4aa3
0,monash_covid_deaths,chronos-t5,spikes_intensity,8.0,58.049099368765006,0.0586160204985145,100,d3a8b07f12c7c85d
0,monash_covid_deaths,chronos-t5,spikes_intensity,12.0,60.8204157782544,0.4392683153478355,100,4000dde85f6da696
0,monash_covid_deaths,chronos-t5,spikes_intensity,16.0,52.25913798943903,0.0416775998466383,100,9ce98551d46c2498
0,monash_covid_deaths,chronos-t5,spikes_intensity,20.0,50.04475765169211,0.0473308310865119,100,d6af9061c8d96aa2
0,monash_covid_deaths,chronos-t5,spikes_intensity,30.0,51.41538213485086,0.0508976428493658,100,740a4a236dab1ca5
0,monash_covid_deaths,chronos-t5,spikes_intensity,40.0,52.51909830771277,0.0396979649588673,100,c4e34a0b355f736d
0,monash_fred_md,chronos-t5,clean,0.0,0.4444821362323673,0.016194905629114,100,5cb073350fee3717
0,monash_fred_md,chronos-t5,spikes_intensity,1.0,0.7274022972667443,0.0162199574402909,100,cac8593e17561a7d
0,monash_fred_md,chronos-t5,spikes_intensity,2.0,1.0104506059860765,0.0228360475118249,100,79a93c4dc9712aed
0,monash_fred_md,chronos-t5,spikes_intensity,4.0,0.4887469084600611,0.0229326231248413,100,353132d58e0dac4a
0,monash_fred_md,chronos-t5,spikes_intensity,6.0,3.3939770749319718,0.0572259113190935,100,b6b9c82a236ea67c
0,monash_fred_md,chronos-t5,spikes_intensity,8.0,1.7024880192369545,0.0350013919067452,100,a0c7ec6b89ba0d5e
0,monash_fred_md,chronos-t5,spikes_intensity,12.0,2.3110481117904644,0.0530309871183342,100,d7c602b2ab392a5b
0,monash_fred_md,chronos-t5,spikes_intensity,16.0,0.8516871749525595,0.0300492431292496,100,64f5a5df4d86f90d
0,monash_fred_md,chronos-t5,spikes_intensity,20.0,0.5142995727277667,0.0226515164165831,100,fdbcd909e47ec815
0,monash_fred_md,chronos-t5,spikes_intensity,30.0,0.4763997927304481,0.0233110021539954,100,4488d45f91251ce7
0,monash_fred_md,chronos-t5,spikes_intensity,40.0,0.6458839637279103,0.0327073650694208,100,87a826b17571d826
0,monash_hospital,chronos-t5,clean,0.0,0.843113891375496,0.0672613080996605,100,702d687834202dd3
0,monash_hospital,chronos-t5,spikes_intensity,1.0,0.8687595918213115,0.0692429381284602,100,a514afd589500028
0,monash_hospital,chronos-t5,spikes_intensity,2.0,0.8340539381635941,0.0707039722583985,100,0d7513bd9a82205d
0,monash_hospital,chronos-t5,spikes_intensity,4.0,0.8725629544314092,0.0840419008628528,100,bc8b8a08c2f29074
0,monash_hospital,chronos-t5,spikes_intensity,6.0,0.8335854452460345,0.0655689015814936,100,8bdf11645fa2a15c
0,monash_hospital,chronos-t5,spikes_intensity,8.0,0.8552278449560261,0.0690831119299147,100,ef2c7f07eeef64d8
0,monash_hospital,chronos-t5,spikes_intensity,12.0,0.8170803663584761,0.065358891525454,100,5e232bb6cd6f0289
0,monash_hospital,chronos-t5,spikes_intensity,16.0,0.8159768561820723,0.0642991750963529,100,a155d95bdebdd417
0,monash_hospital,chronos-t5,spikes_intensity,20.0,0.8255249277538996,0.0672949258280884,100,c5dc2b8d33118f5c
0,monash_hospital,chronos-t5,spikes_intensity,30.0,0.8476747452611942,0.0684806274237315,100,a4b865f13dba932c
0,monash_hospital,chronos-t5,spikes_intensity,40.0,0.8214282367905518,0.0661701211921966,100,a2e0751730a5b79e
0,monash_m1_monthly,chronos-t5,clean,0.0,1.1643013260136694,0.2078109446865823,100,c2b6b5f8b9fa16e2
0,monash_m1_monthly,chronos-t5,spikes_intensity,1.0,1.1598596437912232,0.2072767714502479,100,ddd71f00f6d8886a
0,monash_m1_monthly,chronos-t5,spikes_intensity,2.0,1.1667665753391034,0.1886365652029594,100,7d3abb85cfac0600
0,monash_m1_monthly,chronos-t5,spikes_intensity,4.0,1.2075479280988066,0.2420118064922631,100,39fa4d59bbdb08f3
0,monash_m1_monthly,chronos-t5,spikes_intensity,6.0,1.3223968726741973,0.2259233860766807,100,f1afde404b9f5961
0,monash_m1_monthly,chronos-t5,spikes_intensity,8.0,1.23777458792537,0.2170336208174183,100,9db2b10efad593eb
0,monash_m1_monthly,chronos-t5,spikes_intensity,12.0,1.206229193995658,0.2089639447630115,100,b6525f32eaaf3e49
0,monash_m1_monthly,chronos-t5,spikes_intensity,16.0,1.2815239108468912,0.2064773577916033,100,104307e6f3505d62
0,monash_m1_monthly,chronos-t5,spikes_intensity,20.0,1.35423210294671,0.2082620351884608,100,a5ec76b5ea716248
0,monash_m1_monthly,chronos-t5,spikes_intensity,30.0,1.121837620515954,0.1866035081713171,100,1215407a10c38f0b
0,monash_m1_monthly,chronos-t5,spikes_intensity,40.0,1.3969809779135007,0.2037950766232946,100,45b4792a804b00a5
0,monash_m1_quarterly,chronos-t5,clean,0.0,1.7384235644141035,0.0951933223495376,100,88c3945422a1e782
0,monash_m1_quarterly,chronos-t5,spikes_intensity,1.0,1.8431833923049816,0.0855123172693904,100,c6939c55db4e3cd4
0,monash_m1_quarterly,chronos-t5,spikes_intensity,2.0,1.8766731361165647,0.0915689257732177,100,1954b2fabf53dae1
0,monash_m1_quarterly,chronos-t5,spikes_intensity,4.0,2.273992437914913,0.0888572507299947,100,e72636abf908fce1
0,monash_m1_quarterly,chronos-t5,spikes_intensity,6.0,1.7758797196465526,0.0918849517010602,100,ebbc85309e9537e7
0,monash_m1_quarterly,chronos-t5,spikes_intensity,8.0,2.730212164433532,0.1028249045044053,100,7139b331f5bd0d06
0,monash_m1_quarterly,chronos-t5,spikes_intensity,12.0,2.6867517449271734,0.0834471204046759,100,3698cb560ff22ca5
0,monash_m1_quarterly,chronos-t5,spikes_intensity,16.0,2.206493643153369,0.0972882382489257,100,fcbcb1e2b7db1588
0,monash_m1_quarterly,chronos-t5,spikes_intensity,20.0,2.2288507477548096,0.0945044701041072,100,b764898bacf1b215
0,monash_m1_quarterly,chronos-t5,spikes_intensity,30.0,1.736352154833748,0.111420850652606,100,8a4d883005b73ba1
0,monash_m1_quarterly,chronos-t5,spikes_intensity,40.0,2.2958673262306872,0.1009965820355996,100,012ebb9308b7e72e
0,monash_m1_yearly,chronos-t5,clean,0.0,4.876359659024312,0.0831845042523565,100,0c8de5066b459982
0,monash_m1_yearly,chronos-t5,spikes_intensity,1.0,5.39084696129001,0.0954438109764912,100,02c6a4e5a0882909
0,monash_m1_yearly,chronos-t5,spikes_intensity,2.0,5.22115071329035,0.1368613830964892,100,a948db659565d7c1
0,monash_m1_yearly,chronos-t5,spikes_intensity,4.0,5.69357906980713,0.0930910198556751,100,7151dd71c3f96d97
0,monash_m1_yearly,chronos-t5,spikes_intensity,6.0,6.546641476182047,0.1020725703273481,100,e040fde293022877
0,monash_m1_yearly,chronos-t5,spikes_intensity,8.0,5.896847942682226,0.1559944388203282,100,1cf57bfb2f356e0a
0,monash_m1_yearly,chronos-t5,spikes_intensity,12.0,7.711882339633483,0.0929260487758263,100,2ab3a96c5cdd7073
0,monash_m1_yearly,chronos-t5,spikes_intensity,16.0,6.277874350509849,0.0870744783749317,100,8efe688ea57e13b7
0,monash_m1_yearly,chronos-t5,spikes_intensity,20.0,8.758524978180327,0.1094330878706361,100,5c82c44d7a3e2c02
0,monash_m1_yearly,chronos-t5,spikes_intensity,30.0,6.308192338046205,0.0891457825279082,100,eae783a0394a5d33
0,monash_m1_yearly,chronos-t5,spikes_intensity,40.0,5.295150087102699,0.1982228178225436,100,6e56a86aeacc8b0f
0,monash_m3_monthly,chronos-t5,clean,0.0,0.8309916385062547,0.0931626489282757,100,8396853c2542b64e
0,monash_m3_monthly,chronos-t5,spikes_intensity,1.0,0.906473991680506,0.1039776628036651,100,642561503d3e5a94
0,monash_m3_monthly,chronos-t5,spikes_intensity,2.0,0.9803350847577692,0.108003855512087,100,742a2245d279e1bf
0,monash_m3_monthly,chronos-t5,spikes_intensity,4.0,1.06072917815754,0.1047891186267772,100,a6608189769df94e
0,monash_m3_monthly,chronos-t5,spikes_intensity,6.0,0.9436016209982692,0.0993805438222162,100,fef8ae7eb89e1ddc
0,monash_m3_monthly,chronos-t5,spikes_intensity,8.0,1.1247877460639508,0.1013398818910291,100,305316a00cb0d196
0,monash_m3_monthly,chronos-t5,spikes_intensity,12.0,0.8648986704733533,0.0983435114906946,100,ae8278f12b9592bf
0,monash_m3_monthly,chronos-t5,spikes_intensity,16.0,1.4370345024340694,0.1082992914944764,100,7ba5a499b03f4353
0,monash_m3_monthly,chronos-t5,spikes_intensity,20.0,1.1414999793624152,0.1142080833618236,100,d18cbb31fc952929
0,monash_m3_monthly,chronos-t5,spikes_intensity,30.0,0.8746162900402871,0.0982438018439911,100,7c1d824860e54e58
0,monash_m3_monthly,chronos-t5,spikes_intensity,40.0,0.9096007011706364,0.0987133599660751,100,f23f0a95b57b7346
0,monash_m3_quarterly,chronos-t5,clean,0.0,1.3468232787559626,0.0810438214814683,100,79cf7aa933a9403f
0,monash_m3_quarterly,chronos-t5,spikes_intensity,1.0,1.6095310423552354,0.0957956301068984,100,b845682bfe37f409
0,monash_m3_quarterly,chronos-t5,spikes_intensity,2.0,1.5985599819827618,0.0890470422964417,100,2ad9ae1e0f340f3e
0,monash_m3_quarterly,chronos-t5,spikes_intensity,4.0,1.588648998244314,0.0893125642467655,100,5d519462f9ef08b1
0,monash_m3_quarterly,chronos-t5,spikes_intensity,6.0,1.5932038205845032,0.0983548791907144,100,2798b0a2134cf02a
0,monash_m3_quarterly,chronos-t5,spikes_intensity,8.0,2.1380424526702133,0.1125375970106856,100,53656fe2dd5c3da3
0,monash_m3_quarterly,chronos-t5,spikes_intensity,12.0,1.6561439617434317,0.1023670134182262,100,dd102bdfac622e73
0,monash_m3_quarterly,chronos-t5,spikes_intensity,16.0,2.1198253624304417,0.1271256859003335,100,ac60778a28a8b2c8
0,monash_m3_quarterly,chronos-t5,spikes_intensity,20.0,1.3559508165409404,0.0794573989884793,100,c6c6bf4b84e574fe
0,monash_m3_quarterly,chronos-t5,spikes_intensity,30.0,1.4075978860385745,0.1014913309477735,100,cb5b8a6abca5756d
0,monash_m3_quarterly,chronos-t5,spikes_intensity,40.0,1.3671234876524294,0.0806062811692839,100,82e9984f2af08e18
0,monash_m3_yearly,chronos-t5,clean,0.0,3.66514553814015,0.1651482676327074,100,22af5d0564fd98f0
0,monash_m3_yearly,chronos-t5,spikes_intensity,1.0,3.974264278091285,0.1698186054839392,100,256e481883a154c2
0,monash_m3_yearly,chronos-t5,spikes_intensity,2.0,4.387040649377704,0.176576620695862,100,13cd7f521c1d9b6c
0,monash_m3_yearly,chronos-t5,spikes_intensity,4.0,3.694207244683744,0.1693586477089893,100,ae65df708765fafd
0,monash_m3_yearly,chronos-t5,spikes_intensity,6.0,4.517700472692522,0.2095438885104477,100,d9b5af4c16ec35dd
0,monash_m3_yearly,chronos-t5,spikes_intensity,8.0,4.298064986340094,0.1884051425912743,100,aa442e72de40084f
0,monash_m3_yearly,chronos-t5,spikes_intensity,12.0,4.419622239387277,0.2000052183838801,100,94ec1b257064468d
0,monash_m3_yearly,chronos-t5,spikes_intensity,16.0,5.184205762408107,0.2662278306478227,100,f8603f38cffe54e6
0,monash_m3_yearly,chronos-t5,spikes_intensity,20.0,4.360970630467943,0.2029817882824695,100,528c31ce891ef980
0,monash_m3_yearly,chronos-t5,spikes_intensity,30.0,4.292137764380258,0.1929086787171437,100,fff3f0482e73b248
0,monash_m3_yearly,chronos-t5,spikes_intensity,40.0,3.683414451989753,0.1731797617976612,100,c569b7efc18a076b
0,monash_nn5_weekly,chronos-t5,clean,0.0,0.927747677516852,0.0852485698911454,100,14e0fea8700b49b1
0,monash_nn5_weekly,chronos-t5,spikes_intensity,1.0,0.9152440939308748,0.0849202667675303,100,6c3aec8a4208cb8c
0,monash_nn5_weekly,chronos-t5,spikes_intensity,2.0,0.929482946051404,0.0852576001714225,100,ff9981dc2f7d4ae9
0,monash_nn5_weekly,chronos-t5,spikes_intensity,4.0,0.9349309687809634,0.0861923937142453,100,4243f24b93934cf2
0,monash_nn5_weekly,chronos-t5,spikes_intensity,6.0,0.930497418413311,0.0867653775133163,100,8a0079659b1bf937
0,monash_nn5_weekly,chronos-t5,spikes_intensity,8.0,0.92058495021112,0.0852253056615865,100,ed477e1cc53dc422
0,monash_nn5_weekly,chronos-t5,spikes_intensity,12.0,0.9168708485805964,0.0852278486073928,100,e38c343c156754c7
0,monash_nn5_weekly,chronos-t5,spikes_intensity,16.0,0.9005052240258012,0.0834329115545165,100,788c7872003ced6c
0,monash_nn5_weekly,chronos-t5,spikes_intensity,20.0,0.9170602735983104,0.083983083121458,100,509f6cce82cbbadf
0,monash_nn5_weekly,chronos-t5,spikes_intensity,30.0,0.9272919849469092,0.0852865367336379,100,fedda9a945ed23dc
0,monash_nn5_weekly,chronos-t5,spikes_intensity,40.0,0.9319672640866624,0.0850752152521673,100,09d6665f57d188b5
0,monash_tourism_monthly,chronos-t5,clean,0.0,1.8250258884111448,0.0987436727626961,100,f358903079404a57
0,monash_tourism_monthly,chronos-t5,spikes_intensity,1.0,1.9384587732921936,0.1036376786049317,100,8f47f28edbc64880
0,monash_tourism_monthly,chronos-t5,spikes_intensity,2.0,1.9886469137253668,0.1076219939945766,100,dfca3efa2ae3bec9
0,monash_tourism_monthly,chronos-t5,spikes_intensity,4.0,2.1225133314894964,0.1198611332908405,100,6926b0b9ac0b232f
0,monash_tourism_monthly,chronos-t5,spikes_intensity,6.0,2.105220114147855,0.1152183439292321,100,67e7bd4cf06f0609
0,monash_tourism_monthly,chronos-t5,spikes_intensity,8.0,1.9807493748865144,0.1050398989687898,100,cdeec4cd98461556
0,monash_tourism_monthly,chronos-t5,spikes_intensity,12.0,1.9676036307659088,0.1032116617764033,100,574c74c3b5f6606a
0,monash_tourism_monthly,chronos-t5,spikes_intensity,16.0,1.8492275135212,0.0941815434092806,100,00a09a4cdf15f44d
0,monash_tourism_monthly,chronos-t5,spikes_intensity,20.0,1.836399769880568,0.0941548238467743,100,a0a9341ee14fc5bc
0,monash_tourism_monthly,chronos-t5,spikes_intensity,30.0,1.823400670122448,0.097428877264167,100,0742e9b75a5a8651
0,monash_tourism_monthly,chronos-t5,spikes_intensity,40.0,1.8277788483649295,0.0981505350074926,100,fad1d480dc87fbe1
0,monash_tourism_quarterly,chronos-t5,clean,0.0,1.7731710809614634,0.0813262242642433,100,71a8b4e97521895d
0,monash_tourism_quarterly,chronos-t5,spikes_intensity,1.0,1.860569682944136,0.095787274111104,100,feeaca7c42a645eb
0,monash_tourism_quarterly,chronos-t5,spikes_intensity,2.0,2.229427436960284,0.129987077315103,100,97b9838e15151615
0,monash_tourism_quarterly,chronos-t5,spikes_intensity,4.0,2.0944098345120925,0.1011571316725256,100,26f6c65d3a42acf5
0,monash_tourism_quarterly,chronos-t5,spikes_intensity,6.0,2.41787928703952,0.0895515796648177,100,8fa59e60e63d8bb4
0,monash_tourism_quarterly,chronos-t5,spikes_intensity,8.0,2.1830584369530133,0.0941933040415735,100,0331dd7cd7c5922e
0,monash_tourism_quarterly,chronos-t5,spikes_intensity,12.0,1.8741613479989137,0.0902020177261879,100,7ca7408bced69938
0,monash_tourism_quarterly,chronos-t5,spikes_intensity,16.0,1.9002610472741333,0.0865762252604938,100,4182be37fbadac50
0,monash_tourism_quarterly,chronos-t5,spikes_intensity,20.0,1.8051402178009908,0.1008168617809189,100,57642112f54c2604
0,monash_tourism_quarterly,chronos-t5,spikes_intensity,30.0,1.7215075825852564,0.0724828352876454,100,d3d20939ca8225ca
0,monash_tourism_quarterly,chronos-t5,spikes_intensity,40.0,1.7806047272439411,0.0803066878912679,100,718175f720c04bcc
0,monash_tourism_yearly,chronos-t5,clean,0.0,3.92046404635849,0.206364779574466,100,adf90b7d1f903bb2
0,monash_tourism_yearly,chronos-t5,spikes_intensity,1.0,4.088662591571412,0.2123537333202581,100,222bf2fe5690e793
0,monash_tourism_yearly,chronos-t5,spikes_intensity,2.0,4.438703715991391,0.2512514324566824,100,8bfe53494942a01f
0,monash_tourism_yearly,chronos-t5,spikes_intensity,4.0,4.278194166623639,0.1800484627354979,100,48ccb9daa7914c41
0,monash_tourism_yearly,chronos-t5,spikes_intensity,6.0,4.650429186111754,0.2256190020993582,100,bf72e8373db4fbc3
0,monash_tourism_yearly,chronos-t5,spikes_intensity,8.0,4.787287480206945,0.2180628188794456,100,d6681653e29c6eda
0,monash_tourism_yearly,chronos-t5,spikes_intensity,12.0,10.869054012176584,0.8173739489960857,100,ddbe11fd08a0b94a
0,monash_tourism_yearly,chronos-t5,spikes_intensity,16.0,4.7038561452666805,0.9681816546109104,100,6c8cff8ccdeb9d51
0,monash_tourism_yearly,chronos-t5,spikes_intensity,20.0,6.584878138409213,1.2934700591121198,100,67fb0013e4444b6b
0,monash_tourism_yearly,chronos-t5,spikes_intensity,30.0,4.231943009174824,0.1995771594282024,100,de0a9afad9d36404
0,monash_tourism_yearly,chronos-t5,spikes_intensity,40.0,4.418771781633516,0.3017406581388427,100,01babfb80ccb98a3
0,monash_traffic,chronos-t5,clean,0.0,0.8261989519378098,0.2858328836157657,100,b391ecfc3e90d400
0,monash_traffic,chronos-t5,spikes_intensity,1.0,0.8235726791132372,0.276272403207399,100,d680196d77e30708
0,monash_traffic,chronos-t5,spikes_intensity,2.0,0.8205900049330248,0.2794732437077295,100,48ce9541e67fd184
0,monash_traffic,chronos-t5,spikes_intensity,4.0,0.8349807929649012,0.284381977301871,100,8eb33070fad7ea7d
0,monash_traffic,chronos-t5,spikes_intensity,6.0,0.8264831192209736,0.2815695896491961,100,8e04ec1f0e1d393a
0,monash_traffic,chronos-t5,spikes_intensity,8.0,0.8330377591870995,0.2867469153081989,100,c64129d782724564
0,monash_traffic,chronos-t5,spikes_intensity,12.0,0.8438231923394549,0.2839998829314334,100,9220c597ff7af2e3
0,monash_traffic,chronos-t5,spikes_intensity,16.0,0.8319328717524516,0.2846417384360953,100,3f99e9cce3e92207
0,monash_traffic,chronos-t5,spikes_intensity,20.0,0.8529494823150496,0.289401035588754,100,3b304217bcd02d2d
0,monash_traffic,chronos-t5,spikes_intensity,30.0,0.8304987246538046,0.2825423625869369,100,74379273c79aabfe
0,monash_traffic,chronos-t5,spikes_intensity,40.0,0.8342089231254018,0.2875337704415888,100,c21bddce4acf5104
0,monash_weather,chronos-t5,clean,0.0,1.0990147455497612,0.1459395953061903,100,2fe9d636481148b4
0,monash_weather,chronos-t5,spikes_intensity,1.0,1.068145461189406,0.1469783704304142,100,1aee770273887c82
0,monash_weather,chronos-t5,spikes_intensity,2.0,1.046468711315469,0.149935387221133,100,0d6ff275c0e9d06a
0,monash_weather,chronos-t5,spikes_intensity,4.0,1.0696972458016991,0.150804768322084,100,59f427f84afc0c13
0,monash_weather,chronos-t5,spikes_intensity,6.0,1.0609121117954274,0.1502364059042087,100,be60654d47ec996a
0,monash_weather,chronos-t5,spikes_intensity,8.0,1.0447041777873671,0.149039829306803,100,7cdde824f59f8c4e
0,monash_weather,chronos-t5,spikes_intensity,12.0,1.1616040032636954,0.1477151144135813,100,6b2a2b612f8bc470
0,monash_weather,chronos-t5,spikes_intensity,16.0,1.0536248584563124,0.1499010546319358,100,7d28b1e51e251349
0,monash_weather,chronos-t5,spikes_intensity,20.0,1.0143697310501074,0.144680069217654,100,9a600f4a0dd710ec
0,monash_weather,chronos-t5,spikes_intensity,30.0,1.0247258745342165,0.1474839774321018,100,b47b360d14ff1ae3
0,monash_weather,chronos-t5,spikes_intensity,40.0,1.0239731630617903,0.1481037476919244,100,0cb74dbbfb4f8653
0,nn5,chronos-t5,clean,0.0,0.5969987423541144,0.1640822161089413,100,ddf5d74d6baba1a3
0,nn5,chronos-t5,spikes_intensity,1.0,0.5862106756613589,0.1606789732913893,100,54da0be58c3c96df
0,nn5,chronos-t5,spikes_intensity,2.0,0.5991588584404595,0.1632702978895319,100,ed2ae14ee99f88b8
0,nn5,chronos-t5,spikes_intensity,4.0,0.6290652768722816,0.1730813254949341,100,60b7ba0aa293a800
0,nn5,chronos-t5,spikes_intensity,6.0,0.6252553284307679,0.1692595769157234,100,d04ebbbb09d3dc7e
0,nn5,chronos-t5,spikes_intensity,8.0,0.6095078171068741,0.1659605454876145,100,3419a75993018477
0,nn5,chronos-t5,spikes_intensity,12.0,0.6009666991076357,0.1633423592239682,100,e6e429e5f665164b
0,nn5,chronos-t5,spikes_intensity,16.0,0.5938562482073583,0.16123688959713,100,8f0845e5183b7327
0,nn5,chronos-t5,spikes_intensity,20.0,0.5927439078953415,0.1589725560639084,100,cf90486393705c35
0,nn5,chronos-t5,spikes_intensity,30.0,0.6126540180679014,0.1633143413220399,100,c9be258bd52d0c26
0,nn5,chronos-t5,spikes_intensity,40.0,0.5996588748869102,0.1579635719224876,100,31016e072ef5465e
1,dominick,chronos-t5,clean,0.0,0.8092148443255169,0.2554022906475099,100,022395fb7a7f6672
1,dominick,chronos-t5,spikes_intensity,1.0,0.8571626062465494,0.2766940709245435,100,96a21cb7d558c459
1,dominick,chronos-t5,spikes_intensity,2.0,0.8785742129709447,0.2758412807401063,100,02c05273af04796e
1,dominick,chronos-t5,spikes_intensity,4.0,0.901399670151124,0.2819539905967388,100,a01e33337a25d3cb
1,dominick,chronos-t5,spikes_intensity,6.0,0.8646574033229733,0.2660674486679146,100,a1c88b1123d5665f
1,dominick,chronos-t5,spikes_intensity,8.0,0.903786179511049,0.2756521387615087,100,ad0b21c830c4ba78
1,dominick,chronos-t5,spikes_intensity,12.0,0.9382638759540234,0.2808181692127622,100,1279f5fe1c6b8df8
1,dominick,chronos-t5,spikes_intensity,16.0,0.7747842693048637,0.263975688114145,100,bd13299b55e13a1d
1,dominick,chronos-t5,spikes_intensity,20.0,0.7961806962715338,0.2653389255343218,100,74cccbfb292b023b
1,dominick,chronos-t5,spikes_intensity,30.0,0.7784537721128473,0.2634158418246605,100,acbd9680d49330dd
1,dominick,chronos-t5,spikes_intensity,40.0,0.8163107557401945,0.2626574590288653,100,15ca3ff2d3d8b787
1,ercot,chronos-t5,clean,0.0,0.5712387073465397,0.0154139229747001,8,5fe0784946f6200c
1,ercot,chronos-t5,spikes_intensity,1.0,0.7133006389249621,0.0256902613354773,8,5f73b78a604864c5
1,ercot,chronos-t5,spikes_intensity,2.0,0.8483100527892048,0.0284396747960313,8,bc358fdf242bc002
1,ercot,chronos-t5,spikes_intensity,4.0,0.6500513289585274,0.0198240539443976,8,944dd1e74d54057c
1,ercot,chronos-t5,spikes_intensity,6.0,0.6665701440848786,0.0202178252460924,8,149a61298f23ab72
1,ercot,chronos-t5,spikes_intensity,8.0,0.93197449610968,0.0435453645663113,8,2649ca6182b872d1
1,ercot,chronos-t5,spikes_intensity,12.0,1.2400271025360563,0.0400221702729531,8,ea324b5bc2f7f60e
1,ercot,chronos-t5,spikes_intensity,16.0,2.384376891991812,0.1474475797185176,8,b4361bd3cf691cb4
1,ercot,chronos-t5,spikes_intensity,20.0,2.4713206731060926,0.1778659855865481,8,8006c8760c59c71d
1,ercot,chronos-t5,spikes_intensity,30.0,0.765810116450008,0.0282969198903203,8,b1179537e155957b
1,ercot,chronos-t5,spikes_intensity,40.0,0.6428371780255971,0.0203740185645672,8,dce05615cd89ade6
1,exchange_rate,chronos-t5,clean,0.0,2.1051456080790114,0.0123120624022208,8,270afda0994788e3
1,exchange_rate,chronos-t5,spikes_intensity,1.0,2.4843259083922904,0.0140088296981579,8,865e207fed08bba8
1,exchange_rate,chronos-t5,spikes_intensity,2.0,1.9762433195540707,0.0132135917913788,8,5c09d9f7d4c0102a
1,exchange_rate,chronos-t5,spikes_intensity,4.0,2.207260309806201,0.0143995584265561,8,cd6e8cd6b0e36278
1,exchange_rate,chronos-t5,spikes_intensity,6.0,2.189429076175516,0.0167295726411428,8,32dfceeb485d5867
1,exchange_rate,chronos-t5,spikes_intensity,8.0,2.094348883905574,0.0197258644493457,8,0c909a0c5a0814fc
1,exchange_rate,chronos-t5,spikes_intensity,12.0,3.889452471170517,0.0715386662219676,8,2e4e303a896f31f0
1,exchange_rate,chronos-t5,spikes_intensity,16.0,9.441916921612082,0.1142744056004605,8,d599571ce93699a0
1,exchange_rate,chronos-t5,spikes_intensity,20.0,1.7260079787899203,0.0566499869691899,8,674056d4c6c305f0
1,exchange_rate,chronos-t5,spikes_intensity,30.0,2.2435171166955983,0.0148513689987961,8,3b8d07a42aa0ca90
1,exchange_rate,chronos-t5,spikes_intensity,40.0,1.718759700939639,0.0185404262280875,8,45270fb9d1e91b7a
1,m4_quarterly,chronos-t5,clean,0.0,1.1645004993191832,0.0764201399614595,100,444302055904448c
1,m4_quarterly,chronos-t5,spikes_intensity,1.0,1.3429302645987595,0.0836134010519137,100,d802e881186620ff
1,m4_quarterly,chronos-t5,spikes_intensity,2.0,1.344254993746224,0.0811111223834293,100,178b8761f520c486
1,m4_quarterly,chronos-t5,spikes_intensity,4.0,1.423259306655976,0.0971410358463294,100,5a1de60abe236214
1,m4_quarterly,chronos-t5,spikes_intensity,6.0,1.3927125052564149,0.0886284468392788,100,b45d35da3dbe7cea
1,m4_quarterly,chronos-t5,spikes_intensity,8.0,1.2839011166396677,0.0962443964820582,100,c779628cc7496ee7
1,m4_quarterly,chronos-t5,spikes_intensity,12.0,1.4289146028732274,0.099711882515554,100,ebaa3d59770ef535
1,m4_quarterly,chronos-t5,spikes_intensity,16.0,1.2210690526384962,0.081544969225645,100,aa2a857446c20077
1,m4_quarterly,chronos-t5,spikes_intensity,20.0,1.2929230917818455,0.0832132100677853,100,09323c23fc1cbaa8
1,m4_quarterly,chronos-t5,spikes_intensity,30.0,1.2719959248859127,0.0815942784608395,100,ac4e612dcd8e3068
1,m4_quarterly,chronos-t5,spikes_intensity,40.0,1.2473995495984829,0.0776115511001929,100,a2856790d0642af9
1,m4_yearly,chronos-t5,clean,0.0,3.5809912438732536,0.1404417878251082,100,2ab6975b9e0df166
1,m4_yearly,chronos-t5,spikes_intensity,1.0,3.805828374528616,0.1481805037123133,100,5ef3ac7b0be9a93c
1,m4_yearly,chronos-t5,spikes_intensity,2.0,3.9810422279483775,0.1500384381935708,100,ec76b17f9b2b1e01
1,m4_yearly,chronos-t5,spikes_intensity,4.0,4.151736134346522,0.1664059845566777,100,475747034e419c49
1,m4_yearly,chronos-t5,spikes_intensity,6.0,5.338260515353705,0.1632658704635216,100,c6848105cc95cfe6
1,m4_yearly,chronos-t5,spikes_intensity,8.0,6.62318775834633,0.2126133253141998,100,7492372daa9025d6
1,m4_yearly,chronos-t5,spikes_intensity,12.0,5.64476992109022,0.2447604239412475,100,d6aeab8173e39d16
1,m4_yearly,chronos-t5,spikes_intensity,16.0,6.987231942973587,0.1890218998629909,100,8f71a682b675a88c
1,m4_yearly,chronos-t5,spikes_intensity,20.0,4.058870755329879,0.1731002380680914,100,8fac836905de283d
1,m4_yearly,chronos-t5,spikes_intensity,30.0,10.287317453785342,0.2074454190898057,100,b3b7fbb20389e4d3
1,m4_yearly,chronos-t5,spikes_intensity,40.0,3.797966611506624,0.1893583685093727,100,2d11cd7751ba229d
1,m5,chronos-t5,clean,0.0,0.910826665911667,0.5632179002680662,100,dc3b120d18c4ec13
1,m5,chronos-t5,spikes_intensity,1.0,0.9465304106552214,0.6005388517063213,100,6c4f1cabc63fa325
1,m5,chronos-t5,spikes_intensity,2.0,0.926090485170824,0.5750148740908738,100,e2b895b574fa4447
1,m5,chronos-t5,spikes_intensity,4.0,0.9149232765226994,0.5840954339561357,100,69bcd813d4681f45
1,m5,chronos-t5,spikes_intensity,6.0,0.9352822591567374,0.5958111230139874,100,2b90fe15a5e358dd
1,m5,chronos-t5,spikes_intensity,8.0,0.9133372745453676,0.5704412796276047,100,97daf664fd5fd941
1,m5,chronos-t5,spikes_intensity,12.0,0.9170412697823742,0.5869933241457281,100,c182cf645a721e84
1,m5,chronos-t5,spikes_intensity,16.0,0.9410951300075034,0.5933304307570075,100,ae0da24ac2847bcd
1,m5,chronos-t5,spikes_intensity,20.0,0.9271425181803932,0.5826252155374668,100,d06028d60796234f
1,m5,chronos-t5,spikes_intensity,30.0,0.9103931131385478,0.5697997440106564,100,0b14459894c675f3
1,m5,chronos-t5,spikes_intensity,40.0,0.926045600552852,0.5902143552984662,100,5a22e04f4be9e73b
1,monash_australian_electricity,chronos-t5,clean,0.0,1.2351202924396794,0.0707758526854857,5,38c44bb4fa034e9e
1,monash_australian_electricity,chronos-t5,spikes_intensity,1.0,1.18773594239639,0.066821405418351,5,1a5a866b8da59a08
1,monash_australian_electricity,chronos-t5,spikes_intensity,2.0,1.1822537857027784,0.0599000452730405,5,f85739575f232240
1,monash_australian_electricity,chronos-t5,spikes_intensity,4.0,1.146478899275985,0.0708746944743678,5,0a141776da56cd12
1,monash_australian_electricity,chronos-t5,spikes_intensity,6.0,1.7861277087816256,0.1548651061041967,5,72e39e3b422f68ea
1,monash_australian_electricity,chronos-t5,spikes_intensity,8.0,7.399538998556528,0.4167591718540116,5,8a8db42b5d194a33
1,monash_australian_electricity,chronos-t5,spikes_intensity,12.0,1.3641091546003663,0.1056044818946504,5,dc05f616208a700e
1,monash_australian_electricity,chronos-t5,spikes_intensity,16.0,1.2160902383351764,0.0749780124638475,5,4c8979ecadc87426
1,monash_australian_electricity,chronos-t5,spikes_intensity,20.0,1.09986321180598,0.068227772864474,5,fc94b5fef914ba7c
1,monash_australian_electricity,chronos-t5,spikes_intensity,30.0,0.9624065301096526,0.0482180554647903,5,c421b7df70734512
1,monash_australian_electricity,chronos-t5,spikes_intensity,40.0,1.0521904835791531,0.0618229789671075,5,514ebb5b2b9f823d
1,monash_car_parts,chronos-t5,clean,0.0,0.927808653238232,1.088704902768162,100,d1853c77ba0bd2eb
1,monash_car_parts,chronos-t5,spikes_intensity,1.0,0.9131419523971508,1.01396564015362,100,7d5cb79432b86f65
1,monash_car_parts,chronos-t5,spikes_intensity,2.0,0.911980514957085,1.0603733682521703,100,4aee5a248eed22d8
1,monash_car_parts,chronos-t5,spikes_intensity,4.0,0.9346189864624996,1.1467208729882483,100,92c384a479576efa
1,monash_car_parts,chronos-t5,spikes_intensity,6.0,0.9421823681620324,1.132922533153912,100,01e2e4f7f5d6126c
1,monash_car_parts,chronos-t5,spikes_intensity,8.0,0.9254479867036988,1.1210684259141908,100,640f3429f1fd3eca
1,monash_car_parts,chronos-t5,spikes_intensity,12.0,0.9103851923251068,1.08583897914406,100,b595d5004bd8cbba
1,monash_car_parts,chronos-t5,spikes_intensity,16.0,0.9059809022370636,1.0823276672656883,100,90f3b31afa2c959c
1,monash_car_parts,chronos-t5,spikes_intensity,20.0,0.9235554321182554,1.1225548272741763,100,2ae1e795bb3afaaa
1,monash_car_parts,chronos-t5,spikes_intensity,30.0,0.9090692623705086,1.1629375834565103,100,3820c2cc82a6611e
1,monash_car_parts,chronos-t5,spikes_intensity,40.0,0.8961287889418221,1.1458253660125743,100,ceb769504c62b52c
1,monash_cif_2016,chronos-t5,clean,0.0,0.992070958270815,0.0177144312132338,72,e4e15f9e2e7a0573
1,monash_cif_2016,chronos-t5,spikes_intensity,1.0,1.0761842652270153,0.0132224436276376,72,afe900560fb12fd9
1,monash_cif_2016,chronos-t5,spikes_intensity,2.0,1.146037208677119,0.0184686990071732,72,8fd7b3b18790cfed
1,monash_cif_2016,chronos-t5,spikes_intensity,4.0,1.305934337695717,0.3665513185692409,72,4a4e1d2284da3123
1,monash_cif_2016,chronos-t5,spikes_intensity,6.0,1.3008143880862144,0.0175519544236999,72,c2a8cd1e6e928de2
1,monash_cif_2016,chronos-t5,spikes_intensity,8.0,1.1192494008300196,0.0155596737583069,72,d31f557b9421f107
1,monash_cif_2016,chronos-t5,spikes_intensity,12.0,1.1395767445929057,0.0326748389807471,72,1b614f5dea80b158
1,monash_cif_2016,chronos-t5,spikes_intensity,16.0,1.1625900481262046,0.0138128654645172,72,6760f0030b816bc4
1,monash_cif_2016,chronos-t5,spikes_intensity,20.0,1.111106072660161,0.0117665267315534,72,621d2bd7286f3b0b
1,monash_cif_2016,chronos-t5,spikes_intensity,30.0,1.1708164884523315,0.0263817956431751,72,e1ed3260b28feb2e
1,monash_cif_2016,chronos-t5,spikes_intensity,40.0,1.063378680995393,0.0141012643042591,72,33b5766bc4a0e864
1,monash_covid_deaths,chronos-t5,clean,0.0,51.02910070705399,0.0478657297989314,100,45dec5fd7f93b8a9
1,monash_covid_deaths,chronos-t5,spikes_intensity,1.0,57.368810260250655,0.0693131751345631,100,5b5a71d09cc799f0
1,monash_covid_deaths,chronos-t5,spikes_intensity,2.0,58.83342141016478,0.0800868545295957,100,a7c86375b99c1fa3
1,monash_covid_deaths,chronos-t5,spikes_intensity,4.0,57.822140791974704,0.055990546276305,100,9a4298d530e4aeab
1,monash_covid_deaths,chronos-t5,spikes_intensity,6.0,52.86163687191389,0.0516366780634983,100,3ddb1f940ccb4aa3
1,monash_covid_deaths,chronos-t5,spikes_intensity,8.0,55.06759814278253,0.047370091124042,100,d3a8b07f12c7c85d
1,monash_covid_deaths,chronos-t5,spikes_intensity,12.0,59.92589999482677,0.4633222389575667,100,4000dde85f6da696
1,monash_covid_deaths,chronos-t5,spikes_intensity,16.0,52.81641169957056,0.0416905787230978,100,9ce98551d46c2498
1,monash_covid_deaths,chronos-t5,spikes_intensity,20.0,52.05340118986233,0.0497200730980045,100,d6af9061c8d96aa2
1,monash_covid_deaths,chronos-t5,spikes_intensity,30.0,51.55346217572048,0.0638083337101727,100,740a4a236dab1ca5
1,monash_covid_deaths,chronos-t5,spikes_intensity,40.0,52.97567196452417,0.0402127654647827,100,c4e34a0b355f736d
1,monash_fred_md,chronos-t5,clean,0.0,0.4218845561714114,0.016003771733888,100,5cb073350fee3717
1,monash_fred_md,chronos-t5,spikes_intensity,1.0,0.6337582881630587,0.0184581687684699,100,cac8593e17561a7d
1,monash_fred_md,chronos-t5,spikes_intensity,2.0,1.0188908286098104,0.01818571153553,100,79a93c4dc9712aed
1,monash_fred_md,chronos-t5,spikes_intensity,4.0,0.495646205740331,0.0189932513347102,100,353132d58e0dac4a
1,monash_fred_md,chronos-t5,spikes_intensity,6.0,2.599648387252586,0.0471684176370164,100,b6b9c82a236ea67c
1,monash_fred_md,chronos-t5,spikes_intensity,8.0,1.6774933062666464,0.0309432244738235,100,a0c7ec6b89ba0d5e
1,monash_fred_md,chronos-t5,spikes_intensity,12.0,2.1285613586891814,0.0516078859593487,100,d7c602b2ab392a5b
1,monash_fred_md,chronos-t5,spikes_intensity,16.0,0.8580720137008575,0.0217148349013587,100,64f5a5df4d86f90d
1,monash_fred_md,chronos-t5,spikes_intensity,20.0,0.7033325835686267,0.0215505408579197,100,fdbcd909e47ec815
1,monash_fred_md,chronos-t5,spikes_intensity,30.0,0.4690280729365881,0.0168252475753912,100,4488d45f91251ce7
1,monash_fred_md,chronos-t5,spikes_intensity,40.0,0.6476493829894563,0.033600748811627,100,87a826b17571d826
1,monash_hospital,chronos-t5,clean,0.0,0.8368099757027945,0.0662606161918824,100,702d687834202dd3
1,monash_hospital,chronos-t5,spikes_intensity,1.0,0.8478881696072521,0.0662818418264605,100,a514afd589500028
1,monash_hospital,chronos-t5,spikes_intensity,2.0,0.836112617133427,0.069899683531751,100,0d7513bd9a82205d
1,monash_hospital,chronos-t5,spikes_intensity,4.0,0.8592488180949787,0.0774942732195053,100,bc8b8a08c2f29074
1,monash_hospital,chronos-t5,spikes_intensity,6.0,0.8367374512958654,0.066484086299914,100,8bdf11645fa2a15c
1,monash_hospital,chronos-t5,spikes_intensity,8.0,0.83504491007825,0.0671661668301786,100,ef2c7f07eeef64d8
1,monash_hospital,chronos-t5,spikes_intensity,12.0,0.8149891296782621,0.0656214722435747,100,5e232bb6cd6f0289
1,monash_hospital,chronos-t5,spikes_intensity,16.0,0.8227459267298498,0.0659385446975984,100,a155d95bdebdd417
1,monash_hospital,chronos-t5,spikes_intensity,20.0,0.844692957268903,0.0715796819821393,100,c5dc2b8d33118f5c
1,monash_hospital,chronos-t5,spikes_intensity,30.0,0.8377035272434703,0.0694106738436897,100,a4b865f13dba932c
1,monash_hospital,chronos-t5,spikes_intensity,40.0,0.8394592999897679,0.0684561430505016,100,a2e0751730a5b79e
1,monash_m1_monthly,chronos-t5,clean,0.0,1.1516468268682487,0.1844082612602402,100,c2b6b5f8b9fa16e2
1,monash_m1_monthly,chronos-t5,spikes_intensity,1.0,1.1372871043705532,0.1897718888220026,100,ddd71f00f6d8886a
1,monash_m1_monthly,chronos-t5,spikes_intensity,2.0,1.1964729471479112,0.1988458575547211,100,7d3abb85cfac0600
1,monash_m1_monthly,chronos-t5,spikes_intensity,4.0,1.2094129781284289,0.2511014377093597,100,39fa4d59bbdb08f3
1,monash_m1_monthly,chronos-t5,spikes_intensity,6.0,1.3561754435853122,0.2342507064319144,100,f1afde404b9f5961
1,monash_m1_monthly,chronos-t5,spikes_intensity,8.0,1.1903207203716082,0.2184289389115398,100,9db2b10efad593eb
1,monash_m1_monthly,chronos-t5,spikes_intensity,12.0,1.2098878469023042,0.217287072922444,100,b6525f32eaaf3e49
1,monash_m1_monthly,chronos-t5,spikes_intensity,16.0,1.2796998411893634,0.2088046272464133,100,104307e6f3505d62
1,monash_m1_monthly,chronos-t5,spikes_intensity,20.0,1.3363958748839588,0.1946822092988301,100,a5ec76b5ea716248
1,monash_m1_monthly,chronos-t5,spikes_intensity,30.0,1.1528920236579976,0.1870018701426484,100,1215407a10c38f0b
1,monash_m1_monthly,chronos-t5,spikes_intensity,40.0,1.4210117586233593,0.2074792613125607,100,45b4792a804b00a5
1,monash_m1_quarterly,chronos-t5,clean,0.0,1.762670262288231,0.1008956189370625,100,88c3945422a1e782
1,monash_m1_quarterly,chronos-t5,spikes_intensity,1.0,1.8245811745376932,0.0885373934661066,100,c6939c55db4e3cd4
1,monash_m1_quarterly,chronos-t5,spikes_intensity,2.0,1.9016852901225176,0.0824560593362658,100,1954b2fabf53dae1
1,monash_m1_quarterly,chronos-t5,spikes_intensity,4.0,2.369260217481135,0.0922727071090079,100,e72636abf908fce1
1,monash_m1_quarterly,chronos-t5,spikes_intensity,6.0,1.780176040475647,0.0843132454425912,100,ebbc85309e9537e7
1,monash_m1_quarterly,chronos-t5,spikes_intensity,8.0,2.6743332381583285,0.095377388035522,100,7139b331f5bd0d06
1,monash_m1_quarterly,chronos-t5,spikes_intensity,12.0,2.4953019483306296,0.0788682385240209,100,3698cb560ff22ca5
1,monash_m1_quarterly,chronos-t5,spikes_intensity,16.0,2.405629441380857,0.0928672793837414,100,fcbcb1e2b7db1588
1,monash_m1_quarterly,chronos-t5,spikes_intensity,20.0,2.269795264775741,0.0819348152480476,100,b764898bacf1b215
1,monash_m1_quarterly,chronos-t5,spikes_intensity,30.0,1.726428187870589,0.0974677883776805,100,8a4d883005b73ba1
1,monash_m1_quarterly,chronos-t5,spikes_intensity,40.0,2.3111861985359097,0.1013380479528179,100,012ebb9308b7e72e
1,monash_m1_yearly,chronos-t5,clean,0.0,4.892145086756286,0.075917659367323,100,0c8de5066b459982
1,monash_m1_yearly,chronos-t5,spikes_intensity,1.0,5.326213534893339,0.091704718818674,100,02c6a4e5a0882909
1,monash_m1_yearly,chronos-t5,spikes_intensity,2.0,5.226607450392447,0.1503266233059587,100,a948db659565d7c1
1,monash_m1_yearly,chronos-t5,spikes_intensity,4.0,5.658363092475452,0.0775102754620991,100,7151dd71c3f96d97
1,monash_m1_yearly,chronos-t5,spikes_intensity,6.0,6.406164620905728,0.1119059188081898,100,e040fde293022877
1,monash_m1_yearly,chronos-t5,spikes_intensity,8.0,5.937493306883195,0.1516530866101372,100,1cf57bfb2f356e0a
1,monash_m1_yearly,chronos-t5,spikes_intensity,12.0,7.547822554463167,0.0956774735105566,100,2ab3a96c5cdd7073
1,monash_m1_yearly,chronos-t5,spikes_intensity,16.0,6.224137418696711,0.0865509958383589,100,8efe688ea57e13b7
1,monash_m1_yearly,chronos-t5,spikes_intensity,20.0,8.804954002947863,0.1152862859750132,100,5c82c44d7a3e2c02
1,monash_m1_yearly,chronos-t5,spikes_intensity,30.0,6.40098230151396,0.098499662327049,100,eae783a0394a5d33
1,monash_m1_yearly,chronos-t5,spikes_intensity,40.0,5.3144971424863945,0.1034857643538108,100,6e56a86aeacc8b0f
1,monash_m3_monthly,chronos-t5,clean,0.0,0.8336913098884566,0.093098215686821,100,8396853c2542b64e
1,monash_m3_monthly,chronos-t5,spikes_intensity,1.0,0.9094548258704258,0.1029781133838604,100,642561503d3e5a94
1,monash_m3_monthly,chronos-t5,spikes_intensity,2.0,0.976478967551456,0.1053323824801124,100,742a2245d279e1bf
1,monash_m3_monthly,chronos-t5,spikes_intensity,4.0,1.0549441137512032,0.1038963212012339,100,a6608189769df94e
1,monash_m3_monthly,chronos-t5,spikes_intensity,6.0,0.9611496356018316,0.100069924120836,100,fef8ae7eb89e1ddc
1,monash_m3_monthly,chronos-t5,spikes_intensity,8.0,1.1456738880285715,0.1038408446631439,100,305316a00cb0d196
1,monash_m3_monthly,chronos-t5,spikes_intensity,12.0,0.8873413313017552,0.0985571272913318,100,ae8278f12b9592bf
1,monash_m3_monthly,chronos-t5,spikes_intensity,16.0,1.4986014817133118,0.1074537580926858,100,7ba5a499b03f4353
1,monash_m3_monthly,chronos-t5,spikes_intensity,20.0,1.1036185283451108,0.1133471910369777,100,d18cbb31fc952929
1,monash_m3_monthly,chronos-t5,spikes_intensity,30.0,0.8691552190108306,0.0947116304614736,100,7c1d824860e54e58
1,monash_m3_monthly,chronos-t5,spikes_intensity,40.0,0.899744223136489,0.1003142243331199,100,f23f0a95b57b7346
1,monash_m3_quarterly,chronos-t5,clean,0.0,1.3704702167460745,0.0813098248007238,100,79cf7aa933a9403f
1,monash_m3_quarterly,chronos-t5,spikes_intensity,1.0,1.637481579824391,0.0972610257136546,100,b845682bfe37f409
1,monash_m3_quarterly,chronos-t5,spikes_intensity,2.0,1.654415425892662,0.0910541439611154,100,2ad9ae1e0f340f3e
1,monash_m3_quarterly,chronos-t5,spikes_intensity,4.0,1.5396479720360896,0.0864219807951049,100,5d519462f9ef08b1
1,monash_m3_quarterly,chronos-t5,spikes_intensity,6.0,1.6348737180239243,0.0977867269323148,100,2798b0a2134cf02a
1,monash_m3_quarterly,chronos-t5,spikes_intensity,8.0,2.1088325902671468,0.111418242478669,100,53656fe2dd5c3da3
1,monash_m3_quarterly,chronos-t5,spikes_intensity,12.0,1.6555416044403153,0.1042388762693637,100,dd102bdfac622e73
1,monash_m3_quarterly,chronos-t5,spikes_intensity,16.0,2.1368098287607125,0.1315439901093434,100,ac60778a28a8b2c8
1,monash_m3_quarterly,chronos-t5,spikes_intensity,20.0,1.5413158593927323,0.0851497196208818,100,c6c6bf4b84e574fe
1,monash_m3_quarterly,chronos-t5,spikes_intensity,30.0,1.4712882708095172,0.0851879650409381,100,cb5b8a6abca5756d
1,monash_m3_quarterly,chronos-t5,spikes_intensity,40.0,1.378594800721244,0.081157997266868,100,82e9984f2af08e18
1,monash_m3_yearly,chronos-t5,clean,0.0,3.5624616395047783,0.1602182741769537,100,22af5d0564fd98f0
1,monash_m3_yearly,chronos-t5,spikes_intensity,1.0,3.848918388335579,0.1638154078715728,100,256e481883a154c2
1,monash_m3_yearly,chronos-t5,spikes_intensity,2.0,4.372282214002346,0.175349364570626,100,13cd7f521c1d9b6c
1,monash_m3_yearly,chronos-t5,spikes_intensity,4.0,3.604165758315218,0.1610576359905101,100,ae65df708765fafd
1,monash_m3_yearly,chronos-t5,spikes_intensity,6.0,4.52870110357467,0.2065294831567368,100,d9b5af4c16ec35dd
1,monash_m3_yearly,chronos-t5,spikes_intensity,8.0,4.274635024675272,0.1871008178901274,100,aa442e72de40084f
1,monash_m3_yearly,chronos-t5,spikes_intensity,12.0,4.374359333263689,0.2005496781548792,100,94ec1b257064468d
1,monash_m3_yearly,chronos-t5,spikes_intensity,16.0,4.91805516312134,0.2514085416279987,100,f8603f38cffe54e6
1,monash_m3_yearly,chronos-t5,spikes_intensity,20.0,5.6715486525723176,0.2122735552357537,100,528c31ce891ef980
1,monash_m3_yearly,chronos-t5,spikes_intensity,30.0,4.272706870019609,0.1869327062446641,100,fff3f0482e73b248
1,monash_m3_yearly,chronos-t5,spikes_intensity,40.0,3.588659308493753,0.1591860302330155,100,c569b7efc18a076b
1,monash_nn5_weekly,chronos-t5,clean,0.0,0.940325060548796,0.0867185832099461,100,14e0fea8700b49b1
1,monash_nn5_weekly,chronos-t5,spikes_intensity,1.0,0.925248700036856,0.0859191895965439,100,6c3aec8a4208cb8c
1,monash_nn5_weekly,chronos-t5,spikes_intensity,2.0,0.949189815739134,0.0873190137635671,100,ff9981dc2f7d4ae9
1,monash_nn5_weekly,chronos-t5,spikes_intensity,4.0,0.9514663334915212,0.0879208979333822,100,4243f24b93934cf2
1,monash_nn5_weekly,chronos-t5,spikes_intensity,6.0,0.9312098556010232,0.0876155704078219,100,8a0079659b1bf937
1,monash_nn5_weekly,chronos-t5,spikes_intensity,8.0,0.9356723612846596,0.0869109128139059,100,ed477e1cc53dc422
1,monash_nn5_weekly,chronos-t5,spikes_intensity,12.0,0.941963340216248,0.0867850612128739,100,e38c343c156754c7
1,monash_nn5_weekly,chronos-t5,spikes_intensity,16.0,0.9203314286152684,0.0844277102939844,100,788c7872003ced6c
1,monash_nn5_weekly,chronos-t5,spikes_intensity,20.0,0.9309888320788268,0.0855396422531046,100,509f6cce82cbbadf
1,monash_nn5_weekly,chronos-t5,spikes_intensity,30.0,0.9274635518091284,0.0847508987767146,100,fedda9a945ed23dc
1,monash_nn5_weekly,chronos-t5,spikes_intensity,40.0,0.9253084037990872,0.0850892742630139,100,09d6665f57d188b5
1,monash_tourism_monthly,chronos-t5,clean,0.0,1.8047984473996008,0.0954579249845583,100,f358903079404a57
1,monash_tourism_monthly,chronos-t5,spikes_intensity,1.0,1.9219726378114368,0.1017979591752573,100,8f47f28edbc64880
1,monash_tourism_monthly,chronos-t5,spikes_intensity,2.0,1.9687868257274264,0.1042941485901307,100,dfca3efa2ae3bec9
1,monash_tourism_monthly,chronos-t5,spikes_intensity,4.0,2.088612146410137,0.1152734033895408,100,6926b0b9ac0b232f
1,monash_tourism_monthly,chronos-t5,spikes_intensity,6.0,2.082259996100125,0.112654451549754,100,67e7bd4cf06f0609
1,monash_tourism_monthly,chronos-t5,spikes_intensity,8.0,2.0553529357116163,0.1054060729915101,100,cdeec4cd98461556
1,monash_tourism_monthly,chronos-t5,spikes_intensity,12.0,1.999533687082532,0.1086323523374851,100,574c74c3b5f6606a
1,monash_tourism_monthly,chronos-t5,spikes_intensity,16.0,1.830884357891124,0.0921096259121381,100,00a09a4cdf15f44d
1,monash_tourism_monthly,chronos-t5,spikes_intensity,20.0,1.8349802352211588,0.094007890886879,100,a0a9341ee14fc5bc
1,monash_tourism_monthly,chronos-t5,spikes_intensity,30.0,1.8266240862069656,0.0961388267355397,100,0742e9b75a5a8651
1,monash_tourism_monthly,chronos-t5,spikes_intensity,40.0,1.818824922663054,0.0983841162522067,100,fad1d480dc87fbe1
1,monash_tourism_quarterly,chronos-t5,clean,0.0,1.7124200613958953,0.0803711557059431,100,71a8b4e97521895d
1,monash_tourism_quarterly,chronos-t5,spikes_intensity,1.0,1.860046678372565,0.0966710281556326,100,feeaca7c42a645eb
1,monash_tourism_quarterly,chronos-t5,spikes_intensity,2.0,2.2211612553345885,0.1304483731560178,100,97b9838e15151615
1,monash_tourism_quarterly,chronos-t5,spikes_intensity,4.0,2.052669922583741,0.0984105164715374,100,26f6c65d3a42acf5
1,monash_tourism_quarterly,chronos-t5,spikes_intensity,6.0,2.3317575695840747,0.0880222240961014,100,8fa59e60e63d8bb4
1,monash_tourism_quarterly,chronos-t5,spikes_intensity,8.0,2.1545651233436427,0.0963428465335094,100,0331dd7cd7c5922e
1,monash_tourism_quarterly,chronos-t5,spikes_intensity,12.0,1.8784074464006315,0.0896994277575874,100,7ca7408bced69938
1,monash_tourism_quarterly,chronos-t5,spikes_intensity,16.0,1.8841785962395363,0.0870289539073765,100,4182be37fbadac50
1,monash_tourism_quarterly,chronos-t5,spikes_intensity,20.0,1.853021123133152,0.1179903152219034,100,57642112f54c2604
1,monash_tourism_quarterly,chronos-t5,spikes_intensity,30.0,1.7427925302393406,0.0752922897072114,100,d3d20939ca8225ca
1,monash_tourism_quarterly,chronos-t5,spikes_intensity,40.0,1.788380131046981,0.0795530020752878,100,718175f720c04bcc
1,monash_tourism_yearly,chronos-t5,clean,0.0,3.946960149549127,0.2034639774743393,100,adf90b7d1f903bb2
1,monash_tourism_yearly,chronos-t5,spikes_intensity,1.0,4.039918268793533,0.1955671122395411,100,222bf2fe5690e793
1,monash_tourism_yearly,chronos-t5,spikes_intensity,2.0,4.418225667376718,0.2361107103671215,100,8bfe53494942a01f
1,monash_tourism_yearly,chronos-t5,spikes_intensity,4.0,4.26637020244076,0.1820490873213188,100,48ccb9daa7914c41
1,monash_tourism_yearly,chronos-t5,spikes_intensity,6.0,4.594933583371359,0.2098491774518192,100,bf72e8373db4fbc3
1,monash_tourism_yearly,chronos-t5,spikes_intensity,8.0,4.723324549759695,0.1917443054776937,100,d6681653e29c6eda
1,monash_tourism_yearly,chronos-t5,spikes_intensity,12.0,9.140691016392104,0.6243273995143661,100,ddbe11fd08a0b94a
1,monash_tourism_yearly,chronos-t5,spikes_intensity,16.0,5.595511367784006,1.0796289140005533,100,6c8cff8ccdeb9d51
1,monash_tourism_yearly,chronos-t5,spikes_intensity,20.0,5.984495831031673,1.298548443288259,100,67fb0013e4444b6b
1,monash_tourism_yearly,chronos-t5,spikes_intensity,30.0,4.21254095034535,0.2104948691353766,100,de0a9afad9d36404
1,monash_tourism_yearly,chronos-t5,spikes_intensity,40.0,5.067921016671819,0.278628590161213,100,01babfb80ccb98a3
1,monash_traffic,chronos-t5,clean,0.0,0.8216134085683118,0.2819226652646958,100,b391ecfc3e90d400
1,monash_traffic,chronos-t5,spikes_intensity,1.0,0.8306853741129374,0.2775106743176249,100,d680196d77e30708
1,monash_traffic,chronos-t5,spikes_intensity,2.0,0.8122778214254901,0.2735914345528978,100,48ce9541e67fd184
1,monash_traffic,chronos-t5,spikes_intensity,4.0,0.8258996252991558,0.2800634083338251,100,8eb33070fad7ea7d
1,monash_traffic,chronos-t5,spikes_intensity,6.0,0.8308459652394233,0.2812045196158798,100,8e04ec1f0e1d393a
1,monash_traffic,chronos-t5,spikes_intensity,8.0,0.8301450885482247,0.2831258040728021,100,c64129d782724564
1,monash_traffic,chronos-t5,spikes_intensity,12.0,0.8434281390712483,0.2858445284997467,100,9220c597ff7af2e3
1,monash_traffic,chronos-t5,spikes_intensity,16.0,0.8461565192464721,0.2829210784788645,100,3f99e9cce3e92207
1,monash_traffic,chronos-t5,spikes_intensity,20.0,0.8414721428301385,0.2875850939112654,100,3b304217bcd02d2d
1,monash_traffic,chronos-t5,spikes_intensity,30.0,0.8321264184737551,0.2824194132277672,100,74379273c79aabfe
1,monash_traffic,chronos-t5,spikes_intensity,40.0,0.8226373124204429,0.3123611390540208,100,c21bddce4acf5104
1,monash_weather,chronos-t5,clean,0.0,1.078029983833665,0.1451518384210959,100,2fe9d636481148b4
1,monash_weather,chronos-t5,spikes_intensity,1.0,1.0603506614617542,0.1465129282724024,100,1aee770273887c82
1,monash_weather,chronos-t5,spikes_intensity,2.0,1.0852319025104946,0.1484059806017951,100,0d6ff275c0e9d06a
1,monash_weather,chronos-t5,spikes_intensity,4.0,1.096182395975413,0.1513406969974045,100,59f427f84afc0c13
1,monash_weather,chronos-t5,spikes_intensity,6.0,1.082772013989305,0.1496415295850638,100,be60654d47ec996a
1,monash_weather,chronos-t5,spikes_intensity,8.0,1.0697138829955015,0.1498162780413468,100,7cdde824f59f8c4e
1,monash_weather,chronos-t5,spikes_intensity,12.0,1.0765625530879106,0.1459883176256312,100,6b2a2b612f8bc470
1,monash_weather,chronos-t5,spikes_intensity,16.0,1.080286926718611,0.156491336322211,100,7d28b1e51e251349
1,monash_weather,chronos-t5,spikes_intensity,20.0,1.0690300491516709,0.1482679124397118,100,9a600f4a0dd710ec
1,monash_weather,chronos-t5,spikes_intensity,30.0,1.0354790349826062,0.1599986681754461,100,b47b360d14ff1ae3
1,monash_weather,chronos-t5,spikes_intensity,40.0,1.0849776294048252,0.1713079856872585,100,0cb74dbbfb4f8653
1,nn5,chronos-t5,clean,0.0,0.6014266768446973,0.1654970192197883,100,ddf5d74d6baba1a3
1,nn5,chronos-t5,spikes_intensity,1.0,0.5855622863240779,0.1610363506883598,100,54da0be58c3c96df
1,nn5,chronos-t5,spikes_intensity,2.0,0.598961191653378,0.1642278523640821,100,ed2ae14ee99f88b8
1,nn5,chronos-t5,spikes_intensity,4.0,0.6290907726428001,0.17330870621928,100,60b7ba0aa293a800
1,nn5,chronos-t5,spikes_intensity,6.0,0.6254696353576157,0.1697964972180789,100,d04ebbbb09d3dc7e
1,nn5,chronos-t5,spikes_intensity,8.0,0.6085425098447473,0.1659611958355443,100,3419a75993018477
1,nn5,chronos-t5,spikes_intensity,12.0,0.5947020218070236,0.1622216174168477,100,e6e429e5f665164b
1,nn5,chronos-t5,spikes_intensity,16.0,0.593948444196417,0.1612399587993146,100,8f0845e5183b7327
1,nn5,chronos-t5,spikes_intensity,20.0,0.5970225169721229,0.1596683437866904,100,cf90486393705c35
1,nn5,chronos-t5,spikes_intensity,30.0,0.6046560111749971,0.1625621921590042,100,c9be258bd52d0c26
1,nn5,chronos-t5,spikes_intensity,40.0,0.594398990557392,0.1575967710207721,100,31016e072ef5465e
2,dominick,chronos-t5,clean,0.0,0.7894598181419168,0.2618669357282865,100,022395fb7a7f6672
2,dominick,chronos-t5,spikes_intensity,1.0,0.8355879227251473,0.2777545853782479,100,96a21cb7d558c459
2,dominick,chronos-t5,spikes_intensity,2.0,0.8253665876583561,0.2736841681319232,100,02c05273af04796e
2,dominick,chronos-t5,spikes_intensity,4.0,0.8171282221046435,0.2722416364256165,100,a01e33337a25d3cb
2,dominick,chronos-t5,spikes_intensity,6.0,0.7940126032302934,0.265803898139293,100,a1c88b1123d5665f
2,dominick,chronos-t5,spikes_intensity,8.0,0.8840438048017409,0.2745933507723233,100,ad0b21c830c4ba78
2,dominick,chronos-t5,spikes_intensity,12.0,0.8615785227507194,0.2785217222376845,100,1279f5fe1c6b8df8
2,dominick,chronos-t5,spikes_intensity,16.0,0.7966464601538362,0.2662651946857841,100,bd13299b55e13a1d
2,dominick,chronos-t5,spikes_intensity,20.0,0.8088402800739567,0.2760137491255066,100,74cccbfb292b023b
2,dominick,chronos-t5,spikes_intensity,30.0,0.7895740834997141,0.2697134930885816,100,acbd9680d49330dd
2,dominick,chronos-t5,spikes_intensity,40.0,0.7976187162534464,0.281923724231831,100,15ca3ff2d3d8b787
2,ercot,chronos-t5,clean,0.0,0.590129416435134,0.0161584822245433,8,5fe0784946f6200c
2,ercot,chronos-t5,spikes_intensity,1.0,0.7150306006155779,0.0246007468689437,8,5f73b78a604864c5
2,ercot,chronos-t5,spikes_intensity,2.0,0.756769914518344,0.027714394441109,8,bc358fdf242bc002
2,ercot,chronos-t5,spikes_intensity,4.0,0.6863927177347304,0.0212899600607286,8,944dd1e74d54057c
2,ercot,chronos-t5,spikes_intensity,6.0,0.647549548313269,0.0217929933421326,8,149a61298f23ab72
2,ercot,chronos-t5,spikes_intensity,8.0,1.0505051353884116,0.049359784917533,8,2649ca6182b872d1
2,ercot,chronos-t5,spikes_intensity,12.0,2.045949753862044,0.0516641502486322,8,ea324b5bc2f7f60e
2,ercot,chronos-t5,spikes_intensity,16.0,2.285842991962794,0.160404444046619,8,b4361bd3cf691cb4
2,ercot,chronos-t5,spikes_intensity,20.0,3.382219822700149,0.260682452711288,8,8006c8760c59c71d
2,ercot,chronos-t5,spikes_intensity,30.0,0.7295294580045993,0.0280209192963658,8,b1179537e155957b
2,ercot,chronos-t5,spikes_intensity,40.0,0.6573565349221687,0.0195084343515926,8,dce05615cd89ade6
2,exchange_rate,chronos-t5,clean,0.0,2.005546882148272,0.014973430134166,8,270afda0994788e3
2,exchange_rate,chronos-t5,spikes_intensity,1.0,3.1962861179580524,0.0142210225233107,8,865e207fed08bba8
2,exchange_rate,chronos-t5,spikes_intensity,2.0,1.841072853121782,0.0140229461241149,8,5c09d9f7d4c0102a
2,exchange_rate,chronos-t5,spikes_intensity,4.0,2.083100015945128,0.0142698898510743,8,cd6e8cd6b0e36278
2,exchange_rate,chronos-t5,spikes_intensity,6.0,1.944775020209316,0.0182803778582621,8,32dfceeb485d5867
2,exchange_rate,chronos-t5,spikes_intensity,8.0,2.0134131600520115,0.0248337270425118,8,0c909a0c5a0814fc
2,exchange_rate,chronos-t5,spikes_intensity,12.0,11.178031399029708,0.0921192286197001,8,2e4e303a896f31f0
2,exchange_rate,chronos-t5,spikes_intensity,16.0,13.60212455538562,0.1336310910271795,8,d599571ce93699a0
2,exchange_rate,chronos-t5,spikes_intensity,20.0,1.7535092296226722,0.0485673283838784,8,674056d4c6c305f0
2,exchange_rate,chronos-t5,spikes_intensity,30.0,2.1939682174401223,0.0180048233739459,8,3b8d07a42aa0ca90
2,exchange_rate,chronos-t5,spikes_intensity,40.0,1.742514734386034,0.0447423664026888,8,45270fb9d1e91b7a
2,m4_quarterly,chronos-t5,clean,0.0,1.151341465241016,0.0758691313087383,100,444302055904448c
2,m4_quarterly,chronos-t5,spikes_intensity,1.0,1.297775695364591,0.0815663530886476,100,d802e881186620ff
2,m4_quarterly,chronos-t5,spikes_intensity,2.0,1.257878347081944,0.0819591627411762,100,178b8761f520c486
2,m4_quarterly,chronos-t5,spikes_intensity,4.0,1.360384755305091,0.0946297636900703,100,5a1de60abe236214
2,m4_quarterly,chronos-t5,spikes_intensity,6.0,1.3090272271256345,0.0884004637166883,100,b45d35da3dbe7cea
2,m4_quarterly,chronos-t5,spikes_intensity,8.0,1.279942152332497,0.089503475611469,100,c779628cc7496ee7
2,m4_quarterly,chronos-t5,spikes_intensity,12.0,1.3393349701218755,0.0923299550441052,100,ebaa3d59770ef535
2,m4_quarterly,chronos-t5,spikes_intensity,16.0,1.2260706251496325,0.0809436157227966,100,aa2a857446c20077
2,m4_quarterly,chronos-t5,spikes_intensity,20.0,1.3423359482977224,0.0825566371202698,100,09323c23fc1cbaa8
2,m4_quarterly,chronos-t5,spikes_intensity,30.0,1.268379350327778,0.0810088389679087,100,ac4e612dcd8e3068
2,m4_quarterly,chronos-t5,spikes_intensity,40.0,1.2307212697879273,0.0835721875407064,100,a2856790d0642af9
2,m4_yearly,chronos-t5,clean,0.0,3.660045432749204,0.143194002732869,100,2ab6975b9e0df166
2,m4_yearly,chronos-t5,spikes_intensity,1.0,3.858107761670235,0.1500774525887211,100,5ef3ac7b0be9a93c
2,m4_yearly,chronos-t5,spikes_intensity,2.0,3.930109544107758,0.1462085294782478,100,ec76b17f9b2b1e01
2,m4_yearly,chronos-t5,spikes_intensity,4.0,3.944576049267258,0.1672530793339951,100,475747034e419c49
2,m4_yearly,chronos-t5,spikes_intensity,6.0,5.324717009032489,0.1656255761544355,100,c6848105cc95cfe6
2,m4_yearly,chronos-t5,spikes_intensity,8.0,8.161241662233964,0.2566471826013737,100,7492372daa9025d6
2,m4_yearly,chronos-t5,spikes_intensity,12.0,7.167984509691158,0.2697042812928402,100,d6aeab8173e39d16
2,m4_yearly,chronos-t5,spikes_intensity,16.0,6.814484129904912,0.1991600394802011,100,8f71a682b675a88c
2,m4_yearly,chronos-t5,spikes_intensity,20.0,4.008699149732537,0.1739702072365065,100,8fac836905de283d
2,m4_yearly,chronos-t5,spikes_intensity,30.0,4.0113254531775455,0.1829146031397881,100,b3b7fbb20389e4d3
2,m4_yearly,chronos-t5,spikes_intensity,40.0,4.940474303365906,0.2125021184611168,100,2d11cd7751ba229d
2,m5,chronos-t5,clean,0.0,0.9166725389602468,0.5674313269320713,100,dc3b120d18c4ec13
2,m5,chronos-t5,spikes_intensity,1.0,0.93877559337803,0.5891931849136927,100,6c4f1cabc63fa325
2,m5,chronos-t5,spikes_intensity,2.0,0.9219238191996652,0.5692504439723183,100,e2b895b574fa4447
2,m5,chronos-t5,spikes_intensity,4.0,0.9253208968407052,0.5776300759952038,100,69bcd813d4681f45
2,m5,chronos-t5,spikes_intensity,6.0,0.924461587239775,0.6040460390234562,100,2b90fe15a5e358dd
2,m5,chronos-t5,spikes_intensity,8.0,0.91376006805199,0.5768034018966782,100,97daf664fd5fd941
2,m5,chronos-t5,spikes_intensity,12.0,0.9008403641770052,0.5661310803609043,100,c182cf645a721e84
2,m5,chronos-t5,spikes_intensity,16.0,0.9394913404816928,0.5983175366889124,100,ae0da24ac2847bcd
2,m5,chronos-t5,spikes_intensity,20.0,0.9274202975760756,0.5723278051149185,100,d06028d60796234f
2,m5,chronos-t5,spikes_intensity,30.0,0.9143817245068834,0.5675278280410269,100,0b14459894c675f3
2,m5,chronos-t5,spikes_intensity,40.0,0.9085345707576872,0.5870903795083704,100,5a22e04f4be9e73b
2,monash_australian_electricity,chronos-t5,clean,0.0,1.1239121449882667,0.0655843921565577,5,38c44bb4fa034e9e
2,monash_australian_electricity,chronos-t5,spikes_intensity,1.0,1.1769757377662529,0.0700518319150052,5,1a5a866b8da59a08
2,monash_australian_electricity,chronos-t5,spikes_intensity,2.0,1.0979365698862231,0.0622754976995794,5,f85739575f232240
2,monash_australian_electricity,chronos-t5,spikes_intensity,4.0,1.1002752322043243,0.0655902653597769,5,0a141776da56cd12
2,monash_australian_electricity,chronos-t5,spikes_intensity,6.0,1.7895591505230768,0.1913970585151131,5,72e39e3b422f68ea
2,monash_australian_electricity,chronos-t5,spikes_intensity,8.0,6.115236548384983,0.3704715229094119,5,8a8db42b5d194a33
2,monash_australian_electricity,chronos-t5,spikes_intensity,12.0,1.593010241055682,0.1197873985407277,5,dc05f616208a700e
2,monash_australian_electricity,chronos-t5,spikes_intensity,16.0,1.163918237223327,0.0823047894543859,5,4c8979ecadc87426
2,monash_australian_electricity,chronos-t5,spikes_intensity,20.0,1.0798950865534065,0.0717757780128195,5,fc94b5fef914ba7c
2,monash_australian_electricity,chronos-t5,spikes_intensity,30.0,0.9788692273535288,0.050542536870537,5,c421b7df70734512
2,monash_australian_electricity,chronos-t5,spikes_intensity,40.0,1.0790994696180622,0.0662753762578149,5,514ebb5b2b9f823d
2,monash_car_parts,chronos-t5,clean,0.0,0.9342777473363588,1.0958056115690562,100,d1853c77ba0bd2eb
2,monash_car_parts,chronos-t5,spikes_intensity,1.0,0.9087024705724824,1.0402542816209963,100,7d5cb79432b86f65
2,monash_car_parts,chronos-t5,spikes_intensity,2.0,0.9336837432195976,1.0760595936607942,100,4aee5a248eed22d8
2,monash_car_parts,chronos-t5,spikes_intensity,4.0,0.9534700564863284,1.1323296332549733,100,92c384a479576efa
2,monash_car_parts,chronos-t5,spikes_intensity,6.0,0.9317299499270896,1.1463301595885436,100,01e2e4f7f5d6126c
2,monash_car_parts,chronos-t5,spikes_intensity,8.0,0.9413075303211424,1.133288978618152,100,640f3429f1fd3eca
2,monash_car_parts,chronos-t5,spikes_intensity,12.0,0.913109591779926,1.163245611872584,100,b595d5004bd8cbba
2,monash_car_parts,chronos-t5,spikes_intensity,16.0,0.8944834934986281,1.0798768092105502,100,90f3b31afa2c959c
2,monash_car_parts,chronos-t5,spikes_intensity,20.0,0.9097887861662424,1.1885615701846566,100,2ae1e795bb3afaaa
2,monash_car_parts,chronos-t5,spikes_intensity,30.0,0.9205812430842524,1.3308419009336578,100,3820c2cc82a6611e
2,monash_car_parts,chronos-t5,spikes_intensity,40.0,0.9026481900021444,1.1805941852382285,100,ceb769504c62b52c
2,monash_cif_2016,chronos-t5,clean,0.0,1.006516284474616,0.015502326229382,72,e4e15f9e2e7a0573
2,monash_cif_2016,chronos-t5,spikes_intensity,1.0,1.0771098670879748,0.0123892673045776,72,afe900560fb12fd9
2,monash_cif_2016,chronos-t5,spikes_intensity,2.0,1.1170468765935395,0.016628649596304,72,8fd7b3b18790cfed
2,monash_cif_2016,chronos-t5,spikes_intensity,4.0,1.2887680883552832,0.3655662271728128,72,4a4e1d2284da3123
2,monash_cif_2016,chronos-t5,spikes_intensity,6.0,1.2423860717612496,0.0143203001785803,72,c2a8cd1e6e928de2
2,monash_cif_2016,chronos-t5,spikes_intensity,8.0,1.0853925403265363,0.0179383973329471,72,d31f557b9421f107
2,monash_cif_2016,chronos-t5,spikes_intensity,12.0,1.136094657318828,0.0702094937548356,72,1b614f5dea80b158
2,monash_cif_2016,chronos-t5,spikes_intensity,16.0,1.1082625872317915,0.0132786207845176,72,6760f0030b816bc4
2,monash_cif_2016,chronos-t5,spikes_intensity,20.0,1.117864083286667,0.0125447833419931,72,621d2bd7286f3b0b
2,monash_cif_2016,chronos-t5,spikes_intensity,30.0,1.113205779973988,0.0225797322082606,72,e1ed3260b28feb2e
2,monash_cif_2016,chronos-t5,spikes_intensity,40.0,1.107036806832986,0.0204000126617079,72,33b5766bc4a0e864
2,monash_covid_deaths,chronos-t5,clean,0.0,50.64871801535297,0.0456698920294833,100,45dec5fd7f93b8a9
2,monash_covid_deaths,chronos-t5,spikes_intensity,1.0,58.556730657069785,0.0699365581220084,100,5b5a71d09cc799f0
2,monash_covid_deaths,chronos-t5,spikes_intensity,2.0,61.145819087477605,0.1106782575331657,100,a7c86375b99c1fa3
2,monash_covid_deaths,chronos-t5,spikes_intensity,4.0,57.587748280229285,0.0658550340068487,100,9a4298d530e4aeab
2,monash_covid_deaths,chronos-t5,spikes_intensity,6.0,54.43620790594807,0.0523923298999452,100,3ddb1f940ccb4aa3
2,monash_covid_deaths,chronos-t5,spikes_intensity,8.0,56.60742892788036,0.0502791020802102,100,d3a8b07f12c7c85d
2,monash_covid_deaths,chronos-t5,spikes_intensity,12.0,59.66530450092361,0.4618088283029951,100,4000dde85f6da696
2,monash_covid_deaths,chronos-t5,spikes_intensity,16.0,51.90111583951795,0.0405855198290171,100,9ce98551d46c2498
2,monash_covid_deaths,chronos-t5,spikes_intensity,20.0,51.38026283833739,0.0443473614734742,100,d6af9061c8d96aa2
2,monash_covid_deaths,chronos-t5,spikes_intensity,30.0,51.61134734349061,0.063136367310282,100,740a4a236dab1ca5
2,monash_covid_deaths,chronos-t5,spikes_intensity,40.0,53.36963313653021,0.042469497746149,100,c4e34a0b355f736d
2,monash_fred_md,chronos-t5,clean,0.0,0.427867472255334,0.01694340741383,100,5cb073350fee3717
2,monash_fred_md,chronos-t5,spikes_intensity,1.0,0.6608889274989693,0.0181780211475227,100,cac8593e17561a7d
2,monash_fred_md,chronos-t5,spikes_intensity,2.0,1.2012114382363062,0.0187347944976974,100,79a93c4dc9712aed
2,monash_fred_md,chronos-t5,spikes_intensity,4.0,0.4650737722406886,0.0217970158492762,100,353132d58e0dac4a
2,monash_fred_md,chronos-t5,spikes_intensity,6.0,3.437405083526734,0.0529740707475107,100,b6b9c82a236ea67c
2,monash_fred_md,chronos-t5,spikes_intensity,8.0,2.2728442114067064,0.0473399406394357,100,a0c7ec6b89ba0d5e
2,monash_fred_md,chronos-t5,spikes_intensity,12.0,2.3189529346329403,0.0692845973816111,100,d7c602b2ab392a5b
2,monash_fred_md,chronos-t5,spikes_intensity,16.0,0.8009234580894095,0.0182801986976448,100,64f5a5df4d86f90d
2,monash_fred_md,chronos-t5,spikes_intensity,20.0,0.5675445771482188,0.0223741099719892,100,fdbcd909e47ec815
2,monash_fred_md,chronos-t5,spikes_intensity,30.0,0.4854081339737287,0.0210027660680526,100,4488d45f91251ce7
2,monash_fred_md,chronos-t5,spikes_intensity,40.0,0.6480883833147557,0.039526361889426,100,87a826b17571d826
2,monash_hospital,chronos-t5,clean,0.0,0.8473987894250309,0.0663694803913308,100,702d687834202dd3
2,monash_hospital,chronos-t5,spikes_intensity,1.0,0.8457809031725365,0.0680555403137485,100,a514afd589500028
2,monash_hospital,chronos-t5,spikes_intensity,2.0,0.8324357516192872,0.0710583325507123,100,0d7513bd9a82205d
2,monash_hospital,chronos-t5,spikes_intensity,4.0,0.8622113571367567,0.075483236677136,100,bc8b8a08c2f29074
2,monash_hospital,chronos-t5,spikes_intensity,6.0,0.8373457467172469,0.0662530350573365,100,8bdf11645fa2a15c
2,monash_hospital,chronos-t5,spikes_intensity,8.0,0.846407726893378,0.0671072250661102,100,ef2c7f07eeef64d8
2,monash_hospital,chronos-t5,spikes_intensity,12.0,0.8357836763261236,0.0662058310569273,100,5e232bb6cd6f0289
2,monash_hospital,chronos-t5,spikes_intensity,16.0,0.8233292903130335,0.0665837314496266,100,a155d95bdebdd417
2,monash_hospital,chronos-t5,spikes_intensity,20.0,0.8413886773836915,0.070758059826322,100,c5dc2b8d33118f5c
2,monash_hospital,chronos-t5,spikes_intensity,30.0,0.8458200871673782,0.0686280698304025,100,a4b865f13dba932c
2,monash_hospital,chronos-t5,spikes_intensity,40.0,0.8373118458285539,0.0655993211027455,100,a2e0751730a5b79e
2,monash_m1_monthly,chronos-t5,clean,0.0,1.1522915325453502,0.1844654587416395,100,c2b6b5f8b9fa16e2
2,monash_m1_monthly,chronos-t5,spikes_intensity,1.0,1.1640651427670257,0.1890620040579691,100,ddd71f00f6d8886a
2,monash_m1_monthly,chronos-t5,spikes_intensity,2.0,1.1770734774466778,0.1897610478179206,100,7d3abb85cfac0600
2,monash_m1_monthly,chronos-t5,spikes_intensity,4.0,1.225660473122327,0.2506626175145248,100,39fa4d59bbdb08f3
2,monash_m1_monthly,chronos-t5,spikes_intensity,6.0,1.3439955207432148,0.2290505146979595,100,f1afde404b9f5961
2,monash_m1_monthly,chronos-t5,spikes_intensity,8.0,1.2158748470171468,0.2136354733098354,100,9db2b10efad593eb
2,monash_m1_monthly,chronos-t5,spikes_intensity,12.0,1.206657636142165,0.2005418835130635,100,b6525f32eaaf3e49
2,monash_m1_monthly,chronos-t5,spikes_intensity,16.0,1.3062521718827549,0.2077909442711015,100,104307e6f3505d62
2,monash_m1_monthly,chronos-t5,spikes_intensity,20.0,1.3395116961043054,0.2031108386265495,100,a5ec76b5ea716248
2,monash_m1_monthly,chronos-t5,spikes_intensity,30.0,1.1585001157460242,0.1905479118975639,100,1215407a10c38f0b
2,monash_m1_monthly,chronos-t5,spikes_intensity,40.0,1.3987062074505934,0.2136297453778489,100,45b4792a804b00a5
2,monash_m1_quarterly,chronos-t5,clean,0.0,1.76231167146434,0.0988893297793074,100,88c3945422a1e782
2,monash_m1_quarterly,chronos-t5,spikes_intensity,1.0,1.8185662010448411,0.079315330675838,100,c6939c55db4e3cd4
2,monash_m1_quarterly,chronos-t5,spikes_intensity,2.0,1.8810050363860544,0.0918018232949341,100,1954b2fabf53dae1
2,monash_m1_quarterly,chronos-t5,spikes_intensity,4.0,2.332886774978271,0.0852220310364724,100,e72636abf908fce1
2,monash_m1_quarterly,chronos-t5,spikes_intensity,6.0,1.844859240350424,0.0984036803063615,100,ebbc85309e9537e7
2,monash_m1_quarterly,chronos-t5,spikes_intensity,8.0,2.7285682818750687,0.0957274430151041,100,7139b331f5bd0d06
2,monash_m1_quarterly,chronos-t5,spikes_intensity,12.0,2.8286417057527604,0.0799639374359178,100,3698cb560ff22ca5
2,monash_m1_quarterly,chronos-t5,spikes_intensity,16.0,2.1789401401920183,0.1009113724745693,100,fcbcb1e2b7db1588
2,monash_m1_quarterly,chronos-t5,spikes_intensity,20.0,2.602590870484517,0.0996613641269795,100,b764898bacf1b215
2,monash_m1_quarterly,chronos-t5,spikes_intensity,30.0,1.6946886905650689,0.103551419944617,100,8a4d883005b73ba1
2,monash_m1_quarterly,chronos-t5,spikes_intensity,40.0,2.308411907940185,0.1028202172588708,100,012ebb9308b7e72e
2,monash_m1_yearly,chronos-t5,clean,0.0,4.888143372022936,0.0944779632769081,100,0c8de5066b459982
2,monash_m1_yearly,chronos-t5,spikes_intensity,1.0,5.39949238151525,0.1135551725756772,100,02c6a4e5a0882909
2,monash_m1_yearly,chronos-t5,spikes_intensity,2.0,5.283871139237257,0.1490207304693898,100,a948db659565d7c1
2,monash_m1_yearly,chronos-t5,spikes_intensity,4.0,5.685754044898096,0.093554197572184,100,7151dd71c3f96d97
2,monash_m1_yearly,chronos-t5,spikes_intensity,6.0,6.444529135760998,0.1005624588102528,100,e040fde293022877
2,monash_m1_yearly,chronos-t5,spikes_intensity,8.0,5.84970308880623,0.1766024426053095,100,1cf57bfb2f356e0a
2,monash_m1_yearly,chronos-t5,spikes_intensity,12.0,7.637592277682315,0.0950145534471493,100,2ab3a96c5cdd7073
2,monash_m1_yearly,chronos-t5,spikes_intensity,16.0,6.246987588782649,0.1002499433370422,100,8efe688ea57e13b7
2,monash_m1_yearly,chronos-t5,spikes_intensity,20.0,8.836466238780016,0.1163699667418402,100,5c82c44d7a3e2c02
2,monash_m1_yearly,chronos-t5,spikes_intensity,30.0,5.932181683932887,0.0912508357886501,100,eae783a0394a5d33
2,monash_m1_yearly,chronos-t5,spikes_intensity,40.0,5.36192188478237,0.2704076447039303,100,6e56a86aeacc8b0f
2,monash_m3_monthly,chronos-t5,clean,0.0,0.8306611370085272,0.0918043128261369,100,8396853c2542b64e
2,monash_m3_monthly,chronos-t5,spikes_intensity,1.0,0.9086957651731388,0.1046485129489608,100,642561503d3e5a94
2,monash_m3_monthly,chronos-t5,spikes_intensity,2.0,0.9241289695897028,0.1044786814831575,100,742a2245d279e1bf
2,monash_m3_monthly,chronos-t5,spikes_intensity,4.0,1.0386220188298068,0.1047583855471857,100,a6608189769df94e
2,monash_m3_monthly,chronos-t5,spikes_intensity,6.0,0.9498694858860663,0.1001366136114294,100,fef8ae7eb89e1ddc
2,monash_m3_monthly,chronos-t5,spikes_intensity,8.0,1.1471883682024264,0.1024554857127373,100,305316a00cb0d196
2,monash_m3_monthly,chronos-t5,spikes_intensity,12.0,0.8874257483437004,0.0969167025165144,100,ae8278f12b9592bf
2,monash_m3_monthly,chronos-t5,spikes_intensity,16.0,1.91124274612346,0.116786157332587,100,7ba5a499b03f4353
2,monash_m3_monthly,chronos-t5,spikes_intensity,20.0,0.9533765857276936,0.1062276320076551,100,d18cbb31fc952929
2,monash_m3_monthly,chronos-t5,spikes_intensity,30.0,0.8526540509773806,0.1000745651171194,100,7c1d824860e54e58
2,monash_m3_monthly,chronos-t5,spikes_intensity,40.0,0.895426451129609,0.0989664867067711,100,f23f0a95b57b7346
2,monash_m3_quarterly,chronos-t5,clean,0.0,1.3430482252381102,0.0799496860153062,100,79cf7aa933a9403f
2,monash_m3_quarterly,chronos-t5,spikes_intensity,1.0,1.6048084191790353,0.0957504224258006,100,b845682bfe37f409
2,monash_m3_quarterly,chronos-t5,spikes_intensity,2.0,1.6375610611405795,0.091036742690001,100,2ad9ae1e0f340f3e
2,monash_m3_quarterly,chronos-t5,spikes_intensity,4.0,1.5173885000992016,0.0877402653720087,100,5d519462f9ef08b1
2,monash_m3_quarterly,chronos-t5,spikes_intensity,6.0,1.5957359657408905,0.0974202908423591,100,2798b0a2134cf02a
2,monash_m3_quarterly,chronos-t5,spikes_intensity,8.0,2.1466270315491784,0.1159503257396641,100,53656fe2dd5c3da3
2,monash_m3_quarterly,chronos-t5,spikes_intensity,12.0,1.7550150441288996,0.1032892397849365,100,dd102bdfac622e73
2,monash_m3_quarterly,chronos-t5,spikes_intensity,16.0,2.153353614941842,0.1383007628005491,100,ac60778a28a8b2c8
2,monash_m3_quarterly,chronos-t5,spikes_intensity,20.0,1.5316378496805965,0.0838603113788735,100,c6c6bf4b84e574fe
2,monash_m3_quarterly,chronos-t5,spikes_intensity,30.0,1.4150998088669249,0.0864353182814116,100,cb5b8a6abca5756d
2,monash_m3_quarterly,chronos-t5,spikes_intensity,40.0,1.4203707678676134,0.0815962303048915,100,82e9984f2af08e18
2,monash_m3_yearly,chronos-t5,clean,0.0,3.6143229556511582,0.1617007042247517,100,22af5d0564fd98f0
2,monash_m3_yearly,chronos-t5,spikes_intensity,1.0,3.915725532699001,0.1704061120722039,100,256e481883a154c2
2,monash_m3_yearly,chronos-t5,spikes_intensity,2.0,4.385551205058456,0.17442214300861,100,13cd7f521c1d9b6c
2,monash_m3_yearly,chronos-t5,spikes_intensity,4.0,3.617582123472577,0.1651000445004872,100,ae65df708765fafd
2,monash_m3_yearly,chronos-t5,spikes_intensity,6.0,4.609821783891404,0.2037679274652982,100,d9b5af4c16ec35dd
2,monash_m3_yearly,chronos-t5,spikes_intensity,8.0,4.277457382367453,0.1867916960263166,100,aa442e72de40084f
2,monash_m3_yearly,chronos-t5,spikes_intensity,12.0,4.481011539073302,0.1950113599313979,100,94ec1b257064468d
2,monash_m3_yearly,chronos-t5,spikes_intensity,16.0,5.105754810332255,0.2582424532682521,100,f8603f38cffe54e6
2,monash_m3_yearly,chronos-t5,spikes_intensity,20.0,4.221673429356199,0.2019565083457115,100,528c31ce891ef980
2,monash_m3_yearly,chronos-t5,spikes_intensity,30.0,4.341797200529063,0.1925220800256388,100,fff3f0482e73b248
2,monash_m3_yearly,chronos-t5,spikes_intensity,40.0,3.61041839613064,0.1590080654617919,100,c569b7efc18a076b
2,monash_nn5_weekly,chronos-t5,clean,0.0,0.941811909448278,0.0873005607174508,100,14e0fea8700b49b1
2,monash_nn5_weekly,chronos-t5,spikes_intensity,1.0,0.9347666508949408,0.08660459272992,100,6c3aec8a4208cb8c
2,monash_nn5_weekly,chronos-t5,spikes_intensity,2.0,0.9483422638007716,0.0868948494602683,100,ff9981dc2f7d4ae9
2,monash_nn5_weekly,chronos-t5,spikes_intensity,4.0,0.9504870810991346,0.0882663807981109,100,4243f24b93934cf2
2,monash_nn5_weekly,chronos-t5,spikes_intensity,6.0,0.9956558149259364,0.0895168792759213,100,8a0079659b1bf937
2,monash_nn5_weekly,chronos-t5,spikes_intensity,8.0,0.9376178150516862,0.0869376158271745,100,ed477e1cc53dc422
2,monash_nn5_weekly,chronos-t5,spikes_intensity,12.0,0.9338301214064576,0.086516056286386,100,e38c343c156754c7
2,monash_nn5_weekly,chronos-t5,spikes_intensity,16.0,0.9190961457958916,0.0855099757295229,100,788c7872003ced6c
2,monash_nn5_weekly,chronos-t5,spikes_intensity,20.0,0.9449609077327004,0.0872525992640754,100,509f6cce82cbbadf
2,monash_nn5_weekly,chronos-t5,spikes_intensity,30.0,0.9428624670438388,0.0862128993285686,100,fedda9a945ed23dc
2,monash_nn5_weekly,chronos-t5,spikes_intensity,40.0,0.9380486403295878,0.0856302285126039,100,09d6665f57d188b5
2,monash_tourism_monthly,chronos-t5,clean,0.0,1.7935620067719764,0.0947913150897567,100,f358903079404a57
2,monash_tourism_monthly,chronos-t5,spikes_intensity,1.0,1.9263408445573744,0.1018801663163469,100,8f47f28edbc64880
2,monash_tourism_monthly,chronos-t5,spikes_intensity,2.0,1.9775587358206077,0.1046177573833106,100,dfca3efa2ae3bec9
2,monash_tourism_monthly,chronos-t5,spikes_intensity,4.0,2.1321997716197028,0.1189343796451824,100,6926b0b9ac0b232f
2,monash_tourism_monthly,chronos-t5,spikes_intensity,6.0,2.097240597434617,0.1106200720942596,100,67e7bd4cf06f0609
2,monash_tourism_monthly,chronos-t5,spikes_intensity,8.0,1.9825614721285212,0.1037774918465976,100,cdeec4cd98461556
2,monash_tourism_monthly,chronos-t5,spikes_intensity,12.0,2.041785165141819,0.1224252328100075,100,574c74c3b5f6606a
2,monash_tourism_monthly,chronos-t5,spikes_intensity,16.0,1.8572726805181328,0.0926568948880001,100,00a09a4cdf15f44d
2,monash_tourism_monthly,chronos-t5,spikes_intensity,20.0,1.8294311839145916,0.0928065654804904,100,a0a9341ee14fc5bc
2,monash_tourism_monthly,chronos-t5,spikes_intensity,30.0,1.828323267174826,0.0965587336330566,100,0742e9b75a5a8651
2,monash_tourism_monthly,chronos-t5,spikes_intensity,40.0,1.8300931873345685,0.0993237965962582,100,fad1d480dc87fbe1
2,monash_tourism_quarterly,chronos-t5,clean,0.0,1.7504306874546842,0.0789763483760175,100,71a8b4e97521895d
2,monash_tourism_quarterly,chronos-t5,spikes_intensity,1.0,1.8605445260717743,0.0970964061499045,100,feeaca7c42a645eb
2,monash_tourism_quarterly,chronos-t5,spikes_intensity,2.0,2.226032142952296,0.1308139918679726,100,97b9838e15151615
2,monash_tourism_quarterly,chronos-t5,spikes_intensity,4.0,2.0662154086792457,0.1080644591175985,100,26f6c65d3a42acf5
2,monash_tourism_quarterly,chronos-t5,spikes_intensity,6.0,2.36681316885596,0.0842762169215688,100,8fa59e60e63d8bb4
2,monash_tourism_quarterly,chronos-t5,spikes_intensity,8.0,2.139607490435746,0.0921015750854781,100,0331dd7cd7c5922e
2,monash_tourism_quarterly,chronos-t5,spikes_intensity,12.0,1.85604500570356,0.0937128299974829,100,7ca7408bced69938
2,monash_tourism_quarterly,chronos-t5,spikes_intensity,16.0,1.9164281036719848,0.0871757952809064,100,4182be37fbadac50
2,monash_tourism_quarterly,chronos-t5,spikes_intensity,20.0,1.8449272550496227,0.098230106156872,100,57642112f54c2604
2,monash_tourism_quarterly,chronos-t5,spikes_intensity,30.0,1.7435420499451668,0.0725829559179965,100,d3d20939ca8225ca
2,monash_tourism_quarterly,chronos-t5,spikes_intensity,40.0,1.8005047297604926,0.0839262873752843,100,718175f720c04bcc
2,monash_tourism_yearly,chronos-t5,clean,0.0,3.936152370690512,0.2050591187673575,100,adf90b7d1f903bb2
2,monash_tourism_yearly,chronos-t5,spikes_intensity,1.0,4.057316036564252,0.2047729266861734,100,222bf2fe5690e793
2,monash_tourism_yearly,chronos-t5,spikes_intensity,2.0,4.436754258093816,0.2526578972365219,100,8bfe53494942a01f
2,monash_tourism_yearly,chronos-t5,spikes_intensity,4.0,4.284312774354951,0.1953501429107128,100,48ccb9daa7914c41
2,monash_tourism_yearly,chronos-t5,spikes_intensity,6.0,4.648492722844771,0.2301269469389583,100,bf72e8373db4fbc3
2,monash_tourism_yearly,chronos-t5,spikes_intensity,8.0,4.711751607846756,0.2304897238410606,100,d6681653e29c6eda
2,monash_tourism_yearly,chronos-t5,spikes_intensity,12.0,9.748250470515574,0.6429990975477157,100,ddbe11fd08a0b94a
2,monash_tourism_yearly,chronos-t5,spikes_intensity,16.0,4.769205793345004,1.0235972995330591,100,6c8cff8ccdeb9d51
2,monash_tourism_yearly,chronos-t5,spikes_intensity,20.0,6.051110780132162,1.292268880200772,100,67fb0013e4444b6b
2,monash_tourism_yearly,chronos-t5,spikes_intensity,30.0,4.269779228255058,0.2337722773137696,100,de0a9afad9d36404
2,monash_tourism_yearly,chronos-t5,spikes_intensity,40.0,6.406923236074338,0.3193606668762368,100,01babfb80ccb98a3
2,monash_traffic,chronos-t5,clean,0.0,0.8160766380565383,0.2803638600728468,100,b391ecfc3e90d400
2,monash_traffic,chronos-t5,spikes_intensity,1.0,0.8349202456306166,0.2826569112915023,100,d680196d77e30708
2,monash_traffic,chronos-t5,spikes_intensity,2.0,0.8295687695437992,0.2806026139396458,100,48ce9541e67fd184
2,monash_traffic,chronos-t5,spikes_intensity,4.0,0.8262316221401927,0.2809373926747231,100,8eb33070fad7ea7d
2,monash_traffic,chronos-t5,spikes_intensity,6.0,0.8336094519054567,0.2829317387128918,100,8e04ec1f0e1d393a
2,monash_traffic,chronos-t5,spikes_intensity,8.0,0.8317949131590583,0.2833336650418649,100,c64129d782724564
2,monash_traffic,chronos-t5,spikes_intensity,12.0,0.837654061185366,0.2837353984344822,100,9220c597ff7af2e3
2,monash_traffic,chronos-t5,spikes_intensity,16.0,0.846340135935681,0.2855755983992221,100,3f99e9cce3e92207
2,monash_traffic,chronos-t5,spikes_intensity,20.0,0.8420973903015524,0.2853229442321471,100,3b304217bcd02d2d
2,monash_traffic,chronos-t5,spikes_intensity,30.0,0.842084743261334,0.2826443014357774,100,74379273c79aabfe
2,monash_traffic,chronos-t5,spikes_intensity,40.0,0.8273852335861165,0.3250965187442079,100,c21bddce4acf5104
2,monash_weather,chronos-t5,clean,0.0,1.0082126969768732,0.1447345434448121,100,2fe9d636481148b4
2,monash_weather,chronos-t5,spikes_intensity,1.0,1.0306553691919915,0.1481653563385772,100,1aee770273887c82
2,monash_weather,chronos-t5,spikes_intensity,2.0,1.0701653853827664,0.1514028407402457,100,0d6ff275c0e9d06a
2,monash_weather,chronos-t5,spikes_intensity,4.0,1.073687010477165,0.1524363903259517,100,59f427f84afc0c13
2,monash_weather,chronos-t5,spikes_intensity,6.0,1.0890653722734005,0.1498232435614471,100,be60654d47ec996a
2,monash_weather,chronos-t5,spikes_intensity,8.0,1.0751922377277192,0.1498910346249989,100,7cdde824f59f8c4e
2,monash_weather,chronos-t5,spikes_intensity,12.0,1.1332029382989208,0.1464475932223506,100,6b2a2b612f8bc470
2,monash_weather,chronos-t5,spikes_intensity,16.0,1.0660725873186574,0.1467532702859278,100,7d28b1e51e251349
2,monash_weather,chronos-t5,spikes_intensity,20.0,1.0924096766996272,0.1442187438541831,100,9a600f4a0dd710ec
2,monash_weather,chronos-t5,spikes_intensity,30.0,1.0353403128471783,0.1530468191681992,100,b47b360d14ff1ae3
2,monash_weather,chronos-t5,spikes_intensity,40.0,1.0810368876663767,0.1480387502610077,100,0cb74dbbfb4f8653
2,nn5,chronos-t5,clean,0.0,0.6000159933410386,0.1650447363959824,100,ddf5d74d6baba1a3
2,nn5,chronos-t5,spikes_intensity,1.0,0.5861076461338728,0.1608574364940721,100,54da0be58c3c96df
2,nn5,chronos-t5,spikes_intensity,2.0,0.5962383955922469,0.1635576751255054,100,ed2ae14ee99f88b8
2,nn5,chronos-t5,spikes_intensity,4.0,0.6276261457088463,0.1732915835024158,100,60b7ba0aa293a800
2,nn5,chronos-t5,spikes_intensity,6.0,0.628266803792432,0.17064259012807,100,d04ebbbb09d3dc7e
2,nn5,chronos-t5,spikes_intensity,8.0,0.6061997203233427,0.1657358590727245,100,3419a75993018477
2,nn5,chronos-t5,spikes_intensity,12.0,0.5928584247159516,0.1617441435686192,100,e6e429e5f665164b
2,nn5,chronos-t5,spikes_intensity,16.0,0.5943259982958757,0.1611683535886489,100,8f0845e5183b7327
2,nn5,chronos-t5,spikes_intensity,20.0,0.5977344484296678,0.1601902788472864,100,cf90486393705c35
2,nn5,chronos-t5,spikes_intensity,30.0,0.6082773536136501,0.161897136917369,100,c9be258bd52d0c26
2,nn5,chronos-t5,spikes_intensity,40.0,0.5920807692558602,0.1570194853453147,100,31016e072ef5465e
3,dominick,chronos-t5,clean,0.0,0.7802533885328738,0.257618331416195,100,022395fb7a7f6672
3,dominick,chronos-t5,spikes_intensity,1.0,0.8699269461479721,0.2775308616486815,100,96a21cb7d558c459
3,dominick,chronos-t5,spikes_intensity,2.0,0.8030489979540094,0.2654077907379723,100,02c05273af04796e
3,dominick,chronos-t5,spikes_intensity,4.0,0.8672428696617455,0.2681571006092855,100,a01e33337a25d3cb
3,dominick,chronos-t5,spikes_intensity,6.0,0.8198714595613601,0.2630603845977723,100,a1c88b1123d5665f
3,dominick,chronos-t5,spikes_intensity,8.0,0.9074219578755204,0.260565624825133,100,ad0b21c830c4ba78
3,dominick,chronos-t5,spikes_intensity,12.0,0.8732129173869655,0.2725191777003699,100,1279f5fe1c6b8df8
3,dominick,chronos-t5,spikes_intensity,16.0,0.7400532897034536,0.2529128154382762,100,bd13299b55e13a1d
3,dominick,chronos-t5,spikes_intensity,20.0,0.8341885833191783,0.2703217683086487,100,74cccbfb292b023b
3,dominick,chronos-t5,spikes_intensity,30.0,0.7933821535891482,0.2679905279089658,100,acbd9680d49330dd
3,dominick,chronos-t5,spikes_intensity,40.0,0.8181558818068373,0.2836277446515439,100,15ca3ff2d3d8b787
3,ercot,chronos-t5,clean,0.0,0.6038444665396613,0.0154009478424468,8,5fe0784946f6200c
3,ercot,chronos-t5,spikes_intensity,1.0,0.6773356789108389,0.0234219531800243,8,5f73b78a604864c5
3,ercot,chronos-t5,spikes_intensity,2.0,0.7534776158176698,0.0229298792594028,8,bc358fdf242bc002
3,ercot,chronos-t5,spikes_intensity,4.0,0.6408668490985084,0.0219018199649776,8,944dd1e74d54057c
3,ercot,chronos-t5,spikes_intensity,6.0,0.6633736537742486,0.020893331899369,8,149a61298f23ab72
3,ercot,chronos-t5,spikes_intensity,8.0,0.762074996031287,0.0369226846763679,8,2649ca6182b872d1
3,ercot,chronos-t5,spikes_intensity,12.0,2.3297582875049265,0.0569120658970548,8,ea324b5bc2f7f60e
3,ercot,chronos-t5,spikes_intensity,16.0,3.0084533147914576,0.1503458266152079,8,b4361bd3cf691cb4
3,ercot,chronos-t5,spikes_intensity,20.0,2.372151760020666,0.2039481317871183,8,8006c8760c59c71d
3,ercot,chronos-t5,spikes_intensity,30.0,0.6896574267883503,0.0256906644697945,8,b1179537e155957b
3,ercot,chronos-t5,spikes_intensity,40.0,0.728198626188703,0.0214526786716418,8,dce05615cd89ade6
3,exchange_rate,chronos-t5,clean,0.0,2.1966565104402576,0.0161439643438426,8,270afda0994788e3
3,exchange_rate,chronos-t5,spikes_intensity,1.0,3.1113426836294926,0.015637984711661,8,865e207fed08bba8
3,exchange_rate,chronos-t5,spikes_intensity,2.0,2.308340383363896,0.014520537997488,8,5c09d9f7d4c0102a
3,exchange_rate,chronos-t5,spikes_intensity,4.0,2.400023668222877,0.0160336360269536,8,cd6e8cd6b0e36278
3,exchange_rate,chronos-t5,spikes_intensity,6.0,1.848761892010848,0.0160999038454572,8,32dfceeb485d5867
3,exchange_rate,chronos-t5,spikes_intensity,8.0,1.9900229674605792,0.0261236865494381,8,0c909a0c5a0814fc
3,exchange_rate,chronos-t5,spikes_intensity,12.0,4.774980873942444,0.0638489469862838,8,2e4e303a896f31f0
3,exchange_rate,chronos-t5,spikes_intensity,16.0,20.681080848841287,0.174658145226236,8,d599571ce93699a0
3,exchange_rate,chronos-t5,spikes_intensity,20.0,1.6845121835797774,0.0275003870555879,8,674056d4c6c305f0
3,exchange_rate,chronos-t5,spikes_intensity,30.0,31.83571760044198,0.0283409102380746,8,3b8d07a42aa0ca90
3,exchange_rate,chronos-t5,spikes_intensity,40.0,1.9372919920632208,0.0321719373119619,8,45270fb9d1e91b7a
3,m4_quarterly,chronos-t5,clean,0.0,1.1581052109990415,0.0773551725837553,100,444302055904448c
3,m4_quarterly,chronos-t5,spikes_intensity,1.0,1.3081624111011092,0.0821856402715554,100,d802e881186620ff
3,m4_quarterly,chronos-t5,spikes_intensity,2.0,1.2794253351998457,0.0823745307506669,100,178b8761f520c486
3,m4_quarterly,chronos-t5,spikes_intensity,4.0,1.418329242548714,0.0933389396280447,100,5a1de60abe236214
3,m4_quarterly,chronos-t5,spikes_intensity,6.0,1.3596554506613168,0.0890361347800531,100,b45d35da3dbe7cea
3,m4_quarterly,chronos-t5,spikes_intensity,8.0,1.2489156881695822,0.0901652276258142,100,c779628cc7496ee7
3,m4_quarterly,chronos-t5,spikes_intensity,12.0,1.3825570151301514,0.0995897414503082,100,ebaa3d59770ef535
3,m4_quarterly,chronos-t5,spikes_intensity,16.0,1.1997469802790257,0.0787456820795783,100,aa2a857446c20077
3,m4_quarterly,chronos-t5,spikes_intensity,20.0,1.1723280547593178,0.0812464772893277,100,09323c23fc1cbaa8
3,m4_quarterly,chronos-t5,spikes_intensity,30.0,1.2534770271351077,0.0825917387011763,100,ac4e612dcd8e3068
3,m4_quarterly,chronos-t5,spikes_intensity,40.0,1.2019042504561266,0.0765085937049259,100,a2856790d0642af9
3,m4_yearly,chronos-t5,clean,0.0,3.529473569174229,0.1379362281424307,100,2ab6975b9e0df166
3,m4_yearly,chronos-t5,spikes_intensity,1.0,3.8174557294866474,0.1472880768401066,100,5ef3ac7b0be9a93c
3,m4_yearly,chronos-t5,spikes_intensity,2.0,3.975100240440124,0.1469429416444028,100,ec76b17f9b2b1e01
3,m4_yearly,chronos-t5,spikes_intensity,4.0,4.047939759550557,0.1650877463829413,100,475747034e419c49
3,m4_yearly,chronos-t5,spikes_intensity,6.0,5.239394278403588,0.1571681769905538,100,c6848105cc95cfe6
3,m4_yearly,chronos-t5,spikes_intensity,8.0,6.368751565016651,0.1911165937789443,100,7492372daa9025d6
3,m4_yearly,chronos-t5,spikes_intensity,12.0,5.641884454970512,0.2372504097895082,100,d6aeab8173e39d16
3,m4_yearly,chronos-t5,spikes_intensity,16.0,6.962444938882278,0.1834213503105728,100,8f71a682b675a88c
3,m4_yearly,chronos-t5,spikes_intensity,20.0,4.007373275308149,0.2026130418251527,100,8fac836905de283d
3,m4_yearly,chronos-t5,spikes_intensity,30.0,6.65871747806101,0.1812867906073316,100,b3b7fbb20389e4d3
3,m4_yearly,chronos-t5,spikes_intensity,40.0,3.669403443827469,0.1906923718149153,100,2d11cd7751ba229d
3,m5,chronos-t5,clean,0.0,0.9152554329702736,0.5647185148180599,100,dc3b120d18c4ec13
3,m5,chronos-t5,spikes_intensity,1.0,0.9256024045727728,0.5856492536547405,100,6c4f1cabc63fa325
3,m5,chronos-t5,spikes_intensity,2.0,0.9277416900920412,0.5723089134729106,100,e2b895b574fa4447
3,m5,chronos-t5,spikes_intensity,4.0,0.924732836342862,0.5806526962461945,100,69bcd813d4681f45
3,m5,chronos-t5,spikes_intensity,6.0,0.9344647456298428,0.6102845352101357,100,2b90fe15a5e358dd
3,m5,chronos-t5,spikes_intensity,8.0,0.9167901068151072,0.5772147674772735,100,97daf664fd5fd941
3,m5,chronos-t5,spikes_intensity,12.0,0.9203254159111242,0.5724005481912706,100,c182cf645a721e84
3,m5,chronos-t5,spikes_intensity,16.0,0.9374098314965276,0.5857614988867196,100,ae0da24ac2847bcd
3,m5,chronos-t5,spikes_intensity,20.0,0.9249414026918772,0.5744227057170173,100,d06028d60796234f
3,m5,chronos-t5,spikes_intensity,30.0,0.9225073082070876,0.579561961909791,100,0b14459894c675f3
3,m5,chronos-t5,spikes_intensity,40.0,0.917834178796934,0.5811949067091374,100,5a22e04f4be9e73b
3,monash_australian_electricity,chronos-t5,clean,0.0,1.3547706249109244,0.0752013007057094,5,38c44bb4fa034e9e
3,monash_australian_electricity,chronos-t5,spikes_intensity,1.0,1.118582325834246,0.0637139929127268,5,1a5a866b8da59a08
3,monash_australian_electricity,chronos-t5,spikes_intensity,2.0,1.0681713250936782,0.0574448219857951,5,f85739575f232240
3,monash_australian_electricity,chronos-t5,spikes_intensity,4.0,1.0600782494562038,0.0704647441117783,5,0a141776da56cd12
3,monash_australian_electricity,chronos-t5,spikes_intensity,6.0,1.527294135111,0.1426766572803105,5,72e39e3b422f68ea
3,monash_australian_electricity,chronos-t5,spikes_intensity,8.0,3.3261109650439264,0.2932809238836535,5,8a8db42b5d194a33
3,monash_australian_electricity,chronos-t5,spikes_intensity,12.0,1.267266943138751,0.106812504281532,5,dc05f616208a700e
3,monash_australian_electricity,chronos-t5,spikes_intensity,16.0,1.0491127119191086,0.07486709577111,5,4c8979ecadc87426
3,monash_australian_electricity,chronos-t5,spikes_intensity,20.0,1.1466892522689471,0.0746025838984597,5,fc94b5fef914ba7c
3,monash_australian_electricity,chronos-t5,spikes_intensity,30.0,0.9232860831767092,0.0472876841647435,5,c421b7df70734512
3,monash_australian_electricity,chronos-t5,spikes_intensity,40.0,1.1099873969411669,0.0682544722720682,5,514ebb5b2b9f823d
3,monash_car_parts,chronos-t5,clean,0.0,0.9295560412626812,1.094413947821819,100,d1853c77ba0bd2eb
3,monash_car_parts,chronos-t5,spikes_intensity,1.0,0.9132337862004816,1.0391209498906266,100,7d5cb79432b86f65
3,monash_car_parts,chronos-t5,spikes_intensity,2.0,0.930633290291122,1.0733870431204398,100,4aee5a248eed22d8
3,monash_car_parts,chronos-t5,spikes_intensity,4.0,0.9368740746856988,1.1817190914610771,100,92c384a479576efa
3,monash_car_parts,chronos-t5,spikes_intensity,6.0,0.9612166922047236,1.171634469693644,100,01e2e4f7f5d6126c
3,monash_car_parts,chronos-t5,spikes_intensity,8.0,0.9546724183496196,1.137991397698267,100,640f3429f1fd3eca
3,monash_car_parts,chronos-t5,spikes_intensity,12.0,0.9293482335854928,1.1321646041918405,100,b595d5004bd8cbba
3,monash_car_parts,chronos-t5,spikes_intensity,16.0,0.9070838362253868,1.0988160810149397,100,90f3b31afa2c959c
3,monash_car_parts,chronos-t5,spikes_intensity,20.0,0.9162042535174184,1.1434078820498648,100,2ae1e795bb3afaaa
3,monash_car_parts,chronos-t5,spikes_intensity,30.0,0.909349234728623,1.300472972830793,100,3820c2cc82a6611e
3,monash_car_parts,chronos-t5,spikes_intensity,40.0,0.9201978307800466,1.1870060731012146,100,ceb769504c62b52c
3,monash_cif_2016,chronos-t5,clean,0.0,0.9886009617746288,0.013292816150331,72,e4e15f9e2e7a0573
3,monash_cif_2016,chronos-t5,spikes_intensity,1.0,1.0704337299311353,0.0135898466569624,72,afe900560fb12fd9
3,monash_cif_2016,chronos-t5,spikes_intensity,2.0,1.0933761492543377,0.013106698672834,72,8fd7b3b18790cfed
3,monash_cif_2016,chronos-t5,spikes_intensity,4.0,1.284269174529628,0.3719440609643778,72,4a4e1d2284da3123
3,monash_cif_2016,chronos-t5,spikes_intensity,6.0,1.4770976898759167,0.0133753658080029,72,c2a8cd1e6e928de2
3,monash_cif_2016,chronos-t5,spikes_intensity,8.0,1.0930861153825333,0.012462593866251,72,d31f557b9421f107
3,monash_cif_2016,chronos-t5,spikes_intensity,12.0,1.1000291354659422,0.0834889518994193,72,1b614f5dea80b158
3,monash_cif_2016,chronos-t5,spikes_intensity,16.0,1.1256206310621617,0.0132581935039924,72,6760f0030b816bc4
3,monash_cif_2016,chronos-t5,spikes_intensity,20.0,1.0892718418590572,0.0260528909741265,72,621d2bd7286f3b0b
3,monash_cif_2016,chronos-t5,spikes_intensity,30.0,1.1520555468654077,0.0207778144810139,72,e1ed3260b28feb2e
3,monash_cif_2016,chronos-t5,spikes_intensity,40.0,1.071658377258412,0.0131106960362257,72,33b5766bc4a0e864
3,monash_covid_deaths,chronos-t5,clean,0.0,50.73362761654871,0.050689161696923,100,45dec5fd7f93b8a9
3,monash_covid_deaths,chronos-t5,spikes_intensity,1.0,57.62377070038151,0.0665455893091943,100,5b5a71d09cc799f0
3,monash_covid_deaths,chronos-t5,spikes_intensity,2.0,58.460692770618856,0.0876899260907036,100,a7c86375b99c1fa3
3,monash_covid_deaths,chronos-t5,spikes_intensity,4.0,56.36523343472663,0.0586524443107442,100,9a4298d530e4aeab
3,monash_covid_deaths,chronos-t5,spikes_intensity,6.0,55.881876685105865,0.0510955001045819,100,3ddb1f940ccb4aa3
3,monash_covid_deaths,chronos-t5,spikes_intensity,8.0,55.90538186137555,0.0527667932849489,100,d3a8b07f12c7c85d
3,monash_covid_deaths,chronos-t5,spikes_intensity,12.0,60.30779159215008,0.4476447104851957,100,4000dde85f6da696
3,monash_covid_deaths,chronos-t5,spikes_intensity,16.0,52.20519131509549,0.0424767690053885,100,9ce98551d46c2498
3,monash_covid_deaths,chronos-t5,spikes_intensity,20.0,49.69126300489904,0.0416884843812481,100,d6af9061c8d96aa2
3,monash_covid_deaths,chronos-t5,spikes_intensity,30.0,51.30866804410096,0.0657873719914982,100,740a4a236dab1ca5
3,monash_covid_deaths,chronos-t5,spikes_intensity,40.0,52.47660422102108,0.0397896164723199,100,c4e34a0b355f736d
3,monash_fred_md,chronos-t5,clean,0.0,0.4312534044732423,0.0134714342631216,100,5cb073350fee3717
3,monash_fred_md,chronos-t5,spikes_intensity,1.0,0.6505162742796724,0.0142721645478139,100,cac8593e17561a7d
3,monash_fred_md,chronos-t5,spikes_intensity,2.0,1.3982951846845355,0.0178715652576112,100,79a93c4dc9712aed
3,monash_fred_md,chronos-t5,spikes_intensity,4.0,0.4944182190346978,0.0188817625687462,100,353132d58e0dac4a
3,monash_fred_md,chronos-t5,spikes_intensity,6.0,3.174504017543299,0.0526297651688356,100,b6b9c82a236ea67c
3,monash_fred_md,chronos-t5,spikes_intensity,8.0,0.8950358438172152,0.0293600164324466,100,a0c7ec6b89ba0d5e
3,monash_fred_md,chronos-t5,spikes_intensity,12.0,2.313222959808937,0.071434275288811,100,d7c602b2ab392a5b
3,monash_fred_md,chronos-t5,spikes_intensity,16.0,0.8161006832782309,0.0201879773453188,100,64f5a5df4d86f90d
3,monash_fred_md,chronos-t5,spikes_intensity,20.0,0.7841656810744081,0.0204714084607441,100,fdbcd909e47ec815
3,monash_fred_md,chronos-t5,spikes_intensity,30.0,0.4877571846982054,0.0229295834627215,100,4488d45f91251ce7
3,monash_fred_md,chronos-t5,spikes_intensity,40.0,0.6573267267992506,0.0287061587163372,100,87a826b17571d826
3,monash_hospital,chronos-t5,clean,0.0,0.8380871920408511,0.0675032712547726,100,702d687834202dd3
3,monash_hospital,chronos-t5,spikes_intensity,1.0,0.8495824418908912,0.0694268879934009,100,a514afd589500028
3,monash_hospital,chronos-t5,spikes_intensity,2.0,0.8248473492137048,0.0705003961442807,100,0d7513bd9a82205d
3,monash_hospital,chronos-t5,spikes_intensity,4.0,0.8471372963529916,0.0762668363959358,100,bc8b8a08c2f29074
3,monash_hospital,chronos-t5,spikes_intensity,6.0,0.8279835426157113,0.0669906383908916,100,8bdf11645fa2a15c
3,monash_hospital,chronos-t5,spikes_intensity,8.0,0.8550022938565449,0.0701632537339924,100,ef2c7f07eeef64d8
3,monash_hospital,chronos-t5,spikes_intensity,12.0,0.8203087117270755,0.0664607506945325,100,5e232bb6cd6f0289
3,monash_hospital,chronos-t5,spikes_intensity,16.0,0.8280544516377744,0.06625156093658,100,a155d95bdebdd417
3,monash_hospital,chronos-t5,spikes_intensity,20.0,0.835575761360581,0.0688230805146531,100,c5dc2b8d33118f5c
3,monash_hospital,chronos-t5,spikes_intensity,30.0,0.8396724473743254,0.0682000587206113,100,a4b865f13dba932c
3,monash_hospital,chronos-t5,spikes_intensity,40.0,0.8361787156417205,0.0658433493452509,100,a2e0751730a5b79e
3,monash_m1_monthly,chronos-t5,clean,0.0,1.1486790327780196,0.1917302197195143,100,c2b6b5f8b9fa16e2
3,monash_m1_monthly,chronos-t5,spikes_intensity,1.0,1.1346424346321442,0.2033906696185147,100,ddd71f00f6d8886a
3,monash_m1_monthly,chronos-t5,spikes_intensity,2.0,1.171399092678662,0.1934420001959677,100,7d3abb85cfac0600
3,monash_m1_monthly,chronos-t5,spikes_intensity,4.0,1.2078447403720465,0.2569975724206845,100,39fa4d59bbdb08f3
3,monash_m1_monthly,chronos-t5,spikes_intensity,6.0,1.3309195361487811,0.2371221946896579,100,f1afde404b9f5961
3,monash_m1_monthly,chronos-t5,spikes_intensity,8.0,1.1754780398066027,0.2247719109993567,100,9db2b10efad593eb
3,monash_m1_monthly,chronos-t5,spikes_intensity,12.0,1.2026521217061812,0.1989721863966697,100,b6525f32eaaf3e49
3,monash_m1_monthly,chronos-t5,spikes_intensity,16.0,1.2914638915881886,0.2087973484256294,100,104307e6f3505d62
3,monash_m1_monthly,chronos-t5,spikes_intensity,20.0,1.351823451594639,0.1968491831229699,100,a5ec76b5ea716248
3,monash_m1_monthly,chronos-t5,spikes_intensity,30.0,1.148488068740257,0.2010960616543565,100,1215407a10c38f0b
3,monash_m1_monthly,chronos-t5,spikes_intensity,40.0,1.4165452865813106,0.2126531037776594,100,45b4792a804b00a5
3,monash_m1_quarterly,chronos-t5,clean,0.0,1.788606283231385,0.0999911360045091,100,88c3945422a1e782
3,monash_m1_quarterly,chronos-t5,spikes_intensity,1.0,1.8563542887347464,0.084353009933635,100,c6939c55db4e3cd4
3,monash_m1_quarterly,chronos-t5,spikes_intensity,2.0,1.9126678791513527,0.09244925338363,100,1954b2fabf53dae1
3,monash_m1_quarterly,chronos-t5,spikes_intensity,4.0,2.2592562092023663,0.1018640227424426,100,e72636abf908fce1
3,monash_m1_quarterly,chronos-t5,spikes_intensity,6.0,1.8079339489867727,0.102187940776309,100,ebbc85309e9537e7
3,monash_m1_quarterly,chronos-t5,spikes_intensity,8.0,2.703838692379541,0.0912954357478672,100,7139b331f5bd0d06
3,monash_m1_quarterly,chronos-t5,spikes_intensity,12.0,2.326653322535591,0.0895294826734436,100,3698cb560ff22ca5
3,monash_m1_quarterly,chronos-t5,spikes_intensity,16.0,2.406488596064284,0.1021280937229941,100,fcbcb1e2b7db1588
3,monash_m1_quarterly,chronos-t5,spikes_intensity,20.0,2.682237929801328,0.0881943207149262,100,b764898bacf1b215
3,monash_m1_quarterly,chronos-t5,spikes_intensity,30.0,1.750276024299223,0.1017681611851587,100,8a4d883005b73ba1
3,monash_m1_quarterly,chronos-t5,spikes_intensity,40.0,2.20936147648192,0.1018260500163376,100,012ebb9308b7e72e
3,monash_m1_yearly,chronos-t5,clean,0.0,4.823545795122051,0.0759526090107523,100,0c8de5066b459982
3,monash_m1_yearly,chronos-t5,spikes_intensity,1.0,5.327036993770039,0.0859441355373344,100,02c6a4e5a0882909
3,monash_m1_yearly,chronos-t5,spikes_intensity,2.0,5.185844105288823,0.1467095453373149,100,a948db659565d7c1
3,monash_m1_yearly,chronos-t5,spikes_intensity,4.0,5.646855952670599,0.0787071784866406,100,7151dd71c3f96d97
3,monash_m1_yearly,chronos-t5,spikes_intensity,6.0,6.3386039207126,0.103588207626715,100,e040fde293022877
3,monash_m1_yearly,chronos-t5,spikes_intensity,8.0,5.750192631130109,0.1672005971920295,100,1cf57bfb2f356e0a
3,monash_m1_yearly,chronos-t5,spikes_intensity,12.0,7.546752961906821,0.0941660084401609,100,2ab3a96c5cdd7073
3,monash_m1_yearly,chronos-t5,spikes_intensity,16.0,6.463232671194035,0.0953594011871967,100,8efe688ea57e13b7
3,monash_m1_yearly,chronos-t5,spikes_intensity,20.0,8.762255575604778,0.1117412956638952,100,5c82c44d7a3e2c02
3,monash_m1_yearly,chronos-t5,spikes_intensity,30.0,6.333834910391689,0.0804059113904886,100,eae783a0394a5d33
3,monash_m1_yearly,chronos-t5,spikes_intensity,40.0,5.422022054539855,0.1129008635453696,100,6e56a86aeacc8b0f
3,monash_m3_monthly,chronos-t5,clean,0.0,0.8150714385681976,0.091317918944021,100,8396853c2542b64e
3,monash_m3_monthly,chronos-t5,spikes_intensity,1.0,0.9048867247755632,0.1028744594073438,100,642561503d3e5a94
3,monash_m3_monthly,chronos-t5,spikes_intensity,2.0,0.9240537211163378,0.1037205270939173,100,742a2245d279e1bf
3,monash_m3_monthly,chronos-t5,spikes_intensity,4.0,1.0515754632117271,0.1028144720773774,100,a6608189769df94e
3,monash_m3_monthly,chronos-t5,spikes_intensity,6.0,0.9763166761520932,0.1030620925571409,100,fef8ae7eb89e1ddc
3,monash_m3_monthly,chronos-t5,spikes_intensity,8.0,1.1557475154580754,0.1042490794870281,100,305316a00cb0d196
3,monash_m3_monthly,chronos-t5,spikes_intensity,12.0,0.8860963883335643,0.0975694119581824,100,ae8278f12b9592bf
3,monash_m3_monthly,chronos-t5,spikes_intensity,16.0,1.5626241175101272,0.1089445706797367,100,7ba5a499b03f4353
3,monash_m3_monthly,chronos-t5,spikes_intensity,20.0,1.1459334074937988,0.1146220570763233,100,d18cbb31fc952929
3,monash_m3_monthly,chronos-t5,spikes_intensity,30.0,0.8779047632274898,0.0967674035916705,100,7c1d824860e54e58
3,monash_m3_monthly,chronos-t5,spikes_intensity,40.0,0.9006750762137631,0.101517902258977,100,f23f0a95b57b7346
3,monash_m3_quarterly,chronos-t5,clean,0.0,1.3449826637286066,0.080447439090762,100,79cf7aa933a9403f
3,monash_m3_quarterly,chronos-t5,spikes_intensity,1.0,1.61045559123142,0.0957483437002714,100,b845682bfe37f409
3,monash_m3_quarterly,chronos-t5,spikes_intensity,2.0,1.6093059391621534,0.0902398626458283,100,2ad9ae1e0f340f3e
3,monash_m3_quarterly,chronos-t5,spikes_intensity,4.0,1.4826556170963283,0.0884444253958062,100,5d519462f9ef08b1
3,monash_m3_quarterly,chronos-t5,spikes_intensity,6.0,1.595637729139888,0.098891771017852,100,2798b0a2134cf02a
3,monash_m3_quarterly,chronos-t5,spikes_intensity,8.0,2.173665302922446,0.1194109619059319,100,53656fe2dd5c3da3
3,monash_m3_quarterly,chronos-t5,spikes_intensity,12.0,1.6535170146855962,0.105750529052395,100,dd102bdfac622e73
3,monash_m3_quarterly,chronos-t5,spikes_intensity,16.0,2.098420701021585,0.1303023893980054,100,ac60778a28a8b2c8
3,monash_m3_quarterly,chronos-t5,spikes_intensity,20.0,1.4019753332292748,0.0820314687346755,100,c6c6bf4b84e574fe
3,monash_m3_quarterly,chronos-t5,spikes_intensity,30.0,1.410961457107615,0.0856063147026612,100,cb5b8a6abca5756d
3,monash_m3_quarterly,chronos-t5,spikes_intensity,40.0,1.4085789978140852,0.0839496415742268,100,82e9984f2af08e18
3,monash_m3_yearly,chronos-t5,clean,0.0,3.6216888884414833,0.1636305495087478,100,22af5d0564fd98f0
3,monash_m3_yearly,chronos-t5,spikes_intensity,1.0,3.8170585781939623,0.1662342864368477,100,256e481883a154c2
3,monash_m3_yearly,chronos-t5,spikes_intensity,2.0,4.392507394227893,0.1726595798398114,100,13cd7f521c1d9b6c
3,monash_m3_yearly,chronos-t5,spikes_intensity,4.0,3.7604479089938514,0.1628341415387032,100,ae65df708765fafd
3,monash_m3_yearly,chronos-t5,spikes_intensity,6.0,4.546976764174037,0.2013873434186156,100,d9b5af4c16ec35dd
3,monash_m3_yearly,chronos-t5,spikes_intensity,8.0,4.289293385296783,0.187671687602866,100,aa442e72de40084f
3,monash_m3_yearly,chronos-t5,spikes_intensity,12.0,4.636813840751508,0.2009639309677743,100,94ec1b257064468d
3,monash_m3_yearly,chronos-t5,spikes_intensity,16.0,5.077554514102039,0.2487164388058943,100,f8603f38cffe54e6
3,monash_m3_yearly,chronos-t5,spikes_intensity,20.0,5.187219745093847,0.2113636468546682,100,528c31ce891ef980
3,monash_m3_yearly,chronos-t5,spikes_intensity,30.0,4.358678619898187,0.2183437379039424,100,fff3f0482e73b248
3,monash_m3_yearly,chronos-t5,spikes_intensity,40.0,3.591942351457828,0.1590200739727835,100,c569b7efc18a076b
3,monash_nn5_weekly,chronos-t5,clean,0.0,0.9317544038071132,0.0864675593236366,100,14e0fea8700b49b1
3,monash_nn5_weekly,chronos-t5,spikes_intensity,1.0,0.934398148836385,0.0867422026236575,100,6c3aec8a4208cb8c
3,monash_nn5_weekly,chronos-t5,spikes_intensity,2.0,0.9474442842228338,0.0871626862086551,100,ff9981dc2f7d4ae9
3,monash_nn5_weekly,chronos-t5,spikes_intensity,4.0,0.9491866637541552,0.08846095243846,100,4243f24b93934cf2
3,monash_nn5_weekly,chronos-t5,spikes_intensity,6.0,0.9469458069819908,0.0880141652730032,100,8a0079659b1bf937
3,monash_nn5_weekly,chronos-t5,spikes_intensity,8.0,0.9381577825049786,0.0869102970506927,100,ed477e1cc53dc422
3,monash_nn5_weekly,chronos-t5,spikes_intensity,12.0,0.9267565275098744,0.0862831575560778,100,e38c343c156754c7
3,monash_nn5_weekly,chronos-t5,spikes_intensity,16.0,0.9222138449712528,0.084993772693206,100,788c7872003ced6c
3,monash_nn5_weekly,chronos-t5,spikes_intensity,20.0,0.9204376202050416,0.0855934768062412,100,509f6cce82cbbadf
3,monash_nn5_weekly,chronos-t5,spikes_intensity,30.0,0.950777318624041,0.086265714341802,100,fedda9a945ed23dc
3,monash_nn5_weekly,chronos-t5,spikes_intensity,40.0,0.9286609039118566,0.0854244076265601,100,09d6665f57d188b5
3,monash_tourism_monthly,chronos-t5,clean,0.0,1.805136968550284,0.0964765155441301,100,f358903079404a57
3,monash_tourism_monthly,chronos-t5,spikes_intensity,1.0,1.9276257109100676,0.1032346669999718,100,8f47f28edbc64880
3,monash_tourism_monthly,chronos-t5,spikes_intensity,2.0,1.9913685746842429,0.1045501846287954,100,dfca3efa2ae3bec9
3,monash_tourism_monthly,chronos-t5,spikes_intensity,4.0,2.1310421430003315,0.1175671992456138,100,6926b0b9ac0b232f
3,monash_tourism_monthly,chronos-t5,spikes_intensity,6.0,2.0954641461120818,0.1107699292815312,100,67e7bd4cf06f0609
3,monash_tourism_monthly,chronos-t5,spikes_intensity,8.0,2.0198627478001177,0.1054405980601179,100,cdeec4cd98461556
3,monash_tourism_monthly,chronos-t5,spikes_intensity,12.0,2.033857964497931,0.118793729312843,100,574c74c3b5f6606a
3,monash_tourism_monthly,chronos-t5,spikes_intensity,16.0,1.8333612625790292,0.0937318083387856,100,00a09a4cdf15f44d
3,monash_tourism_monthly,chronos-t5,spikes_intensity,20.0,1.859133236365151,0.0974345762353357,100,a0a9341ee14fc5bc
3,monash_tourism_monthly,chronos-t5,spikes_intensity,30.0,1.8190298197661845,0.0964297223046295,100,0742e9b75a5a8651
3,monash_tourism_monthly,chronos-t5,spikes_intensity,40.0,1.7961059413343077,0.097596405120904,100,fad1d480dc87fbe1
3,monash_tourism_quarterly,chronos-t5,clean,0.0,1.720649943018009,0.0765073957426647,100,71a8b4e97521895d
3,monash_tourism_quarterly,chronos-t5,spikes_intensity,1.0,1.8508485117652704,0.0939960184426899,100,feeaca7c42a645eb
3,monash_tourism_quarterly,chronos-t5,spikes_intensity,2.0,2.256540140919125,0.1278790566325277,100,97b9838e15151615
3,monash_tourism_quarterly,chronos-t5,spikes_intensity,4.0,2.0754877695960143,0.1023056942140189,100,26f6c65d3a42acf5
3,monash_tourism_quarterly,chronos-t5,spikes_intensity,6.0,2.338075482552848,0.0814576167192206,100,8fa59e60e63d8bb4
3,monash_tourism_quarterly,chronos-t5,spikes_intensity,8.0,2.109990352816054,0.0894079606043803,100,0331dd7cd7c5922e
3,monash_tourism_quarterly,chronos-t5,spikes_intensity,12.0,1.8511762731318449,0.0901102265697949,100,7ca7408bced69938
3,monash_tourism_quarterly,chronos-t5,spikes_intensity,16.0,1.910483711339716,0.0919323688898875,100,4182be37fbadac50
3,monash_tourism_quarterly,chronos-t5,spikes_intensity,20.0,1.8363931324525788,0.1075501012385362,100,57642112f54c2604
3,monash_tourism_quarterly,chronos-t5,spikes_intensity,30.0,1.708534651156841,0.0718237791235537,100,d3d20939ca8225ca
3,monash_tourism_quarterly,chronos-t5,spikes_intensity,40.0,1.78614498256597,0.081022219906104,100,718175f720c04bcc
3,monash_tourism_yearly,chronos-t5,clean,0.0,3.969176114023335,0.2238962692954703,100,adf90b7d1f903bb2
3,monash_tourism_yearly,chronos-t5,spikes_intensity,1.0,4.059251425295919,0.2032963097073809,100,222bf2fe5690e793
3,monash_tourism_yearly,chronos-t5,spikes_intensity,2.0,4.395660505247998,0.2427462451967756,100,8bfe53494942a01f
3,monash_tourism_yearly,chronos-t5,spikes_intensity,4.0,4.313599807163765,0.1856618452198989,100,48ccb9daa7914c41
3,monash_tourism_yearly,chronos-t5,spikes_intensity,6.0,4.659809532244526,0.237359659919074,100,bf72e8373db4fbc3
3,monash_tourism_yearly,chronos-t5,spikes_intensity,8.0,4.823242161524808,0.2205188039732042,100,d6681653e29c6eda
3,monash_tourism_yearly,chronos-t5,spikes_intensity,12.0,9.711831232155395,0.8349723542388613,100,ddbe11fd08a0b94a
3,monash_tourism_yearly,chronos-t5,spikes_intensity,16.0,5.714982062891611,1.0262986401063603,100,6c8cff8ccdeb9d51
3,monash_tourism_yearly,chronos-t5,spikes_intensity,20.0,6.839113692853841,1.30875369270499,100,67fb0013e4444b6b
3,monash_tourism_yearly,chronos-t5,spikes_intensity,30.0,4.231330880499746,0.2110207596079417,100,de0a9afad9d36404
3,monash_tourism_yearly,chronos-t5,spikes_intensity,40.0,4.452117927463064,0.2791548074331447,100,01babfb80ccb98a3
3,monash_traffic,chronos-t5,clean,0.0,0.8164206544661762,0.2847577724421275,100,b391ecfc3e90d400
3,monash_traffic,chronos-t5,spikes_intensity,1.0,0.8362327294958892,0.2796823243072984,100,d680196d77e30708
3,monash_traffic,chronos-t5,spikes_intensity,2.0,0.8294157676247581,0.2787861052282932,100,48ce9541e67fd184
3,monash_traffic,chronos-t5,spikes_intensity,4.0,0.820409945036109,0.2789941043897161,100,8eb33070fad7ea7d
3,monash_traffic,chronos-t5,spikes_intensity,6.0,0.8256301209536206,0.2814118655371453,100,8e04ec1f0e1d393a
3,monash_traffic,chronos-t5,spikes_intensity,8.0,0.8169537436189617,0.2777177805101785,100,c64129d782724564
3,monash_traffic,chronos-t5,spikes_intensity,12.0,0.8288330803910378,0.2807221220427309,100,9220c597ff7af2e3
3,monash_traffic,chronos-t5,spikes_intensity,16.0,0.8363319897862307,0.2850990796526302,100,3f99e9cce3e92207
3,monash_traffic,chronos-t5,spikes_intensity,20.0,0.8385756733759219,0.2836341463402064,100,3b304217bcd02d2d
3,monash_traffic,chronos-t5,spikes_intensity,30.0,0.840648617271508,0.2860646482471025,100,74379273c79aabfe
3,monash_traffic,chronos-t5,spikes_intensity,40.0,0.8270797473720508,0.2883769724718479,100,c21bddce4acf5104
3,monash_weather,chronos-t5,clean,0.0,1.0414143068397272,0.1461975007474399,100,2fe9d636481148b4
3,monash_weather,chronos-t5,spikes_intensity,1.0,1.0224811087018204,0.1471036839291725,100,1aee770273887c82
3,monash_weather,chronos-t5,spikes_intensity,2.0,1.0117635447514008,0.1489824241094103,100,0d6ff275c0e9d06a
3,monash_weather,chronos-t5,spikes_intensity,4.0,1.047286695711806,0.1509904610736477,100,59f427f84afc0c13
3,monash_weather,chronos-t5,spikes_intensity,6.0,1.0444002970841813,0.151009990734298,100,be60654d47ec996a
3,monash_weather,chronos-t5,spikes_intensity,8.0,1.0157004205342082,0.1489249508345066,100,7cdde824f59f8c4e
3,monash_weather,chronos-t5,spikes_intensity,12.0,1.088180452930754,0.14704665316408,100,6b2a2b612f8bc470
3,monash_weather,chronos-t5,spikes_intensity,16.0,1.0503250256935748,0.1474587603548701,100,7d28b1e51e251349
3,monash_weather,chronos-t5,spikes_intensity,20.0,1.0269391883709735,0.1434481396083117,100,9a600f4a0dd710ec
3,monash_weather,chronos-t5,spikes_intensity,30.0,1.0246043851564584,0.1579705175852776,100,b47b360d14ff1ae3
3,monash_weather,chronos-t5,spikes_intensity,40.0,1.1053945627607331,0.1546260788312362,100,0cb74dbbfb4f8653
3,nn5,chronos-t5,clean,0.0,0.6061354766023722,0.1658250994200302,100,ddf5d74d6baba1a3
3,nn5,chronos-t5,spikes_intensity,1.0,0.5861801074456576,0.1612050518263653,100,54da0be58c3c96df
3,nn5,chronos-t5,spikes_intensity,2.0,0.5974652029450269,0.1635383146206509,100,ed2ae14ee99f88b8
3,nn5,chronos-t5,spikes_intensity,4.0,0.6292388768440864,0.1739707347950654,100,60b7ba0aa293a800
3,nn5,chronos-t5,spikes_intensity,6.0,0.623813423006169,0.169686280247366,100,d04ebbbb09d3dc7e
3,nn5,chronos-t5,spikes_intensity,8.0,0.613185484886753,0.1669779819424226,100,3419a75993018477
3,nn5,chronos-t5,spikes_intensity,12.0,0.5885119160094464,0.1605108133703426,100,e6e429e5f665164b
3,nn5,chronos-t5,spikes_intensity,16.0,0.5941651377768551,0.1611440340743633,100,8f0845e5183b7327
3,nn5,chronos-t5,spikes_intensity,20.0,0.5943868220878998,0.1592315671849823,100,cf90486393705c35
3,nn5,chronos-t5,spikes_intensity,30.0,0.612565930956699,0.1638054412298854,100,c9be258bd52d0c26
3,nn5,chronos-t5,spikes_intensity,40.0,0.5975405521438508,0.1585363529247465,100,31016e072ef5465e
4,dominick,chronos-t5,clean,0.0,0.829729771603048,0.2746769147379648,100,022395fb7a7f6672
4,dominick,chronos-t5,spikes_intensity,1.0,0.8894946577120626,0.2831844784650151,100,96a21cb7d558c459
4,dominick,chronos-t5,spikes_intensity,2.0,0.8905415922025329,0.279292004883702,100,02c05273af04796e
4,dominick,chronos-t5,spikes_intensity,4.0,0.8511892175243356,0.2748332013751369,100,a01e33337a25d3cb
4,dominick,chronos-t5,spikes_intensity,6.0,0.8420295557502672,0.2711196544191611,100,a1c88b1123d5665f
4,dominick,chronos-t5,spikes_intensity,8.0,0.9093473366847872,0.2697261261735977,100,ad0b21c830c4ba78
4,dominick,chronos-t5,spikes_intensity,12.0,0.9624889525716764,0.2837467903496657,100,1279f5fe1c6b8df8
4,dominick,chronos-t5,spikes_intensity,16.0,0.7907463273539557,0.2620496866593059,100,bd13299b55e13a1d
4,dominick,chronos-t5,spikes_intensity,20.0,0.8735000358584892,0.2775868151189855,100,74cccbfb292b023b
4,dominick,chronos-t5,spikes_intensity,30.0,0.796683721566516,0.2642783934436299,100,acbd9680d49330dd
4,dominick,chronos-t5,spikes_intensity,40.0,0.7961987033617665,0.2777014759348339,100,15ca3ff2d3d8b787
4,ercot,chronos-t5,clean,0.0,0.534741561475907,0.0143691041265641,8,5fe0784946f6200c
4,ercot,chronos-t5,spikes_intensity,1.0,0.72738290467988,0.0252331188533218,8,5f73b78a604864c5
4,ercot,chronos-t5,spikes_intensity,2.0,0.6907825015094796,0.0229263743164374,8,bc358fdf242bc002
4,ercot,chronos-t5,spikes_intensity,4.0,0.6798006880086905,0.0226604704342977,8,944dd1e74d54057c
4,ercot,chronos-t5,spikes_intensity,6.0,0.6492266359578506,0.0210793728925774,8,149a61298f23ab72
4,ercot,chronos-t5,spikes_intensity,8.0,0.8086075440711605,0.0379532514684164,8,2649ca6182b872d1
4,ercot,chronos-t5,spikes_intensity,12.0,1.36547146814256,0.040390895153066,8,ea324b5bc2f7f60e
4,ercot,chronos-t5,spikes_intensity,16.0,2.6548379226602035,0.1711561357544648,8,b4361bd3cf691cb4
4,ercot,chronos-t5,spikes_intensity,20.0,3.3448791778620883,0.2638571145560352,8,8006c8760c59c71d
4,ercot,chronos-t5,spikes_intensity,30.0,0.6995418699062005,0.0280794122473235,8,b1179537e155957b
4,ercot,chronos-t5,spikes_intensity,40.0,0.6943308269846623,0.0208885547257283,8,dce05615cd89ade6
4,exchange_rate,chronos-t5,clean,0.0,1.8606051485732036,0.0141767324649608,8,270afda0994788e3
4,exchange_rate,chronos-t5,spikes_intensity,1.0,2.6418722562845915,0.014155812395588,8,865e207fed08bba8
4,exchange_rate,chronos-t5,spikes_intensity,2.0,2.392998187054544,0.0144318262685024,8,5c09d9f7d4c0102a
4,exchange_rate,chronos-t5,spikes_intensity,4.0,2.7657895297488824,0.0168646984053596,8,cd6e8cd6b0e36278
4,exchange_rate,chronos-t5,spikes_intensity,6.0,2.1408927751249487,0.0176801017985943,8,32dfceeb485d5867
4,exchange_rate,chronos-t5,spikes_intensity,8.0,2.1241105184860705,0.0227442784951558,8,0c909a0c5a0814fc
4,exchange_rate,chronos-t5,spikes_intensity,12.0,6.6897094764769385,0.0878234957257135,8,2e4e303a896f31f0
4,exchange_rate,chronos-t5,spikes_intensity,16.0,14.479688860074775,0.1685129421994266,8,d599571ce93699a0
4,exchange_rate,chronos-t5,spikes_intensity,20.0,1.9565541634236487,0.050413359074204,8,674056d4c6c305f0
4,exchange_rate,chronos-t5,spikes_intensity,30.0,3.2319154141158632,0.0241324625119708,8,3b8d07a42aa0ca90
4,exchange_rate,chronos-t5,spikes_intensity,40.0,1.7472521906884082,0.0710200256141648,8,45270fb9d1e91b7a
4,m4_quarterly,chronos-t5,clean,0.0,1.1504537886290906,0.0771852545303478,100,444302055904448c
4,m4_quarterly,chronos-t5,spikes_intensity,1.0,1.301224970022245,0.0843889907568349,100,d802e881186620ff
4,m4_quarterly,chronos-t5,spikes_intensity,2.0,1.3501094156731537,0.0830779510020895,100,178b8761f520c486
4,m4_quarterly,chronos-t5,spikes_intensity,4.0,1.4214058636331617,0.0990415969543075,100,5a1de60abe236214
4,m4_quarterly,chronos-t5,spikes_intensity,6.0,1.4569976362479913,0.0924891109740153,100,b45d35da3dbe7cea
4,m4_quarterly,chronos-t5,spikes_intensity,8.0,1.313249479087219,0.0944814405189753,100,c779628cc7496ee7
4,m4_quarterly,chronos-t5,spikes_intensity,12.0,1.3410453665747424,0.0939681526831983,100,ebaa3d59770ef535
4,m4_quarterly,chronos-t5,spikes_intensity,16.0,1.2443709362167976,0.082653969915377,100,aa2a857446c20077
4,m4_quarterly,chronos-t5,spikes_intensity,20.0,1.2220190072952806,0.0802148411826767,100,09323c23fc1cbaa8
4,m4_quarterly,chronos-t5,spikes_intensity,30.0,1.2248549427828512,0.0797856516511708,100,ac4e612dcd8e3068
4,m4_quarterly,chronos-t5,spikes_intensity,40.0,1.2151175373906178,0.0775227967387722,100,a2856790d0642af9
4,m4_yearly,chronos-t5,clean,0.0,3.651698792210424,0.1436745340244203,100,2ab6975b9e0df166
4,m4_yearly,chronos-t5,spikes_intensity,1.0,3.873893953203229,0.152744266810983,100,5ef3ac7b0be9a93c
4,m4_yearly,chronos-t5,spikes_intensity,2.0,4.005559988710663,0.148682180267552,100,ec76b17f9b2b1e01
4,m4_yearly,chronos-t5,spikes_intensity,4.0,4.334126761390857,0.1633433385232104,100,475747034e419c49
4,m4_yearly,chronos-t5,spikes_intensity,6.0,5.266095376428686,0.1589188570719985,100,c6848105cc95cfe6
4,m4_yearly,chronos-t5,spikes_intensity,8.0,6.860872587148409,0.2354970240389,100,7492372daa9025d6
4,m4_yearly,chronos-t5,spikes_intensity,12.0,5.681382517102605,0.2491416031534859,100,d6aeab8173e39d16
4,m4_yearly,chronos-t5,spikes_intensity,16.0,7.0944396165621,0.1947504811223893,100,8f71a682b675a88c
4,m4_yearly,chronos-t5,spikes_intensity,20.0,4.05429079872741,0.1755130888714207,100,8fac836905de283d
4,m4_yearly,chronos-t5,spikes_intensity,30.0,10.418113978321308,0.1967566752302681,100,b3b7fbb20389e4d3
4,m4_yearly,chronos-t5,spikes_intensity,40.0,3.752610824518389,0.1800408673970794,100,2d11cd7751ba229d
4,m5,chronos-t5,clean,0.0,0.9296801621699118,0.5703092255121969,100,dc3b120d18c4ec13
4,m5,chronos-t5,spikes_intensity,1.0,0.9389290975670802,0.5905741723283087,100,6c4f1cabc63fa325
4,m5,chronos-t5,spikes_intensity,2.0,0.9324143987023422,0.5725958779484986,100,e2b895b574fa4447
4,m5,chronos-t5,spikes_intensity,4.0,0.9162762781569582,0.5787496739782946,100,69bcd813d4681f45
4,m5,chronos-t5,spikes_intensity,6.0,0.9300432520079108,0.6114886055220655,100,2b90fe15a5e358dd
4,m5,chronos-t5,spikes_intensity,8.0,0.916499282889398,0.5744081391783946,100,97daf664fd5fd941
4,m5,chronos-t5,spikes_intensity,12.0,0.9171471709048984,0.5841478663501799,100,c182cf645a721e84
4,m5,chronos-t5,spikes_intensity,16.0,0.9305444155865696,0.5862881767093643,100,ae0da24ac2847bcd
4,m5,chronos-t5,spikes_intensity,20.0,0.9272060048590174,0.5806898340939596,100,d06028d60796234f
4,m5,chronos-t5,spikes_intensity,30.0,0.915841109519069,0.5773657408562967,100,0b14459894c675f3
4,m5,chronos-t5,spikes_intensity,40.0,0.9184798625676716,0.5752727813942716,100,5a22e04f4be9e73b
4,monash_australian_electricity,chronos-t5,clean,0.0,1.146987306642698,0.0687082738160675,5,38c44bb4fa034e9e
4,monash_australian_electricity,chronos-t5,spikes_intensity,1.0,1.1229213527483448,0.0669845476296871,5,1a5a866b8da59a08
4,monash_australian_electricity,chronos-t5,spikes_intensity,2.0,1.099378080312214,0.0621585957107935,5,f85739575f232240
4,monash_australian_electricity,chronos-t5,spikes_intensity,4.0,1.046357116899305,0.0630558209718825,5,0a141776da56cd12
4,monash_australian_electricity,chronos-t5,spikes_intensity,6.0,1.64111902410175,0.1588178101069092,5,72e39e3b422f68ea
4,monash_australian_electricity,chronos-t5,spikes_intensity,8.0,7.912096721661803,0.4072202332365996,5,8a8db42b5d194a33
4,monash_australian_electricity,chronos-t5,spikes_intensity,12.0,1.284713931966199,0.0921067033538594,5,dc05f616208a700e
4,monash_australian_electricity,chronos-t5,spikes_intensity,16.0,1.1424048419707964,0.0825813554707422,5,4c8979ecadc87426
4,monash_australian_electricity,chronos-t5,spikes_intensity,20.0,1.1584121075929972,0.072102888344919,5,fc94b5fef914ba7c
4,monash_australian_electricity,chronos-t5,spikes_intensity,30.0,0.9632356177782524,0.0527273603875428,5,c421b7df70734512
4,monash_australian_electricity,chronos-t5,spikes_intensity,40.0,1.0691560230466413,0.061992834854045,5,514ebb5b2b9f823d
4,monash_car_parts,chronos-t5,clean,0.0,0.9320583351300132,1.0794457231646692,100,d1853c77ba0bd2eb
4,monash_car_parts,chronos-t5,spikes_intensity,1.0,0.908298180415268,1.0464308858193256,100,7d5cb79432b86f65
4,monash_car_parts,chronos-t5,spikes_intensity,2.0,0.9302425766802762,1.0863068586605462,100,4aee5a248eed22d8
4,monash_car_parts,chronos-t5,spikes_intensity,4.0,0.9436690933125568,1.1609223141844758,100,92c384a479576efa
4,monash_car_parts,chronos-t5,spikes_intensity,6.0,0.962048008420977,1.14414774741192,100,01e2e4f7f5d6126c
4,monash_car_parts,chronos-t5,spikes_intensity,8.0,0.9363770916734542,1.1147238187438877,100,640f3429f1fd3eca
4,monash_car_parts,chronos-t5,spikes_intensity,12.0,0.908818481375351,1.086000990723028,100,b595d5004bd8cbba
4,monash_car_parts,chronos-t5,spikes_intensity,16.0,0.9039409972560304,1.0862213974848811,100,90f3b31afa2c959c
4,monash_car_parts,chronos-t5,spikes_intensity,20.0,0.9380501032343196,1.133807497163003,100,2ae1e795bb3afaaa
4,monash_car_parts,chronos-t5,spikes_intensity,30.0,0.8979408472839476,1.228085095648188,100,3820c2cc82a6611e
4,monash_car_parts,chronos-t5,spikes_intensity,40.0,0.9196679035352284,1.2176014493101026,100,ceb769504c62b52c
4,monash_cif_2016,chronos-t5,clean,0.0,0.9722044727919928,0.0114674480790746,72,e4e15f9e2e7a0573
4,monash_cif_2016,chronos-t5,spikes_intensity,1.0,1.0591741848287486,0.0110423198085654,72,afe900560fb12fd9
4,monash_cif_2016,chronos-t5,spikes_intensity,2.0,1.1019554086386432,0.0174405067619453,72,8fd7b3b18790cfed
4,monash_cif_2016,chronos-t5,spikes_intensity,4.0,1.2654237322565591,0.398217293489786,72,4a4e1d2284da3123
4,monash_cif_2016,chronos-t5,spikes_intensity,6.0,1.4694866712907808,0.0151772627895756,72,c2a8cd1e6e928de2
4,monash_cif_2016,chronos-t5,spikes_intensity,8.0,1.072839204649107,0.0152354702404902,72,d31f557b9421f107
4,monash_cif_2016,chronos-t5,spikes_intensity,12.0,1.0895653985300602,0.1115057951640261,72,1b614f5dea80b158
4,monash_cif_2016,chronos-t5,spikes_intensity,16.0,1.1426060718627655,0.0124569160690357,72,6760f0030b816bc4
4,monash_cif_2016,chronos-t5,spikes_intensity,20.0,1.1211580114137718,0.011840570861924,72,621d2bd7286f3b0b
4,monash_cif_2016,chronos-t5,spikes_intensity,30.0,1.177810296268537,0.023645643120324,72,e1ed3260b28feb2e
4,monash_cif_2016,chronos-t5,spikes_intensity,40.0,1.0647135847082032,0.0122085032178233,72,33b5766bc4a0e864
4,monash_covid_deaths,chronos-t5,clean,0.0,50.5848547655571,0.0449151474574777,100,45dec5fd7f93b8a9
4,monash_covid_deaths,chronos-t5,spikes_intensity,1.0,56.98288715441444,0.0728717658319529,100,5b5a71d09cc799f0
4,monash_covid_deaths,chronos-t5,spikes_intensity,2.0,59.89197944426781,0.0805386121566482,100,a7c86375b99c1fa3
4,monash_covid_deaths,chronos-t5,spikes_intensity,4.0,59.09752688081995,0.0584256482925441,100,9a4298d530e4aeab
4,monash_covid_deaths,chronos-t5,spikes_intensity,6.0,52.51281829347988,0.0549602110619404,100,3ddb1f940ccb4aa3
4,monash_covid_deaths,chronos-t5,spikes_intensity,8.0,58.02442900899088,0.0550037739323953,100,d3a8b07f12c7c85d
4,monash_covid_deaths,chronos-t5,spikes_intensity,12.0,60.77239395253561,0.4921208819061445,100,4000dde85f6da696
4,monash_covid_deaths,chronos-t5,spikes_intensity,16.0,51.646547502601805,0.04030788939684,100,9ce98551d46c2498
4,monash_covid_deaths,chronos-t5,spikes_intensity,20.0,50.86486998146248,0.0495232695967235,100,d6af9061c8d96aa2
4,monash_covid_deaths,chronos-t5,spikes_intensity,30.0,51.43288241665307,0.0599342166820656,100,740a4a236dab1ca5
4,monash_covid_deaths,chronos-t5,spikes_intensity,40.0,52.37560460793102,0.0417601891035218,100,c4e34a0b355f736d
4,monash_fred_md,chronos-t5,clean,0.0,0.4473817487509678,0.0125683374459693,100,5cb073350fee3717
4,monash_fred_md,chronos-t5,spikes_intensity,1.0,0.7032237228566858,0.0146218190620897,100,cac8593e17561a7d
4,monash_fred_md,chronos-t5,spikes_intensity,2.0,1.1482762686646784,0.020664937562509,100,79a93c4dc9712aed
4,monash_fred_md,chronos-t5,spikes_intensity,4.0,0.4745706530440826,0.0221657369958818,100,353132d58e0dac4a
4,monash_fred_md,chronos-t5,spikes_intensity,6.0,1.9645545988478867,0.0357234884973662,100,b6b9c82a236ea67c
4,monash_fred_md,chronos-t5,spikes_intensity,8.0,1.3076671205779014,0.0359387043693938,100,a0c7ec6b89ba0d5e
4,monash_fred_md,chronos-t5,spikes_intensity,12.0,2.2073167341420503,0.0734682613827561,100,d7c602b2ab392a5b
4,monash_fred_md,chronos-t5,spikes_intensity,16.0,0.8744168545396449,0.018961879544355,100,64f5a5df4d86f90d
4,monash_fred_md,chronos-t5,spikes_intensity,20.0,0.7042991121927359,0.0278275725907992,100,fdbcd909e47ec815
4,monash_fred_md,chronos-t5,spikes_intensity,30.0,0.4538311506531454,0.0161686839082358,100,4488d45f91251ce7
4,monash_fred_md,chronos-t5,spikes_intensity,40.0,0.6778621036650062,0.0310435251940885,100,87a826b17571d826
4,monash_hospital,chronos-t5,clean,0.0,0.8392076452531221,0.0648225351308708,100,702d687834202dd3
4,monash_hospital,chronos-t5,spikes_intensity,1.0,0.8420082875527587,0.0669104114447492,100,a514afd589500028
4,monash_hospital,chronos-t5,spikes_intensity,2.0,0.8216453003050285,0.0679754057642866,100,0d7513bd9a82205d
4,monash_hospital,chronos-t5,spikes_intensity,4.0,0.8487353488926934,0.078421402666803,100,bc8b8a08c2f29074
4,monash_hospital,chronos-t5,spikes_intensity,6.0,0.8295171754241073,0.0628492156272992,100,8bdf11645fa2a15c
4,monash_hospital,chronos-t5,spikes_intensity,8.0,0.849377279068284,0.0682432747613372,100,ef2c7f07eeef64d8
4,monash_hospital,chronos-t5,spikes_intensity,12.0,0.8243571587342642,0.06388993009625,100,5e232bb6cd6f0289
4,monash_hospital,chronos-t5,spikes_intensity,16.0,0.8256513358811175,0.0652879502543909,100,a155d95bdebdd417
4,monash_hospital,chronos-t5,spikes_intensity,20.0,0.8303169947825557,0.0691648900598883,100,c5dc2b8d33118f5c
4,monash_hospital,chronos-t5,spikes_intensity,30.0,0.8317779374225271,0.0673446012960473,100,a4b865f13dba932c
4,monash_hospital,chronos-t5,spikes_intensity,40.0,0.8232615085535238,0.0651736468743059,100,a2e0751730a5b79e
4,monash_m1_monthly,chronos-t5,clean,0.0,1.1564258553956912,0.1949216728825159,100,c2b6b5f8b9fa16e2
4,monash_m1_monthly,chronos-t5,spikes_intensity,1.0,1.1387173063408815,0.1960326049753106,100,ddd71f00f6d8886a
4,monash_m1_monthly,chronos-t5,spikes_intensity,2.0,1.1587233388793738,0.1866803370766149,100,7d3abb85cfac0600
4,monash_m1_monthly,chronos-t5,spikes_intensity,4.0,1.1941224810482909,0.250598040884417,100,39fa4d59bbdb08f3
4,monash_m1_monthly,chronos-t5,spikes_intensity,6.0,1.339275157884051,0.2226061505228614,100,f1afde404b9f5961
4,monash_m1_monthly,chronos-t5,spikes_intensity,8.0,1.2085625716873332,0.212792614885266,100,9db2b10efad593eb
4,monash_m1_monthly,chronos-t5,spikes_intensity,12.0,1.194681000046821,0.194935676408148,100,b6525f32eaaf3e49
4,monash_m1_monthly,chronos-t5,spikes_intensity,16.0,1.2929522361422945,0.2001672759830945,100,104307e6f3505d62
4,monash_m1_monthly,chronos-t5,spikes_intensity,20.0,1.3273170392792302,0.192340543168083,100,a5ec76b5ea716248
4,monash_m1_monthly,chronos-t5,spikes_intensity,30.0,1.1181165897472456,0.1922932492754447,100,1215407a10c38f0b
4,monash_m1_monthly,chronos-t5,spikes_intensity,40.0,1.4244784129064771,0.2029430484802196,100,45b4792a804b00a5
4,monash_m1_quarterly,chronos-t5,clean,0.0,1.758132769091244,0.0905324939288711,100,88c3945422a1e782
4,monash_m1_quarterly,chronos-t5,spikes_intensity,1.0,1.8562253615555624,0.0862126737274448,100,c6939c55db4e3cd4
4,monash_m1_quarterly,chronos-t5,spikes_intensity,2.0,1.877057279173376,0.0846730913689969,100,1954b2fabf53dae1
4,monash_m1_quarterly,chronos-t5,spikes_intensity,4.0,2.242149035175164,0.097084669874338,100,e72636abf908fce1
4,monash_m1_quarterly,chronos-t5,spikes_intensity,6.0,1.7847238404481285,0.0953227295778475,100,ebbc85309e9537e7
4,monash_m1_quarterly,chronos-t5,spikes_intensity,8.0,2.713776627104852,0.0945855860189004,100,7139b331f5bd0d06
4,monash_m1_quarterly,chronos-t5,spikes_intensity,12.0,2.411088359960561,0.0775765778743633,100,3698cb560ff22ca5
4,monash_m1_quarterly,chronos-t5,spikes_intensity,16.0,2.2868520968834374,0.0903152883309174,100,fcbcb1e2b7db1588
4,monash_m1_quarterly,chronos-t5,spikes_intensity,20.0,2.192584274042352,0.0887600987698247,100,b764898bacf1b215
4,monash_m1_quarterly,chronos-t5,spikes_intensity,30.0,1.7021804476144518,0.094238675176301,100,8a4d883005b73ba1
4,monash_m1_quarterly,chronos-t5,spikes_intensity,40.0,2.242628927519499,0.0985196022577806,100,012ebb9308b7e72e
4,monash_m1_yearly,chronos-t5,clean,0.0,4.857354114621919,0.0913370599388894,100,0c8de5066b459982
4,monash_m1_yearly,chronos-t5,spikes_intensity,1.0,5.31120391183743,0.0941052005037508,100,02c6a4e5a0882909
4,monash_m1_yearly,chronos-t5,spikes_intensity,2.0,5.09260092703433,0.1482888688607598,100,a948db659565d7c1
4,monash_m1_yearly,chronos-t5,spikes_intensity,4.0,5.667521293441843,0.0843343820799191,100,7151dd71c3f96d97
4,monash_m1_yearly,chronos-t5,spikes_intensity,6.0,6.453381299719643,0.1099621649992447,100,e040fde293022877
4,monash_m1_yearly,chronos-t5,spikes_intensity,8.0,5.887818181131076,0.1523830070402299,100,1cf57bfb2f356e0a
4,monash_m1_yearly,chronos-t5,spikes_intensity,12.0,7.707809114126713,0.0850080219297211,100,2ab3a96c5cdd7073
4,monash_m1_yearly,chronos-t5,spikes_intensity,16.0,6.196333512248399,0.0957891037378686,100,8efe688ea57e13b7
4,monash_m1_yearly,chronos-t5,spikes_intensity,20.0,8.804645673390187,0.118348740712521,100,5c82c44d7a3e2c02
4,monash_m1_yearly,chronos-t5,spikes_intensity,30.0,6.314947825774693,0.0859975045190039,100,eae783a0394a5d33
4,monash_m1_yearly,chronos-t5,spikes_intensity,40.0,5.363188274888401,0.2953085576522963,100,6e56a86aeacc8b0f
4,monash_m3_monthly,chronos-t5,clean,0.0,0.8250417212525419,0.0927878051651921,100,8396853c2542b64e
4,monash_m3_monthly,chronos-t5,spikes_intensity,1.0,0.9058196346546712,0.1048533502527398,100,642561503d3e5a94
4,monash_m3_monthly,chronos-t5,spikes_intensity,2.0,0.9718766309291036,0.107292014960617,100,742a2245d279e1bf
4,monash_m3_monthly,chronos-t5,spikes_intensity,4.0,1.05577519981625,0.1058263010334537,100,a6608189769df94e
4,monash_m3_monthly,chronos-t5,spikes_intensity,6.0,0.9532529661273584,0.1014347419573605,100,fef8ae7eb89e1ddc
4,monash_m3_monthly,chronos-t5,spikes_intensity,8.0,1.1612870933496702,0.1050969725761483,100,305316a00cb0d196
4,monash_m3_monthly,chronos-t5,spikes_intensity,12.0,0.8757013537014672,0.0989452290602414,100,ae8278f12b9592bf
4,monash_m3_monthly,chronos-t5,spikes_intensity,16.0,1.5879565220091445,0.1121131645142278,100,7ba5a499b03f4353
4,monash_m3_monthly,chronos-t5,spikes_intensity,20.0,1.2553000438023938,0.1198448355767725,100,d18cbb31fc952929
4,monash_m3_monthly,chronos-t5,spikes_intensity,30.0,0.8547170197723487,0.0944915619864891,100,7c1d824860e54e58
4,monash_m3_monthly,chronos-t5,spikes_intensity,40.0,0.9323856859630122,0.1023319118984667,100,f23f0a95b57b7346
4,monash_m3_quarterly,chronos-t5,clean,0.0,1.3404149536080876,0.0782715014267679,100,79cf7aa933a9403f
4,monash_m3_quarterly,chronos-t5,spikes_intensity,1.0,1.6296297856307635,0.0952216796526606,100,b845682bfe37f409
4,monash_m3_quarterly,chronos-t5,spikes_intensity,2.0,1.6334298332126531,0.0907036364769529,100,2ad9ae1e0f340f3e
4,monash_m3_quarterly,chronos-t5,spikes_intensity,4.0,1.5240939293141165,0.0881282871694736,100,5d519462f9ef08b1
4,monash_m3_quarterly,chronos-t5,spikes_intensity,6.0,1.5793236191807531,0.096771339759529,100,2798b0a2134cf02a
4,monash_m3_quarterly,chronos-t5,spikes_intensity,8.0,2.200049964414845,0.1166048560080138,100,53656fe2dd5c3da3
4,monash_m3_quarterly,chronos-t5,spikes_intensity,12.0,1.6266938976196772,0.1038927856541838,100,dd102bdfac622e73
4,monash_m3_quarterly,chronos-t5,spikes_intensity,16.0,2.1624742397776124,0.1385631527059911,100,ac60778a28a8b2c8
4,monash_m3_quarterly,chronos-t5,spikes_intensity,20.0,1.3977027038500358,0.0812171970636211,100,c6c6bf4b84e574fe
4,monash_m3_quarterly,chronos-t5,spikes_intensity,30.0,1.4214775878987342,0.0981453509481658,100,cb5b8a6abca5756d
4,monash_m3_quarterly,chronos-t5,spikes_intensity,40.0,1.3592471502422907,0.0794229731550599,100,82e9984f2af08e18
4,monash_m3_yearly,chronos-t5,clean,0.0,3.612171799668399,0.1627227514565881,100,22af5d0564fd98f0
4,monash_m3_yearly,chronos-t5,spikes_intensity,1.0,3.858289551372506,0.1654589162731486,100,256e481883a154c2
4,monash_m3_yearly,chronos-t5,spikes_intensity,2.0,4.404715807588148,0.1741857404250158,100,13cd7f521c1d9b6c
4,monash_m3_yearly,chronos-t5,spikes_intensity,4.0,3.704336412809035,0.1636366480824813,100,ae65df708765fafd
4,monash_m3_yearly,chronos-t5,spikes_intensity,6.0,4.626655035751039,0.2047465189894832,100,d9b5af4c16ec35dd
4,monash_m3_yearly,chronos-t5,spikes_intensity,8.0,4.247837569217341,0.1855870586898697,100,aa442e72de40084f
4,monash_m3_yearly,chronos-t5,spikes_intensity,12.0,4.427983619990688,0.200701576515001,100,94ec1b257064468d
4,monash_m3_yearly,chronos-t5,spikes_intensity,16.0,5.107305273980203,0.2488217529010261,100,f8603f38cffe54e6
4,monash_m3_yearly,chronos-t5,spikes_intensity,20.0,5.307563725307214,0.2141387861828805,100,528c31ce891ef980
4,monash_m3_yearly,chronos-t5,spikes_intensity,30.0,4.395878978416691,0.1832930567366265,100,fff3f0482e73b248
4,monash_m3_yearly,chronos-t5,spikes_intensity,40.0,3.713056407532119,0.1602781309008756,100,c569b7efc18a076b
4,monash_nn5_weekly,chronos-t5,clean,0.0,0.9251620700897004,0.0863138820792366,100,14e0fea8700b49b1
4,monash_nn5_weekly,chronos-t5,spikes_intensity,1.0,0.9287817600415732,0.0863351044377747,100,6c3aec8a4208cb8c
4,monash_nn5_weekly,chronos-t5,spikes_intensity,2.0,0.9421599061423456,0.0864191282603559,100,ff9981dc2f7d4ae9
4,monash_nn5_weekly,chronos-t5,spikes_intensity,4.0,0.9493616680342648,0.087717313919085,100,4243f24b93934cf2
4,monash_nn5_weekly,chronos-t5,spikes_intensity,6.0,0.9638771810387156,0.0886880227058304,100,8a0079659b1bf937
4,monash_nn5_weekly,chronos-t5,spikes_intensity,8.0,0.9245071739635204,0.0863220964644483,100,ed477e1cc53dc422
4,monash_nn5_weekly,chronos-t5,spikes_intensity,12.0,0.9396887668098266,0.0870678203287265,100,e38c343c156754c7
4,monash_nn5_weekly,chronos-t5,spikes_intensity,16.0,0.9201386587822136,0.0843715294980886,100,788c7872003ced6c
4,monash_nn5_weekly,chronos-t5,spikes_intensity,20.0,0.935056012864054,0.0867039017061059,100,509f6cce82cbbadf
4,monash_nn5_weekly,chronos-t5,spikes_intensity,30.0,0.9360872438920484,0.0850915342127473,100,fedda9a945ed23dc
4,monash_nn5_weekly,chronos-t5,spikes_intensity,40.0,0.9165370047100176,0.0839771770610502,100,09d6665f57d188b5
4,monash_tourism_monthly,chronos-t5,clean,0.0,1.824364733332064,0.0973591096280635,100,f358903079404a57
4,monash_tourism_monthly,chronos-t5,spikes_intensity,1.0,1.9328725614576463,0.1038236607751418,100,8f47f28edbc64880
4,monash_tourism_monthly,chronos-t5,spikes_intensity,2.0,1.9958390018505547,0.1072754218465533,100,dfca3efa2ae3bec9
4,monash_tourism_monthly,chronos-t5,spikes_intensity,4.0,2.1225135389798613,0.1193204637463897,100,6926b0b9ac0b232f
4,monash_tourism_monthly,chronos-t5,spikes_intensity,6.0,2.071473099036368,0.1151721104299546,100,67e7bd4cf06f0609
4,monash_tourism_monthly,chronos-t5,spikes_intensity,8.0,2.033309371101692,0.1088058342497526,100,cdeec4cd98461556
4,monash_tourism_monthly,chronos-t5,spikes_intensity,12.0,1.9966061666161656,0.1186585725631756,100,574c74c3b5f6606a
4,monash_tourism_monthly,chronos-t5,spikes_intensity,16.0,1.8359920532974816,0.0946433108317758,100,00a09a4cdf15f44d
4,monash_tourism_monthly,chronos-t5,spikes_intensity,20.0,1.8391739021317648,0.095586165980724,100,a0a9341ee14fc5bc
4,monash_tourism_monthly,chronos-t5,spikes_intensity,30.0,1.812160461872433,0.095811537751087,100,0742e9b75a5a8651
4,monash_tourism_monthly,chronos-t5,spikes_intensity,40.0,1.8197247299373052,0.0947210743179427,100,fad1d480dc87fbe1
4,monash_tourism_quarterly,chronos-t5,clean,0.0,1.7403997151798714,0.0809357415546866,100,71a8b4e97521895d
4,monash_tourism_quarterly,chronos-t5,spikes_intensity,1.0,1.8807758434418973,0.0935954796861112,100,feeaca7c42a645eb
4,monash_tourism_quarterly,chronos-t5,spikes_intensity,2.0,2.238962401225891,0.131556936599632,100,97b9838e15151615
4,monash_tourism_quarterly,chronos-t5,spikes_intensity,4.0,2.1041185964249096,0.0992999365417294,100,26f6c65d3a42acf5
4,monash_tourism_quarterly,chronos-t5,spikes_intensity,6.0,2.414358133242911,0.0848019688308104,100,8fa59e60e63d8bb4
4,monash_tourism_quarterly,chronos-t5,spikes_intensity,8.0,2.133362833901721,0.0948030517329683,100,0331dd7cd7c5922e
4,monash_tourism_quarterly,chronos-t5,spikes_intensity,12.0,1.8466093215058317,0.092049235834218,100,7ca7408bced69938
4,monash_tourism_quarterly,chronos-t5,spikes_intensity,16.0,1.8858948550220505,0.0874674026411531,100,4182be37fbadac50
4,monash_tourism_quarterly,chronos-t5,spikes_intensity,20.0,1.8287514551997577,0.097490223412571,100,57642112f54c2604
4,monash_tourism_quarterly,chronos-t5,spikes_intensity,30.0,1.7487311670711008,0.0745700977641093,100,d3d20939ca8225ca
4,monash_tourism_quarterly,chronos-t5,spikes_intensity,40.0,1.7986454072448854,0.0786084513060269,100,718175f720c04bcc
4,monash_tourism_yearly,chronos-t5,clean,0.0,3.974978767709247,0.2068281912541059,100,adf90b7d1f903bb2
4,monash_tourism_yearly,chronos-t5,spikes_intensity,1.0,4.024140955820963,0.1990813316926661,100,222bf2fe5690e793
4,monash_tourism_yearly,chronos-t5,spikes_intensity,2.0,4.412725544524723,0.2427500338553377,100,8bfe53494942a01f
4,monash_tourism_yearly,chronos-t5,spikes_intensity,4.0,4.302962603127363,0.1695048942000476,100,48ccb9daa7914c41
4,monash_tourism_yearly,chronos-t5,spikes_intensity,6.0,4.6338016652577405,0.2166537127528031,100,bf72e8373db4fbc3
4,monash_tourism_yearly,chronos-t5,spikes_intensity,8.0,4.69703479284572,0.2056800179541483,100,d6681653e29c6eda
4,monash_tourism_yearly,chronos-t5,spikes_intensity,12.0,9.16495536424115,0.6411607800747327,100,ddbe11fd08a0b94a
4,monash_tourism_yearly,chronos-t5,spikes_intensity,16.0,5.299529666137339,1.0650847900096432,100,6c8cff8ccdeb9d51
4,monash_tourism_yearly,chronos-t5,spikes_intensity,20.0,6.813093875914732,1.300164728004732,100,67fb0013e4444b6b
4,monash_tourism_yearly,chronos-t5,spikes_intensity,30.0,4.28920342526099,0.2091986701564737,100,de0a9afad9d36404
4,monash_tourism_yearly,chronos-t5,spikes_intensity,40.0,4.743448534197214,0.3135684266060622,100,01babfb80ccb98a3
4,monash_traffic,chronos-t5,clean,0.0,0.8153518558779971,0.2779847546946903,100,b391ecfc3e90d400
4,monash_traffic,chronos-t5,spikes_intensity,1.0,0.8284040918311713,0.2764474341725901,100,d680196d77e30708
4,monash_traffic,chronos-t5,spikes_intensity,2.0,0.8189558693778105,0.274217349294949,100,48ce9541e67fd184
4,monash_traffic,chronos-t5,spikes_intensity,4.0,0.8203028771702924,0.2803676689014488,100,8eb33070fad7ea7d
4,monash_traffic,chronos-t5,spikes_intensity,6.0,0.822964747154398,0.2786546329821772,100,8e04ec1f0e1d393a
4,monash_traffic,chronos-t5,spikes_intensity,8.0,0.8341210675548338,0.284571877061858,100,c64129d782724564
4,monash_traffic,chronos-t5,spikes_intensity,12.0,0.838855759092415,0.2811868831672254,100,9220c597ff7af2e3
4,monash_traffic,chronos-t5,spikes_intensity,16.0,0.8324952628224401,0.2767305752466208,100,3f99e9cce3e92207
4,monash_traffic,chronos-t5,spikes_intensity,20.0,0.8397975827778827,0.2852415362734157,100,3b304217bcd02d2d
4,monash_traffic,chronos-t5,spikes_intensity,30.0,0.8382598745059773,0.2816738006382417,100,74379273c79aabfe
4,monash_traffic,chronos-t5,spikes_intensity,40.0,0.8383899579416698,0.3266323097728398,100,c21bddce4acf5104
4,monash_weather,chronos-t5,clean,0.0,1.047359219128273,0.1457584778129344,100,2fe9d636481148b4
4,monash_weather,chronos-t5,spikes_intensity,1.0,1.0296414522702677,0.1465527447499651,100,1aee770273887c82
4,monash_weather,chronos-t5,spikes_intensity,2.0,1.053478817144189,0.1495689950947513,100,0d6ff275c0e9d06a
4,monash_weather,chronos-t5,spikes_intensity,4.0,1.0340057492290449,0.1506832115904401,100,59f427f84afc0c13
4,monash_weather,chronos-t5,spikes_intensity,6.0,1.0422410924343752,0.1486124713397983,100,be60654d47ec996a
4,monash_weather,chronos-t5,spikes_intensity,8.0,1.043097046886263,0.1493136463288894,100,7cdde824f59f8c4e
4,monash_weather,chronos-t5,spikes_intensity,12.0,1.0528970423659896,0.147176761236406,100,6b2a2b612f8bc470
4,monash_weather,chronos-t5,spikes_intensity,16.0,1.04033665939143,0.146622464032823,100,7d28b1e51e251349
4,monash_weather,chronos-t5,spikes_intensity,20.0,1.043253999778469,0.1443618246953325,100,9a600f4a0dd710ec
4,monash_weather,chronos-t5,spikes_intensity,30.0,1.0355504686147046,0.1556174981288014,100,b47b360d14ff1ae3
4,monash_weather,chronos-t5,spikes_intensity,40.0,1.0766079413253855,0.1602281925584595,100,0cb74dbbfb4f8653
4,nn5,chronos-t5,clean,0.0,0.6049696596294938,0.1660818524569837,100,ddf5d74d6baba1a3
4,nn5,chronos-t5,spikes_intensity,1.0,0.5906764637738026,0.161953709892671,100,54da0be58c3c96df
4,nn5,chronos-t5,spikes_intensity,2.0,0.5980175348257002,0.1641862502935476,100,ed2ae14ee99f88b8
4,nn5,chronos-t5,spikes_intensity,4.0,0.6250646972002437,0.1725708195241531,100,60b7ba0aa293a800
4,nn5,chronos-t5,spikes_intensity,6.0,0.6270303326844885,0.1701710003821476,100,d04ebbbb09d3dc7e
4,nn5,chronos-t5,spikes_intensity,8.0,0.6075306647688213,0.1656078354660736,100,3419a75993018477
4,nn5,chronos-t5,spikes_intensity,12.0,0.5942817906535324,0.1623899616503466,100,e6e429e5f665164b
4,nn5,chronos-t5,spikes_intensity,16.0,0.5901043848312643,0.1604986008564841,100,8f0845e5183b7327
4,nn5,chronos-t5,spikes_intensity,20.0,0.5921737310428832,0.1590654990998339,100,cf90486393705c35
4,nn5,chronos-t5,spikes_intensity,30.0,0.6049839379817922,0.1617123447373271,100,c9be258bd52d0c26
4,nn5,chronos-t5,spikes_intensity,40.0,0.5917497398473786,0.1561107450581248,100,31016e072ef5465e
5,dominick,chronos-t5,clean,0.0,0.7619512018682548,0.2599026430899507,100,022395fb7a7f6672
5,dominick,chronos-t5,spikes_intensity,1.0,0.8411044986350045,0.2698523326495925,100,96a21cb7d558c459
5,dominick,chronos-t5,spikes_intensity,2.0,0.8503349730123853,0.2680382266466988,100,02c05273af04796e
5,dominick,chronos-t5,spikes_intensity,4.0,0.8569344974008374,0.2733355968475638,100,a01e33337a25d3cb
5,dominick,chronos-t5,spikes_intensity,6.0,0.7957257567181741,0.259655676518199,100,a1c88b1123d5665f
5,dominick,chronos-t5,spikes_intensity,8.0,0.9407790708840196,0.2739087514726032,100,ad0b21c830c4ba78
5,dominick,chronos-t5,spikes_intensity,12.0,0.8896095190237877,0.276905695890815,100,1279f5fe1c6b8df8
5,dominick,chronos-t5,spikes_intensity,16.0,0.7726165376191199,0.2671672122683717,100,bd13299b55e13a1d
5,dominick,chronos-t5,spikes_intensity,20.0,0.8562945364039228,0.2680979638063415,100,74cccbfb292b023b
5,dominick,chronos-t5,spikes_intensity,30.0,0.765865473975666,0.26801029547933,100,acbd9680d49330dd
5,dominick,chronos-t5,spikes_intensity,40.0,0.7740216103629538,0.2848150482877345,100,15ca3ff2d3d8b787
5,ercot,chronos-t5,clean,0.0,0.604372273833884,0.0170657562041877,8,5fe0784946f6200c
5,ercot,chronos-t5,spikes_intensity,1.0,0.736626412412571,0.0248430661228759,8,5f73b78a604864c5
5,ercot,chronos-t5,spikes_intensity,2.0,0.7738493665844635,0.0239920161668299,8,bc358fdf242bc002
5,ercot,chronos-t5,spikes_intensity,4.0,0.6470989444876838,0.0206738401974581,8,944dd1e74d54057c
5,ercot,chronos-t5,spikes_intensity,6.0,0.7327975962241933,0.0230496992735935,8,149a61298f23ab72
5,ercot,chronos-t5,spikes_intensity,8.0,0.7053976384293498,0.0452185507811591,8,2649ca6182b872d1
5,ercot,chronos-t5,spikes_intensity,12.0,2.12089905324413,0.0421039460980209,8,ea324b5bc2f7f60e
5,ercot,chronos-t5,spikes_intensity,16.0,2.539055262920401,0.142261414643724,8,b4361bd3cf691cb4
5,ercot,chronos-t5,spikes_intensity,20.0,4.348057588937444,0.206461835446093,8,8006c8760c59c71d
5,ercot,chronos-t5,spikes_intensity,30.0,0.7270261217374587,0.0263726487155751,8,b1179537e155957b
5,ercot,chronos-t5,spikes_intensity,40.0,0.6699296725809628,0.0212340106010837,8,dce05615cd89ade6
5,exchange_rate,chronos-t5,clean,0.0,1.844563999771732,0.0141934883996277,8,270afda0994788e3
5,exchange_rate,chronos-t5,spikes_intensity,1.0,2.151751661025259,0.0142695127490158,8,865e207fed08bba8
5,exchange_rate,chronos-t5,spikes_intensity,2.0,1.9948801602597168,0.0125125552567349,8,5c09d9f7d4c0102a
5,exchange_rate,chronos-t5,spikes_intensity,4.0,2.265299219760635,0.0168878725059324,8,cd6e8cd6b0e36278
5,exchange_rate,chronos-t5,spikes_intensity,6.0,2.214294468364713,0.0228630849307225,8,32dfceeb485d5867
5,exchange_rate,chronos-t5,spikes_intensity,8.0,2.0630722552415657,0.0254048235040417,8,0c909a0c5a0814fc
5,exchange_rate,chronos-t5,spikes_intensity,12.0,7.88077795945422,0.0793189646021556,8,2e4e303a896f31f0
5,exchange_rate,chronos-t5,spikes_intensity,16.0,11.77331832333758,0.1497694065462834,8,d599571ce93699a0
5,exchange_rate,chronos-t5,spikes_intensity,20.0,1.7672845179153422,0.062308458486477,8,674056d4c6c305f0
5,exchange_rate,chronos-t5,spikes_intensity,30.0,2.3810066947579944,0.0240498201192939,8,3b8d07a42aa0ca90
5,exchange_rate,chronos-t5,spikes_intensity,40.0,1.6664327195160238,0.0175906495966849,8,45270fb9d1e91b7a
5,m4_quarterly,chronos-t5,clean,0.0,1.1683830857267798,0.077262945405943,100,444302055904448c
5,m4_quarterly,chronos-t5,spikes_intensity,1.0,1.3355170165326335,0.085534171008065,100,d802e881186620ff
5,m4_quarterly,chronos-t5,spikes_intensity,2.0,1.431307713987277,0.0850620012879782,100,178b8761f520c486
5,m4_quarterly,chronos-t5,spikes_intensity,4.0,1.4092579567584942,0.0969544951186028,100,5a1de60abe236214
5,m4_quarterly,chronos-t5,spikes_intensity,6.0,1.398688775591812,0.0917934612616702,100,b45d35da3dbe7cea
5,m4_quarterly,chronos-t5,spikes_intensity,8.0,1.3218718676917098,0.0920267868355575,100,c779628cc7496ee7
5,m4_quarterly,chronos-t5,spikes_intensity,12.0,1.3635433045133496,0.1039845839938506,100,ebaa3d59770ef535
5,m4_quarterly,chronos-t5,spikes_intensity,16.0,1.218314250884398,0.079711600357851,100,aa2a857446c20077
5,m4_quarterly,chronos-t5,spikes_intensity,20.0,1.2357402753666005,0.0835799780527847,100,09323c23fc1cbaa8
5,m4_quarterly,chronos-t5,spikes_intensity,30.0,1.240599670421534,0.0799853031956379,100,ac4e612dcd8e3068
5,m4_quarterly,chronos-t5,spikes_intensity,40.0,1.2171635712583695,0.0768221527816714,100,a2856790d0642af9
5,m4_yearly,chronos-t5,clean,0.0,3.5610838613806286,0.1418259550021916,100,2ab6975b9e0df166
5,m4_yearly,chronos-t5,spikes_intensity,1.0,3.7788790836860335,0.1501774203140859,100,5ef3ac7b0be9a93c
5,m4_yearly,chronos-t5,spikes_intensity,2.0,4.066456943621523,0.1488688692393753,100,ec76b17f9b2b1e01
5,m4_yearly,chronos-t5,spikes_intensity,4.0,3.99472372050354,0.1629345969721262,100,475747034e419c49
5,m4_yearly,chronos-t5,spikes_intensity,6.0,5.295740660585978,0.157672310184785,100,c6848105cc95cfe6
5,m4_yearly,chronos-t5,spikes_intensity,8.0,6.825680918236258,0.2159097737645362,100,7492372daa9025d6
5,m4_yearly,chronos-t5,spikes_intensity,12.0,5.679139633262614,0.2404366549167919,100,d6aeab8173e39d16
5,m4_yearly,chronos-t5,spikes_intensity,16.0,6.02916252263486,0.1840148518407229,100,8f71a682b675a88c
5,m4_yearly,chronos-t5,spikes_intensity,20.0,4.033645717526781,0.1698390989532489,100,8fac836905de283d
5,m4_yearly,chronos-t5,spikes_intensity,30.0,6.4335087816970855,0.192552674665539,100,b3b7fbb20389e4d3
5,m4_yearly,chronos-t5,spikes_intensity,40.0,5.6528029189565325,0.2682893692046089,100,2d11cd7751ba229d
5,m5,chronos-t5,clean,0.0,0.9237026227474484,0.5739290915768499,100,dc3b120d18c4ec13
5,m5,chronos-t5,spikes_intensity,1.0,0.9349288853011256,0.6059242532612106,100,6c4f1cabc63fa325
5,m5,chronos-t5,spikes_intensity,2.0,0.9180849059864848,0.5569432953787435,100,e2b895b574fa4447
5,m5,chronos-t5,spikes_intensity,4.0,0.9309405638772854,0.586390305849068,100,69bcd813d4681f45
5,m5,chronos-t5,spikes_intensity,6.0,0.9398464833375932,0.6267009971296295,100,2b90fe15a5e358dd
5,m5,chronos-t5,spikes_intensity,8.0,0.917140465093766,0.5685940898400458,100,97daf664fd5fd941
5,m5,chronos-t5,spikes_intensity,12.0,0.9150923071393836,0.5756694716018603,100,c182cf645a721e84
5,m5,chronos-t5,spikes_intensity,16.0,0.941790607431847,0.5857787914320297,100,ae0da24ac2847bcd
5,m5,chronos-t5,spikes_intensity,20.0,0.9140863914165532,0.5819580144710019,100,d06028d60796234f
5,m5,chronos-t5,spikes_intensity,30.0,0.9221524883147212,0.5747980907200702,100,0b14459894c675f3
5,m5,chronos-t5,spikes_intensity,40.0,0.9213341807071976,0.5796955376195743,100,5a22e04f4be9e73b
5,monash_australian_electricity,chronos-t5,clean,0.0,1.2083344850253517,0.0695160366055064,5,38c44bb4fa034e9e
5,monash_australian_electricity,chronos-t5,spikes_intensity,1.0,1.1762845364467442,0.0652388209483261,5,1a5a866b8da59a08
5,monash_australian_electricity,chronos-t5,spikes_intensity,2.0,1.1226569967345472,0.0635686157725582,5,f85739575f232240
5,monash_australian_electricity,chronos-t5,spikes_intensity,4.0,1.215746479136282,0.0726436742190825,5,0a141776da56cd12
5,monash_australian_electricity,chronos-t5,spikes_intensity,6.0,1.3553580533716645,0.1448909414271622,5,72e39e3b422f68ea
5,monash_australian_electricity,chronos-t5,spikes_intensity,8.0,9.508322640955392,0.4701892442761551,5,8a8db42b5d194a33
5,monash_australian_electricity,chronos-t5,spikes_intensity,12.0,1.2435177657904826,0.1114682956638306,5,dc05f616208a700e
5,monash_australian_electricity,chronos-t5,spikes_intensity,16.0,1.3604676766730175,0.094045006824315,5,4c8979ecadc87426
5,monash_australian_electricity,chronos-t5,spikes_intensity,20.0,1.1909704441611375,0.0734941231169148,5,fc94b5fef914ba7c
5,monash_australian_electricity,chronos-t5,spikes_intensity,30.0,0.9839261201816354,0.0485850663742414,5,c421b7df70734512
5,monash_australian_electricity,chronos-t5,spikes_intensity,40.0,1.0802923850229458,0.0620845096242069,5,514ebb5b2b9f823d
5,monash_car_parts,chronos-t5,clean,0.0,0.9236020683899718,1.0791432321937764,100,d1853c77ba0bd2eb
5,monash_car_parts,chronos-t5,spikes_intensity,1.0,0.9089326962197776,1.0191295237692972,100,7d5cb79432b86f65
5,monash_car_parts,chronos-t5,spikes_intensity,2.0,0.9380743728308631,1.0912665280917924,100,4aee5a248eed22d8
5,monash_car_parts,chronos-t5,spikes_intensity,4.0,0.9475383823768874,1.1481992659009803,100,92c384a479576efa
5,monash_car_parts,chronos-t5,spikes_intensity,6.0,0.934726229810746,1.121239571414727,100,01e2e4f7f5d6126c
5,monash_car_parts,chronos-t5,spikes_intensity,8.0,0.9275424745451158,1.105171631594127,100,640f3429f1fd3eca
5,monash_car_parts,chronos-t5,spikes_intensity,12.0,0.9184436470986088,1.0897848023084284,100,b595d5004bd8cbba
5,monash_car_parts,chronos-t5,spikes_intensity,16.0,0.9087706130654511,1.090870365547519,100,90f3b31afa2c959c
5,monash_car_parts,chronos-t5,spikes_intensity,20.0,0.922068728949236,1.0869316516941974,100,2ae1e795bb3afaaa
5,monash_car_parts,chronos-t5,spikes_intensity,30.0,0.9004007295111558,1.1292110930975636,100,3820c2cc82a6611e
5,monash_car_parts,chronos-t5,spikes_intensity,40.0,0.9060894991051353,1.1484559278307076,100,ceb769504c62b52c
5,monash_cif_2016,chronos-t5,clean,0.0,1.0063630137155517,0.0158620792232539,72,e4e15f9e2e7a0573
5,monash_cif_2016,chronos-t5,spikes_intensity,1.0,1.070320082785344,0.0127430754608501,72,afe900560fb12fd9
5,monash_cif_2016,chronos-t5,spikes_intensity,2.0,1.1257750657044967,0.0131755755111139,72,8fd7b3b18790cfed
5,monash_cif_2016,chronos-t5,spikes_intensity,4.0,1.2797581149189474,0.3509376068479064,72,4a4e1d2284da3123
5,monash_cif_2016,chronos-t5,spikes_intensity,6.0,1.3547558857425546,0.016378944664428,72,c2a8cd1e6e928de2
5,monash_cif_2016,chronos-t5,spikes_intensity,8.0,1.0937990605855843,0.0215237633428927,72,d31f557b9421f107
5,monash_cif_2016,chronos-t5,spikes_intensity,12.0,1.1185177620431563,0.0190427647048404,72,1b614f5dea80b158
5,monash_cif_2016,chronos-t5,spikes_intensity,16.0,1.13643802425585,0.0150679075620996,72,6760f0030b816bc4
5,monash_cif_2016,chronos-t5,spikes_intensity,20.0,1.0820730223014456,0.0134212520146254,72,621d2bd7286f3b0b
5,monash_cif_2016,chronos-t5,spikes_intensity,30.0,1.115248186752808,0.0199256381108133,72,e1ed3260b28feb2e
5,monash_cif_2016,chronos-t5,spikes_intensity,40.0,1.067935963513076,0.0131131692850978,72,33b5766bc4a0e864
5,monash_covid_deaths,chronos-t5,clean,0.0,50.46398581804254,0.0432370415497313,100,45dec5fd7f93b8a9
5,monash_covid_deaths,chronos-t5,spikes_intensity,1.0,57.273873895348686,0.0691786184948185,100,5b5a71d09cc799f0
5,monash_covid_deaths,chronos-t5,spikes_intensity,2.0,59.800995252844224,0.1115613746120463,100,a7c86375b99c1fa3
5,monash_covid_deaths,chronos-t5,spikes_intensity,4.0,56.93037974574033,0.0623275426989528,100,9a4298d530e4aeab
5,monash_covid_deaths,chronos-t5,spikes_intensity,6.0,55.29104031680824,0.0485821008629061,100,3ddb1f940ccb4aa3
5,monash_covid_deaths,chronos-t5,spikes_intensity,8.0,56.9201615987285,0.052777741307848,100,d3a8b07f12c7c85d
5,monash_covid_deaths,chronos-t5,spikes_intensity,12.0,59.33914679125255,0.4430509919372183,100,4000dde85f6da696
5,monash_covid_deaths,chronos-t5,spikes_intensity,16.0,52.54186022781964,0.0408586158964575,100,9ce98551d46c2498
5,monash_covid_deaths,chronos-t5,spikes_intensity,20.0,50.96633951832447,0.0481113331118324,100,d6af9061c8d96aa2
5,monash_covid_deaths,chronos-t5,spikes_intensity,30.0,52.12708007866167,0.0760994089452671,100,740a4a236dab1ca5
5,monash_covid_deaths,chronos-t5,spikes_intensity,40.0,52.59510737138316,0.0386635671692051,100,c4e34a0b355f736d
5,monash_fred_md,chronos-t5,clean,0.0,0.4458852275632518,0.0162433797452606,100,5cb073350fee3717
5,monash_fred_md,chronos-t5,spikes_intensity,1.0,0.6597193786260024,0.0187032186452698,100,cac8593e17561a7d
5,monash_fred_md,chronos-t5,spikes_intensity,2.0,1.153159506363213,0.0223591782784161,100,79a93c4dc9712aed
5,monash_fred_md,chronos-t5,spikes_intensity,4.0,0.4791850370912016,0.026971249638464,100,353132d58e0dac4a
5,monash_fred_md,chronos-t5,spikes_intensity,6.0,2.346047591316984,0.046583488677538,100,b6b9c82a236ea67c
5,monash_fred_md,chronos-t5,spikes_intensity,8.0,1.5805386764697102,0.0425262065388024,100,a0c7ec6b89ba0d5e
5,monash_fred_md,chronos-t5,spikes_intensity,12.0,2.225436850970783,0.0611413086053734,100,d7c602b2ab392a5b
5,monash_fred_md,chronos-t5,spikes_intensity,16.0,0.8892149008365455,0.0253335864402455,100,64f5a5df4d86f90d
5,monash_fred_md,chronos-t5,spikes_intensity,20.0,0.7997656600882802,0.0233255629629608,100,fdbcd909e47ec815
5,monash_fred_md,chronos-t5,spikes_intensity,30.0,0.4619156870214109,0.0206090375059322,100,4488d45f91251ce7
5,monash_fred_md,chronos-t5,spikes_intensity,40.0,0.6606876907878594,0.0378317214976864,100,87a826b17571d826
5,monash_hospital,chronos-t5,clean,0.0,0.8300860319452726,0.0675251634084744,100,702d687834202dd3
5,monash_hospital,chronos-t5,spikes_intensity,1.0,0.8540835014607233,0.0702414844397473,100,a514afd589500028
5,monash_hospital,chronos-t5,spikes_intensity,2.0,0.8292458843069642,0.0719824384504211,100,0d7513bd9a82205d
5,monash_hospital,chronos-t5,spikes_intensity,4.0,0.8432471180611287,0.0826832686898389,100,bc8b8a08c2f29074
5,monash_hospital,chronos-t5,spikes_intensity,6.0,0.8345929375145759,0.0668327224499445,100,8bdf11645fa2a15c
5,monash_hospital,chronos-t5,spikes_intensity,8.0,0.8701486351363008,0.0715215111627273,100,ef2c7f07eeef64d8
5,monash_hospital,chronos-t5,spikes_intensity,12.0,0.8207263935997337,0.0653238565730168,100,5e232bb6cd6f0289
5,monash_hospital,chronos-t5,spikes_intensity,16.0,0.8226669717463917,0.0668266649947391,100,a155d95bdebdd417
5,monash_hospital,chronos-t5,spikes_intensity,20.0,0.843218252285059,0.0698684948347746,100,c5dc2b8d33118f5c
5,monash_hospital,chronos-t5,spikes_intensity,30.0,0.8360303367279442,0.0694289679302046,100,a4b865f13dba932c
5,monash_hospital,chronos-t5,spikes_intensity,40.0,0.8226945910602907,0.0644574043497617,100,a2e0751730a5b79e
5,monash_m1_monthly,chronos-t5,clean,0.0,1.1531474171591811,0.191962473984718,100,c2b6b5f8b9fa16e2
5,monash_m1_monthly,chronos-t5,spikes_intensity,1.0,1.139902119078439,0.1932613698714628,100,ddd71f00f6d8886a
5,monash_m1_monthly,chronos-t5,spikes_intensity,2.0,1.1493454560243996,0.1877867035754002,100,7d3abb85cfac0600
5,monash_m1_monthly,chronos-t5,spikes_intensity,4.0,1.2067881245437446,0.249831368498698,100,39fa4d59bbdb08f3
5,monash_m1_monthly,chronos-t5,spikes_intensity,6.0,1.346860783570254,0.2351670823400865,100,f1afde404b9f5961
5,monash_m1_monthly,chronos-t5,spikes_intensity,8.0,1.19259385336462,0.2167456078700511,100,9db2b10efad593eb
5,monash_m1_monthly,chronos-t5,spikes_intensity,12.0,1.188094801497286,0.2057613603093951,100,b6525f32eaaf3e49
5,monash_m1_monthly,chronos-t5,spikes_intensity,16.0,1.2972830998518556,0.2038748621582238,100,104307e6f3505d62
5,monash_m1_monthly,chronos-t5,spikes_intensity,20.0,1.3369692190464435,0.1941563447002704,100,a5ec76b5ea716248
5,monash_m1_monthly,chronos-t5,spikes_intensity,30.0,1.162639865232605,0.1965161433506668,100,1215407a10c38f0b
5,monash_m1_monthly,chronos-t5,spikes_intensity,40.0,1.4203205870087825,0.2145029792281785,100,45b4792a804b00a5
5,monash_m1_quarterly,chronos-t5,clean,0.0,1.7530049746882537,0.1011298260474918,100,88c3945422a1e782
5,monash_m1_quarterly,chronos-t5,spikes_intensity,1.0,1.7948536831763264,0.0795414588109217,100,c6939c55db4e3cd4
5,monash_m1_quarterly,chronos-t5,spikes_intensity,2.0,1.8709663205148304,0.0811590243694082,100,1954b2fabf53dae1
5,monash_m1_quarterly,chronos-t5,spikes_intensity,4.0,2.323137584814828,0.0914215210050342,100,e72636abf908fce1
5,monash_m1_quarterly,chronos-t5,spikes_intensity,6.0,1.7786115686665198,0.0909494066533275,100,ebbc85309e9537e7
5,monash_m1_quarterly,chronos-t5,spikes_intensity,8.0,2.597544512820229,0.0888682984537086,100,7139b331f5bd0d06
5,monash_m1_quarterly,chronos-t5,spikes_intensity,12.0,2.4967307377152475,0.0732149856745989,100,3698cb560ff22ca5
5,monash_m1_quarterly,chronos-t5,spikes_intensity,16.0,2.4025408867383864,0.0969300539085925,100,fcbcb1e2b7db1588
5,monash_m1_quarterly,chronos-t5,spikes_intensity,20.0,2.176102766042166,0.0982293926945883,100,b764898bacf1b215
5,monash_m1_quarterly,chronos-t5,spikes_intensity,30.0,1.741756752193411,0.1145325068995372,100,8a4d883005b73ba1
5,monash_m1_quarterly,chronos-t5,spikes_intensity,40.0,2.2751305480594057,0.1129512372586639,100,012ebb9308b7e72e
5,monash_m1_yearly,chronos-t5,clean,0.0,4.8170956197267545,0.0761535803315793,100,0c8de5066b459982
5,monash_m1_yearly,chronos-t5,spikes_intensity,1.0,5.377237467210708,0.0863963932003236,100,02c6a4e5a0882909
5,monash_m1_yearly,chronos-t5,spikes_intensity,2.0,5.144482408290534,0.143480397378087,100,a948db659565d7c1
5,monash_m1_yearly,chronos-t5,spikes_intensity,4.0,5.671246842663345,0.0834029550827816,100,7151dd71c3f96d97
5,monash_m1_yearly,chronos-t5,spikes_intensity,6.0,6.529205857378647,0.0975739312016575,100,e040fde293022877
5,monash_m1_yearly,chronos-t5,spikes_intensity,8.0,5.9041913635831245,0.16316231495022,100,1cf57bfb2f356e0a
5,monash_m1_yearly,chronos-t5,spikes_intensity,12.0,7.488847891159581,0.0920746286778055,100,2ab3a96c5cdd7073
5,monash_m1_yearly,chronos-t5,spikes_intensity,16.0,6.299325040224914,0.0855820102471268,100,8efe688ea57e13b7
5,monash_m1_yearly,chronos-t5,spikes_intensity,20.0,8.812774580906025,0.1095132292757281,100,5c82c44d7a3e2c02
5,monash_m1_yearly,chronos-t5,spikes_intensity,30.0,6.296521643482752,0.0843076046386901,100,eae783a0394a5d33
5,monash_m1_yearly,chronos-t5,spikes_intensity,40.0,5.351353735842936,0.119858326047679,100,6e56a86aeacc8b0f
5,monash_m3_monthly,chronos-t5,clean,0.0,0.8381693715033914,0.0935190859982364,100,8396853c2542b64e
5,monash_m3_monthly,chronos-t5,spikes_intensity,1.0,0.929703109898427,0.1052390626015439,100,642561503d3e5a94
5,monash_m3_monthly,chronos-t5,spikes_intensity,2.0,0.945801552575082,0.1070861395807858,100,742a2245d279e1bf
5,monash_m3_monthly,chronos-t5,spikes_intensity,4.0,1.0657607832590292,0.1050754788658042,100,a6608189769df94e
5,monash_m3_monthly,chronos-t5,spikes_intensity,6.0,0.9533832703049806,0.1004679433761044,100,fef8ae7eb89e1ddc
5,monash_m3_monthly,chronos-t5,spikes_intensity,8.0,1.034563722063191,0.0993899468015333,100,305316a00cb0d196
5,monash_m3_monthly,chronos-t5,spikes_intensity,12.0,0.8799102486603356,0.098052881472684,100,ae8278f12b9592bf
5,monash_m3_monthly,chronos-t5,spikes_intensity,16.0,1.9485787424780077,0.1162096396289622,100,7ba5a499b03f4353
5,monash_m3_monthly,chronos-t5,spikes_intensity,20.0,1.1397424026176393,0.1130362961851491,100,d18cbb31fc952929
5,monash_m3_monthly,chronos-t5,spikes_intensity,30.0,0.8722804277209139,0.0963704906700235,100,7c1d824860e54e58
5,monash_m3_monthly,chronos-t5,spikes_intensity,40.0,0.9155812090122624,0.0992663606244332,100,f23f0a95b57b7346
5,monash_m3_quarterly,chronos-t5,clean,0.0,1.3126250153687666,0.0774194530239662,100,79cf7aa933a9403f
5,monash_m3_quarterly,chronos-t5,spikes_intensity,1.0,1.5592946209313443,0.0924835994842377,100,b845682bfe37f409
5,monash_m3_quarterly,chronos-t5,spikes_intensity,2.0,1.577678356552567,0.0882715654260262,100,2ad9ae1e0f340f3e
5,monash_m3_quarterly,chronos-t5,spikes_intensity,4.0,1.6638592241748813,0.0893746881740545,100,5d519462f9ef08b1
5,monash_m3_quarterly,chronos-t5,spikes_intensity,6.0,1.634529863104629,0.0976959547463073,100,2798b0a2134cf02a
5,monash_m3_quarterly,chronos-t5,spikes_intensity,8.0,2.141976441788476,0.1126289998977831,100,53656fe2dd5c3da3
5,monash_m3_quarterly,chronos-t5,spikes_intensity,12.0,1.636266124283179,0.1040830972067832,100,dd102bdfac622e73
5,monash_m3_quarterly,chronos-t5,spikes_intensity,16.0,2.138288183753527,0.1370701875595139,100,ac60778a28a8b2c8
5,monash_m3_quarterly,chronos-t5,spikes_intensity,20.0,1.483512009044881,0.0829750712073517,100,c6c6bf4b84e574fe
5,monash_m3_quarterly,chronos-t5,spikes_intensity,30.0,1.425919694596468,0.0830071195622193,100,cb5b8a6abca5756d
5,monash_m3_quarterly,chronos-t5,spikes_intensity,40.0,1.351303526628938,0.07961926855535,100,82e9984f2af08e18
5,monash_m3_yearly,chronos-t5,clean,0.0,3.6478321493660095,0.1665671924567347,100,22af5d0564fd98f0
5,monash_m3_yearly,chronos-t5,spikes_intensity,1.0,3.9197090567157815,0.1719254735012394,100,256e481883a154c2
5,monash_m3_yearly,chronos-t5,spikes_intensity,2.0,4.340641562560935,0.1741633244337307,100,13cd7f521c1d9b6c
5,monash_m3_yearly,chronos-t5,spikes_intensity,4.0,3.724721157128299,0.1723663939876792,100,ae65df708765fafd
5,monash_m3_yearly,chronos-t5,spikes_intensity,6.0,4.634784594567541,0.2097407898194367,100,d9b5af4c16ec35dd
5,monash_m3_yearly,chronos-t5,spikes_intensity,8.0,4.276128925566439,0.188628609937592,100,aa442e72de40084f
5,monash_m3_yearly,chronos-t5,spikes_intensity,12.0,4.428612283798161,0.1959753502210412,100,94ec1b257064468d
5,monash_m3_yearly,chronos-t5,spikes_intensity,16.0,5.064462939056841,0.2649812189628798,100,f8603f38cffe54e6
5,monash_m3_yearly,chronos-t5,spikes_intensity,20.0,4.361296764900044,0.1980557847147817,100,528c31ce891ef980
5,monash_m3_yearly,chronos-t5,spikes_intensity,30.0,4.268616386178954,0.1925843236761092,100,fff3f0482e73b248
5,monash_m3_yearly,chronos-t5,spikes_intensity,40.0,3.7301422912247246,0.1691296057741236,100,c569b7efc18a076b
5,monash_nn5_weekly,chronos-t5,clean,0.0,0.9428465810800282,0.0865035567770411,100,14e0fea8700b49b1
5,monash_nn5_weekly,chronos-t5,spikes_intensity,1.0,0.9471563879591696,0.0872437020735065,100,6c3aec8a4208cb8c
5,monash_nn5_weekly,chronos-t5,spikes_intensity,2.0,0.9427199045235174,0.0862278652190224,100,ff9981dc2f7d4ae9
5,monash_nn5_weekly,chronos-t5,spikes_intensity,4.0,0.9434647132094748,0.0877860852649881,100,4243f24b93934cf2
5,monash_nn5_weekly,chronos-t5,spikes_intensity,6.0,0.9881011242658864,0.0886666908141537,100,8a0079659b1bf937
5,monash_nn5_weekly,chronos-t5,spikes_intensity,8.0,0.9286065724102104,0.0857317195308316,100,ed477e1cc53dc422
5,monash_nn5_weekly,chronos-t5,spikes_intensity,12.0,0.9287673296539802,0.086261465291443,100,e38c343c156754c7
5,monash_nn5_weekly,chronos-t5,spikes_intensity,16.0,0.9127968432371348,0.0842781836443631,100,788c7872003ced6c
5,monash_nn5_weekly,chronos-t5,spikes_intensity,20.0,0.9395832984297804,0.0862294127614066,100,509f6cce82cbbadf
5,monash_nn5_weekly,chronos-t5,spikes_intensity,30.0,0.9467902575144342,0.0867557487751983,100,fedda9a945ed23dc
5,monash_nn5_weekly,chronos-t5,spikes_intensity,40.0,0.933761471460524,0.0851841609605212,100,09d6665f57d188b5
5,monash_tourism_monthly,chronos-t5,clean,0.0,1.7922017133651396,0.0968104560776758,100,f358903079404a57
5,monash_tourism_monthly,chronos-t5,spikes_intensity,1.0,1.918919320313465,0.1025040856889041,100,8f47f28edbc64880
5,monash_tourism_monthly,chronos-t5,spikes_intensity,2.0,1.9858794217705789,0.1071349233166552,100,dfca3efa2ae3bec9
5,monash_tourism_monthly,chronos-t5,spikes_intensity,4.0,2.1279347466723024,0.11741226829239,100,6926b0b9ac0b232f
5,monash_tourism_monthly,chronos-t5,spikes_intensity,6.0,2.074514114451971,0.1115620971423581,100,67e7bd4cf06f0609
5,monash_tourism_monthly,chronos-t5,spikes_intensity,8.0,2.0249203288038644,0.1051768944078711,100,cdeec4cd98461556
5,monash_tourism_monthly,chronos-t5,spikes_intensity,12.0,1.9471227272120355,0.1039092868605701,100,574c74c3b5f6606a
5,monash_tourism_monthly,chronos-t5,spikes_intensity,16.0,1.853534843773341,0.0937642800232615,100,00a09a4cdf15f44d
5,monash_tourism_monthly,chronos-t5,spikes_intensity,20.0,1.835135168980046,0.0921886904423678,100,a0a9341ee14fc5bc
5,monash_tourism_monthly,chronos-t5,spikes_intensity,30.0,1.8250649319515535,0.0960537839421092,100,0742e9b75a5a8651
5,monash_tourism_monthly,chronos-t5,spikes_intensity,40.0,1.7943093570709228,0.0994703036618221,100,fad1d480dc87fbe1
5,monash_tourism_quarterly,chronos-t5,clean,0.0,1.842857827002796,0.0812699382369717,100,71a8b4e97521895d
5,monash_tourism_quarterly,chronos-t5,spikes_intensity,1.0,1.8857053207962613,0.0978725595224396,100,feeaca7c42a645eb
5,monash_tourism_quarterly,chronos-t5,spikes_intensity,2.0,2.2521196271750346,0.1265424804325638,100,97b9838e15151615
5,monash_tourism_quarterly,chronos-t5,spikes_intensity,4.0,2.13741139878178,0.1119806566134759,100,26f6c65d3a42acf5
5,monash_tourism_quarterly,chronos-t5,spikes_intensity,6.0,2.3929235799860926,0.0855023214772374,100,8fa59e60e63d8bb4
5,monash_tourism_quarterly,chronos-t5,spikes_intensity,8.0,2.1559796069398423,0.093351709259053,100,0331dd7cd7c5922e
5,monash_tourism_quarterly,chronos-t5,spikes_intensity,12.0,1.8214253077202107,0.0929713977577095,100,7ca7408bced69938
5,monash_tourism_quarterly,chronos-t5,spikes_intensity,16.0,1.8323829855537697,0.0873157345239739,100,4182be37fbadac50
5,monash_tourism_quarterly,chronos-t5,spikes_intensity,20.0,1.848124230614376,0.1109455828274254,100,57642112f54c2604
5,monash_tourism_quarterly,chronos-t5,spikes_intensity,30.0,1.708770803088821,0.0685724216456837,100,d3d20939ca8225ca
5,monash_tourism_quarterly,chronos-t5,spikes_intensity,40.0,1.7807608846671967,0.0809033613762804,100,718175f720c04bcc
5,monash_tourism_yearly,chronos-t5,clean,0.0,3.9474527465310176,0.1958899562915314,100,adf90b7d1f903bb2
5,monash_tourism_yearly,chronos-t5,spikes_intensity,1.0,4.0909608476135775,0.2092427288274247,100,222bf2fe5690e793
5,monash_tourism_yearly,chronos-t5,spikes_intensity,2.0,4.409873033146026,0.2353892312086055,100,8bfe53494942a01f
5,monash_tourism_yearly,chronos-t5,spikes_intensity,4.0,4.2347269499562,0.1756530529996211,100,48ccb9daa7914c41
5,monash_tourism_yearly,chronos-t5,spikes_intensity,6.0,4.691257203622972,0.2146048876125231,100,bf72e8373db4fbc3
5,monash_tourism_yearly,chronos-t5,spikes_intensity,8.0,5.491923362498772,0.195548630855097,100,d6681653e29c6eda
5,monash_tourism_yearly,chronos-t5,spikes_intensity,12.0,8.70316474029905,0.5057458141044404,100,ddbe11fd08a0b94a
5,monash_tourism_yearly,chronos-t5,spikes_intensity,16.0,5.333472382727551,1.0553595337606378,100,6c8cff8ccdeb9d51
5,monash_tourism_yearly,chronos-t5,spikes_intensity,20.0,6.707880541762239,1.286003181843112,100,67fb0013e4444b6b
5,monash_tourism_yearly,chronos-t5,spikes_intensity,30.0,4.166158298053949,0.2088438210741161,100,de0a9afad9d36404
5,monash_tourism_yearly,chronos-t5,spikes_intensity,40.0,4.139256577246844,0.3043676454081831,100,01babfb80ccb98a3
5,monash_traffic,chronos-t5,clean,0.0,0.824984837663489,0.2836258603735422,100,b391ecfc3e90d400
5,monash_traffic,chronos-t5,spikes_intensity,1.0,0.8382180194690126,0.2852050923153171,100,d680196d77e30708
5,monash_traffic,chronos-t5,spikes_intensity,2.0,0.8262190199874139,0.2807360597490062,100,48ce9541e67fd184
5,monash_traffic,chronos-t5,spikes_intensity,4.0,0.8220067637703596,0.2773876658298848,100,8eb33070fad7ea7d
5,monash_traffic,chronos-t5,spikes_intensity,6.0,0.8282283045256,0.2800155414617815,100,8e04ec1f0e1d393a
5,monash_traffic,chronos-t5,spikes_intensity,8.0,0.8331728963106372,0.2838222030948573,100,c64129d782724564
5,monash_traffic,chronos-t5,spikes_intensity,12.0,0.8410849347014921,0.2858764417315704,100,9220c597ff7af2e3
5,monash_traffic,chronos-t5,spikes_intensity,16.0,0.8356216772322888,0.2826288482362485,100,3f99e9cce3e92207
5,monash_traffic,chronos-t5,spikes_intensity,20.0,0.8478093259076555,0.2879934170383637,100,3b304217bcd02d2d
5,monash_traffic,chronos-t5,spikes_intensity,30.0,0.842652182952599,0.2836109498745289,100,74379273c79aabfe
5,monash_traffic,chronos-t5,spikes_intensity,40.0,0.8403674496953284,0.289191388319094,100,c21bddce4acf5104
5,monash_weather,chronos-t5,clean,0.0,1.1369803057290773,0.1476105944619049,100,2fe9d636481148b4
5,monash_weather,chronos-t5,spikes_intensity,1.0,1.121022462631784,0.1481112160621453,100,1aee770273887c82
5,monash_weather,chronos-t5,spikes_intensity,2.0,1.1284097860844895,0.1496729888709697,100,0d6ff275c0e9d06a
5,monash_weather,chronos-t5,spikes_intensity,4.0,1.1278805431669567,0.1511468319536912,100,59f427f84afc0c13
5,monash_weather,chronos-t5,spikes_intensity,6.0,1.114404963295462,0.1493621959587865,100,be60654d47ec996a
5,monash_weather,chronos-t5,spikes_intensity,8.0,1.0516963091604965,0.1490129981380968,100,7cdde824f59f8c4e
5,monash_weather,chronos-t5,spikes_intensity,12.0,1.229110172911955,0.1464085424412345,100,6b2a2b612f8bc470
5,monash_weather,chronos-t5,spikes_intensity,16.0,1.087112652102712,0.1490600603959523,100,7d28b1e51e251349
5,monash_weather,chronos-t5,spikes_intensity,20.0,1.0485736077896073,0.1471129707695963,100,9a600f4a0dd710ec
5,monash_weather,chronos-t5,spikes_intensity,30.0,1.0690404618948754,0.1666294538555074,100,b47b360d14ff1ae3
5,monash_weather,chronos-t5,spikes_intensity,40.0,1.0741471102558338,0.1517747624572541,100,0cb74dbbfb4f8653
5,nn5,chronos-t5,clean,0.0,0.6015683852220787,0.1643862423183235,100,ddf5d74d6baba1a3
5,nn5,chronos-t5,spikes_intensity,1.0,0.5824620406948675,0.1605150914528985,100,54da0be58c3c96df
5,nn5,chronos-t5,spikes_intensity,2.0,0.5977470089644298,0.1634880668678109,100,ed2ae14ee99f88b8
5,nn5,chronos-t5,spikes_intensity,4.0,0.6260314544524749,0.1733908878678304,100,60b7ba0aa293a800
5,nn5,chronos-t5,spikes_intensity,6.0,0.6231097240310716,0.1688948664927181,100,d04ebbbb09d3dc7e
5,nn5,chronos-t5,spikes_intensity,8.0,0.6053692013506575,0.1654808086062476,100,3419a75993018477
5,nn5,chronos-t5,spikes_intensity,12.0,0.597405078521087,0.1621157281178463,100,e6e429e5f665164b
5,nn5,chronos-t5,spikes_intensity,16.0,0.5927453741055311,0.1607103531555488,100,8f0845e5183b7327
5,nn5,chronos-t5,spikes_intensity,20.0,0.5891575568073387,0.1581036441336197,100,cf90486393705c35
5,nn5,chronos-t5,spikes_intensity,30.0,0.609877146950539,0.1636812509743579,100,c9be258bd52d0c26
5,nn5,chronos-t5,spikes_intensity,40.0,0.5973869341769585,0.1588938564155954,100,31016e072ef5465e
6,dominick,chronos-t5,clean,0.0,0.7799778243002866,0.2641388498323271,100,022395fb7a7f6672
6,dominick,chronos-t5,spikes_intensity,1.0,0.8772529015142274,0.2776288071944428,100,96a21cb7d558c459
6,dominick,chronos-t5,spikes_intensity,2.0,0.8853037563566286,0.2795054675960505,100,02c05273af04796e
6,dominick,chronos-t5,spikes_intensity,4.0,0.8577602307321303,0.2707130574278697,100,a01e33337a25d3cb
6,dominick,chronos-t5,spikes_intensity,6.0,0.8427813172592156,0.2649938244709911,100,a1c88b1123d5665f
6,dominick,chronos-t5,spikes_intensity,8.0,0.8793385293296603,0.2709142468839255,100,ad0b21c830c4ba78
6,dominick,chronos-t5,spikes_intensity,12.0,0.921732246938063,0.2814168551223538,100,1279f5fe1c6b8df8
6,dominick,chronos-t5,spikes_intensity,16.0,0.7620785986434213,0.2641373619485183,100,bd13299b55e13a1d
6,dominick,chronos-t5,spikes_intensity,20.0,0.8839122069280666,0.2819170458147095,100,74cccbfb292b023b
6,dominick,chronos-t5,spikes_intensity,30.0,0.7772884940825611,0.2665046881285943,100,acbd9680d49330dd
6,dominick,chronos-t5,spikes_intensity,40.0,0.7638460262973917,0.3110102751835048,100,15ca3ff2d3d8b787
6,ercot,chronos-t5,clean,0.0,0.5722865632184536,0.0167036374898238,8,5fe0784946f6200c
6,ercot,chronos-t5,spikes_intensity,1.0,0.7303378643217302,0.0278585466461183,8,5f73b78a604864c5
6,ercot,chronos-t5,spikes_intensity,2.0,0.7666757483149036,0.0296749817565715,8,bc358fdf242bc002
6,ercot,chronos-t5,spikes_intensity,4.0,0.7382659995797921,0.0236932114054911,8,944dd1e74d54057c
6,ercot,chronos-t5,spikes_intensity,6.0,0.7032473647895278,0.021265670813297,8,149a61298f23ab72
6,ercot,chronos-t5,spikes_intensity,8.0,0.7207380800452802,0.0399167163735423,8,2649ca6182b872d1
6,ercot,chronos-t5,spikes_intensity,12.0,1.4165224144036168,0.0598614592431251,8,ea324b5bc2f7f60e
6,ercot,chronos-t5,spikes_intensity,16.0,2.572065159596578,0.1457877529078047,8,b4361bd3cf691cb4
6,ercot,chronos-t5,spikes_intensity,20.0,3.0761876379848068,0.2115086545378321,8,8006c8760c59c71d
6,ercot,chronos-t5,spikes_intensity,30.0,0.6914823322263427,0.0237683542795463,8,b1179537e155957b
6,ercot,chronos-t5,spikes_intensity,40.0,0.7069113789198623,0.0184815801535347,8,dce05615cd89ade6
6,exchange_rate,chronos-t5,clean,0.0,2.0892095325676574,0.0124017724804376,8,270afda0994788e3
6,exchange_rate,chronos-t5,spikes_intensity,1.0,2.2180789955375024,0.0131492382187163,8,865e207fed08bba8
6,exchange_rate,chronos-t5,spikes_intensity,2.0,1.6987047209402129,0.0116760455513847,8,5c09d9f7d4c0102a
6,exchange_rate,chronos-t5,spikes_intensity,4.0,2.243353697933894,0.0163426689433417,8,cd6e8cd6b0e36278
6,exchange_rate,chronos-t5,spikes_intensity,6.0,1.922545282115664,0.0187096330111001,8,32dfceeb485d5867
6,exchange_rate,chronos-t5,spikes_intensity,8.0,2.1144249678843647,0.0228430328809025,8,0c909a0c5a0814fc
6,exchange_rate,chronos-t5,spikes_intensity,12.0,8.01512653337195,0.0778672033414779,8,2e4e303a896f31f0
6,exchange_rate,chronos-t5,spikes_intensity,16.0,10.18305501783453,0.1350327796604447,8,d599571ce93699a0
6,exchange_rate,chronos-t5,spikes_intensity,20.0,1.9947482573857709,0.0721170214172614,8,674056d4c6c305f0
6,exchange_rate,chronos-t5,spikes_intensity,30.0,2.248219552482313,0.0201506564074952,8,3b8d07a42aa0ca90
6,exchange_rate,chronos-t5,spikes_intensity,40.0,1.9188442331442157,0.013885479331787,8,45270fb9d1e91b7a
6,m4_quarterly,chronos-t5,clean,0.0,1.1831851133897129,0.0752971575473736,100,444302055904448c
6,m4_quarterly,chronos-t5,spikes_intensity,1.0,1.334068640034502,0.0845597973208829,100,d802e881186620ff
6,m4_quarterly,chronos-t5,spikes_intensity,2.0,1.260301093706521,0.0795754493187534,100,178b8761f520c486
6,m4_quarterly,chronos-t5,spikes_intensity,4.0,1.406910782600033,0.0988049867380703,100,5a1de60abe236214
6,m4_quarterly,chronos-t5,spikes_intensity,6.0,1.357373560593465,0.0911666510928035,100,b45d35da3dbe7cea
6,m4_quarterly,chronos-t5,spikes_intensity,8.0,1.253814046027366,0.0913596022469732,100,c779628cc7496ee7
6,m4_quarterly,chronos-t5,spikes_intensity,12.0,1.3266075725645978,0.0979435224000018,100,ebaa3d59770ef535
6,m4_quarterly,chronos-t5,spikes_intensity,16.0,1.1899635811387086,0.0797476504809631,100,aa2a857446c20077
6,m4_quarterly,chronos-t5,spikes_intensity,20.0,1.210693844929576,0.0833381966013082,100,09323c23fc1cbaa8
6,m4_quarterly,chronos-t5,spikes_intensity,30.0,1.286282322400936,0.0822443537651459,100,ac4e612dcd8e3068
6,m4_quarterly,chronos-t5,spikes_intensity,40.0,1.219880748777426,0.0772192876070186,100,a2856790d0642af9
6,m4_yearly,chronos-t5,clean,0.0,3.585682272667776,0.1439698683656839,100,2ab6975b9e0df166
6,m4_yearly,chronos-t5,spikes_intensity,1.0,3.920093121752629,0.1530724744096997,100,5ef3ac7b0be9a93c
6,m4_yearly,chronos-t5,spikes_intensity,2.0,4.042850076796023,0.151562816999094,100,ec76b17f9b2b1e01
6,m4_yearly,chronos-t5,spikes_intensity,4.0,3.9943786403806256,0.1626610044946,100,475747034e419c49
6,m4_yearly,chronos-t5,spikes_intensity,6.0,5.35095897521964,0.1613948890781868,100,c6848105cc95cfe6
6,m4_yearly,chronos-t5,spikes_intensity,8.0,6.615022996701932,0.218100458293498,100,7492372daa9025d6
6,m4_yearly,chronos-t5,spikes_intensity,12.0,5.686223893603549,0.2445074448627439,100,d6aeab8173e39d16
6,m4_yearly,chronos-t5,spikes_intensity,16.0,7.110439198992337,0.1992483649943638,100,8f71a682b675a88c
6,m4_yearly,chronos-t5,spikes_intensity,20.0,7.939335239035144,0.2440242745206511,100,8fac836905de283d
6,m4_yearly,chronos-t5,spikes_intensity,30.0,4.24708613045191,0.223096877942252,100,b3b7fbb20389e4d3
6,m4_yearly,chronos-t5,spikes_intensity,40.0,5.433048930870571,0.2579325205404263,100,2d11cd7751ba229d
6,m5,chronos-t5,clean,0.0,0.9155022790630428,0.5606898520621997,100,dc3b120d18c4ec13
6,m5,chronos-t5,spikes_intensity,1.0,0.9379448631313524,0.5897232426701042,100,6c4f1cabc63fa325
6,m5,chronos-t5,spikes_intensity,2.0,0.922237793875145,0.562671884597108,100,e2b895b574fa4447
6,m5,chronos-t5,spikes_intensity,4.0,0.9305031288219008,0.5744069855596933,100,69bcd813d4681f45
6,m5,chronos-t5,spikes_intensity,6.0,0.9308973378613834,0.6028561108637458,100,2b90fe15a5e358dd
6,m5,chronos-t5,spikes_intensity,8.0,0.915570873645355,0.5760636966088931,100,97daf664fd5fd941
6,m5,chronos-t5,spikes_intensity,12.0,0.9243632828126032,0.5810850905055855,100,c182cf645a721e84
6,m5,chronos-t5,spikes_intensity,16.0,0.945225046308161,0.5922544496649509,100,ae0da24ac2847bcd
6,m5,chronos-t5,spikes_intensity,20.0,0.9150014172453906,0.5770045209493042,100,d06028d60796234f
6,m5,chronos-t5,spikes_intensity,30.0,0.924978403117903,0.5756235382113263,100,0b14459894c675f3
6,m5,chronos-t5,spikes_intensity,40.0,0.9188303920717628,0.574562816448811,100,5a22e04f4be9e73b
6,monash_australian_electricity,chronos-t5,clean,0.0,1.2442433772440862,0.0738896980979905,5,38c44bb4fa034e9e
6,monash_australian_electricity,chronos-t5,spikes_intensity,1.0,1.2025946859935637,0.0686208873662624,5,1a5a866b8da59a08
6,monash_australian_electricity,chronos-t5,spikes_intensity,2.0,1.282310068221009,0.0692446432926518,5,f85739575f232240
6,monash_australian_electricity,chronos-t5,spikes_intensity,4.0,1.095260296671745,0.06868760621515,5,0a141776da56cd12
6,monash_australian_electricity,chronos-t5,spikes_intensity,6.0,3.360433156883039,0.2611456850620378,5,72e39e3b422f68ea
6,monash_australian_electricity,chronos-t5,spikes_intensity,8.0,8.196659926680994,0.462093261580079,5,8a8db42b5d194a33
6,monash_australian_electricity,chronos-t5,spikes_intensity,12.0,1.4217464328326073,0.102297945834519,5,dc05f616208a700e
6,monash_australian_electricity,chronos-t5,spikes_intensity,16.0,1.1383066328412026,0.0847883870868088,5,4c8979ecadc87426
6,monash_australian_electricity,chronos-t5,spikes_intensity,20.0,1.0434832024741394,0.068004585934658,5,fc94b5fef914ba7c
6,monash_australian_electricity,chronos-t5,spikes_intensity,30.0,0.9610008613347564,0.0467272888260639,5,c421b7df70734512
6,monash_australian_electricity,chronos-t5,spikes_intensity,40.0,1.0104442944215175,0.0686684285709644,5,514ebb5b2b9f823d
6,monash_car_parts,chronos-t5,clean,0.0,0.9447650870828086,1.0894378009482668,100,d1853c77ba0bd2eb
6,monash_car_parts,chronos-t5,spikes_intensity,1.0,0.9115843113981654,1.0223629880533478,100,7d5cb79432b86f65
6,monash_car_parts,chronos-t5,spikes_intensity,2.0,0.934306607681998,1.081302768526247,100,4aee5a248eed22d8
6,monash_car_parts,chronos-t5,spikes_intensity,4.0,0.9222773465375222,1.1161510277008468,100,92c384a479576efa
6,monash_car_parts,chronos-t5,spikes_intensity,6.0,0.9371328056800616,1.1423029004764136,100,01e2e4f7f5d6126c
6,monash_car_parts,chronos-t5,spikes_intensity,8.0,0.9401785399161356,1.1395072647829936,100,640f3429f1fd3eca
6,monash_car_parts,chronos-t5,spikes_intensity,12.0,0.9188893617338324,1.111169889606185,100,b595d5004bd8cbba
6,monash_car_parts,chronos-t5,spikes_intensity,16.0,0.8997345780647724,1.0729963485010077,100,90f3b31afa2c959c
6,monash_car_parts,chronos-t5,spikes_intensity,20.0,0.931054380750048,1.1022924318777862,100,2ae1e795bb3afaaa
6,monash_car_parts,chronos-t5,spikes_intensity,30.0,0.8924120046865197,1.3409514180247,100,3820c2cc82a6611e
6,monash_car_parts,chronos-t5,spikes_intensity,40.0,0.9136118721492116,1.153972672873814,100,ceb769504c62b52c
6,monash_cif_2016,chronos-t5,clean,0.0,0.9816494164524934,0.0130196323066534,72,e4e15f9e2e7a0573
6,monash_cif_2016,chronos-t5,spikes_intensity,1.0,1.0520931483119356,0.0125382086500795,72,afe900560fb12fd9
6,monash_cif_2016,chronos-t5,spikes_intensity,2.0,1.0928010757123914,0.0196021012305952,72,8fd7b3b18790cfed
6,monash_cif_2016,chronos-t5,spikes_intensity,4.0,1.2811288434763526,0.3539029476537362,72,4a4e1d2284da3123
6,monash_cif_2016,chronos-t5,spikes_intensity,6.0,1.2523112102549658,0.0253675052682805,72,c2a8cd1e6e928de2
6,monash_cif_2016,chronos-t5,spikes_intensity,8.0,1.1080291332122505,0.0141296849041664,72,d31f557b9421f107
6,monash_cif_2016,chronos-t5,spikes_intensity,12.0,1.1125487344795209,0.0490343949551228,72,1b614f5dea80b158
6,monash_cif_2016,chronos-t5,spikes_intensity,16.0,1.1128706114171716,0.0137791298127516,72,6760f0030b816bc4
6,monash_cif_2016,chronos-t5,spikes_intensity,20.0,1.1057424812589258,0.0130776153364322,72,621d2bd7286f3b0b
6,monash_cif_2016,chronos-t5,spikes_intensity,30.0,1.1329327051524531,0.0263396029949805,72,e1ed3260b28feb2e
6,monash_cif_2016,chronos-t5,spikes_intensity,40.0,1.0805678875848894,0.0147342563794536,72,33b5766bc4a0e864
6,monash_covid_deaths,chronos-t5,clean,0.0,50.946671723453285,0.046179441139924,100,45dec5fd7f93b8a9
6,monash_covid_deaths,chronos-t5,spikes_intensity,1.0,58.82632582195141,0.0689928786130507,100,5b5a71d09cc799f0
6,monash_covid_deaths,chronos-t5,spikes_intensity,2.0,58.44777440581703,0.0849865244691771,100,a7c86375b99c1fa3
6,monash_covid_deaths,chronos-t5,spikes_intensity,4.0,59.51008548405062,0.0634551302044764,100,9a4298d530e4aeab
6,monash_covid_deaths,chronos-t5,spikes_intensity,6.0,54.374246445680704,0.0581970225537252,100,3ddb1f940ccb4aa3
6,monash_covid_deaths,chronos-t5,spikes_intensity,8.0,56.40596332251712,0.0501227254178983,100,d3a8b07f12c7c85d
6,monash_covid_deaths,chronos-t5,spikes_intensity,12.0,60.48404251686912,0.5217667148506168,100,4000dde85f6da696
6,monash_covid_deaths,chronos-t5,spikes_intensity,16.0,51.61621078322384,0.0421091407017467,100,9ce98551d46c2498
6,monash_covid_deaths,chronos-t5,spikes_intensity,20.0,51.5087083956453,0.0591098732571414,100,d6af9061c8d96aa2
6,monash_covid_deaths,chronos-t5,spikes_intensity,30.0,50.84015591167514,0.051872129112812,100,740a4a236dab1ca5
6,monash_covid_deaths,chronos-t5,spikes_intensity,40.0,53.19125032902092,0.0431399568509886,100,c4e34a0b355f736d
6,monash_fred_md,chronos-t5,clean,0.0,0.4312995717978861,0.0133592495964961,100,5cb073350fee3717
6,monash_fred_md,chronos-t5,spikes_intensity,1.0,0.7456662332280907,0.0150572062504978,100,cac8593e17561a7d
6,monash_fred_md,chronos-t5,spikes_intensity,2.0,0.872538906161854,0.0178566277606988,100,79a93c4dc9712aed
6,monash_fred_md,chronos-t5,spikes_intensity,4.0,0.5215750986603965,0.0244800186265691,100,353132d58e0dac4a
6,monash_fred_md,chronos-t5,spikes_intensity,6.0,3.255932821406561,0.0551347612234691,100,b6b9c82a236ea67c
6,monash_fred_md,chronos-t5,spikes_intensity,8.0,0.651777090986735,0.0283983949889577,100,a0c7ec6b89ba0d5e
6,monash_fred_md,chronos-t5,spikes_intensity,12.0,2.330782364684341,0.0737714791307379,100,d7c602b2ab392a5b
6,monash_fred_md,chronos-t5,spikes_intensity,16.0,0.6194414785610045,0.0208053881868435,100,64f5a5df4d86f90d
6,monash_fred_md,chronos-t5,spikes_intensity,20.0,0.830467283562604,0.020758958264571,100,fdbcd909e47ec815
6,monash_fred_md,chronos-t5,spikes_intensity,30.0,0.4749276993767811,0.0198795125619854,100,4488d45f91251ce7
6,monash_fred_md,chronos-t5,spikes_intensity,40.0,0.6540949667477518,0.0341122259574865,100,87a826b17571d826
6,monash_hospital,chronos-t5,clean,0.0,0.8423908594225663,0.0675314269278142,100,702d687834202dd3
6,monash_hospital,chronos-t5,spikes_intensity,1.0,0.8607783451453359,0.0700739099520211,100,a514afd589500028
6,monash_hospital,chronos-t5,spikes_intensity,2.0,0.8416722033040432,0.0712846847603803,100,0d7513bd9a82205d
6,monash_hospital,chronos-t5,spikes_intensity,4.0,0.8780975731180789,0.0811660019920506,100,bc8b8a08c2f29074
6,monash_hospital,chronos-t5,spikes_intensity,6.0,0.8355117561489952,0.0663619240701173,100,8bdf11645fa2a15c
6,monash_hospital,chronos-t5,spikes_intensity,8.0,0.8525888848508553,0.0699428219417169,100,ef2c7f07eeef64d8
6,monash_hospital,chronos-t5,spikes_intensity,12.0,0.8396995764563341,0.0682379103994019,100,5e232bb6cd6f0289
6,monash_hospital,chronos-t5,spikes_intensity,16.0,0.8111814414657295,0.0659938508021677,100,a155d95bdebdd417
6,monash_hospital,chronos-t5,spikes_intensity,20.0,0.8297369464169663,0.0711322960255125,100,c5dc2b8d33118f5c
6,monash_hospital,chronos-t5,spikes_intensity,30.0,0.8295325804945832,0.0691843894080891,100,a4b865f13dba932c
6,monash_hospital,chronos-t5,spikes_intensity,40.0,0.8375982673379438,0.067724320188472,100,a2e0751730a5b79e
6,monash_m1_monthly,chronos-t5,clean,0.0,1.1634276983181648,0.2018954665640778,100,c2b6b5f8b9fa16e2
6,monash_m1_monthly,chronos-t5,spikes_intensity,1.0,1.1388231530356074,0.2015623113766998,100,ddd71f00f6d8886a
6,monash_m1_monthly,chronos-t5,spikes_intensity,2.0,1.1765725234330444,0.1950655003523384,100,7d3abb85cfac0600
6,monash_m1_monthly,chronos-t5,spikes_intensity,4.0,1.2105755989767282,0.2494361643335904,100,39fa4d59bbdb08f3
6,monash_m1_monthly,chronos-t5,spikes_intensity,6.0,1.3461745566078274,0.2204149796977706,100,f1afde404b9f5961
6,monash_m1_monthly,chronos-t5,spikes_intensity,8.0,1.2114102517540768,0.215105583890781,100,9db2b10efad593eb
6,monash_m1_monthly,chronos-t5,spikes_intensity,12.0,1.2078466032108488,0.2135069522854049,100,b6525f32eaaf3e49
6,monash_m1_monthly,chronos-t5,spikes_intensity,16.0,1.3056914919735485,0.2107578396998129,100,104307e6f3505d62
6,monash_m1_monthly,chronos-t5,spikes_intensity,20.0,1.3643699539246803,0.1949151210225476,100,a5ec76b5ea716248
6,monash_m1_monthly,chronos-t5,spikes_intensity,30.0,1.143792090347151,0.1947685495809183,100,1215407a10c38f0b
6,monash_m1_monthly,chronos-t5,spikes_intensity,40.0,1.4242537523270389,0.214438011840774,100,45b4792a804b00a5
6,monash_m1_quarterly,chronos-t5,clean,0.0,1.6936430606841373,0.0940142178309856,100,88c3945422a1e782
6,monash_m1_quarterly,chronos-t5,spikes_intensity,1.0,1.820217106535265,0.0800812710321558,100,c6939c55db4e3cd4
6,monash_m1_quarterly,chronos-t5,spikes_intensity,2.0,1.878469152577097,0.0909229285229862,100,1954b2fabf53dae1
6,monash_m1_quarterly,chronos-t5,spikes_intensity,4.0,2.195626494552969,0.0877484016258694,100,e72636abf908fce1
6,monash_m1_quarterly,chronos-t5,spikes_intensity,6.0,1.832978566625156,0.0893930179309603,100,ebbc85309e9537e7
6,monash_m1_quarterly,chronos-t5,spikes_intensity,8.0,2.6597657577774294,0.096982554015824,100,7139b331f5bd0d06
6,monash_m1_quarterly,chronos-t5,spikes_intensity,12.0,2.573046611021183,0.0864148240708724,100,3698cb560ff22ca5
6,monash_m1_quarterly,chronos-t5,spikes_intensity,16.0,2.4022596650118797,0.0903156752482534,100,fcbcb1e2b7db1588
6,monash_m1_quarterly,chronos-t5,spikes_intensity,20.0,2.1614998561249767,0.0879867613333015,100,b764898bacf1b215
6,monash_m1_quarterly,chronos-t5,spikes_intensity,30.0,1.804089697953944,0.0915574620792376,100,8a4d883005b73ba1
6,monash_m1_quarterly,chronos-t5,spikes_intensity,40.0,2.283438505164048,0.0980089563926512,100,012ebb9308b7e72e
6,monash_m1_yearly,chronos-t5,clean,0.0,4.819708710779148,0.0775277275817136,100,0c8de5066b459982
6,monash_m1_yearly,chronos-t5,spikes_intensity,1.0,5.42327808595369,0.0948822742682102,100,02c6a4e5a0882909
6,monash_m1_yearly,chronos-t5,spikes_intensity,2.0,5.251011648543223,0.151932925893692,100,a948db659565d7c1
6,monash_m1_yearly,chronos-t5,spikes_intensity,4.0,5.649804877842279,0.0850761391543405,100,7151dd71c3f96d97
6,monash_m1_yearly,chronos-t5,spikes_intensity,6.0,6.442091236887233,0.0977845078453798,100,e040fde293022877
6,monash_m1_yearly,chronos-t5,spikes_intensity,8.0,5.746127490913068,0.1656943221999792,100,1cf57bfb2f356e0a
6,monash_m1_yearly,chronos-t5,spikes_intensity,12.0,7.591837677765549,0.0891850847269157,100,2ab3a96c5cdd7073
6,monash_m1_yearly,chronos-t5,spikes_intensity,16.0,6.313068489837749,0.1048547355399728,100,8efe688ea57e13b7
6,monash_m1_yearly,chronos-t5,spikes_intensity,20.0,8.727603885566525,0.1249418910175382,100,5c82c44d7a3e2c02
6,monash_m1_yearly,chronos-t5,spikes_intensity,30.0,5.909773637014326,0.0802948520305863,100,eae783a0394a5d33
6,monash_m1_yearly,chronos-t5,spikes_intensity,40.0,5.324985995961142,0.2345317820040368,100,6e56a86aeacc8b0f
6,monash_m3_monthly,chronos-t5,clean,0.0,0.8153489211450263,0.0920268816192369,100,8396853c2542b64e
6,monash_m3_monthly,chronos-t5,spikes_intensity,1.0,0.899053857451417,0.104304938697527,100,642561503d3e5a94
6,monash_m3_monthly,chronos-t5,spikes_intensity,2.0,0.9142446333721692,0.1039728661857883,100,742a2245d279e1bf
6,monash_m3_monthly,chronos-t5,spikes_intensity,4.0,1.0327760718962522,0.1049697358053599,100,a6608189769df94e
6,monash_m3_monthly,chronos-t5,spikes_intensity,6.0,0.9329054412796888,0.1008046100974961,100,fef8ae7eb89e1ddc
6,monash_m3_monthly,chronos-t5,spikes_intensity,8.0,1.125733212574018,0.1016605404720338,100,305316a00cb0d196
6,monash_m3_monthly,chronos-t5,spikes_intensity,12.0,0.8760695879196737,0.0979397572177123,100,ae8278f12b9592bf
6,monash_m3_monthly,chronos-t5,spikes_intensity,16.0,1.5424606506355536,0.1067775916406593,100,7ba5a499b03f4353
6,monash_m3_monthly,chronos-t5,spikes_intensity,20.0,1.298684349657032,0.1207226196501947,100,d18cbb31fc952929
6,monash_m3_monthly,chronos-t5,spikes_intensity,30.0,0.8726616007657223,0.0966136825144405,100,7c1d824860e54e58
6,monash_m3_monthly,chronos-t5,spikes_intensity,40.0,0.9252793875119816,0.0996396103276519,100,f23f0a95b57b7346
6,monash_m3_quarterly,chronos-t5,clean,0.0,1.37598878400267,0.0808385558856097,100,79cf7aa933a9403f
6,monash_m3_quarterly,chronos-t5,spikes_intensity,1.0,1.6560599820008468,0.0955143700862194,100,b845682bfe37f409
6,monash_m3_quarterly,chronos-t5,spikes_intensity,2.0,1.607841195883117,0.089929314733434,100,2ad9ae1e0f340f3e
6,monash_m3_quarterly,chronos-t5,spikes_intensity,4.0,1.601861704280647,0.087485731291119,100,5d519462f9ef08b1
6,monash_m3_quarterly,chronos-t5,spikes_intensity,6.0,1.6162433248964971,0.0965752173419291,100,2798b0a2134cf02a
6,monash_m3_quarterly,chronos-t5,spikes_intensity,8.0,2.2091084663863514,0.1152387473898371,100,53656fe2dd5c3da3
6,monash_m3_quarterly,chronos-t5,spikes_intensity,12.0,1.7422197383073617,0.1057151279265531,100,dd102bdfac622e73
6,monash_m3_quarterly,chronos-t5,spikes_intensity,16.0,2.085320470397175,0.1349361634866575,100,ac60778a28a8b2c8
6,monash_m3_quarterly,chronos-t5,spikes_intensity,20.0,1.3802230920158385,0.0826280430726717,100,c6c6bf4b84e574fe
6,monash_m3_quarterly,chronos-t5,spikes_intensity,30.0,1.4311835987164978,0.082341026764616,100,cb5b8a6abca5756d
6,monash_m3_quarterly,chronos-t5,spikes_intensity,40.0,1.3816639242096682,0.0800407013429022,100,82e9984f2af08e18
6,monash_m3_yearly,chronos-t5,clean,0.0,3.54345753189484,0.1618540372131773,100,22af5d0564fd98f0
6,monash_m3_yearly,chronos-t5,spikes_intensity,1.0,3.8725838964344663,0.1703733171975836,100,256e481883a154c2
6,monash_m3_yearly,chronos-t5,spikes_intensity,2.0,4.419283167753002,0.1743141783740475,100,13cd7f521c1d9b6c
6,monash_m3_yearly,chronos-t5,spikes_intensity,4.0,3.9098050342904895,0.1765817637032818,100,ae65df708765fafd
6,monash_m3_yearly,chronos-t5,spikes_intensity,6.0,4.579173024561232,0.2032249882283214,100,d9b5af4c16ec35dd
6,monash_m3_yearly,chronos-t5,spikes_intensity,8.0,4.243771253170445,0.1867725726481574,100,aa442e72de40084f
6,monash_m3_yearly,chronos-t5,spikes_intensity,12.0,4.684772872157336,0.2029864630756451,100,94ec1b257064468d
6,monash_m3_yearly,chronos-t5,spikes_intensity,16.0,5.081428580840387,0.26230841789834,100,f8603f38cffe54e6
6,monash_m3_yearly,chronos-t5,spikes_intensity,20.0,4.724179358984085,0.2086535738327175,100,528c31ce891ef980
6,monash_m3_yearly,chronos-t5,spikes_intensity,30.0,4.296029898839702,0.1859417281416745,100,fff3f0482e73b248
6,monash_m3_yearly,chronos-t5,spikes_intensity,40.0,3.692885175490369,0.1613598793844555,100,c569b7efc18a076b
6,monash_nn5_weekly,chronos-t5,clean,0.0,0.953916452740256,0.0880455468149398,100,14e0fea8700b49b1
6,monash_nn5_weekly,chronos-t5,spikes_intensity,1.0,0.9583403419992476,0.0883926743042401,100,6c3aec8a4208cb8c
6,monash_nn5_weekly,chronos-t5,spikes_intensity,2.0,0.9607085720196948,0.0880778785310923,100,ff9981dc2f7d4ae9
6,monash_nn5_weekly,chronos-t5,spikes_intensity,4.0,0.9646185816996132,0.0895467231082488,100,4243f24b93934cf2
6,monash_nn5_weekly,chronos-t5,spikes_intensity,6.0,0.9874324778546172,0.0899990723218327,100,8a0079659b1bf937
6,monash_nn5_weekly,chronos-t5,spikes_intensity,8.0,0.9395032709800714,0.0873382149649961,100,ed477e1cc53dc422
6,monash_nn5_weekly,chronos-t5,spikes_intensity,12.0,0.9473135285355546,0.0885907546349254,100,e38c343c156754c7
6,monash_nn5_weekly,chronos-t5,spikes_intensity,16.0,0.9277987956144212,0.0856003792599738,100,788c7872003ced6c
6,monash_nn5_weekly,chronos-t5,spikes_intensity,20.0,0.9379538920833816,0.0864762579623007,100,509f6cce82cbbadf
6,monash_nn5_weekly,chronos-t5,spikes_intensity,30.0,0.9404330197853912,0.0859877286192665,100,fedda9a945ed23dc
6,monash_nn5_weekly,chronos-t5,spikes_intensity,40.0,0.9540771532229768,0.0862803801654253,100,09d6665f57d188b5
6,monash_tourism_monthly,chronos-t5,clean,0.0,1.8051051166615204,0.0957820772476827,100,f358903079404a57
6,monash_tourism_monthly,chronos-t5,spikes_intensity,1.0,1.9212076809152652,0.1029479299899723,100,8f47f28edbc64880
6,monash_tourism_monthly,chronos-t5,spikes_intensity,2.0,1.999574678201878,0.1079654019404163,100,dfca3efa2ae3bec9
6,monash_tourism_monthly,chronos-t5,spikes_intensity,4.0,2.140694762936609,0.1203173719980762,100,6926b0b9ac0b232f
6,monash_tourism_monthly,chronos-t5,spikes_intensity,6.0,2.1010803897317927,0.1137486793325424,100,67e7bd4cf06f0609
6,monash_tourism_monthly,chronos-t5,spikes_intensity,8.0,2.0259640794307936,0.1053058035103985,100,cdeec4cd98461556
6,monash_tourism_monthly,chronos-t5,spikes_intensity,12.0,1.9591216222074217,0.1053072671724512,100,574c74c3b5f6606a
6,monash_tourism_monthly,chronos-t5,spikes_intensity,16.0,1.8579141673887365,0.0935045319755359,100,00a09a4cdf15f44d
6,monash_tourism_monthly,chronos-t5,spikes_intensity,20.0,1.8263777151019311,0.0933627918774475,100,a0a9341ee14fc5bc
6,monash_tourism_monthly,chronos-t5,spikes_intensity,30.0,1.8200334617418503,0.0987439825319583,100,0742e9b75a5a8651
6,monash_tourism_monthly,chronos-t5,spikes_intensity,40.0,1.8227375451227277,0.0976423395532711,100,fad1d480dc87fbe1
6,monash_tourism_quarterly,chronos-t5,clean,0.0,1.725252370114577,0.0749178454810815,100,71a8b4e97521895d
6,monash_tourism_quarterly,chronos-t5,spikes_intensity,1.0,1.8522275594512023,0.0894485880063779,100,feeaca7c42a645eb
6,monash_tourism_quarterly,chronos-t5,spikes_intensity,2.0,2.2770339272103293,0.1265751629163072,100,97b9838e15151615
6,monash_tourism_quarterly,chronos-t5,spikes_intensity,4.0,2.087868824039714,0.0982062165808536,100,26f6c65d3a42acf5
6,monash_tourism_quarterly,chronos-t5,spikes_intensity,6.0,2.337568542004332,0.0866309600703111,100,8fa59e60e63d8bb4
6,monash_tourism_quarterly,chronos-t5,spikes_intensity,8.0,2.162386730976117,0.0933924657623396,100,0331dd7cd7c5922e
6,monash_tourism_quarterly,chronos-t5,spikes_intensity,12.0,1.8322119215948705,0.0887458773007054,100,7ca7408bced69938
6,monash_tourism_quarterly,chronos-t5,spikes_intensity,16.0,1.8897515762648696,0.0876318787521079,100,4182be37fbadac50
6,monash_tourism_quarterly,chronos-t5,spikes_intensity,20.0,1.8320374225796852,0.1006779254073595,100,57642112f54c2604
6,monash_tourism_quarterly,chronos-t5,spikes_intensity,30.0,1.7255726049632858,0.0730438956619844,100,d3d20939ca8225ca
6,monash_tourism_quarterly,chronos-t5,spikes_intensity,40.0,1.812611067266492,0.0834571021294571,100,718175f720c04bcc
6,monash_tourism_yearly,chronos-t5,clean,0.0,3.907225046424141,0.2077052393219682,100,adf90b7d1f903bb2
6,monash_tourism_yearly,chronos-t5,spikes_intensity,1.0,4.005787627433585,0.1985745943977645,100,222bf2fe5690e793
6,monash_tourism_yearly,chronos-t5,spikes_intensity,2.0,4.405104492319182,0.237861525378268,100,8bfe53494942a01f
6,monash_tourism_yearly,chronos-t5,spikes_intensity,4.0,4.279726158097443,0.1746294408754213,100,48ccb9daa7914c41
6,monash_tourism_yearly,chronos-t5,spikes_intensity,6.0,4.696747646276736,0.2383386503107594,100,bf72e8373db4fbc3
6,monash_tourism_yearly,chronos-t5,spikes_intensity,8.0,4.763466909310479,0.2207063770639117,100,d6681653e29c6eda
6,monash_tourism_yearly,chronos-t5,spikes_intensity,12.0,8.568414515748936,0.6499440609864767,100,ddbe11fd08a0b94a
6,monash_tourism_yearly,chronos-t5,spikes_intensity,16.0,4.645898920905238,0.9816984411809826,100,6c8cff8ccdeb9d51
6,monash_tourism_yearly,chronos-t5,spikes_intensity,20.0,6.788205217272685,1.2967049259459376,100,67fb0013e4444b6b
6,monash_tourism_yearly,chronos-t5,spikes_intensity,30.0,4.262174654843701,0.1730992620624383,100,de0a9afad9d36404
6,monash_tourism_yearly,chronos-t5,spikes_intensity,40.0,4.145708177076525,0.3199017447949801,100,01babfb80ccb98a3
6,monash_traffic,chronos-t5,clean,0.0,0.8251520167816614,0.2821932765115296,100,b391ecfc3e90d400
6,monash_traffic,chronos-t5,spikes_intensity,1.0,0.8393808620403337,0.2814953405137096,100,d680196d77e30708
6,monash_traffic,chronos-t5,spikes_intensity,2.0,0.8355796140180443,0.2822174778751425,100,48ce9541e67fd184
6,monash_traffic,chronos-t5,spikes_intensity,4.0,0.8346184774474542,0.2831337186301748,100,8eb33070fad7ea7d
6,monash_traffic,chronos-t5,spikes_intensity,6.0,0.835218489052948,0.2819338590183383,100,8e04ec1f0e1d393a
6,monash_traffic,chronos-t5,spikes_intensity,8.0,0.824389598443673,0.2822872125920449,100,c64129d782724564
6,monash_traffic,chronos-t5,spikes_intensity,12.0,0.8333735890268038,0.2796133595701132,100,9220c597ff7af2e3
6,monash_traffic,chronos-t5,spikes_intensity,16.0,0.8280703743356868,0.2822349177662459,100,3f99e9cce3e92207
6,monash_traffic,chronos-t5,spikes_intensity,20.0,0.8504018625449921,0.2915130376366815,100,3b304217bcd02d2d
6,monash_traffic,chronos-t5,spikes_intensity,30.0,0.8339872812277999,0.2818609470388288,100,74379273c79aabfe
6,monash_traffic,chronos-t5,spikes_intensity,40.0,0.826135353830591,0.2818726910503668,100,c21bddce4acf5104
6,monash_weather,chronos-t5,clean,0.0,1.060288080579877,0.1453910669160389,100,2fe9d636481148b4
6,monash_weather,chronos-t5,spikes_intensity,1.0,1.0327932202180388,0.1473971210881871,100,1aee770273887c82
6,monash_weather,chronos-t5,spikes_intensity,2.0,1.05302979115444,0.1492423136043906,100,0d6ff275c0e9d06a
6,monash_weather,chronos-t5,spikes_intensity,4.0,1.022533402750535,0.1518033565119995,100,59f427f84afc0c13
6,monash_weather,chronos-t5,spikes_intensity,6.0,1.0580785701970712,0.1503732171077237,100,be60654d47ec996a
6,monash_weather,chronos-t5,spikes_intensity,8.0,1.0272919154548317,0.1520192814918331,100,7cdde824f59f8c4e
6,monash_weather,chronos-t5,spikes_intensity,12.0,1.127458461825869,0.1465839825206755,100,6b2a2b612f8bc470
6,monash_weather,chronos-t5,spikes_intensity,16.0,1.173510438634502,0.1591676620985515,100,7d28b1e51e251349
6,monash_weather,chronos-t5,spikes_intensity,20.0,1.059791778321427,0.1452654697084348,100,9a600f4a0dd710ec
6,monash_weather,chronos-t5,spikes_intensity,30.0,1.030587439338571,0.1787688271917707,100,b47b360d14ff1ae3
6,monash_weather,chronos-t5,spikes_intensity,40.0,1.10434583197641,0.1481782924252893,100,0cb74dbbfb4f8653
6,nn5,chronos-t5,clean,0.0,0.5995159230464986,0.1651922778491151,100,ddf5d74d6baba1a3
6,nn5,chronos-t5,spikes_intensity,1.0,0.5914732164476965,0.1621381705902757,100,54da0be58c3c96df
6,nn5,chronos-t5,spikes_intensity,2.0,0.5953858147214425,0.1627093500692154,100,ed2ae14ee99f88b8
6,nn5,chronos-t5,spikes_intensity,4.0,0.6277041659444422,0.1729421601112662,100,60b7ba0aa293a800
6,nn5,chronos-t5,spikes_intensity,6.0,0.6234898593333563,0.1689873774471274,100,d04ebbbb09d3dc7e
6,nn5,chronos-t5,spikes_intensity,8.0,0.6052870726375947,0.1648929107287912,100,3419a75993018477
6,nn5,chronos-t5,spikes_intensity,12.0,0.5953394313397129,0.1621846334376057,100,e6e429e5f665164b
6,nn5,chronos-t5,spikes_intensity,16.0,0.5911497091347584,0.1605836205258361,100,8f0845e5183b7327
6,nn5,chronos-t5,spikes_intensity,20.0,0.5911071014454455,0.1588742621803763,100,cf90486393705c35
6,nn5,chronos-t5,spikes_intensity,30.0,0.6037077597482559,0.1626576642268785,100,c9be258bd52d0c26
6,nn5,chronos-t5,spikes_intensity,40.0,0.5911139005118254,0.1568763241413849,100,31016e072ef5465e
7,dominick,chronos-t5,clean,0.0,0.7388530513643252,0.2521865611187086,100,022395fb7a7f6672
7,dominick,chronos-t5,spikes_intensity,1.0,0.8211345357812866,0.2718735336885621,100,96a21cb7d558c459
7,dominick,chronos-t5,spikes_intensity,2.0,0.8132690385405982,0.2673772928529312,100,02c05273af04796e
7,dominick,chronos-t5,spikes_intensity,4.0,0.851041727668717,0.2731184143794504,100,a01e33337a25d3cb
7,dominick,chronos-t5,spikes_intensity,6.0,0.7662980709464426,0.262848949837031,100,a1c88b1123d5665f
7,dominick,chronos-t5,spikes_intensity,8.0,0.8468585476622243,0.2633758171793033,100,ad0b21c830c4ba78
7,dominick,chronos-t5,spikes_intensity,12.0,0.8754189941012477,0.2697179024961209,100,1279f5fe1c6b8df8
7,dominick,chronos-t5,spikes_intensity,16.0,0.7346819726271048,0.2591920409162457,100,bd13299b55e13a1d
7,dominick,chronos-t5,spikes_intensity,20.0,0.835313524327598,0.2718162720824751,100,74cccbfb292b023b
7,dominick,chronos-t5,spikes_intensity,30.0,0.7816658761015777,0.2657917322839908,100,acbd9680d49330dd
7,dominick,chronos-t5,spikes_intensity,40.0,0.7310228027736665,0.2650728266715175,100,15ca3ff2d3d8b787
7,ercot,chronos-t5,clean,0.0,0.5792449344881714,0.0149743506541286,8,5fe0784946f6200c
7,ercot,chronos-t5,spikes_intensity,1.0,0.7596672439333824,0.0259703288960459,8,5f73b78a604864c5
7,ercot,chronos-t5,spikes_intensity,2.0,0.8045791491779322,0.0249698456948365,8,bc358fdf242bc002
7,ercot,chronos-t5,spikes_intensity,4.0,0.7062671715476311,0.0237714018726786,8,944dd1e74d54057c
7,ercot,chronos-t5,spikes_intensity,6.0,0.6961077182846646,0.0226904839975225,8,149a61298f23ab72
7,ercot,chronos-t5,spikes_intensity,8.0,0.7268221479526566,0.0427680051761881,8,2649ca6182b872d1
7,ercot,chronos-t5,spikes_intensity,12.0,1.677352119517095,0.054664771665571,8,ea324b5bc2f7f60e
7,ercot,chronos-t5,spikes_intensity,16.0,2.8611892183743546,0.1635056950718965,8,b4361bd3cf691cb4
7,ercot,chronos-t5,spikes_intensity,20.0,3.482674435993504,0.210175158116651,8,8006c8760c59c71d
7,ercot,chronos-t5,spikes_intensity,30.0,0.7319753542238772,0.0232321201313522,8,b1179537e155957b
7,ercot,chronos-t5,spikes_intensity,40.0,0.724295294070405,0.022255993897747,8,dce05615cd89ade6
7,exchange_rate,chronos-t5,clean,0.0,2.0215933290674784,0.013280806973075,8,270afda0994788e3
7,exchange_rate,chronos-t5,spikes_intensity,1.0,2.704306852729954,0.0154294640234017,8,865e207fed08bba8
7,exchange_rate,chronos-t5,spikes_intensity,2.0,2.06703469526645,0.0123543304973527,8,5c09d9f7d4c0102a
7,exchange_rate,chronos-t5,spikes_intensity,4.0,2.122856551634104,0.0138645501264766,8,cd6e8cd6b0e36278
7,exchange_rate,chronos-t5,spikes_intensity,6.0,1.998358031276425,0.0199216971504188,8,32dfceeb485d5867
7,exchange_rate,chronos-t5,spikes_intensity,8.0,2.104659936145201,0.0277311683662276,8,0c909a0c5a0814fc
7,exchange_rate,chronos-t5,spikes_intensity,12.0,7.647669165305286,0.0882725864514094,8,2e4e303a896f31f0
7,exchange_rate,chronos-t5,spikes_intensity,16.0,12.365883498968763,0.1740238365481968,8,d599571ce93699a0
7,exchange_rate,chronos-t5,spikes_intensity,20.0,1.8604962551064088,0.0212125113520539,8,674056d4c6c305f0
7,exchange_rate,chronos-t5,spikes_intensity,30.0,2.290759696401848,0.0253122198799059,8,3b8d07a42aa0ca90
7,exchange_rate,chronos-t5,spikes_intensity,40.0,1.8177515556324688,0.014505027525779,8,45270fb9d1e91b7a
7,m4_quarterly,chronos-t5,clean,0.0,1.138750222025413,0.0766154288514352,100,444302055904448c
7,m4_quarterly,chronos-t5,spikes_intensity,1.0,1.3229354047958806,0.0844926993564483,100,d802e881186620ff
7,m4_quarterly,chronos-t5,spikes_intensity,2.0,1.2955574302734922,0.0819928268713377,100,178b8761f520c486
7,m4_quarterly,chronos-t5,spikes_intensity,4.0,1.3955139859110346,0.0960061903625836,100,5a1de60abe236214
7,m4_quarterly,chronos-t5,spikes_intensity,6.0,1.4877763927114034,0.0926667704111927,100,b45d35da3dbe7cea
7,m4_quarterly,chronos-t5,spikes_intensity,8.0,1.2663784432947176,0.091828157729175,100,c779628cc7496ee7
7,m4_quarterly,chronos-t5,spikes_intensity,12.0,1.257029330067108,0.0897562440839987,100,ebaa3d59770ef535
7,m4_quarterly,chronos-t5,spikes_intensity,16.0,1.2176196710089078,0.08207840575312,100,aa2a857446c20077
7,m4_quarterly,chronos-t5,spikes_intensity,20.0,1.242094481726337,0.0814792873108006,100,09323c23fc1cbaa8
7,m4_quarterly,chronos-t5,spikes_intensity,30.0,1.2426606080699696,0.0813347428596002,100,ac4e612dcd8e3068
7,m4_quarterly,chronos-t5,spikes_intensity,40.0,1.1994643975728885,0.0755560887054759,100,a2856790d0642af9
7,m4_yearly,chronos-t5,clean,0.0,3.522052809976343,0.1396718452961181,100,2ab6975b9e0df166
7,m4_yearly,chronos-t5,spikes_intensity,1.0,3.846865941546609,0.1495575969056334,100,5ef3ac7b0be9a93c
7,m4_yearly,chronos-t5,spikes_intensity,2.0,3.924710484869088,0.1478489920543905,100,ec76b17f9b2b1e01
7,m4_yearly,chronos-t5,spikes_intensity,4.0,4.105665459870152,0.1655883940008485,100,475747034e419c49
7,m4_yearly,chronos-t5,spikes_intensity,6.0,5.262544593257155,0.1613220955411779,100,c6848105cc95cfe6
7,m4_yearly,chronos-t5,spikes_intensity,8.0,7.832222555359316,0.2472152209355234,100,7492372daa9025d6
7,m4_yearly,chronos-t5,spikes_intensity,12.0,5.724996072706037,0.2458067135768228,100,d6aeab8173e39d16
7,m4_yearly,chronos-t5,spikes_intensity,16.0,7.069279618167661,0.2008533211468114,100,8f71a682b675a88c
7,m4_yearly,chronos-t5,spikes_intensity,20.0,4.17633009707927,0.2032949753828562,100,8fac836905de283d
7,m4_yearly,chronos-t5,spikes_intensity,30.0,4.1196460444505805,0.1899738128760559,100,b3b7fbb20389e4d3
7,m4_yearly,chronos-t5,spikes_intensity,40.0,8.33998832744545,0.3295442548894125,100,2d11cd7751ba229d
7,m5,chronos-t5,clean,0.0,0.9259918451247644,0.5773251041455453,100,dc3b120d18c4ec13
7,m5,chronos-t5,spikes_intensity,1.0,0.9277144986878842,0.5865012135178983,100,6c4f1cabc63fa325
7,m5,chronos-t5,spikes_intensity,2.0,0.9345830114339172,0.5655845249150855,100,e2b895b574fa4447
7,m5,chronos-t5,spikes_intensity,4.0,0.926187235251438,0.5708893098200665,100,69bcd813d4681f45
7,m5,chronos-t5,spikes_intensity,6.0,0.92424134195436,0.6036346536214128,100,2b90fe15a5e358dd
7,m5,chronos-t5,spikes_intensity,8.0,0.9071640324939836,0.5707908519861565,100,97daf664fd5fd941
7,m5,chronos-t5,spikes_intensity,12.0,0.9278801615176352,0.5860658023433049,100,c182cf645a721e84
7,m5,chronos-t5,spikes_intensity,16.0,0.9386859483742304,0.5842875040374084,100,ae0da24ac2847bcd
7,m5,chronos-t5,spikes_intensity,20.0,0.9220674736719472,0.5834263986117119,100,d06028d60796234f
7,m5,chronos-t5,spikes_intensity,30.0,0.9150931235536957,0.5807747121534443,100,0b14459894c675f3
7,m5,chronos-t5,spikes_intensity,40.0,0.9103039221040254,0.5694037777213794,100,5a22e04f4be9e73b
7,monash_australian_electricity,chronos-t5,clean,0.0,1.1735209313747184,0.0690013677836095,5,38c44bb4fa034e9e
7,monash_australian_electricity,chronos-t5,spikes_intensity,1.0,1.1404386109100533,0.0644114071318469,5,1a5a866b8da59a08
7,monash_australian_electricity,chronos-t5,spikes_intensity,2.0,1.0370104785426106,0.0550268610716033,5,f85739575f232240
7,monash_australian_electricity,chronos-t5,spikes_intensity,4.0,1.0857586424474694,0.0665194780287357,5,0a141776da56cd12
7,monash_australian_electricity,chronos-t5,spikes_intensity,6.0,1.8106236631922472,0.1746429286883766,5,72e39e3b422f68ea
7,monash_australian_electricity,chronos-t5,spikes_intensity,8.0,3.8683633456945534,0.3029995542454048,5,8a8db42b5d194a33
7,monash_australian_electricity,chronos-t5,spikes_intensity,12.0,1.2439676847045955,0.0884641588117685,5,dc05f616208a700e
7,monash_australian_electricity,chronos-t5,spikes_intensity,16.0,1.044425315113968,0.0782241491840393,5,4c8979ecadc87426
7,monash_australian_electricity,chronos-t5,spikes_intensity,20.0,1.036827893945642,0.0653322685944099,5,fc94b5fef914ba7c
7,monash_australian_electricity,chronos-t5,spikes_intensity,30.0,0.9845477112088078,0.0463642961994822,5,c421b7df70734512
7,monash_australian_electricity,chronos-t5,spikes_intensity,40.0,1.072778066303951,0.0661841140692337,5,514ebb5b2b9f823d
7,monash_car_parts,chronos-t5,clean,0.0,0.9381425312241788,1.108133013166838,100,d1853c77ba0bd2eb
7,monash_car_parts,chronos-t5,spikes_intensity,1.0,0.909229646849693,1.0291537422944674,100,7d5cb79432b86f65
7,monash_car_parts,chronos-t5,spikes_intensity,2.0,0.943237190415244,1.112503478949466,100,4aee5a248eed22d8
7,monash_car_parts,chronos-t5,spikes_intensity,4.0,0.9359586008685444,1.145366595092309,100,92c384a479576efa
7,monash_car_parts,chronos-t5,spikes_intensity,6.0,0.9372595817605364,1.1298127452762472,100,01e2e4f7f5d6126c
7,monash_car_parts,chronos-t5,spikes_intensity,8.0,0.9135996056779018,1.1444268271265416,100,640f3429f1fd3eca
7,monash_car_parts,chronos-t5,spikes_intensity,12.0,0.9251371076374374,1.15317021373398,100,b595d5004bd8cbba
7,monash_car_parts,chronos-t5,spikes_intensity,16.0,0.90798167648914,1.100356998708923,100,90f3b31afa2c959c
7,monash_car_parts,chronos-t5,spikes_intensity,20.0,0.9252263901405312,1.1685908910833076,100,2ae1e795bb3afaaa
7,monash_car_parts,chronos-t5,spikes_intensity,30.0,0.917154114964122,1.277252719158407,100,3820c2cc82a6611e
7,monash_car_parts,chronos-t5,spikes_intensity,40.0,0.9031414935669906,1.2080731191505027,100,ceb769504c62b52c
7,monash_cif_2016,chronos-t5,clean,0.0,0.9947215162732392,0.0111685480854996,72,e4e15f9e2e7a0573
7,monash_cif_2016,chronos-t5,spikes_intensity,1.0,1.0525416945990644,0.0135251958567045,72,afe900560fb12fd9
7,monash_cif_2016,chronos-t5,spikes_intensity,2.0,1.1010223991532524,0.0141606294241619,72,8fd7b3b18790cfed
7,monash_cif_2016,chronos-t5,spikes_intensity,4.0,1.3021099545259474,0.333634588280842,72,4a4e1d2284da3123
7,monash_cif_2016,chronos-t5,spikes_intensity,6.0,1.4540003878944916,0.0165025656167313,72,c2a8cd1e6e928de2
7,monash_cif_2016,chronos-t5,spikes_intensity,8.0,1.1161668240715306,0.0208308215870331,72,d31f557b9421f107
7,monash_cif_2016,chronos-t5,spikes_intensity,12.0,1.1267734570397054,0.0476453707129269,72,1b614f5dea80b158
7,monash_cif_2016,chronos-t5,spikes_intensity,16.0,1.1345612506506044,0.01439416641159,72,6760f0030b816bc4
7,monash_cif_2016,chronos-t5,spikes_intensity,20.0,1.0968116898336224,0.0127041764180164,72,621d2bd7286f3b0b
7,monash_cif_2016,chronos-t5,spikes_intensity,30.0,1.1020625160922106,0.0160689391391747,72,e1ed3260b28feb2e
7,monash_cif_2016,chronos-t5,spikes_intensity,40.0,1.065230009000916,0.0117405841599324,72,33b5766bc4a0e864
7,monash_covid_deaths,chronos-t5,clean,0.0,50.88085003799106,0.0524897598004071,100,45dec5fd7f93b8a9
7,monash_covid_deaths,chronos-t5,spikes_intensity,1.0,56.75356709413026,0.072767445842487,100,5b5a71d09cc799f0
7,monash_covid_deaths,chronos-t5,spikes_intensity,2.0,58.52192448083511,0.1032557630583296,100,a7c86375b99c1fa3
7,monash_covid_deaths,chronos-t5,spikes_intensity,4.0,59.60561722199913,0.0688325995986972,100,9a4298d530e4aeab
7,monash_covid_deaths,chronos-t5,spikes_intensity,6.0,53.69906601896484,0.0516035479500214,100,3ddb1f940ccb4aa3
7,monash_covid_deaths,chronos-t5,spikes_intensity,8.0,55.55912904256888,0.0521845203474032,100,d3a8b07f12c7c85d
7,monash_covid_deaths,chronos-t5,spikes_intensity,12.0,59.70859062235696,0.460683620572743,100,4000dde85f6da696
7,monash_covid_deaths,chronos-t5,spikes_intensity,16.0,51.96415727888171,0.0437661228629789,100,9ce98551d46c2498
7,monash_covid_deaths,chronos-t5,spikes_intensity,20.0,51.3760670080492,0.0511171666132873,100,d6af9061c8d96aa2
7,monash_covid_deaths,chronos-t5,spikes_intensity,30.0,51.73009212148736,0.0533111703683153,100,740a4a236dab1ca5
7,monash_covid_deaths,chronos-t5,spikes_intensity,40.0,52.823236871469966,0.0427346282162193,100,c4e34a0b355f736d
7,monash_fred_md,chronos-t5,clean,0.0,0.427181630246656,0.0164261705325632,100,5cb073350fee3717
7,monash_fred_md,chronos-t5,spikes_intensity,1.0,0.603191773328768,0.0203847195433226,100,cac8593e17561a7d
7,monash_fred_md,chronos-t5,spikes_intensity,2.0,1.2889664655955158,0.02111267366907,100,79a93c4dc9712aed
7,monash_fred_md,chronos-t5,spikes_intensity,4.0,0.4768111040582772,0.0218208847279954,100,353132d58e0dac4a
7,monash_fred_md,chronos-t5,spikes_intensity,6.0,4.054474848048264,0.064170472285088,100,b6b9c82a236ea67c
7,monash_fred_md,chronos-t5,spikes_intensity,8.0,0.7282796561379543,0.0270759517983084,100,a0c7ec6b89ba0d5e
7,monash_fred_md,chronos-t5,spikes_intensity,12.0,2.1942174741819507,0.0670953567133864,100,d7c602b2ab392a5b
7,monash_fred_md,chronos-t5,spikes_intensity,16.0,0.8950188244288785,0.0212135662793987,100,64f5a5df4d86f90d
7,monash_fred_md,chronos-t5,spikes_intensity,20.0,0.8704125507757332,0.0221314649706666,100,fdbcd909e47ec815
7,monash_fred_md,chronos-t5,spikes_intensity,30.0,0.4675083848380158,0.0210702064463252,100,4488d45f91251ce7
7,monash_fred_md,chronos-t5,spikes_intensity,40.0,0.6462927641388092,0.0243757407086626,100,87a826b17571d826
7,monash_hospital,chronos-t5,clean,0.0,0.8274564142910285,0.0657542343920838,100,702d687834202dd3
7,monash_hospital,chronos-t5,spikes_intensity,1.0,0.8325165748904033,0.0687694977070154,100,a514afd589500028
7,monash_hospital,chronos-t5,spikes_intensity,2.0,0.8300932326522091,0.0723576399095141,100,0d7513bd9a82205d
7,monash_hospital,chronos-t5,spikes_intensity,4.0,0.8669150680137416,0.0832696381479214,100,bc8b8a08c2f29074
7,monash_hospital,chronos-t5,spikes_intensity,6.0,0.8365026697736403,0.0662302771492063,100,8bdf11645fa2a15c
7,monash_hospital,chronos-t5,spikes_intensity,8.0,0.8597526013475881,0.0691504478393758,100,ef2c7f07eeef64d8
7,monash_hospital,chronos-t5,spikes_intensity,12.0,0.8225256831711295,0.0657184794908567,100,5e232bb6cd6f0289
7,monash_hospital,chronos-t5,spikes_intensity,16.0,0.8205697167481839,0.0652260420464254,100,a155d95bdebdd417
7,monash_hospital,chronos-t5,spikes_intensity,20.0,0.8379901854353735,0.0706194688252957,100,c5dc2b8d33118f5c
7,monash_hospital,chronos-t5,spikes_intensity,30.0,0.8412742096524075,0.0691677110073501,100,a4b865f13dba932c
7,monash_hospital,chronos-t5,spikes_intensity,40.0,0.8236984018553039,0.0653790746985833,100,a2e0751730a5b79e
7,monash_m1_monthly,chronos-t5,clean,0.0,1.1579426687485406,0.1883712405260574,100,c2b6b5f8b9fa16e2
7,monash_m1_monthly,chronos-t5,spikes_intensity,1.0,1.1443560978658285,0.1865386626660501,100,ddd71f00f6d8886a
7,monash_m1_monthly,chronos-t5,spikes_intensity,2.0,1.1761981491480582,0.1931953439110559,100,7d3abb85cfac0600
7,monash_m1_monthly,chronos-t5,spikes_intensity,4.0,1.2050121631427,0.2471743477288363,100,39fa4d59bbdb08f3
7,monash_m1_monthly,chronos-t5,spikes_intensity,6.0,1.341361805808139,0.228059532038268,100,f1afde404b9f5961
7,monash_m1_monthly,chronos-t5,spikes_intensity,8.0,1.2031877522602878,0.2212050220796105,100,9db2b10efad593eb
7,monash_m1_monthly,chronos-t5,spikes_intensity,12.0,1.2162174107588508,0.2023729711981047,100,b6525f32eaaf3e49
7,monash_m1_monthly,chronos-t5,spikes_intensity,16.0,1.3138053024965315,0.2132542680179329,100,104307e6f3505d62
7,monash_m1_monthly,chronos-t5,spikes_intensity,20.0,1.3561168958750125,0.209719122006373,100,a5ec76b5ea716248
7,monash_m1_monthly,chronos-t5,spikes_intensity,30.0,1.1853693467711144,0.2053237327667337,100,1215407a10c38f0b
7,monash_m1_monthly,chronos-t5,spikes_intensity,40.0,1.4697107541413044,0.2189642043217665,100,45b4792a804b00a5
7,monash_m1_quarterly,chronos-t5,clean,0.0,1.790026987873996,0.1018699103711,100,88c3945422a1e782
7,monash_m1_quarterly,chronos-t5,spikes_intensity,1.0,1.852929128154383,0.0846868606783885,100,c6939c55db4e3cd4
7,monash_m1_quarterly,chronos-t5,spikes_intensity,2.0,1.8781474059622008,0.0944610593274507,100,1954b2fabf53dae1
7,monash_m1_quarterly,chronos-t5,spikes_intensity,4.0,2.415850914214273,0.1000472471201452,100,e72636abf908fce1
7,monash_m1_quarterly,chronos-t5,spikes_intensity,6.0,1.8363478541876872,0.0979230292234538,100,ebbc85309e9537e7
7,monash_m1_quarterly,chronos-t5,spikes_intensity,8.0,2.739205187967748,0.0966410561033693,100,7139b331f5bd0d06
7,monash_m1_quarterly,chronos-t5,spikes_intensity,12.0,2.631673826351573,0.0861677367286698,100,3698cb560ff22ca5
7,monash_m1_quarterly,chronos-t5,spikes_intensity,16.0,2.1198422933790964,0.0872000712059867,100,fcbcb1e2b7db1588
7,monash_m1_quarterly,chronos-t5,spikes_intensity,20.0,2.4765555554834355,0.0856233880430586,100,b764898bacf1b215
7,monash_m1_quarterly,chronos-t5,spikes_intensity,30.0,1.6971771164264355,0.0978274189572703,100,8a4d883005b73ba1
7,monash_m1_quarterly,chronos-t5,spikes_intensity,40.0,2.2386354952462564,0.1008943849813607,100,012ebb9308b7e72e
7,monash_m1_yearly,chronos-t5,clean,0.0,4.791080687354668,0.0803998007075854,100,0c8de5066b459982
7,monash_m1_yearly,chronos-t5,spikes_intensity,1.0,5.382572332675474,0.0915493300515489,100,02c6a4e5a0882909
7,monash_m1_yearly,chronos-t5,spikes_intensity,2.0,5.144131893398398,0.134023922260059,100,a948db659565d7c1
7,monash_m1_yearly,chronos-t5,spikes_intensity,4.0,5.582049795096876,0.0950874175809389,100,7151dd71c3f96d97
7,monash_m1_yearly,chronos-t5,spikes_intensity,6.0,6.459170946960724,0.109118611189132,100,e040fde293022877
7,monash_m1_yearly,chronos-t5,spikes_intensity,8.0,5.756194122882692,0.1561486654972623,100,1cf57bfb2f356e0a
7,monash_m1_yearly,chronos-t5,spikes_intensity,12.0,7.474165236957858,0.1101958119374785,100,2ab3a96c5cdd7073
7,monash_m1_yearly,chronos-t5,spikes_intensity,16.0,6.3487357409359,0.0945357187885211,100,8efe688ea57e13b7
7,monash_m1_yearly,chronos-t5,spikes_intensity,20.0,8.671338073726735,0.1082177836695247,100,5c82c44d7a3e2c02
7,monash_m1_yearly,chronos-t5,spikes_intensity,30.0,5.731287175570378,0.0806568541599575,100,eae783a0394a5d33
7,monash_m1_yearly,chronos-t5,spikes_intensity,40.0,5.394611523034001,0.2866106328567335,100,6e56a86aeacc8b0f
7,monash_m3_monthly,chronos-t5,clean,0.0,0.8348195088486746,0.0922726901012175,100,8396853c2542b64e
7,monash_m3_monthly,chronos-t5,spikes_intensity,1.0,0.899837263637176,0.102184969928215,100,642561503d3e5a94
7,monash_m3_monthly,chronos-t5,spikes_intensity,2.0,0.9789943329354484,0.106358161925963,100,742a2245d279e1bf
7,monash_m3_monthly,chronos-t5,spikes_intensity,4.0,1.0359320742411733,0.1033431129229497,100,a6608189769df94e
7,monash_m3_monthly,chronos-t5,spikes_intensity,6.0,0.9315218923206308,0.0990548135239164,100,fef8ae7eb89e1ddc
7,monash_m3_monthly,chronos-t5,spikes_intensity,8.0,1.1461005868323082,0.1009597278302917,100,305316a00cb0d196
7,monash_m3_monthly,chronos-t5,spikes_intensity,12.0,0.8834682971630039,0.0992950764933853,100,ae8278f12b9592bf
7,monash_m3_monthly,chronos-t5,spikes_intensity,16.0,1.7640047504007266,0.1130495641260588,100,7ba5a499b03f4353
7,monash_m3_monthly,chronos-t5,spikes_intensity,20.0,0.996728455884317,0.1077253493581306,100,d18cbb31fc952929
7,monash_m3_monthly,chronos-t5,spikes_intensity,30.0,0.8543959484086708,0.094110164323218,100,7c1d824860e54e58
7,monash_m3_monthly,chronos-t5,spikes_intensity,40.0,0.8868468270733157,0.0973937401886773,100,f23f0a95b57b7346
7,monash_m3_quarterly,chronos-t5,clean,0.0,1.383184295105194,0.081639636236788,100,79cf7aa933a9403f
7,monash_m3_quarterly,chronos-t5,spikes_intensity,1.0,1.6520317823893456,0.095816894135979,100,b845682bfe37f409
7,monash_m3_quarterly,chronos-t5,spikes_intensity,2.0,1.66806147473877,0.0919265046344201,100,2ad9ae1e0f340f3e
7,monash_m3_quarterly,chronos-t5,spikes_intensity,4.0,1.5269466101136815,0.0863598402241544,100,5d519462f9ef08b1
7,monash_m3_quarterly,chronos-t5,spikes_intensity,6.0,1.598327600405946,0.0972163774165118,100,2798b0a2134cf02a
7,monash_m3_quarterly,chronos-t5,spikes_intensity,8.0,2.212055564956377,0.1139569739611202,100,53656fe2dd5c3da3
7,monash_m3_quarterly,chronos-t5,spikes_intensity,12.0,1.685603797369028,0.1014123164230884,100,dd102bdfac622e73
7,monash_m3_quarterly,chronos-t5,spikes_intensity,16.0,2.1025506045387736,0.1351097445496983,100,ac60778a28a8b2c8
7,monash_m3_quarterly,chronos-t5,spikes_intensity,20.0,1.594799586002788,0.0853581562023067,100,c6c6bf4b84e574fe
7,monash_m3_quarterly,chronos-t5,spikes_intensity,30.0,1.44212387264408,0.0922312302384595,100,cb5b8a6abca5756d
7,monash_m3_quarterly,chronos-t5,spikes_intensity,40.0,1.4361935261537513,0.0837977300674688,100,82e9984f2af08e18
7,monash_m3_yearly,chronos-t5,clean,0.0,3.57583279332458,0.161682544641133,100,22af5d0564fd98f0
7,monash_m3_yearly,chronos-t5,spikes_intensity,1.0,3.839517338547191,0.1669597184947009,100,256e481883a154c2
7,monash_m3_yearly,chronos-t5,spikes_intensity,2.0,4.382536917585989,0.1716029102687141,100,13cd7f521c1d9b6c
7,monash_m3_yearly,chronos-t5,spikes_intensity,4.0,3.6695516552056295,0.1636407548900035,100,ae65df708765fafd
7,monash_m3_yearly,chronos-t5,spikes_intensity,6.0,4.630853580625403,0.2049065201859793,100,d9b5af4c16ec35dd
7,monash_m3_yearly,chronos-t5,spikes_intensity,8.0,4.336446822765367,0.1877861998977088,100,aa442e72de40084f
7,monash_m3_yearly,chronos-t5,spikes_intensity,12.0,4.579414482593436,0.1927574663396719,100,94ec1b257064468d
7,monash_m3_yearly,chronos-t5,spikes_intensity,16.0,5.0014855792753465,0.2717853270137598,100,f8603f38cffe54e6
7,monash_m3_yearly,chronos-t5,spikes_intensity,20.0,4.490245692525284,0.1979497863696007,100,528c31ce891ef980
7,monash_m3_yearly,chronos-t5,spikes_intensity,30.0,4.298486065059476,0.2037476935828957,100,fff3f0482e73b248
7,monash_m3_yearly,chronos-t5,spikes_intensity,40.0,3.691628649369679,0.1609413947349967,100,c569b7efc18a076b
7,monash_nn5_weekly,chronos-t5,clean,0.0,0.9436230832696624,0.0872555556852811,100,14e0fea8700b49b1
7,monash_nn5_weekly,chronos-t5,spikes_intensity,1.0,0.9301817361367084,0.0863192168285247,100,6c3aec8a4208cb8c
7,monash_nn5_weekly,chronos-t5,spikes_intensity,2.0,0.9453049398710704,0.0865161650143516,100,ff9981dc2f7d4ae9
7,monash_nn5_weekly,chronos-t5,spikes_intensity,4.0,0.9425776344603918,0.0876290075523536,100,4243f24b93934cf2
7,monash_nn5_weekly,chronos-t5,spikes_intensity,6.0,0.952865052146614,0.0883924065612449,100,8a0079659b1bf937
7,monash_nn5_weekly,chronos-t5,spikes_intensity,8.0,0.93184922970934,0.0864745140177377,100,ed477e1cc53dc422
7,monash_nn5_weekly,chronos-t5,spikes_intensity,12.0,0.92594456728139,0.0864409684686977,100,e38c343c156754c7
7,monash_nn5_weekly,chronos-t5,spikes_intensity,16.0,0.9290889264366976,0.0853477948892749,100,788c7872003ced6c
7,monash_nn5_weekly,chronos-t5,spikes_intensity,20.0,0.942091009039712,0.0863722133400532,100,509f6cce82cbbadf
7,monash_nn5_weekly,chronos-t5,spikes_intensity,30.0,0.9368817878659532,0.085783563565521,100,fedda9a945ed23dc
7,monash_nn5_weekly,chronos-t5,spikes_intensity,40.0,0.9310526449320028,0.0845038001310753,100,09d6665f57d188b5
7,monash_tourism_monthly,chronos-t5,clean,0.0,1.8059601071402187,0.0992380943220066,100,f358903079404a57
7,monash_tourism_monthly,chronos-t5,spikes_intensity,1.0,1.9140462027456944,0.1022732398453889,100,8f47f28edbc64880
7,monash_tourism_monthly,chronos-t5,spikes_intensity,2.0,1.9808052678415355,0.1065900712599697,100,dfca3efa2ae3bec9
7,monash_tourism_monthly,chronos-t5,spikes_intensity,4.0,2.121266366837091,0.1175464658816509,100,6926b0b9ac0b232f
7,monash_tourism_monthly,chronos-t5,spikes_intensity,6.0,2.072983820714809,0.1107549496927217,100,67e7bd4cf06f0609
7,monash_tourism_monthly,chronos-t5,spikes_intensity,8.0,2.0210220320734105,0.1087229099094065,100,cdeec4cd98461556
7,monash_tourism_monthly,chronos-t5,spikes_intensity,12.0,1.977976196855105,0.1116257762682127,100,574c74c3b5f6606a
7,monash_tourism_monthly,chronos-t5,spikes_intensity,16.0,1.8661082700547764,0.0956773129142956,100,00a09a4cdf15f44d
7,monash_tourism_monthly,chronos-t5,spikes_intensity,20.0,1.850540802629357,0.0944509506788919,100,a0a9341ee14fc5bc
7,monash_tourism_monthly,chronos-t5,spikes_intensity,30.0,1.8181699727357228,0.0967685800925171,100,0742e9b75a5a8651
7,monash_tourism_monthly,chronos-t5,spikes_intensity,40.0,1.7777438588728185,0.0970004019902095,100,fad1d480dc87fbe1
7,monash_tourism_quarterly,chronos-t5,clean,0.0,1.7294862844557033,0.0744886591388642,100,71a8b4e97521895d
7,monash_tourism_quarterly,chronos-t5,spikes_intensity,1.0,1.8669889319904729,0.0958501505856584,100,feeaca7c42a645eb
7,monash_tourism_quarterly,chronos-t5,spikes_intensity,2.0,2.262165871997416,0.1215212874460081,100,97b9838e15151615
7,monash_tourism_quarterly,chronos-t5,spikes_intensity,4.0,2.055189598944931,0.0941558504232601,100,26f6c65d3a42acf5
7,monash_tourism_quarterly,chronos-t5,spikes_intensity,6.0,2.3710915870556395,0.0858125182291665,100,8fa59e60e63d8bb4
7,monash_tourism_quarterly,chronos-t5,spikes_intensity,8.0,2.1183899219344657,0.0902076950642823,100,0331dd7cd7c5922e
7,monash_tourism_quarterly,chronos-t5,spikes_intensity,12.0,1.8758500435824064,0.0936332786358869,100,7ca7408bced69938
7,monash_tourism_quarterly,chronos-t5,spikes_intensity,16.0,1.8986492230096257,0.0866774872966628,100,4182be37fbadac50
7,monash_tourism_quarterly,chronos-t5,spikes_intensity,20.0,1.868252881725751,0.1137431867419086,100,57642112f54c2604
7,monash_tourism_quarterly,chronos-t5,spikes_intensity,30.0,1.7177104709048348,0.0712380010520093,100,d3d20939ca8225ca
7,monash_tourism_quarterly,chronos-t5,spikes_intensity,40.0,1.8678278044587164,0.0788596407915598,100,718175f720c04bcc
7,monash_tourism_yearly,chronos-t5,clean,0.0,3.957719519250276,0.20291233357575,100,adf90b7d1f903bb2
7,monash_tourism_yearly,chronos-t5,spikes_intensity,1.0,3.978616921913468,0.1994901523909928,100,222bf2fe5690e793
7,monash_tourism_yearly,chronos-t5,spikes_intensity,2.0,4.384620519167253,0.2332740177697272,100,8bfe53494942a01f
7,monash_tourism_yearly,chronos-t5,spikes_intensity,4.0,4.274543435203119,0.1947427533321082,100,48ccb9daa7914c41
7,monash_tourism_yearly,chronos-t5,spikes_intensity,6.0,4.62258858523784,0.2284410393937275,100,bf72e8373db4fbc3
7,monash_tourism_yearly,chronos-t5,spikes_intensity,8.0,4.754170729266192,0.2231764947928959,100,d6681653e29c6eda
7,monash_tourism_yearly,chronos-t5,spikes_intensity,12.0,8.520534062020019,0.8345725358755051,100,ddbe11fd08a0b94a
7,monash_tourism_yearly,chronos-t5,spikes_intensity,16.0,4.736654092189881,1.113477388472256,100,6c8cff8ccdeb9d51
7,monash_tourism_yearly,chronos-t5,spikes_intensity,20.0,6.642690053257391,1.2538031779074106,100,67fb0013e4444b6b
7,monash_tourism_yearly,chronos-t5,spikes_intensity,30.0,4.270659814767498,0.1892172435648106,100,de0a9afad9d36404
7,monash_tourism_yearly,chronos-t5,spikes_intensity,40.0,4.212578964311207,0.2713167161264672,100,01babfb80ccb98a3
7,monash_traffic,chronos-t5,clean,0.0,0.8268015589912737,0.2851254805631841,100,b391ecfc3e90d400
7,monash_traffic,chronos-t5,spikes_intensity,1.0,0.8433494731623258,0.2822174475355692,100,d680196d77e30708
7,monash_traffic,chronos-t5,spikes_intensity,2.0,0.8327883029320379,0.2808601418047241,100,48ce9541e67fd184
7,monash_traffic,chronos-t5,spikes_intensity,4.0,0.8326119348356829,0.2848771143785515,100,8eb33070fad7ea7d
7,monash_traffic,chronos-t5,spikes_intensity,6.0,0.823027152117104,0.275801807899494,100,8e04ec1f0e1d393a
7,monash_traffic,chronos-t5,spikes_intensity,8.0,0.8263520070986446,0.2815696664745139,100,c64129d782724564
7,monash_traffic,chronos-t5,spikes_intensity,12.0,0.8370630009974046,0.2804173800853197,100,9220c597ff7af2e3
7,monash_traffic,chronos-t5,spikes_intensity,16.0,0.8417066557624028,0.2854699438136731,100,3f99e9cce3e92207
7,monash_traffic,chronos-t5,spikes_intensity,20.0,0.8558977139886953,0.289791182469149,100,3b304217bcd02d2d
7,monash_traffic,chronos-t5,spikes_intensity,30.0,0.838060141204218,0.2807423573385144,100,74379273c79aabfe
7,monash_traffic,chronos-t5,spikes_intensity,40.0,0.8279826262864273,0.2798379260608304,100,c21bddce4acf5104
7,monash_weather,chronos-t5,clean,0.0,1.094353549789164,0.1449780709539838,100,2fe9d636481148b4
7,monash_weather,chronos-t5,spikes_intensity,1.0,1.0784266771966668,0.1462115590982143,100,1aee770273887c82
7,monash_weather,chronos-t5,spikes_intensity,2.0,1.0736855432148684,0.1492212094455636,100,0d6ff275c0e9d06a
7,monash_weather,chronos-t5,spikes_intensity,4.0,1.0435998901157155,0.1513136903911034,100,59f427f84afc0c13
7,monash_weather,chronos-t5,spikes_intensity,6.0,1.063530566442564,0.1487525992352395,100,be60654d47ec996a
7,monash_weather,chronos-t5,spikes_intensity,8.0,1.029380184635583,0.148239058563591,100,7cdde824f59f8c4e
7,monash_weather,chronos-t5,spikes_intensity,12.0,1.129077744086904,0.1461847026007696,100,6b2a2b612f8bc470
7,monash_weather,chronos-t5,spikes_intensity,16.0,1.0532684488734785,0.1458745867395015,100,7d28b1e51e251349
7,monash_weather,chronos-t5,spikes_intensity,20.0,1.0719694503421933,0.1440413424651089,100,9a600f4a0dd710ec
7,monash_weather,chronos-t5,spikes_intensity,30.0,1.114399533933221,0.1819288339406531,100,b47b360d14ff1ae3
7,monash_weather,chronos-t5,spikes_intensity,40.0,1.105638544180967,0.173283654026647,100,0cb74dbbfb4f8653
7,nn5,chronos-t5,clean,0.0,0.6015463714042988,0.1646423836659512,100,ddf5d74d6baba1a3
7,nn5,chronos-t5,spikes_intensity,1.0,0.5916265562408146,0.1619272939011928,100,54da0be58c3c96df
7,nn5,chronos-t5,spikes_intensity,2.0,0.6020059431750895,0.1641845337665206,100,ed2ae14ee99f88b8
7,nn5,chronos-t5,spikes_intensity,4.0,0.6261525624482246,0.1732394626810635,100,60b7ba0aa293a800
7,nn5,chronos-t5,spikes_intensity,6.0,0.625687670798263,0.1698755411471792,100,d04ebbbb09d3dc7e
7,nn5,chronos-t5,spikes_intensity,8.0,0.606603366899503,0.1649407086614708,100,3419a75993018477
7,nn5,chronos-t5,spikes_intensity,12.0,0.59005238786822,0.1611112527744961,100,e6e429e5f665164b
7,nn5,chronos-t5,spikes_intensity,16.0,0.5934657072184758,0.1609334613327921,100,8f0845e5183b7327
7,nn5,chronos-t5,spikes_intensity,20.0,0.5921430718591829,0.1581595557529703,100,cf90486393705c35
7,nn5,chronos-t5,spikes_intensity,30.0,0.6040716572057053,0.1621864425080567,100,c9be258bd52d0c26
7,nn5,chronos-t5,spikes_intensity,40.0,0.6009105089546114,0.1582537295686911,100,31016e072ef5465e
