dataset,model,family,severity,MASE,WQL,n_series,latency_s,MASE_clean,WQL_clean,MASE_degr,WQL_degr
monash_australian_electricity,chronos-2,clean,0.0,0.6271804180014168,0.0306721340583663,5,0.535,0.6271804180014168,0.0306721340583663,1.0,1.0
monash_australian_electricity,chronos-t5,clean,0.0,1.184876521529985,0.0698047190141327,5,0.759,1.184876521529985,0.0698047190141327,1.0,1.0
monash_australian_electricity,chronos-2,spikes_intensity,1.0,0.6430979785057988,0.0299001486484338,5,0.036,0.6271804180014168,0.0306721340583663,1.025379555941981,0.9748310499535675
monash_australian_electricity,chronos-t5,spikes_intensity,1.0,1.1905565189642375,0.0647085366864044,5,0.668,1.184876521529985,0.0698047190141327,1.0047937462942704,0.9269937276490359
monash_australian_electricity,chronos-2,spikes_intensity,2.0,0.6937885829077209,0.0345711966069574,5,0.059,0.6271804180014168,0.0306721340583663,1.1062025582982307,1.1271206803273464
monash_australian_electricity,chronos-t5,spikes_intensity,2.0,1.0919066437571323,0.059752562444376,5,0.673,1.184876521529985,0.0698047190141327,0.9215362309206665,0.8559960313324729
monash_australian_electricity,chronos-2,spikes_intensity,4.0,0.7041538749758314,0.032946381737131,5,0.046,0.6271804180014168,0.0306721340583663,1.1227293690381779,1.0741470311272443
monash_australian_electricity,chronos-t5,spikes_intensity,4.0,1.145177796689641,0.0731076867771791,5,0.657,1.184876521529985,0.0698047190141327,0.9664954751664059,1.0473172560493753
monash_australian_electricity,chronos-2,spikes_intensity,6.0,0.8207079846993588,0.042236459904683,5,0.07,0.6271804180014168,0.0306721340583663,1.3085676164996352,1.3770303632708056
monash_australian_electricity,chronos-t5,spikes_intensity,6.0,1.472139750099206,0.1780754572634478,5,0.622,1.184876521529985,0.0698047190141327,1.2424414893446358,2.551051845468994
monash_australian_electricity,chronos-2,spikes_intensity,8.0,0.8996815147780135,0.0408776057170726,5,0.046,0.6271804180014168,0.0306721340583663,1.4344859771689829,1.3327277990923685
monash_australian_electricity,chronos-t5,spikes_intensity,8.0,4.8029290244626734,0.3617322353591504,5,0.701,1.184876521529985,0.0698047190141327,4.053527044540336,5.182059901794231
monash_australian_electricity,chronos-2,spikes_intensity,12.0,0.8690070408425583,0.0394773902333147,5,0.053,0.6271804180014168,0.0306721340583663,1.3855774445441873,1.2870767374122971
monash_australian_electricity,chronos-t5,spikes_intensity,12.0,1.3156013383525722,0.1110561107112698,5,0.686,1.184876521529985,0.0698047190141327,1.1103277974094612,1.590954197362865
monash_australian_electricity,chronos-2,spikes_intensity,16.0,0.9495156745051376,0.0459751701208828,5,0.048,0.6271804180014168,0.0306721340583663,1.5139434319886447,1.4989230952563066
monash_australian_electricity,chronos-t5,spikes_intensity,16.0,1.3522001978130949,0.1017151984536523,5,0.688,1.184876521529985,0.0698047190141327,1.141216129480776,1.4571392864293171
monash_australian_electricity,chronos-2,spikes_intensity,20.0,0.9917274912510065,0.0459192553524025,5,0.103,0.6271804180014168,0.0306721340583663,1.581247537050441,1.4971001125980443
monash_australian_electricity,chronos-t5,spikes_intensity,20.0,1.0440586680811526,0.068941574340409,5,0.778,1.184876521529985,0.0698047190141327,0.8811539844953634,0.9876348664400619
monash_australian_electricity,chronos-2,spikes_intensity,30.0,1.0477494998979155,0.0489510198052287,5,0.073,0.6271804180014168,0.0306721340583663,1.6705711304518898,1.5959443745283368
monash_australian_electricity,chronos-t5,spikes_intensity,30.0,1.0661346846602169,0.0521563514704679,5,0.678,1.184876521529985,0.0698047190141327,0.8997854757756181,0.7471751510081761
monash_australian_electricity,chronos-2,spikes_intensity,40.0,1.2458793177173355,0.0687470957773642,5,0.048,0.6271804180014168,0.0306721340583663,1.9864767488874646,2.2413535245556986
monash_australian_electricity,chronos-t5,spikes_intensity,40.0,1.1485093308025436,0.0775621850353463,5,0.703,1.184876521529985,0.0698047190141327,0.9693071893428339,1.111130968375405
monash_australian_electricity,chronos-2,spikes_density,0.01,0.7176738858635604,0.0343145542752458,5,0.049,0.6271804180014168,0.0306721340583663,1.1442861818781134,1.1187534003975173
monash_australian_electricity,chronos-t5,spikes_density,0.01,1.015324848565954,0.0625734555057703,5,0.695,1.184876521529985,0.0698047190141327,0.8569035086077194,0.8964072399331863
monash_australian_electricity,chronos-2,spikes_density,0.02,0.7484683966103354,0.0372048372449102,5,0.08,0.6271804180014168,0.0306721340583663,1.1933861057005204,1.2129849580766945
monash_australian_electricity,chronos-t5,spikes_density,0.02,1.0443024521533617,0.0593436796068321,5,0.734,1.184876521529985,0.0698047190141327,0.8813597308898438,0.8501385070372871
monash_australian_electricity,chronos-2,spikes_density,0.05,1.1593778373085482,0.0558169458776291,5,0.044,0.6271804180014168,0.0306721340583663,1.8485555416462782,1.8197933593865525
monash_australian_electricity,chronos-t5,spikes_density,0.05,1.0584185053012594,0.06781060596636,5,1.05,1.184876521529985,0.0698047190141327,0.8932732534311378,0.9714329765102419
monash_australian_electricity,chronos-2,spikes_density,0.08,1.445431504679915,0.0747031251077862,5,0.058,0.6271804180014168,0.0306721340583663,2.304650246074248,2.4355372523357164
monash_australian_electricity,chronos-t5,spikes_density,0.08,1.027295006655474,0.0673123799730899,5,0.662,1.184876521529985,0.0698047190141327,0.8670059605274041,0.9642955508417964
monash_australian_electricity,chronos-2,spikes_density,0.12,1.757782783354184,0.1001812426363454,5,0.062,0.6271804180014168,0.0306721340583663,2.802674849057888,3.2661973387867156
monash_australian_electricity,chronos-t5,spikes_density,0.12,1.0320396438736834,0.0692149699503378,5,0.676,1.184876521529985,0.0698047190141327,0.8710102910479235,0.9915514441985577
monash_australian_electricity,chronos-2,spikes_density,0.16,1.7314454510000958,0.1179606696424186,5,0.044,0.6271804180014168,0.0306721340583663,2.7606816177672573,3.845857918394269
monash_australian_electricity,chronos-t5,spikes_density,0.16,1.5902648812353313,0.0998837788275248,5,0.648,1.184876521529985,0.0698047190141327,1.342135532554805,1.4309029566797953
monash_australian_electricity,chronos-2,spikes_density,0.2,1.8136780257329213,0.169452040254914,5,0.06,0.6271804180014168,0.0306721340583663,2.8917963215631266,5.524625053231121
monash_australian_electricity,chronos-t5,spikes_density,0.2,2.2463622154668967,0.1975041752806491,5,0.673,1.184876521529985,0.0698047190141327,1.895861868008201,2.8293814239215305
monash_australian_electricity,chronos-2,spikes_density,0.3,1.912589509085884,0.2827673018023516,5,0.041,0.6271804180014168,0.0306721340583663,3.0495045033143295,9.219029274724443
monash_australian_electricity,chronos-t5,spikes_density,0.3,1.5678944604983476,0.1763895430442936,5,0.647,1.184876521529985,0.0698047190141327,1.3232555730564957,2.5268999794782028
monash_australian_electricity,chronos-2,spikes_density,0.4,1.8772238964346573,0.5673883288304669,5,0.054,0.6271804180014168,0.0306721340583663,2.993116243036811,18.49849533621554
monash_australian_electricity,chronos-t5,spikes_density,0.4,8.458636983779762,0.5448424436070763,5,0.621,1.184876521529985,0.0698047190141327,7.138834157045708,7.805237973907857
monash_australian_electricity,chronos-2,drift,0.5,1.5950474073787346,0.1029926793216694,5,0.039,0.6271804180014168,0.0306721340583663,2.543203457246861,3.3578582802775845
monash_australian_electricity,chronos-t5,drift,0.5,1.7300304372325428,0.1085902771628926,5,0.605,1.184876521529985,0.0698047190141327,1.4600934407904562,1.5556294573853575
monash_australian_electricity,chronos-2,drift,1.0,3.5842109518119267,0.2195576134052939,5,0.042,0.6271804180014168,0.0306721340583663,5.714800476764615,7.158211195461509
monash_australian_electricity,chronos-t5,drift,1.0,3.5321977865979988,0.2313229061085049,5,0.649,1.184876521529985,0.0698047190141327,2.9810682568315294,3.3138577072657673
monash_australian_electricity,chronos-2,drift,2.0,6.633017275090386,0.4376344612616467,5,0.039,0.6271804180014168,0.0306721340583663,10.575931717108237,14.268145164887054
monash_australian_electricity,chronos-t5,drift,2.0,6.74628141084909,0.4594718922638304,5,0.573,1.184876521529985,0.0698047190141327,5.693657767931699,6.582246855986993
monash_australian_electricity,chronos-2,drift,4.0,13.073647602874273,0.9014635172806305,5,0.039,0.6271804180014168,0.0306721340583663,20.84511446408829,29.390309639532312
monash_australian_electricity,chronos-t5,drift,4.0,12.926058000417887,0.9063381700629376,5,0.68,1.184876521529985,0.0698047190141327,10.909202575578906,12.983909725063716
monash_australian_electricity,chronos-2,drift,6.0,18.57631405386508,1.337040295197917,5,0.049,0.6271804180014168,0.0306721340583663,29.61877239895445,43.591368394962345
monash_australian_electricity,chronos-t5,drift,6.0,18.69071546929076,1.3611902601346342,5,0.627,1.184876521529985,0.0698047190141327,15.774399382271637,19.4999747776228
monash_australian_electricity,chronos-2,drift,9.0,28.81656826389875,2.049395846272376,5,0.06,0.6271804180014168,0.0306721340583663,45.94621808462402,66.81621312597815
monash_australian_electricity,chronos-t5,drift,9.0,29.57751094574858,2.101966890232956,5,0.791,1.184876521529985,0.0698047190141327,24.96252597490605,30.11210301996045
monash_australian_electricity,chronos-2,drift,12.0,37.55218464050581,2.706486838624376,5,0.044,0.6271804180014168,0.0306721340583663,59.874612731325705,88.23927391143296
monash_australian_electricity,chronos-t5,drift,12.0,37.711153668071695,2.703589875965657,5,0.582,1.184876521529985,0.0698047190141327,31.827074790356,38.73076081601714
monash_australian_electricity,chronos-2,drift,16.0,50.31170078592356,3.625491131299426,5,0.043,0.6271804180014168,0.0306721340583663,80.21886420856002,118.20146339998526
monash_australian_electricity,chronos-t5,drift,16.0,50.49727614816755,3.615765425287827,5,0.637,1.184876521529985,0.0698047190141327,42.61817601294216,51.79829496277719
monash_australian_electricity,chronos-2,drift,20.0,63.72878506920573,4.566473702460057,5,0.042,0.6271804180014168,0.0306721340583663,101.61156700696253,148.88020813193074
monash_australian_electricity,chronos-t5,drift,20.0,63.9418993526243,4.557497951411093,5,0.617,1.184876521529985,0.0698047190141327,53.96503195966665,65.2892528725512
monash_australian_electricity,chronos-2,drift,26.0,82.66997482497463,5.91258330040195,5,0.075,0.6271804180014168,0.0306721340583663,131.81211092082899,192.7672619437186
monash_australian_electricity,chronos-t5,drift,26.0,82.9119312248902,5.930309462828474,5,0.661,1.184876521529985,0.0698047190141327,69.9751659504817,84.95570996608153
monash_australian_electricity,chronos-2,drift,32.0,100.8880098183791,7.259519090173337,5,0.045,0.6271804180014168,0.0306721340583663,160.8596297375968,236.68125199111114
monash_australian_electricity,chronos-t5,drift,32.0,101.12036541752428,7.309998113897803,5,0.646,1.184876521529985,0.0698047190141327,85.34253450051612,104.72068675497165
monash_australian_electricity,chronos-2,drift_step,0.5,0.6271804180014168,0.0306721340583663,5,0.053,0.6271804180014168,0.0306721340583663,1.0,1.0
monash_australian_electricity,chronos-t5,drift_step,0.5,1.184876521529985,0.0698047190141327,5,0.65,1.184876521529985,0.0698047190141327,1.0,1.0
monash_australian_electricity,chronos-2,drift_step,1.0,0.6271804180014168,0.0306721340583663,5,0.051,0.6271804180014168,0.0306721340583663,1.0,1.0
monash_australian_electricity,chronos-t5,drift_step,1.0,1.184876521529985,0.0698047190141327,5,0.614,1.184876521529985,0.0698047190141327,1.0,1.0
monash_australian_electricity,chronos-2,drift_step,2.0,0.6224914604628043,0.0294379340820673,5,0.061,0.6271804180014168,0.0306721340583663,0.9925237500980112,0.9597615224962688
monash_australian_electricity,chronos-t5,drift_step,2.0,1.184876521529985,0.0698047190141327,5,0.675,1.184876521529985,0.0698047190141327,1.0,1.0
monash_australian_electricity,chronos-2,drift_step,4.0,0.6271804180014168,0.0306721340583663,5,0.045,0.6271804180014168,0.0306721340583663,1.0,1.0
monash_australian_electricity,chronos-t5,drift_step,4.0,1.184876521529985,0.0698047190141327,5,0.658,1.184876521529985,0.0698047190141327,1.0,1.0
monash_australian_electricity,chronos-2,drift_step,8.0,0.6212969959038469,0.0306130306977539,5,0.059,0.6271804180014168,0.0306721340583663,0.9906192509703697,0.9980730600453188
monash_australian_electricity,chronos-t5,drift_step,8.0,1.184876521529985,0.0698047190141327,5,0.623,1.184876521529985,0.0698047190141327,1.0,1.0
monash_australian_electricity,chronos-2,drift_step,12.0,0.6271804180014168,0.0306721340583663,5,0.042,0.6271804180014168,0.0306721340583663,1.0,1.0
monash_australian_electricity,chronos-t5,drift_step,12.0,1.184876521529985,0.0698047190141327,5,1.382,1.184876521529985,0.0698047190141327,1.0,1.0
monash_australian_electricity,chronos-2,drift_step,16.0,0.6271804180014168,0.0306721340583663,5,0.073,0.6271804180014168,0.0306721340583663,1.0,1.0
monash_australian_electricity,chronos-t5,drift_step,16.0,1.184876521529985,0.0698047190141327,5,1.013,1.184876521529985,0.0698047190141327,1.0,1.0
monash_australian_electricity,chronos-2,drift_step,20.0,0.6501967624968746,0.0318157266253879,5,0.174,0.6271804180014168,0.0306721340583663,1.036698123593849,1.0372844147344114
monash_australian_electricity,chronos-t5,drift_step,20.0,1.184876521529985,0.0698047190141327,5,0.933,1.184876521529985,0.0698047190141327,1.0,1.0
monash_australian_electricity,chronos-2,gap,0.05,0.6271804180014168,0.0306721340583663,5,0.063,0.6271804180014168,0.0306721340583663,1.0,1.0
monash_australian_electricity,chronos-t5,gap,0.05,1.184876521529985,0.0698047190141327,5,1.738,1.184876521529985,0.0698047190141327,1.0,1.0
monash_australian_electricity,chronos-2,gap,0.1,0.6271804180014168,0.0306721340583663,5,0.16,0.6271804180014168,0.0306721340583663,1.0,1.0
monash_australian_electricity,chronos-t5,gap,0.1,1.184876521529985,0.0698047190141327,5,1.059,1.184876521529985,0.0698047190141327,1.0,1.0
monash_australian_electricity,chronos-2,gap,0.15,0.6271804180014168,0.0306721340583663,5,0.048,0.6271804180014168,0.0306721340583663,1.0,1.0
monash_australian_electricity,chronos-t5,gap,0.15,1.184876521529985,0.0698047190141327,5,0.854,1.184876521529985,0.0698047190141327,1.0,1.0
monash_australian_electricity,chronos-2,gap,0.2,0.6271804180014168,0.0306721340583663,5,0.058,0.6271804180014168,0.0306721340583663,1.0,1.0
monash_australian_electricity,chronos-t5,gap,0.2,1.184876521529985,0.0698047190141327,5,0.775,1.184876521529985,0.0698047190141327,1.0,1.0
monash_australian_electricity,chronos-2,gap,0.3,0.6271804180014168,0.0306721340583663,5,0.047,0.6271804180014168,0.0306721340583663,1.0,1.0
monash_australian_electricity,chronos-t5,gap,0.3,1.184876521529985,0.0698047190141327,5,0.737,1.184876521529985,0.0698047190141327,1.0,1.0
monash_australian_electricity,chronos-2,gap,0.4,0.6113300842765245,0.0303378630947546,5,0.046,0.6271804180014168,0.0306721340583663,0.974727632958629,0.9891018028619849
monash_australian_electricity,chronos-t5,gap,0.4,1.184876521529985,0.0698047190141327,5,0.835,1.184876521529985,0.0698047190141327,1.0,1.0
monash_australian_electricity,chronos-2,gap,0.5,0.6060229989968619,0.0301305980104137,5,0.058,0.6271804180014168,0.0306721340583663,0.966265816984568,0.9823443635541593
monash_australian_electricity,chronos-t5,gap,0.5,1.184876521529985,0.0698047190141327,5,0.625,1.184876521529985,0.0698047190141327,1.0,1.0
monash_australian_electricity,chronos-2,gap,0.6,0.62624368494493,0.0307666298261539,5,0.042,0.6271804180014168,0.0306721340583663,0.998506437653982,1.003080834467135
monash_australian_electricity,chronos-t5,gap,0.6,1.184876521529985,0.0698047190141327,5,0.628,1.184876521529985,0.0698047190141327,1.0,1.0
monash_australian_electricity,chronos-2,gap,0.7,0.6110025697051517,0.0301200189998087,5,0.042,0.6271804180014168,0.0306721340583663,0.9742054314326049,0.9819994573084815
monash_australian_electricity,chronos-t5,gap,0.7,1.184876521529985,0.0698047190141327,5,0.57,1.184876521529985,0.0698047190141327,1.0,1.0
monash_cif_2016,chronos-2,clean,0.0,0.9366922139796068,0.0112600006081454,72,0.103,0.9366922139796068,0.0112600006081454,1.0,1.0
monash_cif_2016,chronos-t5,clean,0.0,0.9939565580468096,0.0138880631231882,72,0.617,0.9939565580468096,0.0138880631231882,1.0,1.0
monash_cif_2016,chronos-2,spikes_intensity,1.0,0.9805843303663908,0.0092741716766912,72,0.103,0.9366922139796068,0.0112600006081454,1.046858632677542,0.8236386479395335
monash_cif_2016,chronos-t5,spikes_intensity,1.0,1.0864694039116016,0.0123933543686988,72,0.655,0.9939565580468096,0.0138880631231882,1.0930753412871341,0.89237457079283
monash_cif_2016,chronos-2,spikes_intensity,2.0,0.9636079177340464,0.0136749192657016,72,0.106,0.9366922139796068,0.0112600006081454,1.0287348430495502,1.214468785712966
monash_cif_2016,chronos-t5,spikes_intensity,2.0,1.1150443903931435,0.0201466615602385,72,0.657,0.9939565580468096,0.0138880631231882,1.1218240690360548,1.450645880677244
monash_cif_2016,chronos-2,spikes_intensity,4.0,1.0740741977353276,0.0377520535205975,72,0.103,0.9366922139796068,0.0112600006081454,1.146667156730217,3.352757680429249
monash_cif_2016,chronos-t5,spikes_intensity,4.0,1.2752585262872047,0.3839643892477673,72,0.645,0.9939565580468096,0.0138880631231882,1.2830123368703075,27.64707978657451
monash_cif_2016,chronos-2,spikes_intensity,6.0,1.0153585570788275,0.0546426150620366,72,0.106,0.9366922139796068,0.0112600006081454,1.083983129063282,4.852807469877803
monash_cif_2016,chronos-t5,spikes_intensity,6.0,1.4689251874068503,0.017324038667421,72,0.659,0.9939565580468096,0.0138880631231882,1.4778565275462194,1.2474049486782592
monash_cif_2016,chronos-2,spikes_intensity,8.0,1.06227734533663,0.0280703988951807,72,0.1,0.9366922139796068,0.0112600006081454,1.1340729958920717,2.492930495481038
monash_cif_2016,chronos-t5,spikes_intensity,8.0,1.0835718387856166,0.0130207804272569,72,0.662,0.9939565580468096,0.0138880631231882,1.0901601584227252,0.9375519330349786
monash_cif_2016,chronos-2,spikes_intensity,12.0,1.139085795163882,0.0415031377855346,72,0.108,0.9366922139796068,0.0112600006081454,1.2160726631049819,3.685891256125825
monash_cif_2016,chronos-t5,spikes_intensity,12.0,1.1029049466075822,0.0285827982915962,72,0.679,0.9939565580468096,0.0138880631231882,1.1096108151596318,2.058083840638148
monash_cif_2016,chronos-2,spikes_intensity,16.0,1.757291075050862,0.0154265027238212,72,0.099,0.9366922139796068,0.0112600006081454,1.876060299022749,1.370026810892158
monash_cif_2016,chronos-t5,spikes_intensity,16.0,1.1354094775385872,0.0126212154569431,72,0.613,0.9939565580468096,0.0138880631231882,1.1423129797239246,0.908781544625189
monash_cif_2016,chronos-2,spikes_intensity,20.0,1.1055499262990554,0.0511595693409015,72,0.105,0.9366922139796068,0.0112600006081454,1.1802702208893612,4.543478381687924
monash_cif_2016,chronos-t5,spikes_intensity,20.0,1.0904913615531329,0.0150934058947981,72,0.689,0.9939565580468096,0.0138880631231882,1.0971217531840833,1.0867898396571511
monash_cif_2016,chronos-2,spikes_intensity,30.0,1.2653685937423662,0.6862305206881465,72,0.099,0.9366922139796068,0.0112600006081454,1.3508904791322576,60.94409268430523
monash_cif_2016,chronos-t5,spikes_intensity,30.0,1.1849408570518138,0.0269054854812355,72,0.649,0.9939565580468096,0.0138880631231882,1.192145519297444,1.9373101376759128
monash_cif_2016,chronos-2,spikes_intensity,40.0,1.3021762991257206,0.0366296132193467,72,0.1,0.9366922139796068,0.0112600006081454,1.3901858899769515,3.2530738224693447
monash_cif_2016,chronos-t5,spikes_intensity,40.0,1.0745846649308075,0.0115885017674322,72,0.624,0.9939565580468096,0.0138880631231882,1.081118340868375,0.8344217379083958
monash_cif_2016,chronos-2,spikes_density,0.01,1.4130020904212122,0.0258055326203406,72,0.107,0.9366922139796068,0.0112600006081454,1.5085020130763842,2.291787853161666
monash_cif_2016,chronos-t5,spikes_density,0.01,1.042092116563881,0.0219712059371605,72,0.617,0.9939565580468096,0.0138880631231882,1.0484282317243934,1.5820208867337506
monash_cif_2016,chronos-2,spikes_density,0.02,0.9663696849232962,0.0216490371678698,72,0.099,0.9366922139796068,0.0112600006081454,1.0316832685280926,1.922649733447532
monash_cif_2016,chronos-t5,spikes_density,0.02,1.0733931053740218,0.0136930803814122,72,0.657,0.9939565580468096,0.0138880631231882,1.0799195364064103,0.9859604078663462
monash_cif_2016,chronos-2,spikes_density,0.05,1.6217816759665993,0.0166715711021554,72,0.099,0.9366922139796068,0.0112600006081454,1.7313922884832562,1.4806012612552888
monash_cif_2016,chronos-t5,spikes_density,0.05,1.0856565254056514,0.0119664157691515,72,0.615,0.9939565580468096,0.0138880631231882,1.0922575203276874,0.8616331638910669
monash_cif_2016,chronos-2,spikes_density,0.08,1.3399930416525294,0.0373742018974147,72,0.097,0.9366922139796068,0.0112600006081454,1.4305585352946075,3.319200699720965
monash_cif_2016,chronos-t5,spikes_density,0.08,1.107379820283957,0.0117722967169756,72,0.609,0.9939565580468096,0.0138880631231882,1.1141128969057075,0.8476557611060961
monash_cif_2016,chronos-2,spikes_density,0.12,1.6902198158300274,0.0406038849185988,72,0.1,0.9366922139796068,0.0112600006081454,1.8044559254410821,3.6060286612441437
monash_cif_2016,chronos-t5,spikes_density,0.12,1.2053340176213243,0.01505252663736,72,0.619,0.9939565580468096,0.0138880631231882,1.2126626741010547,1.0838463581165292
monash_cif_2016,chronos-2,spikes_density,0.16,2.0999997322314887,0.178372192114962,72,0.1,0.9366922139796068,0.0112600006081454,2.241931448655352,15.84122402142047
monash_cif_2016,chronos-t5,spikes_density,0.16,1.435171642190531,0.0349831995402954,72,0.635,0.9939565580468096,0.0138880631231882,1.4438977544559273,2.518940130815341
monash_cif_2016,chronos-2,spikes_density,0.2,2.628919838401323,0.1816258705874129,72,0.105,0.9366922139796068,0.0112600006081454,2.806599434868964,16.130183017576936
monash_cif_2016,chronos-t5,spikes_density,0.2,1.400663123683616,0.0991649394712036,72,0.624,0.9939565580468096,0.0138880631231882,1.409179417696093,7.14030016940468
monash_cif_2016,chronos-2,spikes_density,0.3,3.028024375351023,0.3082024611110575,72,0.094,0.9366922139796068,0.0112600006081454,3.2326780666684902,27.37144267009241
monash_cif_2016,chronos-t5,spikes_density,0.3,1.9283748905106008,0.0207294849678028,72,0.662,0.9939565580468096,0.0138880631231882,1.9400997708591863,1.492611661102823
monash_cif_2016,chronos-2,spikes_density,0.4,3.831508600246362,0.6698923669831247,72,0.101,0.9366922139796068,0.0112600006081454,4.0904670104685845,59.49310220272365
monash_cif_2016,chronos-t5,spikes_density,0.4,3.2904048195427418,0.0551608084021907,72,0.679,0.9939565580468096,0.0138880631231882,3.3104110968477385,3.9718143496980134
monash_cif_2016,chronos-2,drift,0.5,1.4015821325375006,0.0980149415978275,72,0.102,0.9366922139796068,0.0112600006081454,1.4963102197495315,8.704701270346668
monash_cif_2016,chronos-t5,drift,0.5,1.4471913769934173,0.0950776684651782,72,0.627,0.9939565580468096,0.0138880631231882,1.4559905714966497,6.845999159265903
monash_cif_2016,chronos-2,drift,1.0,2.491147220949901,0.2001882517523201,72,0.097,0.9366922139796068,0.0112600006081454,2.6595152428630486,17.77870701068217
monash_cif_2016,chronos-t5,drift,1.0,2.414442318719801,0.1772062039121353,72,0.651,0.9939565580468096,0.0138880631231882,2.4291225800293925,12.759605305671675
monash_cif_2016,chronos-2,drift,2.0,4.19909123721845,0.3877654519888056,72,0.096,0.9366922139796068,0.0112600006081454,4.48289328612896,34.437427268724925
monash_cif_2016,chronos-t5,drift,2.0,4.152393276322619,0.3734280344642529,72,0.601,0.9939565580468096,0.0138880631231882,4.177640604819135,26.8884171357746
monash_cif_2016,chronos-2,drift,4.0,8.260155057434037,0.7836631607559048,72,0.099,0.9366922139796068,0.0112600006081454,8.818430359680425,69.59707978958801
monash_cif_2016,chronos-t5,drift,4.0,8.098509987435579,0.7710005453924997,72,0.642,0.9939565580468096,0.0138880631231882,8.147750444294756,55.51533994003807
monash_cif_2016,chronos-2,drift,6.0,12.38544883728382,1.1686814308539617,72,0.098,0.9366922139796068,0.0112600006081454,13.222538473618048,103.79052999415883
monash_cif_2016,chronos-t5,drift,6.0,12.022845139289798,1.166799841098083,72,0.617,0.9939565580468096,0.0138880631231882,12.09594628855358,84.01458365709298
monash_cif_2016,chronos-2,drift,9.0,18.89119103184982,1.755244339575217,72,0.108,0.9366922139796068,0.0112600006081454,20.167981274862086,155.88314784863215
monash_cif_2016,chronos-t5,drift,9.0,18.31236349892818,1.7334755073290562,72,0.651,0.9939565580468096,0.0138880631231882,18.423706097289788,124.81765757780575
monash_cif_2016,chronos-2,drift,12.0,25.116983714970413,2.339571451898132,72,0.111,0.9366922139796068,0.0112600006081454,26.81455374573792,207.77720475482957
monash_cif_2016,chronos-t5,drift,12.0,24.354244888146177,2.333447478326516,72,0.676,0.9939565580468096,0.0138880631231882,24.50232325646493,168.01820798398273
monash_cif_2016,chronos-2,drift,16.0,33.55999377842083,3.138344198686103,72,0.098,0.9366922139796068,0.0112600006081454,35.82819764865846,278.71616600232227
monash_cif_2016,chronos-t5,drift,16.0,32.80540704938488,3.1433391470478784,72,0.638,0.9939565580468096,0.0138880631231882,33.004870065800134,226.33387529752824
monash_cif_2016,chronos-2,drift,20.0,41.95847602294594,3.973439366456231,72,0.098,0.9366922139796068,0.0112600006081454,44.79430425142771,352.88091934754203
monash_cif_2016,chronos-t5,drift,20.0,41.27111129440642,3.87707997410744,72,0.661,0.9939565580468096,0.0138880631231882,41.52204737751002,279.1663560078493
monash_cif_2016,chronos-2,drift,26.0,54.568496052776645,5.175311460027902,72,0.099,0.9366922139796068,0.0112600006081454,58.256591907536325,459.6191101698627
monash_cif_2016,chronos-t5,drift,26.0,53.79265208886653,5.133971206875192,72,0.708,0.9939565580468096,0.0138880631231882,54.119721484179,369.6679055485613
monash_cif_2016,chronos-2,drift,32.0,66.78820984651824,6.284471782973492,72,0.107,0.9366922139796068,0.0112600006081454,71.30219387942124,558.1235740278161
monash_cif_2016,chronos-t5,drift,32.0,66.20166808998721,6.266826782363072,72,0.687,0.9939565580468096,0.0138880631231882,66.60418662569909,451.2383567655065
monash_cif_2016,chronos-2,drift_step,0.5,0.9475034269658764,0.0441759331254838,72,0.11,0.9366922139796068,0.0112600006081454,1.011541905467899,3.923262055023981
monash_cif_2016,chronos-t5,drift_step,0.5,1.0129495319757649,0.014934839619005,72,0.657,0.9939565580468096,0.0138880631231882,1.0191084547661498,1.0753723889740283
monash_cif_2016,chronos-2,drift_step,1.0,1.0524739928293796,0.0758791983218502,72,0.1,0.9366922139796068,0.0112600006081454,1.1236070687060218,6.738827195707232
monash_cif_2016,chronos-t5,drift_step,1.0,1.129769158090543,0.023401159801408,72,0.689,0.9939565580468096,0.0138880631231882,1.1366383660777026,1.6849836866262697
monash_cif_2016,chronos-2,drift_step,2.0,1.0464491585665927,0.0193091880012465,72,0.109,0.9366922139796068,0.0112600006081454,1.1171750367398436,1.7148478648640906
monash_cif_2016,chronos-t5,drift_step,2.0,1.2582628992167817,0.0101827551268264,72,0.685,0.9939565580468096,0.0138880631231882,1.2659133732055168,0.7332019617497826
monash_cif_2016,chronos-2,drift_step,4.0,1.0869645579801972,0.0359577110210784,72,0.116,0.9366922139796068,0.0112600006081454,1.1604287318265913,3.1934022272669207
monash_cif_2016,chronos-t5,drift_step,4.0,1.211812790626928,0.0110787749552841,72,0.652,0.9939565580468096,0.0138880631231882,1.2191808392594343,0.7977192252810564
monash_cif_2016,chronos-2,drift_step,8.0,1.720221892377595,0.0503606390378331,72,0.101,0.9366922139796068,0.0112600006081454,1.836485738542764,4.472525427876318
monash_cif_2016,chronos-t5,drift_step,8.0,1.7429000412944629,0.1983974142482276,72,0.644,0.9939565580468096,0.0138880631231882,1.7534971998367581,14.28546316994869
monash_cif_2016,chronos-2,drift_step,12.0,1.5684439134324162,0.0759631407701672,72,0.097,0.9366922139796068,0.0112600006081454,1.6744496111148028,6.746282119666676
monash_cif_2016,chronos-t5,drift_step,12.0,1.5712335761917744,0.017627780570212,72,0.657,0.9939565580468096,0.0138880631231882,1.58078697048828,1.2692756660055626
monash_cif_2016,chronos-2,drift_step,16.0,1.5689911399248924,0.1813823449880748,72,0.11,0.9366922139796068,0.0112600006081454,1.6750338227526376,16.108555523244302
monash_cif_2016,chronos-t5,drift_step,16.0,1.505318522291304,0.0182467230860569,72,0.694,0.9939565580468096,0.0138880631231882,1.5144711407200275,1.313842176854112
monash_cif_2016,chronos-2,drift_step,20.0,1.4308150723410884,0.2547914186589837,72,0.108,0.9366922139796068,0.0112600006081454,1.5275189128157303,22.628011092172542
monash_cif_2016,chronos-t5,drift_step,20.0,1.4144783654744812,0.0184184489060465,72,0.695,0.9939565580468096,0.0138880631231882,1.4230786587434212,1.3262071710557062
monash_cif_2016,chronos-2,gap,0.05,0.9458526378186836,0.011120617247853,72,0.106,0.9366922139796068,0.0112600006081454,1.009779545193568,0.987621371868171
monash_cif_2016,chronos-t5,gap,0.05,1.0333975567526077,0.0198086302052156,72,0.652,0.9939565580468096,0.0138880631231882,1.0396808073617445,1.426306175995278
monash_cif_2016,chronos-2,gap,0.1,0.9355556763085976,0.0103272938904035,72,0.121,0.9366922139796068,0.0112600006081454,0.9987866476799454,0.9171663705713137
monash_cif_2016,chronos-t5,gap,0.1,1.0357426946691366,0.0126002893397786,72,0.65,0.9939565580468096,0.0138880631231882,1.0420402041558432,0.907274774604137
monash_cif_2016,chronos-2,gap,0.15,0.9292260527871784,0.01881280567264,72,0.11,0.9366922139796068,0.0112600006081454,0.9920292268036394,1.670764179091692
monash_cif_2016,chronos-t5,gap,0.15,1.064209752460272,0.0142945036128158,72,0.686,0.9939565580468096,0.0138880631231882,1.070680346987714,1.0292654552346459
monash_cif_2016,chronos-2,gap,0.2,0.9516357425502074,0.0195170435160167,72,0.101,0.9366922139796068,0.0112600006081454,1.015953509965789,1.7333075010580565
monash_cif_2016,chronos-t5,gap,0.2,1.0317054884928487,0.0146001105454294,72,0.678,0.9939565580468096,0.0138880631231882,1.0379784510101913,1.0512704626934142
monash_cif_2016,chronos-2,gap,0.3,0.973889859589198,0.0129275950360864,72,0.099,0.9366922139796068,0.0112600006081454,1.0397117057817256,1.1480989642873265
monash_cif_2016,chronos-t5,gap,0.3,1.1273297086523757,0.0101182833678056,72,0.623,0.9939565580468096,0.0138880631231882,1.134184084330258,0.7285597190951424
monash_cif_2016,chronos-2,gap,0.4,0.9580759067813964,0.0110483093267158,72,0.102,0.9366922139796068,0.0112600006081454,1.0228289426159949,0.9811997095918037
monash_cif_2016,chronos-t5,gap,0.4,1.1031949186444094,0.0126993683159744,72,0.663,0.9939565580468096,0.0138880631231882,1.109902550280729,0.9144088850497017
monash_cif_2016,chronos-2,gap,0.5,0.9567597127012456,0.0151627939204289,72,0.125,0.9366922139796068,0.0112600006081454,1.0214237915316713,1.3466068473797639
monash_cif_2016,chronos-t5,gap,0.5,1.1438523204696154,0.0105433203105931,72,0.641,0.9939565580468096,0.0138880631231882,1.1508071567205722,0.7591641985691618
monash_cif_2016,chronos-2,gap,0.6,1.143069656661192,0.0113393379754639,72,0.117,0.9366922139796068,0.0112600006081454,1.2203257800177234,1.0070459469834405
monash_cif_2016,chronos-t5,gap,0.6,1.3217525300276762,0.0123598326662998,72,0.638,0.9939565580468096,0.0138880631231882,1.329789032857741,0.8899608647128922
monash_cif_2016,chronos-2,gap,0.7,1.2332735122887597,0.0088980398709971,72,0.099,0.9366922139796068,0.0112600006081454,1.3166262021642148,0.7902344041225297
monash_cif_2016,chronos-t5,gap,0.7,1.3845681620245438,0.0098976731795424,72,0.652,0.9939565580468096,0.0138880631231882,1.392986595656969,0.7126748411026986
monash_car_parts,chronos-2,clean,0.0,0.894274873223502,1.0267238668417118,100,0.169,0.894274873223502,1.0267238668417118,1.0,1.0
monash_car_parts,chronos-t5,clean,0.0,0.9210502929532032,1.0933709569566032,100,0.839,0.9210502929532032,1.0933709569566032,1.0,1.0
monash_car_parts,chronos-2,spikes_intensity,1.0,0.9231906082613696,1.058073383550046,100,0.138,0.894274873223502,1.0267238668417118,1.0323342809953253,1.0305335423873685
monash_car_parts,chronos-t5,spikes_intensity,1.0,0.9092109489796966,1.0202266714352002,100,0.852,0.9210502929532032,1.0933709569566032,0.9871458224767015,0.9331020409349449
monash_car_parts,chronos-2,spikes_intensity,2.0,0.917958412884282,1.0757692016521827,100,0.142,0.894274873223502,1.0267238668417118,1.0264835123628269,1.0477687685992325
monash_car_parts,chronos-t5,spikes_intensity,2.0,0.9248242745402956,1.0591025287165283,100,0.89,0.9210502929532032,1.0933709569566032,1.004097476126946,0.9686580039262602
monash_car_parts,chronos-2,spikes_intensity,4.0,0.9727971780700416,1.3105324936909777,100,0.138,0.894274873223502,1.0267238668417118,1.0878055586684419,1.276421573526176
monash_car_parts,chronos-t5,spikes_intensity,4.0,0.9326160259639592,1.1251202617483869,100,0.801,0.9210502929532032,1.0933709569566032,1.0125571134380429,1.029037999033885
monash_car_parts,chronos-2,spikes_intensity,6.0,0.9834604787849888,1.2288644849401626,100,0.14,0.894274873223502,1.0267238668417118,1.099729521908637,1.1968792434135695
monash_car_parts,chronos-t5,spikes_intensity,6.0,0.9526453166195152,1.1282425224094728,100,0.845,0.9210502929532032,1.0933709569566032,1.034303255650685,1.0318936269808505
monash_car_parts,chronos-2,spikes_intensity,8.0,0.9602809460092664,1.2261254659973748,100,0.139,0.894274873223502,1.0267238668417118,1.0738096023517232,1.1942115164509022
monash_car_parts,chronos-t5,spikes_intensity,8.0,0.923796264430599,1.1246471260970394,100,0.808,0.9210502929532032,1.0933709569566032,1.0029813480310519,1.02860526790239
monash_car_parts,chronos-2,spikes_intensity,12.0,1.0531947009399238,1.4304784082605764,100,0.15,0.894274873223502,1.0267238668417118,1.1777080319204092,1.3932455010136728
monash_car_parts,chronos-t5,spikes_intensity,12.0,0.9057162606632194,1.0593407782536448,100,0.833,0.9210502929532032,1.0933709569566032,0.9833515798135001,0.9688759075897887
monash_car_parts,chronos-2,spikes_intensity,16.0,1.042414559430508,1.409014803335087,100,0.139,0.894274873223502,1.0267238668417118,1.165653414450774,1.3723405570276008
monash_car_parts,chronos-t5,spikes_intensity,16.0,0.897909904818536,1.0417591856800894,100,0.829,0.9210502929532032,1.0933709569566032,0.9748760862336072,0.9527957360234123
monash_car_parts,chronos-2,spikes_intensity,20.0,1.019378020149162,1.4498320691262927,100,0.143,0.894274873223502,1.0267238668417118,1.1398933937109441,1.4120954191764306
monash_car_parts,chronos-t5,spikes_intensity,20.0,0.9298086119083644,1.110812688951739,100,0.807,0.9210502929532032,1.0933709569566032,1.0095090561527091,1.0159522547074826
monash_car_parts,chronos-2,spikes_intensity,30.0,1.3167480545706032,1.991519456662492,100,0.149,0.894274873223502,1.0267238668417118,1.4724198275014202,1.939683610149798
monash_car_parts,chronos-t5,spikes_intensity,30.0,0.9178534866364018,1.1754742809919003,100,0.822,0.9210502929532032,1.0933709569566032,0.9965291729004815,1.0750919196389042
monash_car_parts,chronos-2,spikes_intensity,40.0,1.101265144805189,1.9630963853221255,100,0.133,0.894274873223502,1.0267238668417118,1.2314615760538705,1.9120003427608765
monash_car_parts,chronos-t5,spikes_intensity,40.0,0.9030929150447736,1.1646023366720883,100,0.85,0.9210502929532032,1.0933709569566032,0.9805033687673536,1.0651484103014384
monash_car_parts,chronos-2,spikes_density,0.01,0.9992003632713512,1.3177226158717548,100,0.133,0.894274873223502,1.0267238668417118,1.1173302450840814,1.283424549119696
monash_car_parts,chronos-t5,spikes_density,0.01,0.9265793476819242,1.1351878662709312,100,0.849,0.9210502929532032,1.0933709569566032,1.006002988947534,1.0382458570426318
monash_car_parts,chronos-2,spikes_density,0.02,1.033308306860223,1.2938733821851585,100,0.141,0.894274873223502,1.0267238668417118,1.1554705804665641,1.2601960702104071
monash_car_parts,chronos-t5,spikes_density,0.02,0.9218651025772736,1.19629146781749,100,0.846,0.9210502929532032,1.0933709569566032,1.0008846526951942,1.0941313743574879
monash_car_parts,chronos-2,spikes_density,0.05,1.1446276479217226,1.745359981178057,100,0.162,0.894274873223502,1.0267238668417118,1.2799505858817204,1.699931244948001
monash_car_parts,chronos-t5,spikes_density,0.05,0.9127960725062352,1.1281523729988416,100,0.906,0.9210502929532032,1.0933709569566032,0.9910382521887028,1.0318111760889026
monash_car_parts,chronos-2,spikes_density,0.08,1.1011498212343676,1.9506496228990773,100,0.142,0.894274873223502,1.0267238668417118,1.231332618420961,1.899877548283199
monash_car_parts,chronos-t5,spikes_density,0.08,0.9061566136111012,1.0534241673862534,100,0.837,0.9210502929532032,1.0933709569566032,0.9838296785137023,0.9634645594743603
monash_car_parts,chronos-2,spikes_density,0.12,1.183364182583678,2.326910143713615,100,0.14,0.894274873223502,1.0267238668417118,1.3232667248249133,2.2663446510417495
monash_car_parts,chronos-t5,spikes_density,0.12,0.9015046999941452,1.1628547557536877,100,0.808,0.9210502929532032,1.0933709569566032,0.9787790166198329,1.0635500681218866
monash_car_parts,chronos-2,spikes_density,0.16,1.2540671044255551,2.70034928658221,100,0.135,0.894274873223502,1.0267238668417118,1.4023284584807203,2.630063811498519
monash_car_parts,chronos-t5,spikes_density,0.16,0.8986780263474315,1.228069217668044,100,0.811,0.9210502929532032,1.0933709569566032,0.975710048868191,1.1231953893181628
monash_car_parts,chronos-2,spikes_density,0.2,1.567536916503775,3.7806466101026377,100,0.133,0.894274873223502,1.0267238668417118,1.7528580567778154,3.682242842695594
monash_car_parts,chronos-t5,spikes_density,0.2,0.8870991686942739,1.1428847538852374,100,0.851,0.9210502929532032,1.0933709569566032,0.9631386857822167,1.0452854510297729
monash_car_parts,chronos-2,spikes_density,0.3,2.325139219538712,6.70567582988634,100,0.143,0.894274873223502,1.0267238668417118,2.6000274514674873,6.531138552874551
monash_car_parts,chronos-t5,spikes_density,0.3,0.9013066366277858,1.4709109010841857,100,0.88,0.9210502929532032,1.0933709569566032,0.9785639758474942,1.3452990421279019
monash_car_parts,chronos-2,spikes_density,0.4,5.292040853394402,11.592466693873977,100,0.141,0.894274873223502,1.0267238668417118,5.917689305435497,11.290734605725463
monash_car_parts,chronos-t5,spikes_density,0.4,0.9346507923412032,1.5789628566937404,100,0.82,0.9210502929532032,1.0933709569566032,1.0147662939711926,1.4441236495697505
monash_car_parts,chronos-2,drift,0.5,1.5755294154994035,1.867649034304981,100,0.146,0.894274873223502,1.0267238668417118,1.761795464318764,1.8190373231022914
monash_car_parts,chronos-t5,drift,0.5,1.575283714220816,1.943337374100816,100,0.865,0.9210502929532032,1.0933709569566032,1.7103123752014844,1.7773815572256402
monash_car_parts,chronos-2,drift,1.0,2.3587909405345973,2.897621799564467,100,0.138,0.894274873223502,1.0267238668417118,2.637657627606267,2.8222016582489635
monash_car_parts,chronos-t5,drift,1.0,2.2476775790766066,2.865539558453116,100,0.846,0.9210502929532032,1.0933709569566032,2.4403418535048518,2.6208301402383523
monash_car_parts,chronos-2,drift,2.0,4.073684449726288,5.586126360877512,100,0.138,0.894274873223502,1.0267238668417118,4.5552934245399195,5.440729042425889
monash_car_parts,chronos-t5,drift,2.0,3.6968184186767377,5.222696706355152,100,0.85,0.9210502929532032,1.0933709569566032,4.013698759948786,4.776692368793591
monash_car_parts,chronos-2,drift,4.0,7.644643215351567,11.929231128126087,100,0.148,0.894274873223502,1.0267238668417118,8.548426713361293,11.618733637527486
monash_car_parts,chronos-t5,drift,4.0,7.282030144381503,11.101504228054916,100,0.817,0.9210502929532032,1.0933709569566032,7.906224231287975,10.15346544319774
monash_car_parts,chronos-2,drift,6.0,11.115948745003156,17.514480292023343,100,0.146,0.894274873223502,1.0267238668417118,12.430125320344317,17.05860831491075
monash_car_parts,chronos-t5,drift,6.0,10.130796560780825,16.166331246766884,100,0.849,0.9210502929532032,1.0933709569566032,10.999178479492162,14.785769773660212
monash_car_parts,chronos-2,drift,9.0,16.870314267122605,27.790511819736658,100,0.136,0.894274873223502,1.0267238668417118,18.86479735957681,27.06717231111281
monash_car_parts,chronos-t5,drift,9.0,15.826984187473428,25.348230934464368,100,0.824,0.9210502929532032,1.0933709569566032,17.18362646270562,23.183559772815933
monash_car_parts,chronos-2,drift,12.0,22.70598728047851,36.927604703829765,100,0.134,0.894274873223502,1.0267238668417118,25.39038942090874,35.96644228931987
monash_car_parts,chronos-t5,drift,12.0,21.38021917908086,33.91593779328764,100,0.813,0.9210502929532032,1.0933709569566032,23.212868333745973,31.019607368840866
monash_car_parts,chronos-2,drift,16.0,30.431225584303625,50.68706253437844,100,0.136,0.894274873223502,1.0267238668417118,34.028939530204255,49.367764957384374
monash_car_parts,chronos-t5,drift,16.0,29.284031277640214,47.92414792175471,100,0.871,0.9210502929532032,1.0933709569566032,31.794171829364025,43.83155379867737
monash_car_parts,chronos-2,drift,20.0,37.87505326963764,63.35694135575668,100,0.138,0.894274873223502,1.0267238668417118,42.352809414306,61.70786849501017
monash_car_parts,chronos-t5,drift,20.0,35.51989037480561,58.10784682620346,100,0.833,0.9210502929532032,1.0933709569566032,38.564550325386314,53.14559203945437
monash_car_parts,chronos-2,drift,26.0,49.03731219096815,82.54986141192245,100,0.139,0.894274873223502,1.0267238668417118,54.834719904639975,80.40122965666777
monash_car_parts,chronos-t5,drift,26.0,47.21303088122312,76.72884058078262,100,1.001,0.9210502929532032,1.0933709569566032,51.25999225280299,70.17640270449222
monash_car_parts,chronos-2,drift,32.0,60.83086080566851,103.40565546789054,100,0.139,0.894274873223502,1.0267238668417118,68.0225539451843,100.71418305096476
monash_car_parts,chronos-t5,drift,32.0,58.03561567497859,96.65211110916336,100,0.88,0.9210502929532032,1.0933709569566032,63.01025700659244,88.39827918805744
monash_car_parts,chronos-2,drift_step,0.5,1.0056027184743,1.1182405255775905,100,0.146,0.894274873223502,1.0267238668417118,1.1244895150072882,1.0891346365770103
monash_car_parts,chronos-t5,drift_step,0.5,0.9325151148523586,1.0403784924558426,100,0.835,0.9210502929532032,1.0933709569566032,1.012447552524407,0.9515329503096871
monash_car_parts,chronos-2,drift_step,1.0,1.0941552385467712,1.3180009558059202,100,0.137,0.894274873223502,1.0267238668417118,1.2235111052631735,1.283695644341259
monash_car_parts,chronos-t5,drift_step,1.0,0.9174896571511324,1.0752714836172867,100,0.827,0.9210502929532032,1.0933709569566032,0.9961341570277839,0.9834461733008746
monash_car_parts,chronos-2,drift_step,2.0,1.1325216158996216,1.5466370635234612,100,0.15,0.894274873223502,1.0267238668417118,1.2664133252646759,1.50638074507905
monash_car_parts,chronos-t5,drift_step,2.0,0.9373292893642824,1.1688902237942986,100,0.857,0.9210502929532032,1.0933709569566032,1.017674383837264,1.0690701233256672
monash_car_parts,chronos-2,drift_step,4.0,1.4805742180557275,1.8384650761325103,100,0.144,0.894274873223502,1.0267238668417118,1.6556142438832613,1.7906129734646008
monash_car_parts,chronos-t5,drift_step,4.0,1.0480086745421064,1.195752449965349,100,0.921,0.9210502929532032,1.0933709569566032,1.1378408785711702,1.0936383871890327
monash_car_parts,chronos-2,drift_step,8.0,1.904440772748784,2.8845116951284626,100,0.137,0.894274873223502,1.0267238668417118,2.1295921754840763,2.809432787416797
monash_car_parts,chronos-t5,drift_step,8.0,1.6702506845791911,2.6350760471873245,100,0.922,0.9210502929532032,1.0933709569566032,1.8134196333880905,2.4100475967662938
monash_car_parts,chronos-2,drift_step,12.0,2.6788652223791662,3.2723862186516866,100,0.133,0.894274873223502,1.0267238668417118,2.9955725052666775,3.1872116002502398
monash_car_parts,chronos-t5,drift_step,12.0,2.1605470925252583,2.071567224279198,100,0.931,0.9210502929532032,1.0933709569566032,2.345742799340309,1.8946609209791
monash_car_parts,chronos-2,drift_step,16.0,1.3045614309608708,2.508899355406808,100,0.142,0.894274873223502,1.0267238668417118,1.4587924474031686,2.443596994705491
monash_car_parts,chronos-t5,drift_step,16.0,1.027453371480359,1.6861037149824103,100,0.923,0.9210502929532032,1.0933709569566032,1.1155236357245935,1.542114964966399
monash_car_parts,chronos-2,drift_step,20.0,3.945196180117556,5.310605725046037,100,0.144,0.894274873223502,1.0267238668417118,4.411614703985484,5.172379737681469
monash_car_parts,chronos-t5,drift_step,20.0,3.5368793998732864,5.082394141196195,100,0.876,0.9210502929532032,1.0933709569566032,3.8400502414833806,4.648371267646466
monash_car_parts,chronos-2,gap,0.05,0.8845740325979314,1.0120754047601277,100,0.145,0.894274873223502,1.0267238668417118,0.9891522831334812,0.9857328123416046
monash_car_parts,chronos-t5,gap,0.05,0.9321426956231468,1.0948483795108273,100,0.822,0.9210502929532032,1.0933709569566032,1.0120432106203208,1.0013512546174963
monash_car_parts,chronos-2,gap,0.1,0.8869965667667427,1.0046792061625476,100,0.134,0.894274873223502,1.0267238668417118,0.9918612199954541,0.9785291241480775
monash_car_parts,chronos-t5,gap,0.1,0.9323498019946372,1.0976622764987602,100,0.829,0.9210502929532032,1.0933709569566032,1.012268069537445,1.0039248523246875
monash_car_parts,chronos-2,gap,0.15,0.9007887543582,1.079862012236294,100,0.142,0.894274873223502,1.0267238668417118,1.0072839809433738,1.0517550503214068
monash_car_parts,chronos-t5,gap,0.15,0.975573326485184,1.1694540956766952,100,0.904,0.9210502929532032,1.0933709569566032,1.0591965867109834,1.069585842056633
monash_car_parts,chronos-2,gap,0.2,0.904398794683245,1.0303549915246166,100,0.14,0.894274873223502,1.0267238668417118,1.0113208161862475,1.0035366127156218
monash_car_parts,chronos-t5,gap,0.2,0.9933609218577124,1.1068003727661873,100,0.946,0.9210502929532032,1.0933709569566032,1.0785088821508937,1.01228257959857
monash_car_parts,chronos-2,gap,0.3,0.8989166787900534,1.0803739593701365,100,0.139,0.894274873223502,1.0267238668417118,1.0051905803299825,1.0522536723466425
monash_car_parts,chronos-t5,gap,0.3,0.931212716121408,1.1181973235936926,100,0.962,0.9210502929532032,1.0933709569566032,1.0110335160261668,1.0227062612914042
monash_car_parts,chronos-2,gap,0.4,0.903363857361176,1.0659214079395645,100,0.137,0.894274873223502,1.0267238668417118,1.0101635240011966,1.038177296119966
monash_car_parts,chronos-t5,gap,0.4,0.9900274892931296,1.183888506992644,100,0.826,0.9210502929532032,1.0933709569566032,1.0748897176057148,1.082787593231849
monash_car_parts,chronos-2,gap,0.5,0.926605668448442,1.053951994605837,100,0.138,0.894274873223502,1.0267238668417118,1.036153084686815,1.0265194261509487
monash_car_parts,chronos-t5,gap,0.5,1.000128071737848,1.1061248179028018,100,0.836,0.9210502929532032,1.0933709569566032,1.085856092104476,1.0116647153146439
monash_car_parts,chronos-2,gap,0.6,0.9545656306934924,1.201847465154756,100,0.175,0.894274873223502,1.0267238668417118,1.0674185972067698,1.1705654304615893
monash_car_parts,chronos-t5,gap,0.6,1.0593509185366357,1.2062945190828085,100,1.179,0.9210502929532032,1.0933709569566032,1.1501553461754985,1.1032801917846142
monash_car_parts,chronos-2,gap,0.7,1.0517313236286598,1.4562022692147811,100,0.188,0.894274873223502,1.0267238668417118,1.1760716476776212,1.4182998138478855
monash_car_parts,chronos-t5,gap,0.7,1.0873281888320785,1.3425134006464037,100,0.985,0.9210502929532032,1.0933709569566032,1.1805307453361003,1.2278663449990368
monash_covid_deaths,chronos-2,clean,0.0,43.03352454339485,0.0270079801528122,100,0.161,43.03352454339485,0.0270079801528122,1.0,1.0
monash_covid_deaths,chronos-t5,clean,0.0,50.51105006993207,0.0506425269763182,100,1.934,50.51105006993207,0.0506425269763182,1.0,1.0
monash_covid_deaths,chronos-2,spikes_intensity,1.0,46.941303254646485,0.0326577189749759,100,0.149,43.03352454339485,0.0270079801528122,1.090807777255406,1.209187758218025
monash_covid_deaths,chronos-t5,spikes_intensity,1.0,56.88970247799659,0.0640695444109632,100,1.875,50.51105006993207,0.0506425269763182,1.1262823164284517,1.2651332434679619
monash_covid_deaths,chronos-2,spikes_intensity,2.0,48.29146214684263,0.0568161890541076,100,0.144,43.03352454339485,0.0270079801528122,1.1221823603629235,2.103681531630259
monash_covid_deaths,chronos-t5,spikes_intensity,2.0,58.75664172581646,0.0802936676577872,100,2.091,50.51105006993207,0.0506425269763182,1.1632433228861496,1.58549883767322
monash_covid_deaths,chronos-2,spikes_intensity,4.0,50.31211070773129,0.0591348271748262,100,0.148,43.03352454339485,0.0270079801528122,1.1691375791679983,2.1895316436193695
monash_covid_deaths,chronos-t5,spikes_intensity,4.0,60.01219682307608,0.0687463996114833,100,1.998,50.51105006993207,0.0506425269763182,1.188100361009913,1.3574835956276619
monash_covid_deaths,chronos-2,spikes_intensity,6.0,47.52830715181417,0.0433539184829427,100,0.167,43.03352454339485,0.0270079801528122,1.1044483958985698,1.605226241934589
monash_covid_deaths,chronos-t5,spikes_intensity,6.0,54.15661409383932,0.0525027234739582,100,2.057,50.51105006993207,0.0506425269763182,1.0721735940721884,1.0367319051537431
monash_covid_deaths,chronos-2,spikes_intensity,8.0,50.36678525453578,0.0619681986475612,100,0.145,43.03352454339485,0.0270079801528122,1.1704080897149407,2.2944403208586026
monash_covid_deaths,chronos-t5,spikes_intensity,8.0,58.049099368765006,0.0586160204985145,100,1.979,50.51105006993207,0.0506425269763182,1.1492356482076016,1.1574465967293637
monash_covid_deaths,chronos-2,spikes_intensity,12.0,47.92746249997636,0.05786692156663,100,0.139,43.03352454339485,0.0270079801528122,1.113723846896307,2.1425860519452664
monash_covid_deaths,chronos-t5,spikes_intensity,12.0,60.8204157782544,0.4392683153478355,100,2.047,50.51105006993207,0.0506425269763182,1.2041011955611518,8.673901986629717
monash_covid_deaths,chronos-2,spikes_intensity,16.0,50.11288293932439,0.1346171301716729,100,0.143,43.03352454339485,0.0270079801528122,1.1645079846711313,4.9843464564918945
monash_covid_deaths,chronos-t5,spikes_intensity,16.0,52.25913798943903,0.0416775998466383,100,2.034,50.51105006993207,0.0506425269763182,1.0346080296704732,0.8229763073657019
monash_covid_deaths,chronos-2,spikes_intensity,20.0,50.62791334405944,0.0662890717077819,100,0.169,43.03352454339485,0.0270079801528122,1.1764761051121073,2.454425371046474
monash_covid_deaths,chronos-t5,spikes_intensity,20.0,50.04475765169211,0.0473308310865119,100,2.449,50.51105006993207,0.0506425269763182,0.9907685067407155,0.9346064249251437
monash_covid_deaths,chronos-2,spikes_intensity,30.0,49.68657018546473,0.0671144573236722,100,0.33,43.03352454339485,0.0270079801528122,1.1546014581111286,2.484986176083365
monash_covid_deaths,chronos-t5,spikes_intensity,30.0,51.41538213485086,0.0508976428493658,100,2.222,50.51105006993207,0.0506425269763182,1.0179036480862456,1.0050375818166992
monash_covid_deaths,chronos-2,spikes_intensity,40.0,54.41592120681161,0.0953005289697808,100,0.143,43.03352454339485,0.0270079801528122,1.2645006836922874,3.5286063019361946
monash_covid_deaths,chronos-t5,spikes_intensity,40.0,52.51909830771277,0.0396979649588673,100,1.851,50.51105006993207,0.0506425269763182,1.0397546326002047,0.7838859418968396
monash_covid_deaths,chronos-2,spikes_density,0.01,44.35763067909914,0.0353599517730997,100,0.164,43.03352454339485,0.0270079801528122,1.0307691770486767,1.3092408826217925
monash_covid_deaths,chronos-t5,spikes_density,0.01,50.990526386467735,0.0407753155582592,100,2.486,50.51105006993207,0.0506425269763182,1.0094925034397788,0.8051595762061169
monash_covid_deaths,chronos-2,spikes_density,0.02,45.76096093159347,0.0426997440872853,100,0.168,43.03352454339485,0.0270079801528122,1.063379340110715,1.5810047195565344
monash_covid_deaths,chronos-t5,spikes_density,0.02,50.06456199376539,0.0504309394005293,100,2.082,50.51105006993207,0.0506425269763182,0.9911605861381119,0.9958219388245013
monash_covid_deaths,chronos-2,spikes_density,0.05,54.55970522502951,0.1342571760674192,100,0.18,43.03352454339485,0.0270079801528122,1.2678418931271063,4.971018762150552
monash_covid_deaths,chronos-t5,spikes_density,0.05,51.41205020709543,0.0540134920288874,100,1.709,50.51105006993207,0.0506425269763182,1.0178376837526826,1.0665639187820457
monash_covid_deaths,chronos-2,spikes_density,0.08,55.53488503610823,0.0728159141046227,100,0.138,43.03352454339485,0.0270079801528122,1.2905028260027145,2.696088848282153
monash_covid_deaths,chronos-t5,spikes_density,0.08,53.053282201797,0.041532477016251,100,1.736,50.51105006993207,0.0506425269763182,1.050330217414709,0.8201106756713127
monash_covid_deaths,chronos-2,spikes_density,0.12,64.06657820991603,0.1872904929650308,100,0.137,43.03352454339485,0.0270079801528122,1.4887597260436227,6.934635315389523
monash_covid_deaths,chronos-t5,spikes_density,0.12,52.887097867166055,0.0552421155757367,100,1.794,50.51105006993207,0.0506425269763182,1.0470401584196798,1.0908246265351134
monash_covid_deaths,chronos-2,spikes_density,0.16,64.46836133387431,0.2405377871402343,100,0.137,43.03352454339485,0.0270079801528122,1.4980962404988385,8.906174611328288
monash_covid_deaths,chronos-t5,spikes_density,0.16,53.78569193673544,0.0725073601944565,100,1.855,50.51105006993207,0.0506425269763182,1.0648302076925675,1.431748463664992
monash_covid_deaths,chronos-2,spikes_density,0.2,87.44634951199795,0.3660868445141865,100,0.144,43.03352454339485,0.0270079801528122,2.032051765218937,13.554765756004445
monash_covid_deaths,chronos-t5,spikes_density,0.2,56.52530485301048,0.1099680336352224,100,2.063,50.51105006993207,0.0506425269763182,1.119068100440433,2.1714562878476897
monash_covid_deaths,chronos-2,spikes_density,0.3,118.25875092760212,0.6093766906920677,100,0.139,43.03352454339485,0.0270079801528122,2.748061010163145,22.562838362742813
monash_covid_deaths,chronos-t5,spikes_density,0.3,89.31364230080933,0.0881618305309205,100,1.842,50.51105006993207,0.0506425269763182,1.7682000706212888,1.7408655490700005
monash_covid_deaths,chronos-2,spikes_density,0.4,140.1099320194563,1.246077339039631,100,0.142,43.03352454339485,0.0270079801528122,3.25583213334455,46.137376138062784
monash_covid_deaths,chronos-t5,spikes_density,0.4,78.69663054488949,0.3774110910851606,100,1.873,50.51105006993207,0.0506425269763182,1.558008206836618,7.45245376996389
monash_covid_deaths,chronos-2,drift,0.5,65.13129120595863,0.2129483638556147,100,0.143,43.03352454339485,0.0270079801528122,1.513501203934167,7.8846460435302665
monash_covid_deaths,chronos-t5,drift,0.5,71.32472506675039,0.2040352514372155,100,2.15,50.51105006993207,0.0506425269763182,1.4120618155433708,4.028931090516629
monash_covid_deaths,chronos-2,drift,1.0,94.34900328338654,0.4220914143436189,100,0.137,43.03352454339485,0.0270079801528122,2.1924535413836566,15.628396198286925
monash_covid_deaths,chronos-t5,drift,1.0,98.32085510814898,0.4261210436955743,100,1.872,50.51105006993207,0.0506425269763182,1.9465217011332112,8.414292673326509
monash_covid_deaths,chronos-2,drift,2.0,156.56696058947483,0.8353178547610218,100,0.141,43.03352454339485,0.0270079801528122,3.638255575175891,30.92855704257634
monash_covid_deaths,chronos-t5,drift,2.0,158.98284200435344,0.817325629772546,100,1.862,50.51105006993207,0.0506425269763182,3.1474863774212416,16.139116244233808
monash_covid_deaths,chronos-2,drift,4.0,279.45710352417103,1.674455952908848,100,0.139,43.03352454339485,0.0270079801528122,6.493939469038088,61.998562774213816
monash_covid_deaths,chronos-t5,drift,4.0,279.6345731926367,1.690457791311741,100,1.915,50.51105006993207,0.0506425269763182,5.536106907409078,33.38020221823141
monash_covid_deaths,chronos-2,drift,6.0,390.9814673393448,2.5042614545435025,100,0.134,43.03352454339485,0.0270079801528122,9.085508832656283,92.72301891419846
monash_covid_deaths,chronos-t5,drift,6.0,392.4764102360724,2.537411639045018,100,1.865,50.51105006993207,0.0506425269763182,7.770109900560225,50.1043646623633
monash_covid_deaths,chronos-2,drift,9.0,591.066193088023,3.771962898880679,100,0.134,43.03352454339485,0.0270079801528122,13.735017044490373,139.66105119815575
monash_covid_deaths,chronos-t5,drift,9.0,586.5944310289108,3.7940252813627606,100,1.909,50.51105006993207,0.0506425269763182,11.613190187429808,74.91777183901088
monash_covid_deaths,chronos-2,drift,12.0,787.1225513207507,5.024938846402844,100,0.132,43.03352454339485,0.0270079801528122,18.290915272975592,186.05385585932547
monash_covid_deaths,chronos-t5,drift,12.0,787.2289195907126,5.079235265155486,100,1.91,50.51105006993207,0.0506425269763182,15.585281210760847,100.29584952446531
monash_covid_deaths,chronos-2,drift,16.0,1034.307380712516,6.698842610864382,100,0.134,43.03352454339485,0.0270079801528122,24.034921417359723,248.03197325242652
monash_covid_deaths,chronos-t5,drift,16.0,1034.8257223555747,6.718870680980039,100,1.913,50.51105006993207,0.0506425269763182,20.487115609809504,132.67250040903298
monash_covid_deaths,chronos-2,drift,20.0,1302.923467325737,8.38336406100823,100,0.136,43.03352454339485,0.0270079801528122,30.27694062130267,310.40322206898963
monash_covid_deaths,chronos-t5,drift,20.0,1305.9194195623038,8.439363308777873,100,1.97,50.51105006993207,0.0506425269763182,25.85413325904472,166.64577801823248
monash_covid_deaths,chronos-2,drift,26.0,1679.6559120880702,10.913850541670133,100,0.13,43.03352454339485,0.0270079801528122,39.03133498615274,404.0972512538569
monash_covid_deaths,chronos-t5,drift,26.0,1681.4712808139604,10.938670465398426,100,1.906,50.51105006993207,0.0506425269763182,33.28917689269931,215.9977220432472
monash_covid_deaths,chronos-2,drift,32.0,2038.051901356593,13.459207425625296,100,0.14,43.03352454339485,0.0270079801528122,47.35963235596538,498.34187338233284
monash_covid_deaths,chronos-t5,drift,32.0,2026.4296467400663,13.45653775082483,100,1.902,50.51105006993207,0.0506425269763182,40.118541268385705,265.71615901231525
monash_covid_deaths,chronos-2,drift_step,0.5,41.84980658421311,0.0273153192463754,100,0.132,43.03352454339485,0.0270079801528122,0.9724931208460957,1.0113795660328637
monash_covid_deaths,chronos-t5,drift_step,0.5,50.75014411037249,0.0537489006677101,100,1.909,50.51105006993207,0.0506425269763182,1.0047334997017365,1.0613392316075483
monash_covid_deaths,chronos-2,drift_step,1.0,42.8302888013484,0.0321154795722639,100,0.139,43.03352454339485,0.0270079801528122,0.9952772694265025,1.1891107513613852
monash_covid_deaths,chronos-t5,drift_step,1.0,49.96617392082817,0.0456772101208134,100,1.927,50.51105006993207,0.0506425269763182,0.9892127336820453,0.9019536118759098
monash_covid_deaths,chronos-2,drift_step,2.0,43.77234434586627,0.0344813482341427,100,0.141,43.03352454339485,0.0270079801528122,1.0171684706356414,1.2767096257863746
monash_covid_deaths,chronos-t5,drift_step,2.0,49.40596598059659,0.0428454302800615,100,1.949,50.51105006993207,0.0506425269763182,0.9781219339569164,0.846036579100746
monash_covid_deaths,chronos-2,drift_step,4.0,45.672932018680925,0.0732193367465051,100,0.128,43.03352454339485,0.0270079801528122,1.0613337509137675,2.711026012764644
monash_covid_deaths,chronos-t5,drift_step,4.0,59.24140471120412,0.0875365871073992,100,1.963,50.51105006993207,0.0506425269763182,1.1728404899360627,1.72851933609738
monash_covid_deaths,chronos-2,drift_step,8.0,52.59345153435107,0.1463295254325712,100,0.136,43.03352454339485,0.0270079801528122,1.2221506858290454,5.4180106992315995
monash_covid_deaths,chronos-t5,drift_step,8.0,58.60523473933337,0.0342725185502328,100,1.963,50.51105006993207,0.0506425269763182,1.1602458206312278,0.6767537205688718
monash_covid_deaths,chronos-2,drift_step,12.0,48.19605432587393,0.1288679041968176,100,0.134,43.03352454339485,0.0270079801528122,1.1199653023370932,4.771475077650309
monash_covid_deaths,chronos-t5,drift_step,12.0,53.444871991165286,0.0981427539443594,100,2.075,50.51105006993207,0.0506425269763182,1.0580827743072332,1.9379513583564574
monash_covid_deaths,chronos-2,drift_step,16.0,45.75179064979309,0.2578846813151806,100,0.132,43.03352454339485,0.0270079801528122,1.0631662438817242,9.548462338022283
monash_covid_deaths,chronos-t5,drift_step,16.0,51.40502628889346,0.0461358592464031,100,1.701,50.51105006993207,0.0506425269763182,1.0176986266910644,0.9110102121874263
monash_covid_deaths,chronos-2,drift_step,20.0,46.38566332905561,0.087900763806627,100,0.134,43.03352454339485,0.0270079801528122,1.0778959850774128,3.2546219046845066
monash_covid_deaths,chronos-t5,drift_step,20.0,48.844964644343285,0.0770508243748226,100,1.709,50.51105006993207,0.0506425269763182,0.967015426856458,1.5214648433885145
monash_covid_deaths,chronos-2,gap,0.05,45.32418350175992,0.0395356562129763,100,0.136,43.03352454339485,0.0270079801528122,1.0532296385822448,1.4638509058908522
monash_covid_deaths,chronos-t5,gap,0.05,50.57210975733671,0.0497203256194865,100,1.816,50.51105006993207,0.0506425269763182,1.0012088382110471,0.9817899814268165
monash_covid_deaths,chronos-2,gap,0.1,44.824418525033884,0.0331172315685435,100,0.134,43.03352454339485,0.0270079801528122,1.0416162515304344,1.2262017144993782
monash_covid_deaths,chronos-t5,gap,0.1,50.66937640521124,0.043030068943598,100,1.849,50.51105006993207,0.0506425269763182,1.0031344890882286,0.8496825003167795
monash_covid_deaths,chronos-2,gap,0.15,44.91325557023056,0.0308236050223295,100,0.135,43.03352454339485,0.0270079801528122,1.0436806198604578,1.1412776834079537
monash_covid_deaths,chronos-t5,gap,0.15,51.39253264804743,0.0450952510606099,100,1.91,50.51105006993207,0.0506425269763182,1.0174512819847332,0.8904621027639014
monash_covid_deaths,chronos-2,gap,0.2,45.26475161309761,0.033320582320425,100,0.132,43.03352454339485,0.0270079801528122,1.0518485783671472,1.233730998464004
monash_covid_deaths,chronos-t5,gap,0.2,50.76745534540032,0.0401897420021789,100,1.972,50.51105006993207,0.0506425269763182,1.0050762214428974,0.7935966943547802
monash_covid_deaths,chronos-2,gap,0.3,46.315091439219,0.0341013875393139,100,0.13,43.03352454339485,0.0270079801528122,1.0762560568915296,1.2626411655505865
monash_covid_deaths,chronos-t5,gap,0.3,49.529492630869285,0.0404197796557919,100,1.958,50.51105006993207,0.0506425269763182,0.9805674711235695,0.7981390753801301
monash_covid_deaths,chronos-2,gap,0.4,48.68430362212155,0.0252419109886913,100,0.132,43.03352454339485,0.0270079801528122,1.1313110914963165,0.9346093578961324
monash_covid_deaths,chronos-t5,gap,0.4,52.20532765990676,0.038008751443348,100,1.997,50.51105006993207,0.0506425269763182,1.0335427116963314,0.7505303094595163
monash_covid_deaths,chronos-2,gap,0.5,52.403245570380015,0.0351687863632714,100,0.132,43.03352454339485,0.0270079801528122,1.217730737289175,1.302162774272087
monash_covid_deaths,chronos-t5,gap,0.5,56.22505537189372,0.0319315001294822,100,1.975,50.51105006993207,0.0506425269763182,1.1131238668380614,0.6305273854998236
monash_covid_deaths,chronos-2,gap,0.6,48.20812997406114,0.0345860135916218,100,0.129,43.03352454339485,0.0270079801528122,1.1202459125895727,1.2805849751048686
monash_covid_deaths,chronos-t5,gap,0.6,52.88349853551188,0.0341468303488218,100,1.962,50.51105006993207,0.0506425269763182,1.0469689001177995,0.6742718499175558
monash_covid_deaths,chronos-2,gap,0.7,54.25450911992486,0.0525946356024904,100,0.129,43.03352454339485,0.0270079801528122,1.2607498385407594,1.9473738985628657
monash_covid_deaths,chronos-t5,gap,0.7,55.798705639748896,0.0711897025821575,100,1.955,50.51105006993207,0.0506425269763182,1.1046831448266492,1.4057296669940602
dominick,chronos-2,clean,0.0,0.8295138231556268,0.2485765570951968,100,0.373,0.8295138231556268,0.2485765570951968,1.0,1.0
dominick,chronos-t5,clean,0.0,0.7698056257095454,0.2595823699292185,100,0.862,0.7698056257095454,0.2595823699292185,1.0,1.0
dominick,chronos-2,spikes_intensity,1.0,0.8538595688186055,0.258225901475639,100,0.135,0.8295138231556268,0.2485765570951968,1.0293494152639469,1.0388184006295769
dominick,chronos-t5,spikes_intensity,1.0,0.8567164292892394,0.2797588507255428,100,0.886,0.7698056257095454,0.2595823699292185,1.112899673212425,1.0777266992431955
dominick,chronos-2,spikes_intensity,2.0,0.838342957868978,0.2527341419397685,100,0.141,0.8295138231556268,0.2485765570951968,1.0106437463329585,1.0167255709595313
dominick,chronos-t5,spikes_intensity,2.0,0.8143198755473295,0.2688889991913004,100,0.97,0.7698056257095454,0.2595823699292185,1.057825311157936,1.0358523164135514
dominick,chronos-2,spikes_intensity,4.0,0.8732075256125627,0.2657087250544796,100,0.133,0.8295138231556268,0.2485765570951968,1.0526738690028297,1.068921092799277
dominick,chronos-t5,spikes_intensity,4.0,0.9120798388929456,0.2808498770786835,100,0.874,0.7698056257095454,0.2595823699292185,1.1848183598973614,1.0819297056085282
dominick,chronos-2,spikes_intensity,6.0,0.92969167734393,0.282086450959664,100,0.134,0.8295138231556268,0.2485765570951968,1.1207669497383512,1.1348071365057728
dominick,chronos-t5,spikes_intensity,6.0,0.7888441036823132,0.2679858489214182,100,0.81,0.7698056257095454,0.2595823699292185,1.024731539153432,1.0323730729266825
dominick,chronos-2,spikes_intensity,8.0,0.9861844818734696,0.285875638922511,100,0.138,0.8295138231556268,0.2485765570951968,1.1888704616420231,1.150050681621718
dominick,chronos-t5,spikes_intensity,8.0,0.8359195423689078,0.2692282604395277,100,0.938,0.7698056257095454,0.2595823699292185,1.0858839094588635,1.0371592666826308
dominick,chronos-2,spikes_intensity,12.0,0.9363836005053564,0.3001921611936239,100,0.138,0.8295138231556268,0.2485765570951968,1.12883423321769,1.2076446978813855
dominick,chronos-t5,spikes_intensity,12.0,0.9187795693925368,0.2779653898292637,100,0.997,0.7698056257095454,0.2595823699292185,1.193521505569252,1.0708176749640501
dominick,chronos-2,spikes_intensity,16.0,0.9640757080107693,0.3225915634990226,100,0.141,0.8295138231556268,0.2485765570951968,1.1622177727469853,1.2977553767287897
dominick,chronos-t5,spikes_intensity,16.0,0.7527951852302058,0.2555399559198736,100,1.067,0.7698056257095454,0.2595823699292185,0.9779029408057902,0.9844272397603614
dominick,chronos-2,spikes_intensity,20.0,1.008342818729172,0.3148053024604548,100,0.14,0.8295138231556268,0.2485765570951968,1.215582899985013,1.2664319843318714
dominick,chronos-t5,spikes_intensity,20.0,0.8765164176308837,0.2828996229821954,100,1.133,0.7698056257095454,0.2595823699292185,1.1386204365848598,1.0898260273197093
dominick,chronos-2,spikes_intensity,30.0,1.092516485053658,0.3206208706058105,100,0.134,0.8295138231556268,0.2485765570951968,1.3170563944281477,1.2898274654396436
dominick,chronos-t5,spikes_intensity,30.0,0.7893418896752781,0.2731867172521155,100,1.133,0.7698056257095454,0.2595823699292185,1.0253781777026192,1.052408595108391
dominick,chronos-2,spikes_intensity,40.0,1.0308270812638372,0.3200125115433137,100,0.142,0.8295138231556268,0.2485765570951968,1.2426882500190013,1.2873800944179916
dominick,chronos-t5,spikes_intensity,40.0,0.7878952997717225,0.2814765724916204,100,1.161,0.7698056257095454,0.2595823699292185,1.0234990151513943,1.0843439505093195
dominick,chronos-2,spikes_density,0.01,0.8423718011860107,0.2574377135661591,100,0.144,0.8295138231556268,0.2485765570951968,1.0155006193645693,1.035647595149404
dominick,chronos-t5,spikes_density,0.01,0.7903506054711099,0.2599564638492981,100,1.149,0.7698056257095454,0.2595823699292185,1.0266885289940924,1.0014411376249535
dominick,chronos-2,spikes_density,0.02,0.867881996376628,0.2708327634934996,100,0.139,0.8295138231556268,0.2485765570951968,1.0462538081343133,1.0895346152444272
dominick,chronos-t5,spikes_density,0.02,1.224484300507882,0.3086172748413608,100,1.172,0.7698056257095454,0.2595823699292185,1.590640883377866,1.1888992111656616
dominick,chronos-2,spikes_density,0.05,0.9520201478352388,0.3018991094278205,100,0.135,0.8295138231556268,0.2485765570951968,1.1476844885038502,1.214511589329813
dominick,chronos-t5,spikes_density,0.05,0.7968159072843255,0.2681148028562712,100,1.156,0.7698056257095454,0.2595823699292185,1.035087144952837,1.0328698475531264
dominick,chronos-2,spikes_density,0.08,1.0828603419626353,0.3499818015070839,100,0.136,0.8295138231556268,0.2485765570951968,1.3054156684734084,1.407943715999945
dominick,chronos-t5,spikes_density,0.08,0.785553085044436,0.2716412314599188,100,0.888,0.7698056257095454,0.2595823699292185,1.0204564097857507,1.046454855674476
dominick,chronos-2,spikes_density,0.12,1.332726463812061,0.4524374287306908,100,0.142,0.8295138231556268,0.2485765570951968,1.6066356299429931,1.8201130227957172
dominick,chronos-t5,spikes_density,0.12,0.9526599799639632,0.3452645761171523,100,0.838,0.7698056257095454,0.2595823699292185,1.2375331488203627,1.3300771397198397
dominick,chronos-2,spikes_density,0.16,1.3848506923964732,0.5317463713876623,100,0.138,0.8295138231556268,0.2485765570951968,1.6694727124959055,2.1391654048214233
dominick,chronos-t5,spikes_density,0.16,0.9076233341457284,0.3205908225805765,100,0.964,0.7698056257095454,0.2595823699292185,1.1790292300204401,1.2350254089597588
dominick,chronos-2,spikes_density,0.2,1.7666786737014784,0.687806837674824,100,0.135,0.8295138231556268,0.2485765570951968,2.1297760500008307,2.766981913790914
dominick,chronos-t5,spikes_density,0.2,0.91086927525608,0.3112931426692721,100,0.908,0.7698056257095454,0.2595823699292185,1.1832458023627892,1.1992075685038002
dominick,chronos-2,spikes_density,0.3,2.354905870889063,1.2337380998877097,100,0.163,0.8295138231556268,0.2485765570951968,2.8388988889064652,4.963211794003679
dominick,chronos-t5,spikes_density,0.3,0.909806907492435,0.3655656075210152,100,0.914,0.7698056257095454,0.2595823699292185,1.1818657555975218,1.408283650467848
dominick,chronos-2,spikes_density,0.4,2.77174652062522,2.155731241705917,100,0.137,0.8295138231556268,0.2485765570951968,3.341410888224833,8.672303079973632
dominick,chronos-t5,spikes_density,0.4,1.0754354260840118,0.5102665614919863,100,0.964,0.7698056257095454,0.2595823699292185,1.3970220405868836,1.9657211760225588
dominick,chronos-2,drift,0.5,1.8200308020790112,0.521182465849482,100,0.133,0.8295138231556268,0.2485765570951968,2.1940933969674807,2.0966678110755472
dominick,chronos-t5,drift,0.5,1.693000515505196,0.5241841476481741,100,1.06,0.7698056257095454,0.2595823699292185,2.199257135779858,2.0193364741646582
dominick,chronos-2,drift,1.0,2.903321944495876,0.8194161540544432,100,0.137,0.8295138231556268,0.2485765570951968,3.5000284063393816,3.296433757189071
dominick,chronos-t5,drift,1.0,2.85216118539872,0.8551474094571576,100,1.128,0.7698056257095454,0.2595823699292185,3.705040714361922,3.294320063763708
dominick,chronos-2,drift,2.0,5.147010425595677,1.4829349498294893,100,0.149,0.8295138231556268,0.2485765570951968,6.204851904716283,5.965707173511029
dominick,chronos-t5,drift,2.0,5.153832554317937,1.542157779155793,100,0.904,0.7698056257095454,0.2595823699292185,6.6949790728894,5.940918790348898
dominick,chronos-2,drift,4.0,9.747198083003628,2.861001355566996,100,0.134,0.8295138231556268,0.2485765570951968,11.750495062184076,11.509538103672925
dominick,chronos-t5,drift,4.0,9.72022234110371,2.923001990166229,100,0.823,0.7698056257095454,0.2595823699292185,12.626852826834547,11.26040258806196
dominick,chronos-2,drift,6.0,14.294123704318595,4.296968417657848,100,0.137,0.8295138231556268,0.2485765570951968,17.231929481224384,17.286297903032942
dominick,chronos-t5,drift,6.0,14.473905894898444,4.364996906283612,100,0.942,0.7698056257095454,0.2595823699292185,18.8020266564791,16.815459799807805
dominick,chronos-2,drift,9.0,21.354577212179063,6.486518604277864,100,0.141,0.8295138231556268,0.2485765570951968,25.743485661206016,26.094651402681297
dominick,chronos-t5,drift,9.0,21.272243417066772,6.481931189385101,100,1.067,0.7698056257095454,0.2595823699292185,27.633265731800435,24.97061411047506
dominick,chronos-2,drift,12.0,28.721231338871817,8.732845839883296,100,0.149,0.8295138231556268,0.2485765570951968,34.62417447078922,35.13141360526165
dominick,chronos-t5,drift,12.0,28.594649919827145,8.729475239642493,100,1.169,0.7698056257095454,0.2595823699292185,37.14528572517365,33.62892187948973
dominick,chronos-2,drift,16.0,38.12160855655204,11.636306004590528,100,0.16,0.8295138231556268,0.2485765570951968,45.95656816366274,46.811759485968736
dominick,chronos-t5,drift,16.0,37.94791364608476,11.624633266991609,100,1.201,0.7698056257095454,0.2595823699292185,49.295448589515566,44.782060007239124
dominick,chronos-2,drift,20.0,47.658818647176325,14.573320684964113,100,0.201,0.8295138231556268,0.2485765570951968,57.4539173631528,58.62709201247405
dominick,chronos-t5,drift,20.0,47.601547264590046,14.599834943488414,100,1.194,0.7698056257095454,0.2595823699292185,61.83580072010352,56.24355362603946
dominick,chronos-2,drift,26.0,61.908962338735016,18.96599621110615,100,0.193,0.8295138231556268,0.2485765570951968,74.63282782102613,76.29841056911407
dominick,chronos-t5,drift,26.0,61.72451700911786,18.99831103469515,100,1.237,0.7698056257095454,0.2595823699292185,80.18195106358846,73.18798668752235
dominick,chronos-2,drift,32.0,76.30132379440536,23.40360288274995,100,0.206,0.8295138231556268,0.2485765570951968,91.98318540870211,94.15048287834772
dominick,chronos-t5,drift,32.0,76.20949430047283,23.47052861235948,100,0.869,0.7698056257095454,0.2595823699292185,98.99835978754896,90.41649715564002
dominick,chronos-2,drift_step,0.5,0.7901828829069504,0.2467060333728934,100,0.134,0.8295138231556268,0.2485765570951968,0.9525855517403505,0.992475059819953
dominick,chronos-t5,drift_step,0.5,0.8265411637952116,0.2715080025574822,100,0.821,0.7698056257095454,0.2595823699292185,1.0737011216738925,1.0459416124119505
dominick,chronos-2,drift_step,1.0,0.8519223777506678,0.2588832976244891,100,0.137,0.8295138231556268,0.2485765570951968,1.0270140821882807,1.0414630432158778
dominick,chronos-t5,drift_step,1.0,0.7885539107058297,0.2626119345751692,100,0.948,0.7698056257095454,0.2595823699292185,1.0243545699981131,1.0116709183554213
dominick,chronos-2,drift_step,2.0,0.8406327991646196,0.2743171234917076,100,0.136,0.8295138231556268,0.2485765570951968,1.0134042082224672,1.1035518662632897
dominick,chronos-t5,drift_step,2.0,0.7934590719265171,0.2763339105461199,100,1.057,0.7698056257095454,0.2595823699292185,1.0307265177429301,1.0645326592151427
dominick,chronos-2,drift_step,4.0,0.9147636648840666,0.270518808268658,100,0.154,0.8295138231556268,0.2485765570951968,1.1027708512489078,1.0882716030420279
dominick,chronos-t5,drift_step,4.0,0.8416626662734714,0.2625127224319902,100,1.169,0.7698056257095454,0.2595823699292185,1.0933443952136541,1.0112887192746207
dominick,chronos-2,drift_step,8.0,0.9305411766619308,0.2765998780441662,100,0.171,0.8295138231556268,0.2485765570951968,1.121791042760417,1.112735172119378
dominick,chronos-t5,drift_step,8.0,0.7719369967825358,0.2674738687644042,100,1.237,0.7698056257095454,0.2595823699292185,1.002768713298277,1.0304007503950963
dominick,chronos-2,drift_step,12.0,1.4418536497399412,0.5139876160535288,100,0.201,0.8295138231556268,0.2485765570951968,1.7381912265848185,2.0677236102223757
dominick,chronos-t5,drift_step,12.0,1.296720785629327,0.5025117246920876,100,1.44,0.7698056257095454,0.2595823699292185,1.6844781881583593,1.9358468944909846
dominick,chronos-2,drift_step,16.0,1.7388577670334842,0.4067519403318156,100,0.213,0.8295138231556268,0.2485765570951968,2.0962372398069773,1.636324620008486
dominick,chronos-t5,drift_step,16.0,1.2118605214559914,0.3368743014057139,100,0.922,0.7698056257095454,0.2595823699292185,1.5742422255475141,1.2977549341951493
dominick,chronos-2,drift_step,20.0,1.5694953693312486,0.4458402843053627,100,0.144,0.8295138231556268,0.2485765570951968,1.8920665641961125,1.7935733341685165
dominick,chronos-t5,drift_step,20.0,1.3463851552895176,0.4345432107875701,100,1.331,0.7698056257095454,0.2595823699292185,1.748993655441953,1.6740089510164304
dominick,chronos-2,gap,0.05,0.8183242136511811,0.2500249187781568,100,0.369,0.8295138231556268,0.2485765570951968,0.9865106413032657,1.0058266221878893
dominick,chronos-t5,gap,0.05,0.7921708718635196,0.2587636001074151,100,1.476,0.7698056257095454,0.2595823699292185,1.0290531082224292,0.9968458188357451
dominick,chronos-2,gap,0.1,0.7959041597454053,0.2510160597681687,100,0.27,0.8295138231556268,0.2485765570951968,0.9594826964035824,1.00981388873303
dominick,chronos-t5,gap,0.1,0.8142623588610456,0.2566367664197198,100,0.884,0.7698056257095454,0.2595823699292185,1.057750595301929,0.9886525286355081
dominick,chronos-2,gap,0.15,0.7815624162499126,0.2496853367008517,100,0.151,0.8295138231556268,0.2485765570951968,0.9421933600536059,1.004460515579634
dominick,chronos-t5,gap,0.15,0.7423375979660177,0.2472289728833185,100,1.069,0.7698056257095454,0.2595823699292185,0.9643182293995192,0.9524104928648719
dominick,chronos-2,gap,0.2,0.767362943476084,0.246126867080636,100,0.195,0.8295138231556268,0.2485765570951968,0.9250755346751075,0.990145128554409
dominick,chronos-t5,gap,0.2,0.8492812563620677,0.2683150274942025,100,1.199,0.7698056257095454,0.2595823699292185,1.1032411663389288,1.0336411812842496
dominick,chronos-2,gap,0.3,0.930784496221718,0.2621909743316129,100,0.582,0.8295138231556268,0.2485765570951968,1.1220843706749075,1.0547695140503626
dominick,chronos-t5,gap,0.3,0.9009150194013948,0.2714436342731567,100,1.564,0.7698056257095454,0.2595823699292185,1.1703149331638143,1.0456936437831754
dominick,chronos-2,gap,0.4,0.9033458171974572,0.2694717339377356,100,0.474,0.8295138231556268,0.2485765570951968,1.0890063456217758,1.0840593219518146
dominick,chronos-t5,gap,0.4,0.8556264560535489,0.2788241342506836,100,1.173,0.7698056257095454,0.2595823699292185,1.111483766132393,1.0741258519471557
dominick,chronos-2,gap,0.5,0.803234980760125,0.2547224993012098,100,0.187,0.8295138231556268,0.2485765570951968,0.9683201874858068,1.0247245447351632
dominick,chronos-t5,gap,0.5,0.7203852996752137,0.2555221980129691,100,0.949,0.7698056257095454,0.2595823699292185,0.9358015525168708,0.9843588302342855
dominick,chronos-2,gap,0.6,0.8366112485550705,0.2619089107473913,100,0.15,0.8295138231556268,0.2485765570951968,1.0085561267351082,1.0536347989045831
dominick,chronos-t5,gap,0.6,0.9080808775987952,0.2879629338238753,100,1.066,0.7698056257095454,0.2595823699292185,1.179623592334492,1.109331631044109
dominick,chronos-2,gap,0.7,0.8751275305320815,0.2715909089102099,100,0.171,0.8295138231556268,0.2485765570951968,1.054988483739706,1.0925845626150472
dominick,chronos-t5,gap,0.7,0.9444079991292976,0.2881221970178,100,1.098,0.7698056257095454,0.2595823699292185,1.2268135846095145,1.1099451672945415
ercot,chronos-2,clean,0.0,0.8417995516641943,0.0260430222226397,8,0.119,0.8417995516641943,0.0260430222226397,1.0,1.0
ercot,chronos-t5,clean,0.0,0.5921761197102479,0.0164299564227122,8,0.977,0.5921761197102479,0.0164299564227122,1.0,1.0
ercot,chronos-2,spikes_intensity,1.0,0.8861308976355934,0.027583643357148,8,0.124,0.8417995516641943,0.0260430222226397,1.0526625915679788,1.059156772256985
ercot,chronos-t5,spikes_intensity,1.0,0.7338615035172172,0.0259363322082181,8,0.448,0.5921761197102479,0.0164299564227122,1.239262238194097,1.5786001825521956
ercot,chronos-2,spikes_intensity,2.0,0.9376459796246304,0.0292581314450134,8,0.072,0.8417995516641943,0.0260430222226397,1.1138589676971824,1.1234537679570362
ercot,chronos-t5,spikes_intensity,2.0,0.7950826291184022,0.0298377097403562,8,0.406,0.5921761197102479,0.0164299564227122,1.3426455452263706,1.8160553182666745
ercot,chronos-2,spikes_intensity,4.0,0.8464952420367187,0.028693189017592,8,0.079,0.8417995516641943,0.0260430222226397,1.005578157369223,1.101761107919666
ercot,chronos-t5,spikes_intensity,4.0,0.6691769856061655,0.0211063804893024,8,0.545,0.5921761197102479,0.0164299564227122,1.1300303462652195,1.284627904437146
ercot,chronos-2,spikes_intensity,6.0,0.821613553691015,0.0245297054794858,8,0.074,0.8417995516641943,0.0260430222226397,0.9760204220431424,0.9418916617965197
ercot,chronos-t5,spikes_intensity,6.0,0.6874546351482106,0.0222555727961184,8,0.569,0.5921761197102479,0.0164299564227122,1.1608955718859155,1.3545728438666502
ercot,chronos-2,spikes_intensity,8.0,0.8845846098959095,0.0239466016235497,8,0.091,0.8417995516641943,0.0260430222226397,1.0508257080288665,0.9195016392042418
ercot,chronos-t5,spikes_intensity,8.0,1.376290160252538,0.0400562573788806,8,0.413,0.5921761197102479,0.0164299564227122,2.3241230344208366,2.438001437636695
ercot,chronos-2,spikes_intensity,12.0,0.8999336919404963,0.0253266528541502,8,0.067,0.8417995516641943,0.0260430222226397,1.0690593623640852,0.9724928480893916
ercot,chronos-t5,spikes_intensity,12.0,2.007235366737064,0.0522909281808252,8,0.39,0.5921761197102479,0.0164299564227122,3.3895918797252502,3.182657752429583
ercot,chronos-2,spikes_intensity,16.0,0.9441098693610944,0.0298795579401514,8,0.063,0.8417995516641943,0.0260430222226397,1.1215376243603812,1.1473153032974999
ercot,chronos-t5,spikes_intensity,16.0,2.0731511162032814,0.1293510195945888,8,0.418,0.5921761197102479,0.0164299564227122,3.5009029361360864,7.872876608228762
ercot,chronos-2,spikes_intensity,20.0,1.0610475840550466,0.0344405700480313,8,0.06,0.8417995516641943,0.0260430222226397,1.2604515908299194,1.3224490519418843
ercot,chronos-t5,spikes_intensity,20.0,2.7855010019481647,0.2123739649782506,8,0.407,0.5921761197102479,0.0164299564227122,4.703838789228975,12.926021196542688
ercot,chronos-2,spikes_intensity,30.0,1.3351395924969776,0.0415101013770634,8,0.061,0.8417995516641943,0.0260430222226397,1.586054055098361,1.5939049247893307
ercot,chronos-t5,spikes_intensity,30.0,0.7270469016119324,0.0232037509187984,8,0.39,0.5921761197102479,0.0164299564227122,1.2277545098706055,1.4122831687321058
ercot,chronos-2,spikes_intensity,40.0,1.4634682885466976,0.0372783813621924,8,0.058,0.8417995516641943,0.0260430222226397,1.738499724374403,1.4314153343457037
ercot,chronos-t5,spikes_intensity,40.0,0.626335091050012,0.0174074118147731,8,0.376,0.5921761197102479,0.0164299564227122,1.0576838041974372,1.0594922692983957
ercot,chronos-2,spikes_density,0.01,0.7416808170449837,0.0228564084176356,8,0.055,0.8417995516641943,0.0260430222226397,0.8810658256810887,0.8776403991148956
ercot,chronos-t5,spikes_density,0.01,0.6538559753774486,0.0188514679266419,8,0.465,0.5921761197102479,0.0164299564227122,1.1041579584421282,1.1473839273598
ercot,chronos-2,spikes_density,0.02,0.9192444449310508,0.0262083201912978,8,0.069,0.8417995516641943,0.0260430222226397,1.091999209448083,1.0063471116080531
ercot,chronos-t5,spikes_density,0.02,0.6403037736591748,0.0301445402699312,8,0.387,0.5921761197102479,0.0164299564227122,1.081272534212416,1.8347303848146812
ercot,chronos-2,spikes_density,0.05,1.1017841434201563,0.0341613102927908,8,0.054,0.8417995516641943,0.0260430222226397,1.3088438230241224,1.3117260355095697
ercot,chronos-t5,spikes_density,0.05,1.2291238251687784,0.1131789006383094,8,0.387,0.5921761197102479,0.0164299564227122,2.075605186122989,6.888569739713662
ercot,chronos-2,spikes_density,0.08,1.2209564211247286,0.0359494139251656,8,0.056,0.8417995516641943,0.0260430222226397,1.4504122967409054,1.3803856410303288
ercot,chronos-t5,spikes_density,0.08,3.463276124573285,0.1482812603050682,8,0.448,0.5921761197102479,0.0164299564227122,5.848388696031627,9.025054996499524
ercot,chronos-2,spikes_density,0.12,2.147607601644318,0.06238294686101,8,0.07,0.8417995516641943,0.0260430222226397,2.551210198910903,2.39538047188622
ercot,chronos-t5,spikes_density,0.12,2.310148824790161,0.1241405209954145,8,0.451,0.5921761197102479,0.0164299564227122,3.901117839605755,7.555742559597234
ercot,chronos-2,spikes_density,0.16,2.6088440311781267,0.0855255424252942,8,0.053,0.8417995516641943,0.0260430222226397,3.0991273706674902,3.284009885417415
ercot,chronos-t5,spikes_density,0.16,11.98620314724714,0.1642196552215311,8,0.372,0.5921761197102479,0.0164299564227122,20.240943105088395,9.995136383595002
ercot,chronos-2,spikes_density,0.2,3.3117982116355265,0.1460447432228265,8,0.049,0.8417995516641943,0.0260430222226397,3.9341886142470286,5.607826233618424
ercot,chronos-t5,spikes_density,0.2,2.838437266250066,0.1001779282154511,8,0.348,0.5921761197102479,0.0164299564227122,4.793231560298167,6.097272910411899
ercot,chronos-2,spikes_density,0.3,4.044758536151038,0.255445238113112,8,0.054,0.8417995516641943,0.0260430222226397,4.804895094271266,9.808586573759804
ercot,chronos-t5,spikes_density,0.3,1.377549633384189,0.0672408139712794,8,0.373,0.5921761197102479,0.0164299564227122,2.326249890080378,4.09257409096521
ercot,chronos-2,spikes_density,0.4,4.291148735043248,0.3980262411493769,8,0.055,0.8417995516641943,0.0260430222226397,5.09758971308534,15.283412107346168
ercot,chronos-t5,spikes_density,0.4,5.658126684949217,0.1934066876078516,8,0.363,0.5921761197102479,0.0164299564227122,9.554803877801998,11.771588592924866
ercot,chronos-2,drift,0.5,2.4136834735967496,0.0917236507399534,8,0.052,0.8417995516641943,0.0260430222226397,2.867290044078809,3.5220048562649637
ercot,chronos-t5,drift,0.5,2.138449602624445,0.0731287389825758,8,0.394,0.5921761197102479,0.0164299564227122,3.6111716285871,4.450939314816756
ercot,chronos-2,drift,1.0,4.279307440956746,0.1250986352622203,8,0.06,0.8417995516641943,0.0260430222226397,5.083523069710332,4.8035375538507825
ercot,chronos-t5,drift,1.0,4.143746719622207,0.1372582008611965,8,0.414,0.5921761197102479,0.0164299564227122,6.997490411551457,8.354142721368119
ercot,chronos-2,drift,2.0,8.62742141482754,0.2936544876337079,8,0.059,0.8417995516641943,0.0260430222226397,10.248783570591803,11.275745384820521
ercot,chronos-t5,drift,2.0,8.567445675052083,0.2937141362114995,8,0.36,0.5921761197102479,0.0164299564227122,14.467732469935024,17.876744688469124
ercot,chronos-2,drift,4.0,17.093614577725617,0.5782165546115424,8,0.065,0.8417995516641943,0.0260430222226397,20.30603906111903,22.20235998988196
ercot,chronos-t5,drift,4.0,17.202780740087523,0.5932614109934616,8,0.364,0.5921761197102479,0.0164299564227122,29.050108856981353,36.10852005507195
ercot,chronos-2,drift,6.0,25.415900684960224,0.86908427218898,8,0.056,0.8417995516641943,0.0260430222226397,30.19234286204394,33.37109897458323
ercot,chronos-t5,drift,6.0,25.75800371625436,0.8949703380449825,8,0.36,0.5921761197102479,0.0164299564227122,43.497201016578934,54.47186316378822
ercot,chronos-2,drift,9.0,39.32526414953481,1.382157660162309,8,0.053,0.8417995516641943,0.0260430222226397,46.71571049401344,53.072091570108654
ercot,chronos-t5,drift,9.0,39.47641759648564,1.4013962669166993,8,0.369,0.5921761197102479,0.0164299564227122,66.663305531134,85.29519073948715
ercot,chronos-2,drift,12.0,51.99865908706053,1.787945418228218,8,0.055,0.8417995516641943,0.0260430222226397,61.77083247937334,68.65353041375984
ercot,chronos-t5,drift,12.0,52.09817920856533,1.804535374614335,8,0.35,0.5921761197102479,0.0164299564227122,87.97750783003036,109.8320243941614
ercot,chronos-2,drift,16.0,69.17477769051582,2.421364814091104,8,0.053,0.8417995516641943,0.0260430222226397,82.17488065152905,92.97556917131395
ercot,chronos-t5,drift,16.0,69.55353941453554,2.4455366011242994,8,0.344,0.5921761197102479,0.0164299564227122,117.45414429843629,148.84620130481142
ercot,chronos-2,drift,20.0,86.65735440807691,3.0331310716890645,8,0.051,0.8417995516641943,0.0260430222226397,102.94297999655595,116.46617069858756
ercot,chronos-t5,drift,20.0,86.87977243884927,3.054250301930817,8,0.379,0.5921761197102479,0.0164299564227122,146.71272539892288,185.89521623494554
ercot,chronos-2,drift,26.0,112.19162917562224,3.910584886810237,8,0.071,0.8417995516641943,0.0260430222226397,133.27594313138462,150.15864339318844
ercot,chronos-t5,drift,26.0,112.44035067241872,3.9241179604237626,8,0.369,0.5921761197102479,0.0164299564227122,189.8765366077846,238.83921901333824
ercot,chronos-2,drift,32.0,139.21250492210692,4.858302246702626,8,0.055,0.8417995516641943,0.0260430222226397,165.37488603657602,186.54909576812517
ercot,chronos-t5,drift,32.0,139.19381214183838,4.863697609410898,8,0.345,0.5921761197102479,0.0164299564227122,235.05475399775662,296.02620264333086
ercot,chronos-2,drift_step,0.5,0.8290894615863181,0.0260264729914001,8,0.068,0.8417995516641943,0.0260430222226397,0.9849012867104182,0.9993645425980855
ercot,chronos-t5,drift_step,0.5,0.5921761197102479,0.0164299564227122,8,0.388,0.5921761197102479,0.0164299564227122,1.0,1.0
ercot,chronos-2,drift_step,1.0,0.844097819486624,0.0260780657552312,8,0.05,0.8417995516641943,0.0260430222226397,1.002730184184449,1.001345601608443
ercot,chronos-t5,drift_step,1.0,0.5921761197102479,0.0164299564227122,8,0.353,0.5921761197102479,0.0164299564227122,1.0,1.0
ercot,chronos-2,drift_step,2.0,0.844759576737322,0.0261296380387763,8,0.049,0.8417995516641943,0.0260430222226397,1.0035163063074528,1.0033258742167528
ercot,chronos-t5,drift_step,2.0,0.5921761197102479,0.0164299564227122,8,0.361,0.5921761197102479,0.0164299564227122,1.0,1.0
ercot,chronos-2,drift_step,4.0,0.8417995516641943,0.0260430222226397,8,0.055,0.8417995516641943,0.0260430222226397,1.0,1.0
ercot,chronos-t5,drift_step,4.0,0.5921761197102479,0.0164299564227122,8,0.394,0.5921761197102479,0.0164299564227122,1.0,1.0
ercot,chronos-2,drift_step,8.0,0.8417995516641943,0.0260430222226397,8,0.054,0.8417995516641943,0.0260430222226397,1.0,1.0
ercot,chronos-t5,drift_step,8.0,0.5921761197102479,0.0164299564227122,8,0.401,0.5921761197102479,0.0164299564227122,1.0,1.0
ercot,chronos-2,drift_step,12.0,0.8417995516641943,0.0260430222226397,8,0.061,0.8417995516641943,0.0260430222226397,1.0,1.0
ercot,chronos-t5,drift_step,12.0,0.5921761197102479,0.0164299564227122,8,0.388,0.5921761197102479,0.0164299564227122,1.0,1.0
ercot,chronos-2,drift_step,16.0,0.8417995516641943,0.0260430222226397,8,0.05,0.8417995516641943,0.0260430222226397,1.0,1.0
ercot,chronos-t5,drift_step,16.0,0.5921761197102479,0.0164299564227122,8,0.351,0.5921761197102479,0.0164299564227122,1.0,1.0
ercot,chronos-2,drift_step,20.0,0.8778518241232037,0.0265500829574592,8,0.054,0.8417995516641943,0.0260430222226397,1.0428276213591894,1.0194701187321762
ercot,chronos-t5,drift_step,20.0,0.5921761197102479,0.0164299564227122,8,0.348,0.5921761197102479,0.0164299564227122,1.0,1.0
ercot,chronos-2,gap,0.05,0.8269700742558218,0.0251683813811613,8,0.051,0.8417995516641943,0.0260430222226397,0.9823836002537001,0.9664155398708657
ercot,chronos-t5,gap,0.05,0.5921761197102479,0.0164299564227122,8,0.356,0.5921761197102479,0.0164299564227122,1.0,1.0
ercot,chronos-2,gap,0.1,0.8391000328645646,0.0260551167400547,8,0.052,0.8417995516641943,0.0260430222226397,0.9967931572376192,1.000464405294885
ercot,chronos-t5,gap,0.1,0.5921761197102479,0.0164299564227122,8,0.389,0.5921761197102479,0.0164299564227122,1.0,1.0
ercot,chronos-2,gap,0.15,0.8417995516641943,0.0260430222226397,8,0.057,0.8417995516641943,0.0260430222226397,1.0,1.0
ercot,chronos-t5,gap,0.15,0.5921761197102479,0.0164299564227122,8,0.349,0.5921761197102479,0.0164299564227122,1.0,1.0
ercot,chronos-2,gap,0.2,0.8443704044793927,0.0261094900052381,8,0.052,0.8417995516641943,0.0260430222226397,1.0030539964176934,1.0025522299996588
ercot,chronos-t5,gap,0.2,0.5921761197102479,0.0164299564227122,8,0.408,0.5921761197102479,0.0164299564227122,1.0,1.0
ercot,chronos-2,gap,0.3,0.8417995516641943,0.0260430222226397,8,0.075,0.8417995516641943,0.0260430222226397,1.0,1.0
ercot,chronos-t5,gap,0.3,0.5921761197102479,0.0164299564227122,8,0.364,0.5921761197102479,0.0164299564227122,1.0,1.0
ercot,chronos-2,gap,0.4,0.8748443278697374,0.0281618478991825,8,0.049,0.8417995516641943,0.0260430222226397,1.0392549225527803,1.0813586709879186
ercot,chronos-t5,gap,0.4,0.6276517310144413,0.0189650439108917,8,0.36,0.5921761197102479,0.0164299564227122,1.0599071967332145,1.1542966653688187
ercot,chronos-2,gap,0.5,0.8335307605013327,0.0259746834885101,8,0.05,0.8417995516641943,0.0260430222226397,0.9901772445156158,0.9973759292010973
ercot,chronos-t5,gap,0.5,0.5921761197102479,0.0164299564227122,8,0.38,0.5921761197102479,0.0164299564227122,1.0,1.0
ercot,chronos-2,gap,0.6,0.7977470824918472,0.02579540464363,8,0.058,0.8417995516641943,0.0260430222226397,0.9476686948986162,0.99049197989032
ercot,chronos-t5,gap,0.6,0.576107524042823,0.0163402908649532,8,0.365,0.5921761197102479,0.0164299564227122,0.9728651745104357,0.9945425565684975
ercot,chronos-2,gap,0.7,0.82753212556915,0.0249334900447625,8,0.058,0.8417995516641943,0.0260430222226397,0.9830512785771407,0.9573961820409359
ercot,chronos-t5,gap,0.7,0.5921761197102479,0.0164299564227122,8,0.353,0.5921761197102479,0.0164299564227122,1.0,1.0
exchange_rate,chronos-2,clean,0.0,1.816427573959804,0.0118312821595312,8,0.043,1.816427573959804,0.0118312821595312,1.0,1.0
exchange_rate,chronos-t5,clean,0.0,1.9953892153692887,0.0128820978414308,8,0.482,1.9953892153692887,0.0128820978414308,1.0,1.0
exchange_rate,chronos-2,spikes_intensity,1.0,1.5273266920786408,0.0097045498302556,8,0.038,1.816427573959804,0.0118312821595312,0.8408409528539998,0.8202449826993333
exchange_rate,chronos-t5,spikes_intensity,1.0,2.551322447474171,0.0116331763663634,8,0.441,1.9953892153692887,0.0128820978414308,1.278608918913093,0.9030498378105252
exchange_rate,chronos-2,spikes_intensity,2.0,1.5938595991730138,0.0108031599076636,8,0.039,1.816427573959804,0.0118312821595312,0.8774693921312849,0.9131013665294635
exchange_rate,chronos-t5,spikes_intensity,2.0,1.6426690364100631,0.0120806132772454,8,0.478,1.9953892153692887,0.0128820978414308,0.8232323918349196,0.9377830712007401
exchange_rate,chronos-2,spikes_intensity,4.0,1.641366553108078,0.0111133663405657,8,0.04,1.816427573959804,0.0118312821595312,0.903623451129354,0.939320539457581
exchange_rate,chronos-t5,spikes_intensity,4.0,2.179396616293,0.0143607467357714,8,0.468,1.9953892153692887,0.0128820978414308,1.0922162952001606,1.1147832373687643
exchange_rate,chronos-2,spikes_intensity,6.0,2.351744609748708,0.0141548299231658,8,0.042,1.816427573959804,0.0118312821595312,1.2947087147669287,1.196390191046434
exchange_rate,chronos-t5,spikes_intensity,6.0,2.137355149414873,0.0158573630782586,8,0.425,1.9953892153692887,0.0128820978414308,1.071146988743903,1.2309612357747268
exchange_rate,chronos-2,spikes_intensity,8.0,1.8722695023141556,0.0140027772237354,8,0.052,1.816427573959804,0.0118312821595312,1.0307427222284544,1.1835384394458768
exchange_rate,chronos-t5,spikes_intensity,8.0,2.0183133232573707,0.0216675433508838,8,0.468,1.9953892153692887,0.0128820978414308,1.0114885395347992,1.6819887271153662
exchange_rate,chronos-2,spikes_intensity,12.0,2.015182854257846,0.0156771356458743,8,0.053,1.816427573959804,0.0118312821595312,1.1094209772783599,1.3250580481883705
exchange_rate,chronos-t5,spikes_intensity,12.0,4.157933647955418,0.061731617944536,8,0.443,1.9953892153692887,0.0128820978414308,2.083770733012559,4.792046971262526
exchange_rate,chronos-2,spikes_intensity,16.0,3.545698298920681,0.0207294642117504,8,0.058,1.816427573959804,0.0118312821595312,1.9520174378277437,1.7520894128157436
exchange_rate,chronos-t5,spikes_intensity,16.0,12.750371412688857,0.1466360511938754,8,0.45,1.9953892153692887,0.0128820978414308,6.389916971827039,11.38293257812958
exchange_rate,chronos-2,spikes_intensity,20.0,3.078123781229541,0.0124479403159165,8,0.064,1.816427573959804,0.0118312821595312,1.6946030909006984,1.0521209914589456
exchange_rate,chronos-t5,spikes_intensity,20.0,2.457801035870053,0.0629496054849688,8,0.464,1.9953892153692887,0.0128820978414308,1.2317401622395685,4.886595821568226
exchange_rate,chronos-2,spikes_intensity,30.0,3.875046211816796,0.0184154809451088,8,0.07,1.816427573959804,0.0118312821595312,2.1333337301025512,1.5565076292490765
exchange_rate,chronos-t5,spikes_intensity,30.0,2.0509407964825037,0.0179697288203298,8,0.46,1.9953892153692887,0.0128820978414308,1.0278399726155352,1.3949380793038537
exchange_rate,chronos-2,spikes_intensity,40.0,6.661480432255817,0.0189722442448892,8,0.072,1.816427573959804,0.0118312821595312,3.6673526254249817,1.6035662060181102
exchange_rate,chronos-t5,spikes_intensity,40.0,1.807465356902823,0.086476807313214,8,0.477,1.9953892153692887,0.0128820978414308,0.9058209511111913,6.712944458090617
exchange_rate,chronos-2,spikes_density,0.01,2.0604309716775098,0.0120544561369758,8,0.073,1.816427573959804,0.0118312821595312,1.1343314763636734,1.0188630424357528
exchange_rate,chronos-t5,spikes_density,0.01,1.9677621758897184,0.0132992854193208,8,0.469,1.9953892153692887,0.0128820978414308,0.986154561091753,1.032385065152064
exchange_rate,chronos-2,spikes_density,0.02,2.37972136756396,0.0106886289564629,8,0.075,1.816427573959804,0.0118312821595312,1.310110792018081,0.9034210166184072
exchange_rate,chronos-t5,spikes_density,0.02,1.8571211842640345,0.0129234556536723,8,0.489,1.9953892153692887,0.0128820978414308,0.9307062351343496,1.0032104873562198
exchange_rate,chronos-2,spikes_density,0.05,2.900084295274284,0.0115786607351949,8,0.073,1.816427573959804,0.0118312821595312,1.5965868041477222,0.9786480094946609
exchange_rate,chronos-t5,spikes_density,0.05,1.9186260468617016,0.0281943013615395,8,0.529,1.9953892153692887,0.0128820978414308,0.9615297266737104,2.1886420758940606
exchange_rate,chronos-2,spikes_density,0.08,5.033924208985339,0.0179724504174881,8,0.073,1.816427573959804,0.0118312821595312,2.771332191358121,1.5190619389471343
exchange_rate,chronos-t5,spikes_density,0.08,12.38420496361642,0.1439646089028515,8,0.527,1.9953892153692887,0.0128820978414308,6.206410693326546,11.17555623897214
exchange_rate,chronos-2,spikes_density,0.12,9.43642310311848,0.0297609037265049,8,0.073,1.816427573959804,0.0118312821595312,5.195045064498289,2.515441971986926
exchange_rate,chronos-t5,spikes_density,0.12,16.544639519963024,0.1929876893834969,8,0.539,1.9953892153692887,0.0128820978414308,8.291434769983505,14.981076200401064
exchange_rate,chronos-2,spikes_density,0.16,12.352647242560584,0.0424405725253779,8,0.075,1.816427573959804,0.0118312821595312,6.800517355961443,3.587149047171364
exchange_rate,chronos-t5,spikes_density,0.16,8.461726986497105,0.1250864473560499,8,0.583,1.9953892153692887,0.0128820978414308,4.240639831728811,9.710099154328166
exchange_rate,chronos-2,spikes_density,0.2,12.38744810021108,0.0659109250389992,8,0.075,1.816427573959804,0.0118312821595312,6.819676312888435,5.570902979936271
exchange_rate,chronos-t5,spikes_density,0.2,21.733060888708906,0.4405521139274569,8,0.567,1.9953892153692887,0.0128820978414308,10.891639947390788,34.198786513682094
exchange_rate,chronos-2,spikes_density,0.3,11.706934515685427,0.1693877201155639,8,0.074,1.816427573959804,0.0118312821595312,6.445032372066651,14.316936899278184
exchange_rate,chronos-t5,spikes_density,0.3,2.0414348956938264,0.0549688699732421,8,0.605,1.9953892153692887,0.0128820978414308,1.0230760394863696,4.267074404329844
exchange_rate,chronos-2,spikes_density,0.4,14.538977524402773,0.405598006554807,8,0.074,1.816427573959804,0.0118312821595312,8.004160327024692,34.28183024339928
exchange_rate,chronos-t5,spikes_density,0.4,11.717260506148516,0.1985457069403148,8,0.607,1.9953892153692887,0.0128820978414308,5.872167903834236,15.412529029376051
exchange_rate,chronos-2,drift,0.5,17.01942132162536,0.0775413298048814,8,0.074,1.816427573959804,0.0118312821595312,9.369721956225922,6.553924482513896
exchange_rate,chronos-t5,drift,0.5,16.6154504813584,0.0743320510200321,8,0.642,1.9953892153692887,0.0128820978414308,8.326922062813376,5.770182150066337
exchange_rate,chronos-2,drift,1.0,32.47599492122488,0.1402139679672943,8,0.074,1.816427573959804,0.0118312821595312,17.879047525372762,11.851121972806547
exchange_rate,chronos-t5,drift,1.0,31.929049521052217,0.1392120408496448,8,0.646,1.9953892153692887,0.0128820978414308,16.001414298083734,10.806628125577307
exchange_rate,chronos-2,drift,2.0,65.36516402806122,0.3032001355526972,8,0.075,1.816427573959804,0.0118312821595312,35.985560319129846,25.626988813586976
exchange_rate,chronos-t5,drift,2.0,65.85680779160037,0.3078044908047299,8,0.686,1.9953892153692887,0.0128820978414308,33.004492198486794,23.89397244094696
exchange_rate,chronos-2,drift,4.0,134.62547618793383,0.6349408031105099,8,0.08,1.816427573959804,0.0118312821595312,74.11552110192365,53.66627171502338
exchange_rate,chronos-t5,drift,4.0,134.58847362521269,0.6383689013911297,8,0.714,1.9953892153692887,0.0128820978414308,67.44973491314789,49.554731632144374
exchange_rate,chronos-2,drift,6.0,199.86946761132933,0.9505902191573324,8,0.075,1.816427573959804,0.0118312821595312,110.03437212506898,80.3454947942006
exchange_rate,chronos-t5,drift,6.0,200.2613575468173,0.9506165681004743,8,0.7,1.9953892153692887,0.0128820978414308,100.36205267840677,73.79361496876275
exchange_rate,chronos-2,drift,9.0,300.88549902406584,1.4486992835782602,8,0.076,1.816427573959804,0.0118312821595312,165.6468462258238,122.44651628151713
exchange_rate,chronos-t5,drift,9.0,300.92384912758973,1.4511138942302386,8,0.745,1.9953892153692887,0.0128820978414308,150.80959985638563,112.64577494227952
exchange_rate,chronos-2,drift,12.0,400.0366319823814,1.915267448670454,8,0.077,1.816427573959804,0.0118312821595312,220.23263559598104,161.88164755478573
exchange_rate,chronos-t5,drift,12.0,400.68280332676346,1.9226236340544405,8,0.732,1.9953892153692887,0.0128820978414308,200.8043344328734,149.24771242390258
exchange_rate,chronos-2,drift,16.0,531.5515144906933,2.56623992867003,8,0.078,1.816427573959804,0.0118312821595312,292.6356779158078,216.90294374415583
exchange_rate,chronos-t5,drift,16.0,535.0886821779756,2.5784225141046995,8,0.744,1.9953892153692887,0.0128820978414308,268.1625609963749,200.1554828913112
exchange_rate,chronos-2,drift,20.0,666.9838266881987,3.2074720081138244,8,0.077,1.816427573959804,0.0118312821595312,367.195387391184,271.1009647868052
exchange_rate,chronos-t5,drift,20.0,670.5570270497769,3.220749919165985,8,0.743,1.9953892153692887,0.0128820978414308,336.0532481006099,250.01750171525325
exchange_rate,chronos-2,drift,26.0,864.6407284466916,4.181444574493705,8,0.079,1.816427573959804,0.0118312821595312,476.0116730455587,353.422775157565
exchange_rate,chronos-t5,drift,26.0,870.3709112389341,4.204096668855666,8,0.747,1.9953892153692887,0.0128820978414308,436.1910471074956,326.3518660240762
exchange_rate,chronos-2,drift,32.0,1064.0498459516837,5.139471797393094,8,0.078,1.816427573959804,0.0118312821595312,585.7926080873458,434.39685809984434
exchange_rate,chronos-t5,drift,32.0,1071.6524823282732,5.183090054918043,8,0.788,1.9953892153692887,0.0128820978414308,537.064385270791,402.3482913045755
exchange_rate,chronos-2,drift_step,0.5,1.970243924945573,0.0120776516353285,8,0.08,1.816427573959804,0.0118312821595312,1.0846806958839819,1.0208235652294733
exchange_rate,chronos-t5,drift_step,0.5,1.9311924071131468,0.0123330794420662,8,0.788,1.9953892153692887,0.0128820978414308,0.9678274254658328,0.9573812894357259
exchange_rate,chronos-2,drift_step,1.0,1.865998464241997,0.0117535107039078,8,0.078,1.816427573959804,0.0118312821595312,1.027290320292886,0.9934266248936725
exchange_rate,chronos-t5,drift_step,1.0,1.9953892153692887,0.0128820978414308,8,0.744,1.9953892153692887,0.0128820978414308,1.0,1.0
exchange_rate,chronos-2,drift_step,2.0,1.7736331046462377,0.0120224125927221,8,0.078,1.816427573959804,0.0118312821595312,0.9764403106806651,1.0161546678216045
exchange_rate,chronos-t5,drift_step,2.0,1.9953892153692887,0.0128820978414308,8,0.783,1.9953892153692887,0.0128820978414308,1.0,1.0
exchange_rate,chronos-2,drift_step,4.0,1.7603229974426229,0.0128157944893101,8,0.087,1.816427573959804,0.0118312821595312,0.969112681770805,1.0832126490184146
exchange_rate,chronos-t5,drift_step,4.0,2.04212294079553,0.0141314786056572,8,0.764,1.9953892153692887,0.0128820978414308,1.023420856976814,1.0969858154786094
exchange_rate,chronos-2,drift_step,8.0,2.250925008826928,0.0128888095533669,8,0.078,1.816427573959804,0.0118312821595312,1.239204381774453,1.0893840058563529
exchange_rate,chronos-t5,drift_step,8.0,1.9432650728106944,0.0128792773226676,8,0.761,1.9953892153692887,0.0128820978414308,0.9738777065862072,0.9997810512854414
exchange_rate,chronos-2,drift_step,12.0,3.116098156927048,0.0113986777249244,8,0.101,1.816427573959804,0.0118312821595312,1.7155091684354735,0.9634355407323038
exchange_rate,chronos-t5,drift_step,12.0,1.9953892153692887,0.0128820978414308,8,0.79,1.9953892153692887,0.0128820978414308,1.0,1.0
exchange_rate,chronos-2,drift_step,16.0,3.239717613879089,0.0112393710264365,8,0.077,1.816427573959804,0.0118312821595312,1.7835655328753457,0.9499706688494569
exchange_rate,chronos-t5,drift_step,16.0,1.952293173936142,0.0124497487767536,8,0.753,1.9953892153692887,0.0128820978414308,0.978402187853275,0.9664379924761402
exchange_rate,chronos-2,drift_step,20.0,3.3810825809857152,0.0135140837610041,8,0.079,1.816427573959804,0.0118312821595312,1.8613913538071714,1.1422332405551876
exchange_rate,chronos-t5,drift_step,20.0,1.9953892153692887,0.0128820978414308,8,0.768,1.9953892153692887,0.0128820978414308,1.0,1.0
exchange_rate,chronos-2,gap,0.05,2.0268860919380645,0.0120964636136808,8,0.078,1.816427573959804,0.0118312821595312,1.1158639744272665,1.0224135854908991
exchange_rate,chronos-t5,gap,0.05,2.0391459859701224,0.0130314390366438,8,0.776,1.9953892153692887,0.0128820978414308,1.0219289401104314,1.011592925084973
exchange_rate,chronos-2,gap,0.1,1.9921571728098852,0.0116055610835549,8,0.078,1.816427573959804,0.0118312821595312,1.0967446218992325,0.9809216724837839
exchange_rate,chronos-t5,gap,0.1,1.8776834085019023,0.0128706361137082,8,0.766,1.9953892153692887,0.0128820978414308,0.9410111040188205,0.99911025922457
exchange_rate,chronos-2,gap,0.15,2.110363963800072,0.0127950808101899,8,0.078,1.816427573959804,0.0118312821595312,1.161821145006893,1.081461893788263
exchange_rate,chronos-t5,gap,0.15,2.0266654684457,0.0132334382186478,8,0.757,1.9953892153692887,0.0128820978414308,1.015674261861049,1.027273537395985
exchange_rate,chronos-2,gap,0.2,2.0220658888065954,0.0123223152288399,8,0.079,1.816427573959804,0.0118312821595312,1.1132103023510598,1.0415029463998648
exchange_rate,chronos-t5,gap,0.2,2.0790314855304755,0.0140858441387376,8,0.769,1.9953892153692887,0.0128820978414308,1.041917771990016,1.0934433437879478
exchange_rate,chronos-2,gap,0.3,2.0077258618533085,0.0122010805005001,8,0.079,1.816427573959804,0.0118312821595312,1.1053156705149962,1.0312559818946583
exchange_rate,chronos-t5,gap,0.3,2.007156237261537,0.0131164188390542,8,0.759,1.9953892153692887,0.0128820978414308,1.0058971060891848,1.0181896613818433
exchange_rate,chronos-2,gap,0.4,1.7506313037142178,0.0124274721793058,8,0.1,1.816427573959804,0.0118312821595312,0.9637771022699515,1.0503909898974317
exchange_rate,chronos-t5,gap,0.4,2.0226963843198544,0.0134036137123887,8,0.808,1.9953892153692887,0.0128820978414308,1.0136851340782214,1.0404837688222353
exchange_rate,chronos-2,gap,0.5,1.9468741283576512,0.0103035962207993,8,0.079,1.816427573959804,0.0118312821595312,1.0718148943937655,0.870877397890371
exchange_rate,chronos-t5,gap,0.5,1.9905662276913128,0.0129759415677318,8,0.855,1.9953892153692887,0.0128820978414308,0.9975829338753426,1.007284817073752
exchange_rate,chronos-2,gap,0.6,2.0402874288785364,0.0121568068733521,8,0.077,1.816427573959804,0.0118312821595312,1.1232418281510224,1.0275138999671867
exchange_rate,chronos-t5,gap,0.6,1.7055380266641833,0.0117606352623357,8,0.771,1.9953892153692887,0.0128820978414308,0.8547395232606475,0.9129441032897371
exchange_rate,chronos-2,gap,0.7,1.8094306822314556,0.0117002717805751,8,0.077,1.816427573959804,0.0118312821595312,0.9961479930008467,0.9889267809532749
exchange_rate,chronos-t5,gap,0.7,1.8103404932532112,0.0117191952906739,8,0.769,1.9953892153692887,0.0128820978414308,0.9072618411031002,0.909727238135327
monash_fred_md,chronos-2,clean,0.0,0.4532046285633289,0.0201041399166769,100,0.153,0.4532046285633289,0.0201041399166769,1.0,1.0
monash_fred_md,chronos-t5,clean,0.0,0.4444821362323673,0.016194905629114,100,14.565,0.4444821362323673,0.016194905629114,1.0,1.0
monash_fred_md,chronos-2,spikes_intensity,1.0,0.5365479334472709,0.019695875981219,100,0.161,0.4532046285633289,0.0201041399166769,1.1838977354404843,0.9796925440655516
monash_fred_md,chronos-t5,spikes_intensity,1.0,0.7274022972667443,0.0162199574402909,100,12.533,0.4444821362323673,0.016194905629114,1.6365163815863037,1.0015468945451504
monash_fred_md,chronos-2,spikes_intensity,2.0,0.6666087392726213,0.0216232865613445,100,0.154,0.4532046285633289,0.0201041399166769,1.4708780477061527,1.0755638714694493
monash_fred_md,chronos-t5,spikes_intensity,2.0,1.0104506059860765,0.0228360475118249,100,12.035,0.4444821362323673,0.016194905629114,2.2733210710133713,1.4100759853007077
monash_fred_md,chronos-2,spikes_intensity,4.0,0.684174348762934,0.0270425459937947,100,0.154,0.4532046285633289,0.0201041399166769,1.50963671958026,1.3451232485385864
monash_fred_md,chronos-t5,spikes_intensity,4.0,0.4887469084600611,0.0229326231248413,100,13.502,0.4444821362323673,0.016194905629114,1.0995872918603706,1.4160393181677287
monash_fred_md,chronos-2,spikes_intensity,6.0,0.7473858807512184,0.0261120829608773,100,0.157,0.4532046285633289,0.0201041399166769,1.6491135210168797,1.2988410879102894
monash_fred_md,chronos-t5,spikes_intensity,6.0,3.3939770749319718,0.0572259113190935,100,12.057,0.4444821362323673,0.016194905629114,7.635800852877608,3.5335748555531565
monash_fred_md,chronos-2,spikes_intensity,8.0,0.7879763795787579,0.0292847659617198,100,0.154,0.4532046285633289,0.0201041399166769,1.7386768137754123,1.4566535093315447
monash_fred_md,chronos-t5,spikes_intensity,8.0,1.7024880192369545,0.0350013919067452,100,11.231,0.4444821362323673,0.016194905629114,3.830273211130636,2.1612593928193253
monash_fred_md,chronos-2,spikes_intensity,12.0,0.8205742206361021,0.0355759111311405,100,0.165,0.4532046285633289,0.0201041399166769,1.8106042368484736,1.7695813538200342
monash_fred_md,chronos-t5,spikes_intensity,12.0,2.3110481117904644,0.0530309871183342,100,12.191,0.4444821362323673,0.016194905629114,5.199417307026012,3.2745474615794627
monash_fred_md,chronos-2,spikes_intensity,16.0,0.8645867886242028,0.0291924544786491,100,0.147,0.4532046285633289,0.0201041399166769,1.9077183553154933,1.4520618439604673
monash_fred_md,chronos-t5,spikes_intensity,16.0,0.8516871749525595,0.0300492431292496,100,12.042,0.4444821362323673,0.016194905629114,1.9161336430117244,1.8554750374852016
monash_fred_md,chronos-2,spikes_intensity,20.0,0.6815594612273955,0.0325204448436301,100,0.178,0.4532046285633289,0.0201041399166769,1.503866947228579,1.617599408799058
monash_fred_md,chronos-t5,spikes_intensity,20.0,0.5142995727277667,0.0226515164165831,100,12.335,0.4444821362323673,0.016194905629114,1.1570759110528124,1.3986815937884742
monash_fred_md,chronos-2,spikes_intensity,30.0,1.060885099872981,0.0438940199349289,100,0.152,0.4532046285633289,0.0201041399166769,2.3408523060234754,2.183332394066641
monash_fred_md,chronos-t5,spikes_intensity,30.0,0.4763997927304481,0.0233110021539954,100,12.283,0.4444821362323673,0.016194905629114,1.071808637279845,1.4394033956016767
monash_fred_md,chronos-2,spikes_intensity,40.0,1.2849773014799115,0.0378626965848988,100,0.152,0.4532046285633289,0.0201041399166769,2.835313720323918,1.883328346391517
monash_fred_md,chronos-t5,spikes_intensity,40.0,0.6458839637279103,0.0327073650694208,100,12.25,0.4444821362323673,0.016194905629114,1.4531156846993143,2.0196082532658863
monash_fred_md,chronos-2,spikes_density,0.01,0.5032886271310494,0.0276895549211892,100,0.153,0.4532046285633289,0.0201041399166769,1.110510783454459,1.3773061188367477
monash_fred_md,chronos-t5,spikes_density,0.01,0.4958224938581304,0.0226180517707415,100,12.377,0.4444821362323673,0.016194905629114,1.1155060089949784,1.3966152251039021
monash_fred_md,chronos-2,spikes_density,0.02,0.8681441313027074,0.031413007449724,100,0.151,0.4532046285633289,0.0201041399166769,1.9155676632313932,1.5625143666885297
monash_fred_md,chronos-t5,spikes_density,0.02,1.371615473254287,0.0218653968980491,100,12.217,0.4444821362323673,0.016194905629114,3.085873112653578,1.3501404329730153
monash_fred_md,chronos-2,spikes_density,0.05,0.9553713010152964,0.0408424254482324,100,0.161,0.4532046285633289,0.0201041399166769,2.1080351805846504,2.031543036285405
monash_fred_md,chronos-t5,spikes_density,0.05,0.5124651791609509,0.020232014063907,100,12.086,0.4444821362323673,0.016194905629114,1.1529488755270094,1.2492826156106391
monash_fred_md,chronos-2,spikes_density,0.08,1.1913349877206203,0.0433483276289594,100,0.15,0.4532046285633289,0.0201041399166769,2.6286911311942798,2.156189113715869
monash_fred_md,chronos-t5,spikes_density,0.08,1.7174810074567513,0.0222583592491053,100,12.07,0.4444821362323673,0.016194905629114,3.864004573985585,1.3744049986367857
monash_fred_md,chronos-2,spikes_density,0.12,1.3489897523615928,0.0614318756495812,100,0.156,0.4532046285633289,0.0201041399166769,2.976557756344915,3.0556828545856805
monash_fred_md,chronos-t5,spikes_density,0.12,2.1672075508062365,0.0356637949284631,100,12.027,0.4444821362323673,0.016194905629114,4.875803489374113,2.2021613305575163
monash_fred_md,chronos-2,spikes_density,0.16,1.9024496071751544,0.0924038728396146,100,0.153,0.4532046285633289,0.0201041399166769,4.19777179506302,4.5962609304645365
monash_fred_md,chronos-t5,spikes_density,0.16,1.8372327283865613,0.0300413828625866,100,20.37,0.4444821362323673,0.016194905629114,4.133423097629482,1.8549896832112707
monash_fred_md,chronos-2,spikes_density,0.2,2.493262521174421,0.1012230885637501,100,0.15,0.4532046285633289,0.0201041399166769,5.501405687488523,5.034937529447999
monash_fred_md,chronos-t5,spikes_density,0.2,8.240043576621344,0.1062090776175654,100,12.769,0.4444821362323673,0.016194905629114,18.538525859481553,6.5581782351748075
monash_fred_md,chronos-2,spikes_density,0.3,7.502905316843177,0.4562574832787331,100,0.192,0.4532046285633289,0.0201041399166769,16.555226588544766,22.694702940276287
monash_fred_md,chronos-t5,spikes_density,0.3,9.201182463388834,0.1905348362630026,100,12.287,0.4444821362323673,0.016194905629114,20.70090497085494,11.765109388502593
monash_fred_md,chronos-2,spikes_density,0.4,11.477871822294906,0.6019185691900082,100,0.154,0.4532046285633289,0.0201041399166769,25.32602515265582,29.940030843632425
monash_fred_md,chronos-t5,spikes_density,0.4,29.553012498861488,0.3492149668674787,100,17.517,0.4444821362323673,0.016194905629114,66.48863945211895,21.563260377367435
monash_fred_md,chronos-2,drift,0.5,5.097311446740769,0.1050507741130928,100,0.185,0.4532046285633289,0.0201041399166769,11.247262550913009,5.225330431865452
monash_fred_md,chronos-t5,drift,0.5,5.139502388421175,0.110124005660462,100,13.727,0.4444821362323673,0.016194905629114,11.562899764624815,6.799916478827097
monash_fred_md,chronos-2,drift,1.0,10.133433038109716,0.2043430817901177,100,0.174,0.4532046285633289,0.0201041399166769,22.359509147629357,10.164228991492934
monash_fred_md,chronos-t5,drift,1.0,10.226217781144284,0.211413889598982,100,16.186,0.4444821362323673,0.016194905629114,23.007038860608336,13.05434526391545
monash_fred_md,chronos-2,drift,2.0,20.34386002746375,0.4041865240822033,100,0.15,0.4532046285633289,0.0201041399166769,44.888906126034826,20.1046414199953
monash_fred_md,chronos-t5,drift,2.0,20.407043644401256,0.4092305092379153,100,16.063,0.4444821362323673,0.016194905629114,45.91195456667986,25.269088848670478
monash_fred_md,chronos-2,drift,4.0,40.66126797486656,0.8176329848604573,100,0.158,0.4532046285633289,0.0201041399166769,89.71944550470258,40.66988134032084
monash_fred_md,chronos-t5,drift,4.0,40.7129184142344,0.8252048651291513,100,15.066,0.4444821362323673,0.016194905629114,91.59629846845051,50.954595477583965
monash_fred_md,chronos-2,drift,6.0,61.07303811356515,1.228438312837339,100,0.159,0.4532046285633289,0.0201041399166769,134.75819588861737,61.10374867707312
monash_fred_md,chronos-t5,drift,6.0,61.22681906924996,1.2267640870986751,100,12.197,0.4444821362323673,0.016194905629114,137.7486609208557,75.74999911659192
monash_fred_md,chronos-2,drift,9.0,91.70177771988983,1.8417699269571732,100,0.142,0.4532046285633289,0.0201041399166769,202.3407792868025,91.61147577516498
monash_fred_md,chronos-t5,drift,9.0,91.8291818007927,1.8417532203350653,100,13.009,0.4444821362323673,0.016194905629114,206.59813818206192,113.72423294792765
monash_fred_md,chronos-2,drift,12.0,122.27397862359165,2.460156222262468,100,0.173,0.4532046285633289,0.0201041399166769,269.7986095402501,122.37062776417037
monash_fred_md,chronos-t5,drift,12.0,122.52293266048228,2.4649018877602256,100,13.117,0.4444821362323673,0.016194905629114,275.6532212948812,152.20230016833244
monash_fred_md,chronos-2,drift,16.0,162.9093419252684,3.242014476524933,100,0.15,0.4532046285633289,0.0201041399166769,359.46089615566257,161.26103827180384
monash_fred_md,chronos-t5,drift,16.0,163.288654001458,3.279686640559725,100,13.031,0.4444821362323673,0.016194905629114,367.36831627378075,202.51347650113797
monash_fred_md,chronos-2,drift,20.0,203.74037947507995,4.102913998621411,100,0.197,0.4532046285633289,0.0201041399166769,449.5549397210319,204.0830403900014
monash_fred_md,chronos-t5,drift,20.0,204.2640180615325,4.128674599244452,100,21.278,0.4444821362323673,0.016194905629114,459.5550673711371,254.93662598578078
monash_fred_md,chronos-2,drift,26.0,264.8155520210411,5.284757675988515,100,0.181,0.4532046285633289,0.0201041399166769,584.3178452535087,262.8691253588358
monash_fred_md,chronos-t5,drift,26.0,265.5682986586345,5.33763200928231,100,19.934,0.4444821362323673,0.016194905629114,597.4780019501169,329.5871017418411
monash_fred_md,chronos-2,drift,32.0,326.187015362415,6.557305993593363,100,0.184,0.4532046285633289,0.0201041399166769,719.7345190326869,326.16694973127943
monash_fred_md,chronos-t5,drift,32.0,326.89486126484144,6.592063323389847,100,18.019,0.4444821362323673,0.016194905629114,735.451066798209,407.0454916105917
monash_fred_md,chronos-2,drift_step,0.5,0.4581961119500825,0.020476597961854,100,0.151,0.4532046285633289,0.0201041399166769,1.0110137520055273,1.0185264351880148
monash_fred_md,chronos-t5,drift_step,0.5,0.4342059953536041,0.0163280506639256,100,14.058,0.4444821362323673,0.016194905629114,0.9768806436950009,1.0082214146757509
monash_fred_md,chronos-2,drift_step,1.0,0.5091626023782078,0.0263209044677731,100,0.172,0.4532046285633289,0.0201041399166769,1.1234717615137055,1.3092280782397079
monash_fred_md,chronos-t5,drift_step,1.0,0.4860912874004379,0.027680195715821,100,12.433,0.4444821362323673,0.016194905629114,1.0936126511647208,1.709191541447429
monash_fred_md,chronos-2,drift_step,2.0,0.6103821831780376,0.0307046147545009,100,0.16,0.4532046285633289,0.0201041399166769,1.3468136570294216,1.5272782064668498
monash_fred_md,chronos-t5,drift_step,2.0,0.5130771274192562,0.0151107891109595,100,13.606,0.4444821362323673,0.016194905629114,1.1543256423493893,0.9330581762572574
monash_fred_md,chronos-2,drift_step,4.0,0.5760216792945497,0.0407634103032341,100,0.146,0.4532046285633289,0.0201041399166769,1.2709969029234196,2.0276127440507814
monash_fred_md,chronos-t5,drift_step,4.0,0.5058440610278937,0.0203790101074227,100,12.605,0.4444821362323673,0.016194905629114,1.1380526230270083,1.2583592997780009
monash_fred_md,chronos-2,drift_step,8.0,1.67673870171144,0.0272896235278989,100,0.154,0.4532046285633289,0.0201041399166769,3.6997386964620103,1.3574131318724785
monash_fred_md,chronos-t5,drift_step,8.0,1.1670829782195855,0.0171272606885981,100,15.031,0.4444821362323673,0.016194905629114,2.625714023317813,1.0575708856128179
monash_fred_md,chronos-2,drift_step,12.0,0.8294798040040916,0.0311235129121635,100,0.147,0.4532046285633289,0.0201041399166769,1.8302544848969555,1.548114619235501
monash_fred_md,chronos-t5,drift_step,12.0,0.5031738785691302,0.0170737316792902,100,19.594,0.4444821362323673,0.016194905629114,1.1320452219615862,1.0542655863703405
monash_fred_md,chronos-2,drift_step,16.0,0.8788698150756344,0.0281582077688868,100,0.135,0.4532046285633289,0.0201041399166769,1.9392339788357322,1.4006173795840349
monash_fred_md,chronos-t5,drift_step,16.0,0.5208439320085768,0.0196546935216058,100,13.418,0.4444821362323673,0.016194905629114,1.171799470780731,1.2136343348782503
monash_fred_md,chronos-2,drift_step,20.0,1.163729738976707,0.0460752007771544,100,0.141,0.4532046285633289,0.0201041399166769,2.5677799069832146,2.291826507779815
monash_fred_md,chronos-t5,drift_step,20.0,0.5644448964111585,0.0183534355520694,100,14.903,0.4444821362323673,0.016194905629114,1.2698933216881336,1.1332845014592092
monash_fred_md,chronos-2,gap,0.05,0.4831562390574792,0.0251980952155311,100,0.156,0.4532046285633289,0.0201041399166769,1.0660884920551181,1.253378424541735
monash_fred_md,chronos-t5,gap,0.05,0.4708307313965946,0.0171553541086453,100,13.611,0.4444821362323673,0.016194905629114,1.0592793118471981,1.0593055928528954
monash_fred_md,chronos-2,gap,0.1,0.4638269389797948,0.0241841029260999,100,0.197,0.4532046285633289,0.0201041399166769,1.023438221383879,1.20294143526322
monash_fred_md,chronos-t5,gap,0.1,0.4533106520905953,0.0159063515503015,100,15.023,0.4444821362323673,0.016194905629114,1.0198624762134705,0.9821824167784123
monash_fred_md,chronos-2,gap,0.15,0.4848625673200578,0.023147462361357,100,0.149,0.4532046285633289,0.0201041399166769,1.069853520377948,1.1513778981490068
monash_fred_md,chronos-t5,gap,0.15,0.4543268981209799,0.0188765924081146,100,13.206,0.4444821362323673,0.016194905629114,1.0221488358836224,1.1655882930357842
monash_fred_md,chronos-2,gap,0.2,0.4632814962797649,0.027099965087479,100,0.163,0.4532046285633289,0.0201041399166769,1.022234697267722,1.3479793316101467
monash_fred_md,chronos-t5,gap,0.2,0.465267605778271,0.014586859777926,100,12.464,0.4444821362323673,0.016194905629114,1.0467633406419676,0.900706685916269
monash_fred_md,chronos-2,gap,0.3,0.5081801656561047,0.0254943730237399,100,0.151,0.4532046285633289,0.0201041399166769,1.1213040062433823,1.2681155786521194
monash_fred_md,chronos-t5,gap,0.3,0.4535930029056745,0.0144001806325552,100,13.052,0.4444821362323673,0.016194905629114,1.020497711675288,0.8891796570069308
monash_fred_md,chronos-2,gap,0.4,0.7030148526378571,0.0283735603755714,100,0.157,0.4532046285633289,0.0201041399166769,1.5512084571299138,1.4113292333403828
monash_fred_md,chronos-t5,gap,0.4,0.7049862278677016,0.0170681879382287,100,12.714,0.4444821362323673,0.016194905629114,1.586084502390772,1.0539232724854402
monash_fred_md,chronos-2,gap,0.5,0.5263219212851891,0.0233780901861468,100,0.155,0.4532046285633289,0.0201041399166769,1.1613339496413442,1.1628495565111976
monash_fred_md,chronos-t5,gap,0.5,0.4778449837455825,0.020788691219326,100,12.942,0.4444821362323673,0.016194905629114,1.0750600413236262,1.2836562123556703
monash_fred_md,chronos-2,gap,0.6,0.7124403684805708,0.0310020453989554,100,0.168,0.4532046285633289,0.0201041399166769,1.572005940757989,1.5420727038035786
monash_fred_md,chronos-t5,gap,0.6,0.4860698678755862,0.0199225194765875,100,12.766,0.4444821362323673,0.016194905629114,1.0935644613206177,1.2301720017912467
monash_fred_md,chronos-2,gap,0.7,0.905577618612748,0.0280373315903833,100,0.153,0.4532046285633289,0.0201041399166769,1.9981649823027048,1.3946048777309599
monash_fred_md,chronos-t5,gap,0.7,0.7981188583475037,0.0184246358880671,100,12.813,0.4444821362323673,0.016194905629114,1.7956151514045582,1.1376809664728553
monash_hospital,chronos-2,clean,0.0,0.7870107936415635,0.0612819176629172,100,0.188,0.7870107936415635,0.0612819176629172,1.0,1.0
monash_hospital,chronos-t5,clean,0.0,0.843113891375496,0.0672613080996605,100,0.96,0.843113891375496,0.0672613080996605,1.0,1.0
monash_hospital,chronos-2,spikes_intensity,1.0,0.7984481158702642,0.0652420546341765,100,0.211,0.7870107936415635,0.0612819176629172,1.0145326116504443,1.06462162285851
monash_hospital,chronos-t5,spikes_intensity,1.0,0.8687595918213115,0.0692429381284602,100,0.898,0.843113891375496,0.0672613080996605,1.030417836437229,1.0294616635445677
monash_hospital,chronos-2,spikes_intensity,2.0,0.7949079876644692,0.0659342429467903,100,0.142,0.7870107936415635,0.0612819176629172,1.0100344164104342,1.0759167705792652
monash_hospital,chronos-t5,spikes_intensity,2.0,0.8340539381635941,0.0707039722583985,100,0.9,0.843113891375496,0.0672613080996605,0.9892541763282763,1.0511834255979238
monash_hospital,chronos-2,spikes_intensity,4.0,0.7884750574449078,0.0678205785615541,100,0.189,0.7870107936415635,0.0612819176629172,1.001860538400711,1.1066980464711138
monash_hospital,chronos-t5,spikes_intensity,4.0,0.8725629544314092,0.0840419008628528,100,1.037,0.843113891375496,0.0672613080996605,1.0349289263967276,1.2494835922359502
monash_hospital,chronos-2,spikes_intensity,6.0,0.7955164393384014,0.0637987872121541,100,0.148,0.7870107936415635,0.0612819176629172,1.0108075337283262,1.0410703457923918
monash_hospital,chronos-t5,spikes_intensity,6.0,0.8335854452460345,0.0655689015814936,100,0.905,0.843113891375496,0.0672613080996605,0.9886985065399453,0.97483833475764
monash_hospital,chronos-2,spikes_intensity,8.0,0.8360086367132537,0.0746999094304626,100,0.137,0.7870107936415635,0.0612819176629172,1.062258158931942,1.2189551547872803
monash_hospital,chronos-t5,spikes_intensity,8.0,0.8552278449560261,0.0690831119299147,100,0.963,0.843113891375496,0.0672613080996605,1.014368110529844,1.0270854653548347
monash_hospital,chronos-2,spikes_intensity,12.0,0.8078121932083705,0.067760141161516,100,0.144,0.7870107936415635,0.0612819176629172,1.0264308948935215,1.1057118273326962
monash_hospital,chronos-t5,spikes_intensity,12.0,0.8170803663584761,0.065358891525454,100,1.322,0.843113891375496,0.0672613080996605,0.9691221728365221,0.971716033661021
monash_hospital,chronos-2,spikes_intensity,16.0,0.8120062269252412,0.067228711932865,100,0.17,0.7870107936415635,0.0612819176629172,1.0317599624879625,1.0970399507185513
monash_hospital,chronos-t5,spikes_intensity,16.0,0.8159768561820723,0.0642991750963529,100,1.154,0.843113891375496,0.0672613080996605,0.9678133221727007,0.9559608177866742
monash_hospital,chronos-2,spikes_intensity,20.0,0.8385171446068885,0.0762684979456151,100,0.16,0.7870107936415635,0.0612819176629172,1.0654455458317171,1.2445514248612777
monash_hospital,chronos-t5,spikes_intensity,20.0,0.8255249277538996,0.0672949258280884,100,1.233,0.843113891375496,0.0672613080996605,0.9791380929652329,1.000499807829757
monash_hospital,chronos-2,spikes_intensity,30.0,0.8338502292251643,0.083809690096251,100,0.166,0.7870107936415635,0.0612819176629172,1.0595156203218903,1.3676088035829492
monash_hospital,chronos-t5,spikes_intensity,30.0,0.8476747452611942,0.0684806274237315,100,1.289,0.843113891375496,0.0672613080996605,1.0054095347406238,1.0181280941230633
monash_hospital,chronos-2,spikes_intensity,40.0,0.8783741078136141,0.1030967713083998,100,0.169,0.7870107936415635,0.0612819176629172,1.1160890230606688,1.6823359196343415
monash_hospital,chronos-t5,spikes_intensity,40.0,0.8214282367905518,0.0661701211921966,100,1.081,0.843113891375496,0.0672613080996605,0.9742790922949149,0.9837769002968677
monash_hospital,chronos-2,spikes_density,0.01,0.8219916986734422,0.0957508767373265,100,0.154,0.7870107936415635,0.0612819176629172,1.0444478084855982,1.562465412130324
monash_hospital,chronos-t5,spikes_density,0.01,1.001868174903193,0.1385815467314583,100,1.179,0.843113891375496,0.0672613080996605,1.1882951818866343,2.0603456972041525
monash_hospital,chronos-2,spikes_density,0.02,0.8640471965350411,0.063363154695824,100,0.148,0.7870107936415635,0.0612819176629172,1.0978848111307646,1.0339616825366775
monash_hospital,chronos-t5,spikes_density,0.02,0.8347960631702722,0.0657497761950628,100,1.108,0.843113891375496,0.0672613080996605,0.9901343954947135,0.9775274679112979
monash_hospital,chronos-2,spikes_density,0.05,0.8829244072191994,0.0920085880599673,100,0.14,0.7870107936415635,0.0612819176629172,1.1218707727423098,1.5013986436596674
monash_hospital,chronos-t5,spikes_density,0.05,0.8386890881249536,0.0668290896583125,100,1.06,0.843113891375496,0.0672613080996605,0.99475183211212,0.9935740405062062
monash_hospital,chronos-2,spikes_density,0.08,0.8441811567670211,0.0814548116000562,100,0.144,0.7870107936415635,0.0612819176629172,1.072642413023239,1.3291818322021276
monash_hospital,chronos-t5,spikes_density,0.08,0.8143989783069489,0.0663436412966644,100,1.01,0.843113891375496,0.0672613080996605,0.9659418337637632,0.9863566911063282
monash_hospital,chronos-2,spikes_density,0.12,0.8650320735782435,0.1079972193177357,100,0.197,0.7870107936415635,0.0612819176629172,1.0991362260429354,1.7623015635995147
monash_hospital,chronos-t5,spikes_density,0.12,0.8334061941135459,0.0712439444462211,100,1.068,0.843113891375496,0.0672613080996605,0.9884859004681888,1.0592114019052317
monash_hospital,chronos-2,spikes_density,0.16,0.9645124373654584,0.1324930398675953,100,0.171,0.7870107936415635,0.0612819176629172,1.2255390207580004,2.1620250299015895
monash_hospital,chronos-t5,spikes_density,0.16,0.8403262734144307,0.071586057144317,100,1.326,0.843113891375496,0.0672613080996605,0.9966936638221944,1.0642977243060536
monash_hospital,chronos-2,spikes_density,0.2,1.0310964723792273,0.177220398876676,100,0.137,0.7870107936415635,0.0612819176629172,1.3101427333775937,2.8918872913129365
monash_hospital,chronos-t5,spikes_density,0.2,0.8522051285330476,0.0789457543757766,100,0.92,0.843113891375496,0.0672613080996605,1.0107829289145263,1.1737172024487446
monash_hospital,chronos-2,spikes_density,0.3,1.3202831355819316,0.2584219761157729,100,0.154,0.7870107936415635,0.0612819176629172,1.677592157882452,4.216936838322028
monash_hospital,chronos-t5,spikes_density,0.3,0.9656525054843716,0.0955975536439383,100,0.858,0.843113891375496,0.0672613080996605,1.145340523222741,1.4212859717549982
monash_hospital,chronos-2,spikes_density,0.4,2.154005587322658,0.4888164734121805,100,0.155,0.7870107936415635,0.0612819176629172,2.736945420222126,7.97652051459826
monash_hospital,chronos-t5,spikes_density,0.4,1.6837212106012276,0.330860195902674,100,1.012,0.843113891375496,0.0672613080996605,1.9970270064632965,4.91902707887336
monash_hospital,chronos-2,drift,0.5,0.8449394848632826,0.0749067964567122,100,0.144,0.7870107936415635,0.0612819176629172,1.0736059679101457,1.2223311429113397
monash_hospital,chronos-t5,drift,0.5,0.91678893645078,0.0798317405737428,100,0.998,0.843113891375496,0.0672613080996605,1.0873844516487412,1.1868895034788323
monash_hospital,chronos-2,drift,1.0,1.2783977023728084,0.1215779491952224,100,0.156,0.7870107936415635,0.0612819176629172,1.6243712445893626,1.9839122832931748
monash_hospital,chronos-t5,drift,1.0,1.26391767386173,0.1199779940671109,100,1.063,0.843113891375496,0.0672613080996605,1.4991066886582958,1.7837594518581257
monash_hospital,chronos-2,drift,2.0,2.126804453836173,0.2333168413814479,100,0.173,0.7870107936415635,0.0612819176629172,2.70238282755345,3.807270566577458
monash_hospital,chronos-t5,drift,2.0,2.009602564892343,0.2248485556272742,100,1.118,0.843113891375496,0.0672613080996605,2.383548160514568,3.3429108350690724
monash_hospital,chronos-2,drift,4.0,4.433457970499823,0.5208645056553577,100,0.174,0.7870107936415635,0.0612819176629172,5.63328737841809,8.499481176819346
monash_hospital,chronos-t5,drift,4.0,4.009425448199566,0.4950681513582831,100,1.523,0.843113891375496,0.0672613080996605,4.755496842376062,7.360370550997089
monash_hospital,chronos-2,drift,6.0,6.649327302022117,0.7764845096759727,100,0.277,0.7870107936415635,0.0612819176629172,8.448838765292068,12.670695358246558
monash_hospital,chronos-t5,drift,6.0,5.937396526821448,0.7131374116894188,100,1.111,0.843113891375496,0.0672613080996605,7.0422235804167554,10.602490968994676
monash_hospital,chronos-2,drift,9.0,10.055281617267624,1.2200563413947398,100,0.155,0.7870107936415635,0.0612819176629172,12.77654855372569,19.908912578514464
monash_hospital,chronos-t5,drift,9.0,9.203541308897083,1.126381877289521,100,1.261,0.843113891375496,0.0672613080996605,10.916130552518817,16.746356993541827
monash_hospital,chronos-2,drift,12.0,13.465221313134569,1.6585352015254355,100,0.171,0.7870107936415635,0.0612819176629172,17.109322288745094,27.06402254982052
monash_hospital,chronos-t5,drift,12.0,12.382602660319598,1.519315936009165,100,1.105,0.843113891375496,0.0672613080996605,14.686749663343862,22.588260307962013
monash_hospital,chronos-2,drift,16.0,18.21777159002296,2.240104803561388,100,0.151,0.7870107936415635,0.0612819176629172,23.148058117129292,36.55409114125872
monash_hospital,chronos-t5,drift,16.0,17.04570080898341,2.096391427468574,100,1.34,0.843113891375496,0.0672613080996605,20.217554215806175,31.167865845879316
monash_hospital,chronos-2,drift,20.0,22.72458571796017,2.8200917461777983,100,0.161,0.7870107936415635,0.0612819176629172,28.87455407417178,46.0183338532222
monash_hospital,chronos-t5,drift,20.0,21.47462543752754,2.6374586783153062,100,1.188,0.843113891375496,0.0672613080996605,25.470610385143598,39.212122880622644
monash_hospital,chronos-2,drift,26.0,29.55101719142449,3.6960926529714166,100,0.156,0.7870107936415635,0.0612819176629172,37.54842681977652,60.31294048763081
monash_hospital,chronos-t5,drift,26.0,28.29057036638659,3.488879029008004,100,1.148,0.843113891375496,0.0672613080996605,33.55486210793184,51.870520029711024
monash_hospital,chronos-2,drift,32.0,36.44321069066427,4.553223584635183,100,0.152,0.7870107936415635,0.0612819176629172,46.305858807905985,74.29962635438906
monash_hospital,chronos-t5,drift,32.0,35.23048023510074,4.3470739508420095,100,1.07,0.843113891375496,0.0672613080996605,41.78614608949696,64.62963736002558
monash_hospital,chronos-2,drift_step,0.5,0.7935034753448192,0.0626001656290908,100,0.163,0.7870107936415635,0.0612819176629172,1.0082498000735334,1.0215112061836031
monash_hospital,chronos-t5,drift_step,0.5,0.8514430822420432,0.067523571746119,100,1.159,0.843113891375496,0.0672613080996605,1.0098790815235634,1.0038991755270343
monash_hospital,chronos-2,drift_step,1.0,0.8564733918697507,0.0664215336067188,100,0.175,0.7870107936415635,0.0612819176629172,1.0882613031350918,1.083868392827917
monash_hospital,chronos-t5,drift_step,1.0,0.9367642155561016,0.0783308811037593,100,1.068,0.843113891375496,0.0672613080996605,1.1110767182685366,1.1645756426220126
monash_hospital,chronos-2,drift_step,2.0,0.9436973449506422,0.0696988529131925,100,0.129,0.7870107936415635,0.0612819176629172,1.199090727312744,1.1373477784519224
monash_hospital,chronos-t5,drift_step,2.0,0.9703273154866068,0.0747520072881275,100,1.031,0.843113891375496,0.0672613080996605,1.1508852189632042,1.111367135134632
monash_hospital,chronos-2,drift_step,4.0,1.0673782554717484,0.0997086176510241,100,0.164,0.7870107936415635,0.0612819176629172,1.356243477338985,1.6270479360563417
monash_hospital,chronos-t5,drift_step,4.0,1.072717063181377,0.1094609526268965,100,1.17,0.843113891375496,0.0672613080996605,1.2723275872388906,1.6273985106669224
monash_hospital,chronos-2,drift_step,8.0,1.355816338793698,0.1226280307552519,100,0.162,0.7870107936415635,0.0612819176629172,1.7227417333378932,2.0010475427640926
monash_hospital,chronos-t5,drift_step,8.0,1.3610392171211665,0.1178187850693246,100,1.111,0.843113891375496,0.0672613080996605,1.6143005482933066,1.751657652788339
monash_hospital,chronos-2,drift_step,12.0,1.2294269922423595,0.1382430167827662,100,0.135,0.7870107936415635,0.0612819176629172,1.5621475616029357,2.255853309669184
monash_hospital,chronos-t5,drift_step,12.0,1.0673666790531922,0.0778873402663539,100,1.31,0.843113891375496,0.0672613080996605,1.2659816069592207,1.157981348667036
monash_hospital,chronos-2,drift_step,16.0,1.2777938633019763,0.1033641996446342,100,0.328,0.7870107936415635,0.0612819176629172,1.6236039881861333,1.6866998225021563
monash_hospital,chronos-t5,drift_step,16.0,1.1571883140297663,0.088494512733306,100,1.259,0.843113891375496,0.0672613080996605,1.372517195917475,1.3156823028506144
monash_hospital,chronos-2,drift_step,20.0,1.8412308790729184,0.2883581549507208,100,0.302,0.7870107936415635,0.0612819176629172,2.339524303794351,4.705436219160804
monash_hospital,chronos-t5,drift_step,20.0,1.4744405950104902,0.2326715200904773,100,2.008,0.843113891375496,0.0672613080996605,1.748803584062668,3.4592178871354977
monash_hospital,chronos-2,gap,0.05,0.7834411891576645,0.0625252733299328,100,0.223,0.7870107936415635,0.0612819176629172,0.995464351298942,1.0202891116080066
monash_hospital,chronos-t5,gap,0.05,0.8455862680761222,0.0649524888708138,100,1.887,0.843113891375496,0.0672613080996605,1.002932435019654,0.9656738874982072
monash_hospital,chronos-2,gap,0.1,0.7918512581649357,0.0625801539298835,100,0.256,0.7870107936415635,0.0612819176629172,1.0061504423604855,1.021184654731389
monash_hospital,chronos-t5,gap,0.1,0.845426257775996,0.0674304580039463,100,1.358,0.843113891375496,0.0672613080996605,1.0027426501023813,1.002514817345437
monash_hospital,chronos-2,gap,0.15,0.7892844132435571,0.0615928271624694,100,0.168,0.7870107936415635,0.0612819176629172,1.0028889306479183,1.0050734296740251
monash_hospital,chronos-t5,gap,0.15,0.8580744995270709,0.0650484252216425,100,1.224,0.843113891375496,0.0672613080996605,1.0177444688133028,0.9671002104993381
monash_hospital,chronos-2,gap,0.2,0.7887296635772124,0.0618372363797598,100,0.172,0.7870107936415635,0.0612819176629172,1.0021840487443578,1.0090617059325255
monash_hospital,chronos-t5,gap,0.2,0.8376619653807512,0.0666634590853081,100,1.232,0.843113891375496,0.0672613080996605,0.9935335830063834,0.9911115464262669
monash_hospital,chronos-2,gap,0.3,0.7958265154525546,0.0613267024050033,100,0.182,0.7870107936415635,0.0612819176629172,1.0112015259285074,1.0007307986400236
monash_hospital,chronos-t5,gap,0.3,0.8560047501531831,0.0669311013572731,100,1.339,0.843113891375496,0.0672613080996605,1.0152895817629768,0.9950906880684193
monash_hospital,chronos-2,gap,0.4,0.7923999636072606,0.0601624380191004,100,0.192,0.7870107936415635,0.0612819176629172,1.0068476442880294,0.9817323007094111
monash_hospital,chronos-t5,gap,0.4,0.8373857924736847,0.064597615502875,100,1.167,0.843113891375496,0.0672613080996605,0.9932060200165055,0.9603978472610327
monash_hospital,chronos-2,gap,0.5,0.8218386553514024,0.0640461303037286,100,0.188,0.7870107936415635,0.0612819176629172,1.044253346956892,1.0451064970912958
monash_hospital,chronos-t5,gap,0.5,0.8836057364698349,0.0747802008123023,100,1.043,0.843113891375496,0.0672613080996605,1.0480265424500106,1.1117862992123366
monash_hospital,chronos-2,gap,0.6,0.8431374755210236,0.0673601384814533,100,0.133,0.7870107936415635,0.0612819176629172,1.071316279691359,1.0991845727147362
monash_hospital,chronos-t5,gap,0.6,0.8743905002053407,0.0728696678582831,100,0.971,0.843113891375496,0.0672613080996605,1.0370965407518296,1.0833816635012918
monash_hospital,chronos-2,gap,0.7,0.8789158010303474,0.0691446938964684,100,0.145,0.7870107936415635,0.0612819176629172,1.1167773150397746,1.1283049965374878
monash_hospital,chronos-t5,gap,0.7,0.9315343280676882,0.0756575470999416,100,0.868,0.843113891375496,0.0672613080996605,1.104873656568437,1.124830147338801
monash_m1_monthly,chronos-2,clean,0.0,1.0252822007023978,0.2722132829550475,100,0.134,1.0252822007023978,0.2722132829550475,1.0,1.0
monash_m1_monthly,chronos-t5,clean,0.0,1.1643013260136694,0.2078109446865823,100,1.113,1.1643013260136694,0.2078109446865823,1.0,1.0
monash_m1_monthly,chronos-2,spikes_intensity,1.0,1.034413277943157,0.2595328716504909,100,0.135,1.0252822007023978,0.2722132829550475,1.0089059160829121,0.9534173675622927
monash_m1_monthly,chronos-t5,spikes_intensity,1.0,1.1598596437912232,0.2072767714502479,100,1.102,1.1643013260136694,0.2078109446865823,0.9961851093671312,0.9974295230833966
monash_m1_monthly,chronos-2,spikes_intensity,2.0,1.0409616541138864,0.2345751195543227,100,0.136,1.0252822007023978,0.2722132829550475,1.0152928173343367,0.8617328185012182
monash_m1_monthly,chronos-t5,spikes_intensity,2.0,1.1667665753391034,0.1886365652029594,100,1.179,1.1643013260136694,0.2078109446865823,1.0021173636672513,0.9077316186953415
monash_m1_monthly,chronos-2,spikes_intensity,4.0,1.0936714182966554,0.2404892354850676,100,0.135,1.0252822007023978,0.2722132829550475,1.0667028234250098,0.8834588557707571
monash_m1_monthly,chronos-t5,spikes_intensity,4.0,1.2075479280988066,0.2420118064922631,100,1.197,1.1643013260136694,0.2078109446865823,1.0371438227535175,1.1645768073344842
monash_m1_monthly,chronos-2,spikes_intensity,6.0,1.1273405212702636,0.2506215401662419,100,0.134,1.0252822007023978,0.2722132829550475,1.0995416876426294,0.9206807891429339
monash_m1_monthly,chronos-t5,spikes_intensity,6.0,1.3223968726741973,0.2259233860766807,100,1.16,1.1643013260136694,0.2078109446865823,1.1357857653583672,1.0871582650154223
monash_m1_monthly,chronos-2,spikes_intensity,8.0,1.121669166472937,0.2417802979001833,100,0.131,1.0252822007023978,0.2722132829550475,1.0940101814939405,0.8882016897761384
monash_m1_monthly,chronos-t5,spikes_intensity,8.0,1.23777458792537,0.2170336208174183,100,1.128,1.1643013260136694,0.2078109446865823,1.0631050229610732,1.0443801270657114
monash_m1_monthly,chronos-2,spikes_intensity,12.0,1.1462973440027433,0.2326610979225772,100,0.134,1.0252822007023978,0.2722132829550475,1.1180310583929387,0.8547014877337862
monash_m1_monthly,chronos-t5,spikes_intensity,12.0,1.206229193995658,0.2089639447630115,100,1.179,1.1643013260136694,0.2078109446865823,1.036011182882992,1.0055483125692353
monash_m1_monthly,chronos-2,spikes_intensity,16.0,1.164069796009388,0.2555635691923589,100,0.135,1.0252822007023978,0.2722132829550475,1.13536526354589,0.9388357776595417
monash_m1_monthly,chronos-t5,spikes_intensity,16.0,1.2815239108468912,0.2064773577916033,100,1.136,1.1643013260136694,0.2078109446865823,1.1006806246923793,0.9935826917249702
monash_m1_monthly,chronos-2,spikes_intensity,20.0,1.2647867027718247,0.261383573276332,100,0.134,1.0252822007023978,0.2722132829550475,1.2335986150011653,0.9602160865878692
monash_m1_monthly,chronos-t5,spikes_intensity,20.0,1.35423210294671,0.2082620351884608,100,1.164,1.1643013260136694,0.2078109446865823,1.1631285412886412,1.0021706773074865
monash_m1_monthly,chronos-2,spikes_intensity,30.0,1.3177061432489614,0.2674894185766823,100,0.141,1.0252822007023978,0.2722132829550475,1.2852131270261304,0.9826464589564305
monash_m1_monthly,chronos-t5,spikes_intensity,30.0,1.121837620515954,0.1866035081713171,100,1.191,1.1643013260136694,0.2078109446865823,0.9635285947469436,0.8979484138948988
monash_m1_monthly,chronos-2,spikes_intensity,40.0,1.5460943808578145,0.2434918401408941,100,0.137,1.0252822007023978,0.2722132829550475,1.5079695910049153,0.8944891942730937
monash_m1_monthly,chronos-t5,spikes_intensity,40.0,1.3969809779135007,0.2037950766232946,100,1.174,1.1643013260136694,0.2078109446865823,1.1998448740898364,0.9806753774718441
monash_m1_monthly,chronos-2,spikes_density,0.01,1.098694411744997,0.3015185455119578,100,0.133,1.0252822007023978,0.2722132829550475,1.0716019560198218,1.1076555201082883
monash_m1_monthly,chronos-t5,spikes_density,0.01,1.172344692500381,0.193665751261542,100,1.175,1.1643013260136694,0.2078109446865823,1.0069083203007683,0.931932394386764
monash_m1_monthly,chronos-2,spikes_density,0.02,1.0770857197108148,0.2624417938245547,100,0.136,1.0252822007023978,0.2722132829550475,1.0505261078100523,0.9641035550344307
monash_m1_monthly,chronos-t5,spikes_density,0.02,1.1617458251134136,0.1938698732425858,100,1.179,1.1643013260136694,0.2078109446865823,0.997805120682113,0.9329146428499123
monash_m1_monthly,chronos-2,spikes_density,0.05,1.2044365962011154,0.256886845885372,100,0.137,1.0252822007023978,0.2722132829550475,1.1747366679885625,0.9436969537147587
monash_m1_monthly,chronos-t5,spikes_density,0.05,1.4005234417267922,0.2074972076433441,100,1.291,1.1643013260136694,0.2078109446865823,1.2028874402487364,0.9984902766131429
monash_m1_monthly,chronos-2,spikes_density,0.08,1.2409931607383031,0.2834178511731722,100,0.133,1.0252822007023978,0.2722132829550475,1.2103917925114924,1.0411609900020016
monash_m1_monthly,chronos-t5,spikes_density,0.08,1.1289699896953578,0.1905293493058346,100,1.189,1.1643013260136694,0.2078109446865823,0.969654473864357,0.9168398208919575
monash_m1_monthly,chronos-2,spikes_density,0.12,1.356586735673186,0.3051367979648101,100,0.134,1.0252822007023978,0.2722132829550475,1.3231349717607688,1.120947496214575
monash_m1_monthly,chronos-t5,spikes_density,0.12,1.2129387511393803,0.2109309487136047,100,1.179,1.1643013260136694,0.2078109446865823,1.0417739154280925,1.0150136655782398
monash_m1_monthly,chronos-2,spikes_density,0.16,1.5684536135068694,0.4443333039857853,100,0.135,1.0252822007023978,0.2722132829550475,1.5297774724191613,1.632298391769373
monash_m1_monthly,chronos-t5,spikes_density,0.16,1.241173687055851,0.2205187388061796,100,1.266,1.1643013260136694,0.2078109446865823,1.066024455460664,1.0611507451581197
monash_m1_monthly,chronos-2,spikes_density,0.2,1.8896659885121967,0.3781421412180608,100,0.136,1.0252822007023978,0.2722132829550475,1.8430691444927347,1.389139196710346
monash_m1_monthly,chronos-t5,spikes_density,0.2,1.4566328328488145,0.2485172848071769,100,1.603,1.1643013260136694,0.2078109446865823,1.2510789091308765,1.1958815989311218
monash_m1_monthly,chronos-2,spikes_density,0.3,2.3082932805785714,0.7901343352400617,100,0.164,1.0252822007023978,0.2722132829550475,2.251373601333576,2.9026296096305564
monash_m1_monthly,chronos-t5,spikes_density,0.3,2.250517956234209,0.3138331669482442,100,2.014,1.1643013260136694,0.2078109446865823,1.9329342893901222,1.51018594050262
monash_m1_monthly,chronos-2,spikes_density,0.4,3.585266038470288,1.2252860742477765,100,0.191,1.0252822007023978,0.2722132829550475,3.4968577782917745,4.5011986959141765
monash_m1_monthly,chronos-t5,spikes_density,0.4,3.164421268905923,0.4972381994957973,100,1.922,1.1643013260136694,0.2078109446865823,2.7178713948048627,2.392743078309592
monash_m1_monthly,chronos-2,drift,0.5,1.335277477796415,0.2608518651208402,100,0.18,1.0252822007023978,0.2722132829550475,1.3023511740295952,0.9582628088134718
monash_m1_monthly,chronos-t5,drift,0.5,1.3967908360691268,0.2075775411239442,100,1.917,1.1643013260136694,0.2078109446865823,1.1996815642660599,0.9988768466310083
monash_m1_monthly,chronos-2,drift,1.0,1.8037393100936283,0.4369614537925152,100,0.255,1.0252822007023978,0.2722132829550475,1.7592613125029646,1.605217236458934
monash_m1_monthly,chronos-t5,drift,1.0,1.826791971541014,0.2425431965102966,100,1.857,1.1643013260136694,0.2078109446865823,1.5690027407214053,1.1671338912206815
monash_m1_monthly,chronos-2,drift,2.0,3.458724693033079,0.324661171064382,100,0.136,1.0252822007023978,0.2722132829550475,3.373436787124154,1.1926720384103946
monash_m1_monthly,chronos-t5,drift,2.0,3.209378222299801,0.3547353405627419,100,1.423,1.1643013260136694,0.2078109446865823,2.75648421125488,1.707009903148985
monash_m1_monthly,chronos-2,drift,4.0,6.735556416450341,1.4034849704289627,100,0.146,1.0252822007023978,0.2722132829550475,6.56946586201922,5.155828382778552
monash_m1_monthly,chronos-t5,drift,4.0,6.065825977280072,0.7640936036535734,100,1.56,1.1643013260136694,0.2078109446865823,5.209842024356551,3.67686891951706
monash_m1_monthly,chronos-2,drift,6.0,10.119988646258202,2.129447013652808,100,0.136,1.0252822007023978,0.2722132829550475,9.870442146879391,7.822715300797642
monash_m1_monthly,chronos-t5,drift,6.0,9.09378464887278,1.5730740106507477,100,1.378,1.1643013260136694,0.2078109446865823,7.8105078519562,7.569736103280013
monash_m1_monthly,chronos-2,drift,9.0,15.485273677165685,3.24355670249734,100,0.169,1.0252822007023978,0.2722132829550475,15.103425833938276,11.91549753666125
monash_m1_monthly,chronos-t5,drift,9.0,14.130023332660762,2.683360925504913,100,1.502,1.1643013260136694,0.2078109446865823,12.136053628865204,12.912510116115023
monash_m1_monthly,chronos-2,drift,12.0,20.80110197813092,3.67665790949264,100,0.137,1.0252822007023978,0.2722132829550475,20.28817233331521,13.506533809005171
monash_m1_monthly,chronos-t5,drift,12.0,19.10908242119508,2.6147772768826423,100,1.389,1.1643013260136694,0.2078109446865823,16.41248875548453,12.582481066270185
monash_m1_monthly,chronos-2,drift,16.0,27.66982295256616,5.0962913549803694,100,0.156,1.0252822007023978,0.2722132829550475,26.98751907875723,18.721685068623035
monash_m1_monthly,chronos-t5,drift,16.0,25.523959093114858,3.3985707234942173,100,1.448,1.1643013260136694,0.2078109446865823,21.92212490258316,16.35414693205835
monash_m1_monthly,chronos-2,drift,20.0,34.82876716924132,6.569548393606196,100,0.145,1.0252822007023978,0.2722132829550475,33.969932517487294,24.13382742491325
monash_m1_monthly,chronos-t5,drift,20.0,32.6310256661708,4.6439643254190095,100,1.522,1.1643013260136694,0.2078109446865823,28.026272011466983,22.347063252240996
monash_m1_monthly,chronos-2,drift,26.0,45.32543901973615,9.433507286117388,100,0.146,1.0252822007023978,0.2722132829550475,44.207769323104124,34.65483823460301
monash_m1_monthly,chronos-t5,drift,26.0,43.089765039816136,8.187373263381481,100,1.517,1.1643013260136694,0.2078109446865823,37.00911789506134,39.39818124463834
monash_m1_monthly,chronos-2,drift,32.0,55.99018077512148,11.527607185288982,100,0.136,1.0252822007023978,0.2722132829550475,54.60953163603529,42.34770272835149
monash_m1_monthly,chronos-t5,drift,32.0,53.72881876383197,10.191801742043449,100,1.553,1.1643013260136694,0.2078109446865823,46.14683292321627,49.043623556086466
monash_m1_monthly,chronos-2,drift_step,0.5,1.0009745058877113,0.2638113917769286,100,0.139,1.0252822007023978,0.2722132829550475,0.976291703105707,0.9691348964058217
monash_m1_monthly,chronos-t5,drift_step,0.5,1.1265248949691036,0.2154793921944696,100,1.446,1.1643013260136694,0.2078109446865823,0.9675544206636741,1.03690107621354
monash_m1_monthly,chronos-2,drift_step,1.0,1.0751817344439136,0.2321473011697051,100,0.132,1.0252822007023978,0.2722132829550475,1.048669072483001,0.8528140091093249
monash_m1_monthly,chronos-t5,drift_step,1.0,1.2189309265979773,0.2807525996950397,100,1.523,1.1643013260136694,0.2078109446865823,1.0469205001864497,1.3510000645946103
monash_m1_monthly,chronos-2,drift_step,2.0,1.296783984720161,0.5085736641198094,100,0.144,1.0252822007023978,0.2722132829550475,1.264806883248108,1.8682911377392035
monash_m1_monthly,chronos-t5,drift_step,2.0,1.2665527973434645,0.3475962378266456,100,1.315,1.1643013260136694,0.2078109446865823,1.0878221720144245,1.6726560689615537
monash_m1_monthly,chronos-2,drift_step,4.0,1.2836159249529528,0.2595859635969578,100,0.149,1.0252822007023978,0.2722132829550475,1.2519635316731104,0.9536124056070587
monash_m1_monthly,chronos-t5,drift_step,4.0,1.3999488629146644,0.2193585388916797,100,1.423,1.1643013260136694,0.2078109446865823,1.2023939435917368,1.055567786492253
monash_m1_monthly,chronos-2,drift_step,8.0,1.746300135093389,0.4418657818608658,100,0.148,1.0252822007023978,0.2722132829550475,1.7032385170609985,1.623233727113288
monash_m1_monthly,chronos-t5,drift_step,8.0,1.702749223086006,0.196734562360501,100,1.654,1.1643013260136694,0.2078109446865823,1.4624643853287296,0.9466997162118359
monash_m1_monthly,chronos-2,drift_step,12.0,1.9339086609648295,0.4595363508561193,100,0.133,1.0252822007023978,0.2722132829550475,1.8862208469433606,1.688148153049555
monash_m1_monthly,chronos-t5,drift_step,12.0,1.8980879153463448,0.2707208848215018,100,1.374,1.1643013260136694,0.2078109446865823,1.6302376995867651,1.3027267896298698
monash_m1_monthly,chronos-2,drift_step,16.0,1.6049155396901715,0.3387253187692088,100,0.136,1.0252822007023978,0.2722132829550475,1.5653402922538593,1.2443379510806052
monash_m1_monthly,chronos-t5,drift_step,16.0,1.4954754469769094,0.2114907494827985,100,1.474,1.1643013260136694,0.2078109446865823,1.2844402162600919,1.017707463876679
monash_m1_monthly,chronos-2,drift_step,20.0,1.6707373361039086,0.3703145351602194,100,0.142,1.0252822007023978,0.2722132829550475,1.629539003953569,1.3603837812035502
monash_m1_monthly,chronos-t5,drift_step,20.0,1.7304390144952873,0.3055109314316283,100,1.347,1.1643013260136694,0.2078109446865823,1.486246709363424,1.4701387931824081
monash_m1_monthly,chronos-2,gap,0.05,1.0197706032526035,0.2680172335871413,100,0.136,1.0252822007023978,0.2722132829550475,0.9946243117787293,0.9845854349120828
monash_m1_monthly,chronos-t5,gap,0.05,1.1687442033868862,0.2031990724097095,100,1.467,1.1643013260136694,0.2078109446865823,1.003815917128969,0.9778073658063181
monash_m1_monthly,chronos-2,gap,0.1,1.0573922645387432,0.286740218897872,100,0.16,1.0252822007023978,0.2722132829550475,1.031318269072015,1.0533660069234148
monash_m1_monthly,chronos-t5,gap,0.1,1.1726706063504808,0.2104409291680397,100,1.676,1.1643013260136694,0.2078109446865823,1.0071882425535545,1.012655659139724
monash_m1_monthly,chronos-2,gap,0.15,1.0498669211862697,0.2457427826252436,100,0.155,1.0252822007023978,0.2722132829550475,1.0239784914504801,0.9027582341227076
monash_m1_monthly,chronos-t5,gap,0.15,1.1703388717721297,0.2023006894326818,100,2.062,1.1643013260136694,0.2078109446865823,1.0051855525915543,0.973484287546977
monash_m1_monthly,chronos-2,gap,0.2,1.0614139960147218,0.2364734065413738,100,0.163,1.0252822007023978,0.2722132829550475,1.0352408295858162,0.8687063466349081
monash_m1_monthly,chronos-t5,gap,0.2,1.207550413272391,0.1966215930105314,100,1.606,1.1643013260136694,0.2078109446865823,1.0371459572298158,0.946156100233669
monash_m1_monthly,chronos-2,gap,0.3,1.0930491198194328,0.2241720942088761,100,0.147,1.0252822007023978,0.2722132829550475,1.0660958700644656,0.8235163683981404
monash_m1_monthly,chronos-t5,gap,0.3,1.2410100204275274,0.2148754629577844,100,1.88,1.1643013260136694,0.2078109446865823,1.0658838847813503,1.0339949288130936
monash_m1_monthly,chronos-2,gap,0.4,1.1589147058552731,0.2206880079741758,100,0.597,1.0252822007023978,0.2722132829550475,1.130337291587942,0.8107172639720875
monash_m1_monthly,chronos-t5,gap,0.4,1.2760634112214675,0.1876216504841794,100,1.508,1.1643013260136694,0.2078109446865823,1.095990687900742,0.9028477819931374
monash_m1_monthly,chronos-2,gap,0.5,1.2170924198569355,0.2787851487871829,100,0.145,1.0252822007023978,0.2722132829550475,1.1870804145659926,1.0241423407439698
monash_m1_monthly,chronos-t5,gap,0.5,1.3251204898270212,0.2178107242951774,100,1.87,1.1643013260136694,0.2078109446865823,1.138125037067478,1.048119600359243
monash_m1_monthly,chronos-2,gap,0.6,1.1935519223566846,0.2392566065279512,100,0.177,1.0252822007023978,0.2722132829550475,1.1641203968419709,0.8789306823336073
monash_m1_monthly,chronos-t5,gap,0.6,1.3423549921315774,0.2210213298546643,100,2.114,1.1643013260136694,0.2078109446865823,1.1529274786000008,1.0635692464995323
monash_m1_monthly,chronos-2,gap,0.7,1.2308770563122282,0.226534244476674,100,0.188,1.0252822007023978,0.2722132829550475,1.200525138804694,0.8321939400513502
monash_m1_monthly,chronos-t5,gap,0.7,1.397609184805601,0.2099465254629429,100,1.999,1.1643013260136694,0.2078109446865823,1.200384431056804,1.0102765558357933
monash_m1_quarterly,chronos-2,clean,0.0,1.5766614979688591,0.0795272134839915,100,0.187,1.5766614979688591,0.0795272134839915,1.0,1.0
monash_m1_quarterly,chronos-t5,clean,0.0,1.7384235644141035,0.0951933223495376,100,1.162,1.7384235644141035,0.0951933223495376,1.0,1.0
monash_m1_quarterly,chronos-2,spikes_intensity,1.0,1.6446511196437177,0.063993415910741,100,0.181,1.5766614979688591,0.0795272134839915,1.043122522978107,0.80467318176089
monash_m1_quarterly,chronos-t5,spikes_intensity,1.0,1.8431833923049816,0.0855123172693904,100,1.274,1.7384235644141035,0.0951933223495376,1.060261394308806,0.8983016366988453
monash_m1_quarterly,chronos-2,spikes_intensity,2.0,1.9041381227170615,0.0792673012049691,100,0.175,1.5766614979688591,0.0795272134839915,1.2077025570612814,0.9967317818940717
monash_m1_quarterly,chronos-t5,spikes_intensity,2.0,1.8766731361165647,0.0915689257732177,100,1.265,1.7384235644141035,0.0951933223495376,1.079525827038047,0.9619259367478362
monash_m1_quarterly,chronos-2,spikes_intensity,4.0,1.9384020455018824,0.0844867846448093,100,0.196,1.5766614979688591,0.0795272134839915,1.2294345032202771,1.0623631954842243
monash_m1_quarterly,chronos-t5,spikes_intensity,4.0,2.273992437914913,0.0888572507299947,100,1.327,1.7384235644141035,0.0951933223495376,1.3080773204321532,0.9334399570982757
monash_m1_quarterly,chronos-2,spikes_intensity,6.0,1.740526956159471,0.0811567964400357,100,0.184,1.5766614979688591,0.0795272134839915,1.1039319209619263,1.0204908846249496
monash_m1_quarterly,chronos-t5,spikes_intensity,6.0,1.7758797196465526,0.0918849517010602,100,1.249,1.7384235644141035,0.0951933223495376,1.0215460466592747,0.9652457696945433
monash_m1_quarterly,chronos-2,spikes_intensity,8.0,2.086813169341996,0.0878499395547419,100,0.184,1.5766614979688591,0.0795272134839915,1.3235644886555178,1.104652554844333
monash_m1_quarterly,chronos-t5,spikes_intensity,8.0,2.730212164433532,0.1028249045044053,100,1.22,1.7384235644141035,0.0951933223495376,1.5705103291979872,1.0801693014437033
monash_m1_quarterly,chronos-2,spikes_intensity,12.0,2.148951475395562,0.0907556974792885,100,0.195,1.5766614979688591,0.0795272134839915,1.3629758056272432,1.1411904617726514
monash_m1_quarterly,chronos-t5,spikes_intensity,12.0,2.6867517449271734,0.0834471204046759,100,1.2,1.7384235644141035,0.0951933223495376,1.5455104267599378,0.8766068705772116
monash_m1_quarterly,chronos-2,spikes_intensity,16.0,2.677321021754256,0.0922471427957086,100,0.178,1.5766614979688591,0.0795272134839915,1.6980950097426277,1.1599443606090583
monash_m1_quarterly,chronos-t5,spikes_intensity,16.0,2.206493643153369,0.0972882382489257,100,1.257,1.7384235644141035,0.0951933223495376,1.2692497319529938,1.0220069627541293
monash_m1_quarterly,chronos-2,spikes_intensity,20.0,2.612664310815174,0.1031620807217865,100,0.196,1.5766614979688591,0.0795272134839915,1.6570863905669988,1.2971921962606245
monash_m1_quarterly,chronos-t5,spikes_intensity,20.0,2.2288507477548096,0.0945044701041072,100,1.253,1.7384235644141035,0.0951933223495376,1.2821102942803204,0.9927636495036802
monash_m1_quarterly,chronos-2,spikes_intensity,30.0,1.866420271254316,0.1042648620227343,100,0.205,1.5766614979688591,0.0795272134839915,1.1837799512823393,1.3110589124780838
monash_m1_quarterly,chronos-t5,spikes_intensity,30.0,1.736352154833748,0.111420850652606,100,1.232,1.7384235644141035,0.0951933223495376,0.9988084551873561,1.1704691873604642
monash_m1_quarterly,chronos-2,spikes_intensity,40.0,2.6989305102909213,0.1134328374675054,100,0.2,1.5766614979688591,0.0795272134839915,1.711800861356626,1.4263398967240184
monash_m1_quarterly,chronos-t5,spikes_intensity,40.0,2.2958673262306872,0.1009965820355996,100,1.324,1.7384235644141035,0.0951933223495376,1.320660495651103,1.0609628862910485
monash_m1_quarterly,chronos-2,spikes_density,0.01,2.093336995577764,0.0818994636058506,100,0.21,1.5766614979688591,0.0795272134839915,1.327702235561986,1.0298294133282644
monash_m1_quarterly,chronos-t5,spikes_density,0.01,3.1565626744351563,0.084806233847363,100,1.194,1.7384235644141035,0.0951933223495376,1.8157615549228963,0.8908842737515289
monash_m1_quarterly,chronos-2,spikes_density,0.02,3.388086618750266,0.1115351250502632,100,0.177,1.5766614979688591,0.0795272134839915,2.1488991918144658,1.4024774685801704
monash_m1_quarterly,chronos-t5,spikes_density,0.02,3.1412491271218075,0.1468968347639211,100,1.062,1.7384235644141035,0.0951933223495376,1.80695268484841,1.5431422198348625
monash_m1_quarterly,chronos-2,spikes_density,0.05,1.9807631053048984,0.1179602092673532,100,0.136,1.5766614979688591,0.0795272134839915,1.2563020710892128,1.4832684825691536
monash_m1_quarterly,chronos-t5,spikes_density,0.05,1.8600505155892209,0.1030392987886538,100,0.904,1.7384235644141035,0.0951933223495376,1.0699639337989006,1.0824215002214839
monash_m1_quarterly,chronos-2,spikes_density,0.08,3.361886572203721,0.1375780633322126,100,0.137,1.5766614979688591,0.0795272134839915,2.132281771664169,1.7299495016244533
monash_m1_quarterly,chronos-t5,spikes_density,0.08,1.706816942971663,0.0846021958166342,100,0.648,1.7384235644141035,0.0951933223495376,0.9818188029146437,0.8887408667804013
monash_m1_quarterly,chronos-2,spikes_density,0.12,2.78487799083083,0.1819075260136508,100,0.144,1.5766614979688591,0.0795272134839915,1.7663131841669635,2.287361999050401
monash_m1_quarterly,chronos-t5,spikes_density,0.12,1.8465725915616311,0.107873196355773,100,0.686,1.7384235644141035,0.0951933223495376,1.0622109762898762,1.1332012970371654
monash_m1_quarterly,chronos-2,spikes_density,0.16,3.3652230290605853,0.2166475036266494,100,0.186,1.5766614979688591,0.0795272134839915,2.1343979245994453,2.724193318684046
monash_m1_quarterly,chronos-t5,spikes_density,0.16,1.7706384240353827,0.0981383307532178,100,0.627,1.7384235644141035,0.0951933223495376,1.0185310762467354,1.0309371322587788
monash_m1_quarterly,chronos-2,spikes_density,0.2,4.079194195163889,0.1680524553533048,100,0.17,1.5766614979688591,0.0795272134839915,2.587235243848428,2.113144016885906
monash_m1_quarterly,chronos-t5,spikes_density,0.2,2.079490343851715,0.0919549719866681,100,1.233,1.7384235644141035,0.0951933223495376,1.1961931409693933,0.9659813284908925
monash_m1_quarterly,chronos-2,spikes_density,0.3,5.482279899511638,0.3411206417555482,100,0.174,1.5766614979688591,0.0795272134839915,3.477144527581988,4.289357401214797
monash_m1_quarterly,chronos-t5,spikes_density,0.3,3.088413658990415,0.1144650368776652,100,1.236,1.7384235644141035,0.0951933223495376,1.7765599375266725,1.2024481765366308
monash_m1_quarterly,chronos-2,spikes_density,0.4,6.7945078577607685,0.4799826810164807,100,0.194,1.5766614979688591,0.0795272134839915,4.309427144960298,6.0354520168508
monash_m1_quarterly,chronos-t5,spikes_density,0.4,4.971012725844044,0.1250531366436585,100,1.281,1.7384235644141035,0.0951933223495376,2.8594945602451105,1.3136755137558862
monash_m1_quarterly,chronos-2,drift,0.5,2.1237330350375703,0.0719498424814364,100,0.191,1.5766614979688591,0.0795272134839915,1.3469809707242033,0.904719772382313
monash_m1_quarterly,chronos-t5,drift,0.5,2.201410133219499,0.0822744748896227,100,1.322,1.7384235644141035,0.0951933223495376,1.2663255251958314,0.8642883015209978
monash_m1_quarterly,chronos-2,drift,1.0,3.181052922115638,0.1221072821659184,100,0.206,1.5766614979688591,0.0795272134839915,2.0175877486788654,1.535415071351621
monash_m1_quarterly,chronos-t5,drift,1.0,3.188341540546379,0.1326656352172146,100,1.278,1.7384235644141035,0.0951933223495376,1.8340418329643027,1.3936443433509287
monash_m1_quarterly,chronos-2,drift,2.0,5.446069821551895,0.1767408763320102,100,0.217,1.5766614979688591,0.0795272134839915,3.454178229485414,2.222394933623412
monash_m1_quarterly,chronos-t5,drift,2.0,5.268107715805787,0.1868237541584686,100,0.94,1.7384235644141035,0.0951933223495376,3.0303936414836183,1.9625720538723912
monash_m1_quarterly,chronos-2,drift,4.0,10.7702923172939,0.4497917430188398,100,0.129,1.5766614979688591,0.0795272134839915,6.8310746036284735,5.655821740936277
monash_m1_quarterly,chronos-t5,drift,4.0,10.18527648789422,0.4166633867823421,100,0.705,1.7384235644141035,0.0951933223495376,5.858915339385046,4.377023266951519
monash_m1_quarterly,chronos-2,drift,6.0,15.813256362961042,0.678500542927788,100,0.128,1.5766614979688591,0.0795272134839915,10.02958236966688,8.531677562981223
monash_m1_quarterly,chronos-t5,drift,6.0,15.12816350754863,0.5836877443600097,100,0.693,1.7384235644141035,0.0951933223495376,8.702231042667233,6.131603876759166
monash_m1_quarterly,chronos-2,drift,9.0,23.616316458398533,1.1172197256939185,100,0.151,1.5766614979688591,0.0795272134839915,14.97868533532553,14.048269475942474
monash_m1_quarterly,chronos-t5,drift,9.0,22.64017289417921,0.9813395932905232,100,0.652,1.7384235644141035,0.0951933223495376,13.02339277816311,10.308912107166202
monash_m1_quarterly,chronos-2,drift,12.0,31.74831663345112,1.5186212220371758,100,0.142,1.5766614979688591,0.0795272134839915,20.136419056564154,19.095617154282262
monash_m1_quarterly,chronos-t5,drift,12.0,30.48445570109749,1.310338322112501,100,0.68,1.7384235644141035,0.0951933223495376,17.535689417194245,13.765023530758887
monash_m1_quarterly,chronos-2,drift,16.0,42.25520661351596,2.187379755212306,100,0.145,1.5766614979688591,0.0795272134839915,26.80043031934972,27.504795646494223
monash_m1_quarterly,chronos-t5,drift,16.0,40.80914999520766,2.029679096267853,100,0.597,1.7384235644141035,0.0951933223495376,23.47480259160055,21.321654147284967
monash_m1_quarterly,chronos-2,drift,20.0,53.10405727496034,2.7368635296548107,100,0.153,1.5766614979688591,0.0795272134839915,33.68133067457528,34.41417610093594
monash_m1_quarterly,chronos-t5,drift,20.0,51.264659399104914,2.546012119161626,100,0.603,1.7384235644141035,0.0951933223495376,29.489165039236287,26.745700815158
monash_m1_quarterly,chronos-2,drift,26.0,69.22285554197528,3.5115451038128347,100,0.13,1.5766614979688591,0.0795272134839915,43.90470347068912,44.15526396533049
monash_m1_quarterly,chronos-t5,drift,26.0,66.96984219005793,3.2736185493577006,100,0.706,1.7384235644141035,0.0951933223495376,38.523317079303744,34.38916164032384
monash_m1_quarterly,chronos-2,drift,32.0,85.58011061156785,4.431312940285522,100,0.141,1.5766614979688591,0.0795272134839915,54.27931786361041,55.720711768400214
monash_m1_quarterly,chronos-t5,drift,32.0,83.13621818367832,4.224739934870622,100,0.706,1.7384235644141035,0.0951933223495376,47.82276303974142,44.38063333221969
monash_m1_quarterly,chronos-2,drift_step,0.5,1.7596425578948578,0.0879319489685233,100,0.138,1.5766614979688591,0.0795272134839915,1.1160560210049684,1.1056837668054802
monash_m1_quarterly,chronos-t5,drift_step,0.5,1.8450479060597893,0.1041475960712599,100,0.727,1.7384235644141035,0.0951933223495376,1.061333925648679,1.0940640950511566
monash_m1_quarterly,chronos-2,drift_step,1.0,1.8255302938902085,0.0897353802543425,100,0.145,1.5766614979688591,0.0795272134839915,1.1578454197314743,1.128360674580983
monash_m1_quarterly,chronos-t5,drift_step,1.0,1.8085155198487215,0.0927505920798372,100,0.663,1.7384235644141035,0.0951933223495376,1.0403192621576325,0.9743392686649699
monash_m1_quarterly,chronos-2,drift_step,2.0,1.9758477715384888,0.092180901984229,100,0.145,1.5766614979688591,0.0795272134839915,1.2531845130257084,1.1591114279740813
monash_m1_quarterly,chronos-t5,drift_step,2.0,1.9789858690364293,0.0922058309664461,100,0.653,1.7384235644141035,0.0951933223495376,1.1383795695978165,0.968616586653822
monash_m1_quarterly,chronos-2,drift_step,4.0,2.526044104331133,0.1511720760938215,100,0.149,1.5766614979688591,0.0795272134839915,1.6021473902834058,1.9008848603032196
monash_m1_quarterly,chronos-t5,drift_step,4.0,2.3268823493706123,0.1601934517026841,100,0.551,1.7384235644141035,0.0951933223495376,1.3385013853944367,1.6828223634686728
monash_m1_quarterly,chronos-2,drift_step,8.0,2.899805560302429,0.1265763725186482,100,0.139,1.5766614979688591,0.0795272134839915,1.8392061733213603,1.5916108080931002
monash_m1_quarterly,chronos-t5,drift_step,8.0,2.5779410940561864,0.1061635942741823,100,0.794,1.7384235644141035,0.0951933223495376,1.4829188621387697,1.115242032254776
monash_m1_quarterly,chronos-2,drift_step,12.0,3.4173400875965934,0.2036407940108821,100,0.174,1.5766614979688591,0.0795272134839915,2.167453249793311,2.560642893037792
monash_m1_quarterly,chronos-t5,drift_step,12.0,2.9979202673517813,0.1104805367774176,100,0.738,1.7384235644141035,0.0951933223495376,1.7245050796134156,1.1605912479002185
monash_m1_quarterly,chronos-2,drift_step,16.0,3.355913539944252,0.3692636179434471,100,0.16,1.5766614979688591,0.0795272134839915,2.128493366691279,4.6432359662366185
monash_m1_quarterly,chronos-t5,drift_step,16.0,2.652575016941252,0.1965573609668691,100,0.772,1.7384235644141035,0.0951933223495376,1.5258508175107732,2.0648229950955574
monash_m1_quarterly,chronos-2,drift_step,20.0,5.901518958740042,0.2588345920571622,100,0.147,1.5766614979688591,0.0795272134839915,3.743047551007429,3.254666933719041
monash_m1_quarterly,chronos-t5,drift_step,20.0,4.941848727315287,0.1344929616249833,100,0.659,1.7384235644141035,0.0951933223495376,2.8427184424302405,1.4128402949436147
monash_m1_quarterly,chronos-2,gap,0.05,1.6218675358978465,0.0819575552952573,100,0.14,1.5766614979688591,0.0795272134839915,1.0286719996570122,1.0305598763592418
monash_m1_quarterly,chronos-t5,gap,0.05,1.7733653736407704,0.0981219933221019,100,0.869,1.7384235644141035,0.0951933223495376,1.0200997098416824,1.030765508549125
monash_m1_quarterly,chronos-2,gap,0.1,1.6044328892873614,0.0814353541424773,100,0.149,1.5766614979688591,0.0795272134839915,1.0176140480085794,1.023993556103533
monash_m1_quarterly,chronos-t5,gap,0.1,1.729735784035986,0.096024885778221,100,0.847,1.7384235644141035,0.0951933223495376,0.9950024950443849,1.0087355227043133
monash_m1_quarterly,chronos-2,gap,0.15,1.6469391276718202,0.0781626064864241,100,0.129,1.5766614979688591,0.0795272134839915,1.0445736956179221,0.982841005766635
monash_m1_quarterly,chronos-t5,gap,0.15,1.739287486479754,0.0974182826425553,100,0.66,1.7384235644141035,0.0951933223495376,1.0004969571762228,1.023373071115723
monash_m1_quarterly,chronos-2,gap,0.2,1.684079146637239,0.0873878144944792,100,0.129,1.5766614979688591,0.0795272134839915,1.0681298102393957,1.098841650123577
monash_m1_quarterly,chronos-t5,gap,0.2,1.7349513270655472,0.1007506741798504,100,0.75,1.7384235644141035,0.0951933223495376,0.9980026517014416,1.058379639381709
monash_m1_quarterly,chronos-2,gap,0.3,1.6918950074948775,0.0885566396773251,100,0.137,1.5766614979688591,0.0795272134839915,1.0730870321083306,1.1135388227220007
monash_m1_quarterly,chronos-t5,gap,0.3,1.9764716192751723,0.0966891276089963,100,0.752,1.7384235644141035,0.0951933223495376,1.1369332881433287,1.0157133423074183
monash_m1_quarterly,chronos-2,gap,0.4,1.8264451110451605,0.0937310184765458,100,0.149,1.5766614979688591,0.0795272134839915,1.1584256439306002,1.178603076485428
monash_m1_quarterly,chronos-t5,gap,0.4,2.0145301399165736,0.1001049243144593,100,0.713,1.7384235644141035,0.0951933223495376,1.1588258357482204,1.051596076738313
monash_m1_quarterly,chronos-2,gap,0.5,1.837820376727588,0.0895867158029947,100,0.137,1.5766614979688591,0.0795272134839915,1.1656404238291909,1.126491321376778
monash_m1_quarterly,chronos-t5,gap,0.5,2.01612714236512,0.1025715195678688,100,0.739,1.7384235644141035,0.0951933223495376,1.1597444855417676,1.0775075082602896
monash_m1_quarterly,chronos-2,gap,0.6,1.9295520971363755,0.1030298219130977,100,0.145,1.5766614979688591,0.0795272134839915,1.223821409745928,1.2955291327268392
monash_m1_quarterly,chronos-t5,gap,0.6,2.080506933088609,0.0988327801982898,100,0.699,1.7384235644141035,0.0951933223495376,1.1967779174632833,1.0382322809932882
monash_m1_quarterly,chronos-2,gap,0.7,1.918542018108288,0.0985931903111055,100,0.146,1.5766614979688591,0.0795272134839915,1.2168382500491437,1.2397415424463716
monash_m1_quarterly,chronos-t5,gap,0.7,2.1474649397064542,0.1186540482033281,100,0.805,1.7384235644141035,0.0951933223495376,1.2352944263213603,1.2464534830252667
monash_m1_yearly,chronos-2,clean,0.0,3.637927031199332,0.0709694020421235,100,0.139,3.637927031199332,0.0709694020421235,1.0,1.0
monash_m1_yearly,chronos-t5,clean,0.0,4.876359659024312,0.0831845042523565,100,0.712,4.876359659024312,0.0831845042523565,1.0,1.0
monash_m1_yearly,chronos-2,spikes_intensity,1.0,4.574498644159621,0.0673665442644592,100,0.143,3.637927031199332,0.0709694020421235,1.257446508664998,0.9492336461349098
monash_m1_yearly,chronos-t5,spikes_intensity,1.0,5.39084696129001,0.0954438109764912,100,0.563,4.876359659024312,0.0831845042523565,1.1055064306656657,1.147374884713428
monash_m1_yearly,chronos-2,spikes_intensity,2.0,4.503547004614884,0.0765311423248588,100,0.15,3.637927031199332,0.0709694020421235,1.2379431929205515,1.0783681434913903
monash_m1_yearly,chronos-t5,spikes_intensity,2.0,5.22115071329035,0.1368613830964892,100,0.569,4.876359659024312,0.0831845042523565,1.070706649709063,1.645274974306433
monash_m1_yearly,chronos-2,spikes_intensity,4.0,5.207187490130214,0.0852997213698622,100,0.147,3.637927031199332,0.0709694020421235,1.4313611695541724,1.2019225034365235
monash_m1_yearly,chronos-t5,spikes_intensity,4.0,5.69357906980713,0.0930910198556751,100,0.614,4.876359659024312,0.0831845042523565,1.1675880098939073,1.1190908774699821
monash_m1_yearly,chronos-2,spikes_intensity,6.0,5.30846641725747,0.07415965758278,100,0.145,3.637927031199332,0.0709694020421235,1.4592009052769273,1.0449525492516187
monash_m1_yearly,chronos-t5,spikes_intensity,6.0,6.546641476182047,0.1020725703273481,100,0.932,4.876359659024312,0.0831845042523565,1.3425263790923767,1.2270623146071886
monash_m1_yearly,chronos-2,spikes_intensity,8.0,4.978727603090467,0.1582095053392615,100,0.133,3.637927031199332,0.0709694020421235,1.3685617002189037,2.2292636092010065
monash_m1_yearly,chronos-t5,spikes_intensity,8.0,5.896847942682226,0.1559944388203282,100,0.897,4.876359659024312,0.0831845042523565,1.2092725629393173,1.875282424561773
monash_m1_yearly,chronos-2,spikes_intensity,12.0,6.387822326340741,0.0874994849579825,100,0.267,3.637927031199332,0.0709694020421235,1.7558962209956253,1.232918447108342
monash_m1_yearly,chronos-t5,spikes_intensity,12.0,7.711882339633483,0.0929260487758263,100,1.066,4.876359659024312,0.0831845042523565,1.5814834997582023,1.117107682627006
monash_m1_yearly,chronos-2,spikes_intensity,16.0,5.743901370051415,0.0841369068324211,100,0.203,3.637927031199332,0.0709694020421235,1.578894057189981,1.1855377727782193
monash_m1_yearly,chronos-t5,spikes_intensity,16.0,6.277874350509849,0.0870744783749317,100,0.945,4.876359659024312,0.0831845042523565,1.287410033197994,1.0467632061708776
monash_m1_yearly,chronos-2,spikes_intensity,20.0,6.102534820231613,0.1017813160789895,100,0.253,3.637927031199332,0.0709694020421235,1.6774758723568357,1.4341577236141536
monash_m1_yearly,chronos-t5,spikes_intensity,20.0,8.758524978180327,0.1094330878706361,100,1.008,4.876359659024312,0.0831845042523565,1.796119562668349,1.3155465534620412
monash_m1_yearly,chronos-2,spikes_intensity,30.0,6.283858656373036,0.1015382448014434,100,0.19,3.637927031199332,0.0709694020421235,1.727318498277138,1.4307327084590051
monash_m1_yearly,chronos-t5,spikes_intensity,30.0,6.308192338046205,0.0891457825279082,100,1.002,4.876359659024312,0.0831845042523565,1.293627373520759,1.0716633263506263
monash_m1_yearly,chronos-2,spikes_intensity,40.0,7.394540787874786,0.9703740182900752,100,0.388,3.637927031199332,0.0709694020421235,2.032624822998991,13.67313222836674
monash_m1_yearly,chronos-t5,spikes_intensity,40.0,5.295150087102699,0.1982228178225436,100,0.783,4.876359659024312,0.0831845042523565,1.0858817760300683,2.3829296045474506
monash_m1_yearly,chronos-2,spikes_density,0.01,6.668889163260038,0.0829562178505983,100,0.215,3.637927031199332,0.0709694020421235,1.8331563844097982,1.1689011808407248
monash_m1_yearly,chronos-t5,spikes_density,0.01,10.67600918169616,0.1447356201276251,100,0.859,4.876359659024312,0.0831845042523565,2.1893399847853456,1.7399348764349332
monash_m1_yearly,chronos-2,spikes_density,0.02,5.558450986909717,0.0719120047180293,100,0.147,3.637927031199332,0.0709694020421235,1.5279171185237428,1.0132818179212828
monash_m1_yearly,chronos-t5,spikes_density,0.02,6.548741417972877,0.0942337501879732,100,0.755,4.876359659024312,0.0831845042523565,1.3429570162761915,1.132828175570977
monash_m1_yearly,chronos-2,spikes_density,0.05,5.472471871391021,0.0692621265877242,100,0.155,3.637927031199332,0.0709694020421235,1.504283022847461,0.9759434995184831
monash_m1_yearly,chronos-t5,spikes_density,0.05,6.446402904818963,0.0979020420410937,100,0.76,4.876359659024312,0.0831845042523565,1.3219703540302015,1.1769264350495936
monash_m1_yearly,chronos-2,spikes_density,0.08,6.723230117742236,0.1426043668278075,100,0.169,3.637927031199332,0.0709694020421235,1.8480937248281635,2.0093781647359164
monash_m1_yearly,chronos-t5,spikes_density,0.08,7.322260648429604,0.0947609432845917,100,0.576,4.876359659024312,0.0831845042523565,1.5015833860570245,1.139165811424635
monash_m1_yearly,chronos-2,spikes_density,0.12,8.286944922283123,0.2124127411591253,100,0.171,3.637927031199332,0.0709694020421235,2.2779304948156502,2.9930186115003323
monash_m1_yearly,chronos-t5,spikes_density,0.12,6.230887355046884,0.0925419604874497,100,0.543,4.876359659024312,0.0831845042523565,1.2777743625853868,1.1124903768940608
monash_m1_yearly,chronos-2,spikes_density,0.16,11.145351136052566,0.1720241971015015,100,0.169,3.637927031199332,0.0709694020421235,3.0636543945133026,2.4239206214446822
monash_m1_yearly,chronos-t5,spikes_density,0.16,10.338289012783536,0.1036443528601808,100,0.654,4.876359659024312,0.0831845042523565,2.120083368676722,1.245957450750146
monash_m1_yearly,chronos-2,spikes_density,0.2,9.773487959134664,0.5435412221909216,100,0.251,3.637927031199332,0.0709694020421235,2.6865541489194174,7.658810790998432
monash_m1_yearly,chronos-t5,spikes_density,0.2,7.110623865955133,0.1715201917645435,100,0.669,4.876359659024312,0.0831845042523565,1.4581828173391673,2.0619247936394904
monash_m1_yearly,chronos-2,spikes_density,0.3,13.072948830525222,0.7369194466284011,100,0.167,3.637927031199332,0.0709694020421235,3.5935159552156835,10.383622031801911
monash_m1_yearly,chronos-t5,spikes_density,0.3,7.941014347601475,0.1236889783318016,100,0.506,4.876359659024312,0.0831845042523565,1.6284718320367606,1.4869233091366012
monash_m1_yearly,chronos-2,spikes_density,0.4,16.44696193186225,1.0490681199730076,100,0.167,3.637927031199332,0.0709694020421235,4.52097081409577,14.78197772260134
monash_m1_yearly,chronos-t5,spikes_density,0.4,9.573915471508036,0.4498500102103962,100,0.434,4.876359659024312,0.0831845042523565,1.9633325146126803,5.407858281461749
monash_m1_yearly,chronos-2,drift,0.5,4.190054928310201,0.0911361555810744,100,0.191,3.637927031199332,0.0709694020421235,1.1517699207201653,1.2841612435593164
monash_m1_yearly,chronos-t5,drift,0.5,5.065974553456349,0.1291863954207542,100,0.407,4.876359659024312,0.0831845042523565,1.0388845178966917,1.5530103422729062
monash_m1_yearly,chronos-2,drift,1.0,5.280781515222693,0.2020361438247112,100,0.185,3.637927031199332,0.0709694020421235,1.4515908290446808,2.8468063420457415
monash_m1_yearly,chronos-t5,drift,1.0,5.816286506017091,0.2387267058196542,100,0.705,4.876359659024312,0.0831845042523565,1.1927517477619451,2.869845868113007
monash_m1_yearly,chronos-2,drift,2.0,8.825053329006215,0.3223076810594603,100,0.15,3.637927031199332,0.0709694020421235,2.425846712515512,4.541501996425957
monash_m1_yearly,chronos-t5,drift,2.0,8.31738351866173,0.2781111622394016,100,0.647,4.876359659024312,0.0831845042523565,1.7056542380481254,3.3433049188548005
monash_m1_yearly,chronos-2,drift,4.0,14.834328937789444,0.7089225567463511,100,0.185,3.637927031199332,0.0709694020421235,4.077687323183869,9.989129629774448
monash_m1_yearly,chronos-t5,drift,4.0,13.090410696724405,0.6679356119850576,100,0.657,4.876359659024312,0.0831845042523565,2.6844637418199793,8.029567742073018
monash_m1_yearly,chronos-2,drift,6.0,22.37925767288332,1.140774581477218,100,0.214,3.637927031199332,0.0709694020421235,6.151651058681473,16.074174907097536
monash_m1_yearly,chronos-t5,drift,6.0,20.02797069711836,1.0354480984987056,100,0.694,4.876359659024312,0.0831845042523565,4.107156177468186,12.447607974647186
monash_m1_yearly,chronos-2,drift,9.0,33.95239315196345,1.8121908252746608,100,0.152,3.637927031199332,0.0709694020421235,9.33289559157821,25.534818853328435
monash_m1_yearly,chronos-t5,drift,9.0,29.71467206856373,1.7423182482602744,100,0.642,4.876359659024312,0.0831845042523565,6.0936178104855365,20.945226084110693
monash_m1_yearly,chronos-2,drift,12.0,46.5993820589562,2.51327022988215,100,0.151,3.637927031199332,0.0709694020421235,12.809322908160027,35.413433924530075
monash_m1_yearly,chronos-t5,drift,12.0,42.03417799968758,2.3223556378987413,100,0.59,4.876359659024312,0.0831845042523565,8.619991333473134,27.918128006791026
monash_m1_yearly,chronos-2,drift,16.0,61.80051742476258,3.357182705351926,100,0.125,3.637927031199332,0.0709694020421235,16.987838649525777,47.304649732842456
monash_m1_yearly,chronos-t5,drift,16.0,56.07409171791318,3.1424555788482524,100,0.458,4.876359659024312,0.0831845042523565,11.49917061883265,37.776934623725076
monash_m1_yearly,chronos-2,drift,20.0,77.30850557902372,4.180194143622312,100,0.203,3.637927031199332,0.0709694020421235,21.25070264357036,58.9013578153185
monash_m1_yearly,chronos-t5,drift,20.0,69.95129089551061,3.89650692087764,100,0.416,4.876359659024312,0.0831845042523565,14.344981869017191,46.841740007932515
monash_m1_yearly,chronos-2,drift,26.0,100.39515683741055,5.361137213260236,100,0.155,3.637927031199332,0.0709694020421235,27.59680333783738,75.54152999736651
monash_m1_yearly,chronos-t5,drift,26.0,89.90735865004996,5.340751162950609,100,0.603,4.876359659024312,0.0831845042523565,18.437392837434615,64.2036784489139
monash_m1_yearly,chronos-2,drift,32.0,123.55220492093812,6.6507450444861895,100,0.145,3.637927031199332,0.0709694020421235,33.96225483945622,93.71285163905814
monash_m1_yearly,chronos-t5,drift,32.0,110.88828105385208,6.133492423870921,100,0.404,4.876359659024312,0.0831845042523565,22.739971783795617,73.733593521983
monash_m1_yearly,chronos-2,drift_step,0.5,4.4327269135677625,0.0698705907667226,100,0.162,3.637927031199332,0.0709694020421235,1.2184760374664263,0.9845171123923419
monash_m1_yearly,chronos-t5,drift_step,0.5,5.163335679622253,0.0894753151638904,100,0.687,4.876359659024312,0.0831845042523565,1.0588504623662973,1.0756247929596296
monash_m1_yearly,chronos-2,drift_step,1.0,5.184352277300801,0.1130224370012822,100,0.162,3.637927031199332,0.0709694020421235,1.4250841847126472,1.5925516313945882
monash_m1_yearly,chronos-t5,drift_step,1.0,5.616619235202486,0.1075276071592147,100,0.646,4.876359659024312,0.0831845042523565,1.151805778888403,1.292639874765721
monash_m1_yearly,chronos-2,drift_step,2.0,6.477947939841521,0.1369291690790076,100,0.131,3.637927031199332,0.0709694020421235,1.7806701135800151,1.9294113398015391
monash_m1_yearly,chronos-t5,drift_step,2.0,6.102127210582334,0.0943975960551716,100,0.586,4.876359659024312,0.0831845042523565,1.2513693897228408,1.1347978437041348
monash_m1_yearly,chronos-2,drift_step,4.0,5.955328169486212,0.0840352910893796,100,0.137,3.637927031199332,0.0709694020421235,1.6370114404199285,1.1841059480746492
monash_m1_yearly,chronos-t5,drift_step,4.0,5.590936735600041,0.0865119304298648,100,0.517,4.876359659024312,0.0831845042523565,1.1465390427577085,1.0400005530767353
monash_m1_yearly,chronos-2,drift_step,8.0,6.8307463849961865,0.1208495350107822,100,0.142,3.637927031199332,0.0709694020421235,1.8776479919511369,1.7028399779816747
monash_m1_yearly,chronos-t5,drift_step,8.0,6.0473455470568505,0.10030896822669,100,0.661,4.876359659024312,0.0831845042523565,1.2401352586586765,1.2058612253357077
monash_m1_yearly,chronos-2,drift_step,12.0,8.402493845226838,0.2310164815038989,100,0.155,3.637927031199332,0.0709694020421235,2.309692792946633,3.2551560934215047
monash_m1_yearly,chronos-t5,drift_step,12.0,7.301341542504677,0.0803818163228799,100,0.508,4.876359659024312,0.0831845042523565,1.4972934838784158,0.966307571888941
monash_m1_yearly,chronos-2,drift_step,16.0,9.274822788267404,0.1416644060904302,100,0.132,3.637927031199332,0.0709694020421235,2.549480159641831,1.996133573259446
monash_m1_yearly,chronos-t5,drift_step,16.0,7.889375924863295,0.096405349718911,100,0.566,4.876359659024312,0.0831845042523565,1.6178822885352642,1.1589339936010976
monash_m1_yearly,chronos-2,drift_step,20.0,11.860737994434055,0.2048499686150099,100,0.138,3.637927031199332,0.0709694020421235,3.2603012354879124,2.8864547638913782
monash_m1_yearly,chronos-t5,drift_step,20.0,9.184384963918149,0.0963168785929403,100,0.624,4.876359659024312,0.0831845042523565,1.883451100027312,1.1578704406381286
monash_m1_yearly,chronos-2,gap,0.05,3.973359780409703,0.0765633506270913,100,0.162,3.637927031199332,0.0709694020421235,1.0922043642804422,1.0788219771338574
monash_m1_yearly,chronos-t5,gap,0.05,5.0329791753135416,0.0860618699039094,100,0.646,4.876359659024312,0.0831845042523565,1.0321181223783167,1.034590164086617
monash_m1_yearly,chronos-2,gap,0.1,3.999087263320641,0.0788455013246516,100,0.135,3.637927031199332,0.0709694020421235,1.0992763815832347,1.1109788029192254
monash_m1_yearly,chronos-t5,gap,0.1,5.110515816611726,0.0829224758994778,100,0.695,4.876359659024312,0.0831845042523565,1.0480186397149929,0.9968500340870723
monash_m1_yearly,chronos-2,gap,0.15,4.263013886156641,0.0738441713373803,100,0.139,3.637927031199332,0.0709694020421235,1.1718250117708475,1.0405071652365128
monash_m1_yearly,chronos-t5,gap,0.15,5.291284173300353,0.0910621891043835,100,0.621,4.876359659024312,0.0831845042523565,1.085088989182365,1.0947013500029825
monash_m1_yearly,chronos-2,gap,0.2,4.277673179725145,0.1905014376624571,100,0.142,3.637927031199332,0.0709694020421235,1.1758545850533195,2.6842756481079837
monash_m1_yearly,chronos-t5,gap,0.2,5.554229384647873,0.2923682499782928,100,0.655,4.876359659024312,0.0831845042523565,1.1390114292265292,3.514696067567301
monash_m1_yearly,chronos-2,gap,0.3,4.9097980928579465,0.1964014140741707,100,0.139,3.637927031199332,0.0709694020421235,1.3496142310582055,2.7674097346571656
monash_m1_yearly,chronos-t5,gap,0.3,6.028288284431364,0.2951252479229013,100,0.525,4.876359659024312,0.0831845042523565,1.2362271665657933,3.547839234908235
monash_m1_yearly,chronos-2,gap,0.4,4.312722546890566,0.0746967830921681,100,0.133,3.637927031199332,0.0709694020421235,1.1854890188571954,1.0525209589314592
monash_m1_yearly,chronos-t5,gap,0.4,5.541117469343952,0.0924102128100821,100,0.666,4.876359659024312,0.0831845042523565,1.1363225555131935,1.1109065761783903
monash_m1_yearly,chronos-2,gap,0.5,5.342841990638473,0.3032164463323475,100,0.152,3.637927031199332,0.0709694020421235,1.468650125419661,4.272495436165223
monash_m1_yearly,chronos-t5,gap,0.5,6.444869334687622,0.3425872965970479,100,0.711,4.876359659024312,0.0831845042523565,1.3216558632545872,4.118402816439732
monash_m1_yearly,chronos-2,gap,0.6,5.191824337157464,0.3243510144585137,100,0.144,3.637927031199332,0.0709694020421235,1.4271381181182878,4.570293748085928
monash_m1_yearly,chronos-t5,gap,0.6,6.312992184664563,0.3497158711349539,100,0.529,4.876359659024312,0.0831845042523565,1.2946116829142376,4.204098759475951
monash_m1_yearly,chronos-2,gap,0.7,5.735467956608959,0.0977855538872933,100,0.139,3.637927031199332,0.0709694020421235,1.5765758651619026,1.3778551188757828
monash_m1_yearly,chronos-t5,gap,0.7,6.645739665316192,0.1247017179035299,100,0.493,4.876359659024312,0.0831845042523565,1.362848544819171,1.4990979272440308
monash_m3_monthly,chronos-2,clean,0.0,0.811635633079432,0.0890118420485498,100,0.143,0.811635633079432,0.0890118420485498,1.0,1.0
monash_m3_monthly,chronos-t5,clean,0.0,0.8309916385062547,0.0931626489282757,100,1.153,0.8309916385062547,0.0931626489282757,1.0,1.0
monash_m3_monthly,chronos-2,spikes_intensity,1.0,0.8652723257459936,0.0929459651606475,100,0.147,0.811635633079432,0.0890118420485498,1.0660846942649107,1.0441977496651729
monash_m3_monthly,chronos-t5,spikes_intensity,1.0,0.906473991680506,0.1039776628036651,100,1.336,0.8309916385062547,0.0931626489282757,1.0908340706170454,1.1160874449127751
monash_m3_monthly,chronos-2,spikes_intensity,2.0,0.9075054450179112,0.0989016734969886,100,0.13,0.811635633079432,0.0890118420485498,1.1181192742545556,1.1111069181451676
monash_m3_monthly,chronos-t5,spikes_intensity,2.0,0.9803350847577692,0.108003855512087,100,1.237,0.8309916385062547,0.0931626489282757,1.179717146757296,1.1593042571732508
monash_m3_monthly,chronos-2,spikes_intensity,4.0,1.0046222065208306,0.0962957583292919,100,0.158,0.811635633079432,0.0890118420485498,1.2377748900811403,1.081830867816096
monash_m3_monthly,chronos-t5,spikes_intensity,4.0,1.06072917815754,0.1047891186267772,100,1.368,0.8309916385062547,0.0931626489282757,1.2764619149047627,1.1247975431382649
monash_m3_monthly,chronos-2,spikes_intensity,6.0,0.8745926638691977,0.095707099722703,100,0.136,0.811635633079432,0.0890118420485498,1.0775680961060075,1.0752176061079761
monash_m3_monthly,chronos-t5,spikes_intensity,6.0,0.9436016209982692,0.0993805438222162,100,1.3,0.8309916385062547,0.0931626489282757,1.1355127744659814,1.0667423582891846
monash_m3_monthly,chronos-2,spikes_intensity,8.0,0.929962861438686,0.1015962690656173,100,0.151,0.811635633079432,0.0890118420485498,1.1457886070259236,1.1413792449121947
monash_m3_monthly,chronos-t5,spikes_intensity,8.0,1.1247877460639508,0.1013398818910291,100,1.358,0.8309916385062547,0.0931626489282757,1.3535488131815718,1.0877737275273154
monash_m3_monthly,chronos-2,spikes_intensity,12.0,0.9511261273799352,0.1062902069093429,100,0.143,0.811635633079432,0.0890118420485498,1.1718634429235955,1.194113102966333
monash_m3_monthly,chronos-t5,spikes_intensity,12.0,0.8648986704733533,0.0983435114906946,100,1.362,0.8309916385062547,0.0931626489282757,1.0408030964403543,1.0556109408869168
monash_m3_monthly,chronos-2,spikes_intensity,16.0,0.9967365591532136,0.1061031742730937,100,0.143,0.811635633079432,0.0890118420485498,1.2280591419717355,1.1920118922516147
monash_m3_monthly,chronos-t5,spikes_intensity,16.0,1.4370345024340694,0.1082992914944764,100,1.372,0.8309916385062547,0.0931626489282757,1.7293007965967075,1.1624754420395897
monash_m3_monthly,chronos-2,spikes_intensity,20.0,1.0995748151878495,0.1293359094085498,100,0.137,0.811635633079432,0.0890118420485498,1.3547640965638061,1.453019131297227
monash_m3_monthly,chronos-t5,spikes_intensity,20.0,1.1414999793624152,0.1142080833618236,100,1.311,0.8309916385062547,0.0931626489282757,1.3736600062719204,1.2258999145650145
monash_m3_monthly,chronos-2,spikes_intensity,30.0,1.0432730701280335,0.1104648877359591,100,0.147,0.811635633079432,0.0890118420485498,1.2853958446473628,1.2410133887096522
monash_m3_monthly,chronos-t5,spikes_intensity,30.0,0.8746162900402871,0.0982438018439911,100,1.288,0.8309916385062547,0.0931626489282757,1.0524971004671595,1.0545406659661138
monash_m3_monthly,chronos-2,spikes_intensity,40.0,1.167868253556143,0.129356385624197,100,0.136,0.811635633079432,0.0890118420485498,1.4389070735166305,1.4532491705276926
monash_m3_monthly,chronos-t5,spikes_intensity,40.0,0.9096007011706364,0.0987133599660751,100,1.461,0.8309916385062547,0.0931626489282757,1.0945966951071675,1.0595808631640862
monash_m3_monthly,chronos-2,spikes_density,0.01,0.8830070691385838,0.0935912544094014,100,0.142,0.811635633079432,0.0890118420485498,1.0879353162309557,1.051447226070817
monash_m3_monthly,chronos-t5,spikes_density,0.01,0.8567325634272847,0.0970048533560449,100,1.379,0.8309916385062547,0.0931626489282757,1.0309761539445816,1.0412418976056301
monash_m3_monthly,chronos-2,spikes_density,0.02,0.8945965616782968,0.1086915125835809,100,0.142,0.811635633079432,0.0890118420485498,1.1022144977594222,1.2210904760772976
monash_m3_monthly,chronos-t5,spikes_density,0.02,0.8605350902408108,0.0980735900141107,100,1.321,0.8309916385062547,0.0931626489282757,1.035552044527983,1.0527136265695478
monash_m3_monthly,chronos-2,spikes_density,0.05,1.040560502974214,0.1185352884303964,100,0.147,0.811635633079432,0.0890118420485498,1.2820537450114367,1.3316799843973974
monash_m3_monthly,chronos-t5,spikes_density,0.05,0.9187088467673332,0.1029035906837339,100,1.314,0.8309916385062547,0.0931626489282757,1.1055572694073723,1.1045584455521182
monash_m3_monthly,chronos-2,spikes_density,0.08,1.2320486676991926,0.1285658588539243,100,0.138,0.811635633079432,0.0890118420485498,1.5179824757381202,1.4443680289618153
monash_m3_monthly,chronos-t5,spikes_density,0.08,0.9039983881850626,0.101165159007882,100,1.316,0.8309916385062547,0.0931626489282757,1.0878549750633362,1.0858982668662343
monash_m3_monthly,chronos-2,spikes_density,0.12,1.2749554053674603,0.159692013773671,100,0.142,0.811635633079432,0.0890118420485498,1.5708470074559735,1.7940535786976533
monash_m3_monthly,chronos-t5,spikes_density,0.12,0.9566434215333204,0.1119589291503569,100,1.354,0.8309916385062547,0.0931626489282757,1.1512070365147482,1.2017576833453087
monash_m3_monthly,chronos-2,spikes_density,0.16,1.7603104405432153,0.2244396526288814,100,0.129,0.811635633079432,0.0890118420485498,2.1688432207743396,2.5214583527713663
monash_m3_monthly,chronos-t5,spikes_density,0.16,1.3944331352916617,0.1374909674672328,100,1.261,0.8309916385062547,0.0931626489282757,1.678035097679465,1.4758164248108134
monash_m3_monthly,chronos-2,spikes_density,0.2,2.057163762895404,0.2725298237500946,100,0.133,0.811635633079432,0.0890118420485498,2.534590250911367,3.0617254679601897
monash_m3_monthly,chronos-t5,spikes_density,0.2,1.06440512504452,0.1229137786001775,100,1.334,0.8309916385062547,0.0931626489282757,1.2808854815408692,1.3193461114958924
monash_m3_monthly,chronos-2,spikes_density,0.3,2.4465176337602696,0.4136878888915559,100,0.135,0.811635633079432,0.0890118420485498,3.014305353349164,4.647560137738951
monash_m3_monthly,chronos-t5,spikes_density,0.3,2.434533485580976,0.2056177009850727,100,1.382,0.8309916385062547,0.0931626489282757,2.929672661877995,2.20708302469345
monash_m3_monthly,chronos-2,spikes_density,0.4,3.4224786065894004,0.6994808580941972,100,0.141,0.811635633079432,0.0890118420485498,4.216767311711232,7.858289885885958
monash_m3_monthly,chronos-t5,spikes_density,0.4,4.099540384864287,0.326893299101705,100,1.426,0.8309916385062547,0.0931626489282757,4.933311233111079,3.5088450453289974
monash_m3_monthly,chronos-2,drift,0.5,1.3261646475585358,0.1276659127864907,100,0.137,0.811635633079432,0.0890118420485498,1.633940888631178,1.4342576206529665
monash_m3_monthly,chronos-t5,drift,0.5,1.2946562545990885,0.130953319142803,100,1.337,0.8309916385062547,0.0931626489282757,1.5579654410558115,1.4056418602225629
monash_m3_monthly,chronos-2,drift,1.0,2.324048387744662,0.2178194373171563,100,0.135,0.811635633079432,0.0890118420485498,2.863413449366405,2.447083807100081
monash_m3_monthly,chronos-t5,drift,1.0,2.1823117189185672,0.2147488554787082,100,1.395,0.8309916385062547,0.0931626489282757,2.6261536431839096,2.305096065313038
monash_m3_monthly,chronos-2,drift,2.0,4.113233488313224,0.3987714313882156,100,0.16,0.811635633079432,0.0890118420485498,5.067832560168876,4.479981789060307
monash_m3_monthly,chronos-t5,drift,2.0,3.952361880317497,0.3914921973313799,100,1.283,0.8309916385062547,0.0931626489282757,4.756199337242487,4.20224415938176
monash_m3_monthly,chronos-2,drift,4.0,8.245535638105547,0.8479208103124185,100,0.153,0.811635633079432,0.0890118420485498,10.159159236049195,9.525932626469368
monash_m3_monthly,chronos-t5,drift,4.0,7.813286067500501,0.7962843639371084,100,1.372,0.8309916385062547,0.0931626489282757,9.402364242250666,8.547249064913922
monash_m3_monthly,chronos-2,drift,6.0,12.34278101244021,1.3052052873446816,100,0.145,0.811635633079432,0.0890118420485498,15.20729316135417,14.663276900086872
monash_m3_monthly,chronos-t5,drift,6.0,11.677859936735876,1.2069697821359393,100,1.42,0.8309916385062547,0.0931626489282757,14.05292110727776,12.955511634981143
monash_m3_monthly,chronos-2,drift,9.0,18.54424317467323,2.0168488704951355,100,0.141,0.811635633079432,0.0890118420485498,22.84799042683032,22.65820843697498
monash_m3_monthly,chronos-t5,drift,9.0,17.835025434877192,1.90168955340924,100,1.332,0.8309916385062547,0.0931626489282757,21.46234042370927,20.412574945924067
monash_m3_monthly,chronos-2,drift,12.0,24.912936080390107,2.71799819159372,100,0.153,0.811635633079432,0.0890118420485498,30.694729340391053,30.53524260413845
monash_m3_monthly,chronos-t5,drift,12.0,24.06781668993805,2.540459307268088,100,1.246,0.8309916385062547,0.0931626489282757,28.962766380178078,27.269075498528853
monash_m3_monthly,chronos-2,drift,16.0,33.25643535307025,3.662354359168855,100,0.13,0.811635633079432,0.0890118420485498,40.974587607608846,41.14457441709042
monash_m3_monthly,chronos-t5,drift,16.0,32.20144757925112,3.460615505288327,100,1.372,0.8309916385062547,0.0931626489282757,38.75062766832972,37.14595436152309
monash_m3_monthly,chronos-2,drift,20.0,41.55673214547361,4.585688986080345,100,0.147,0.811635633079432,0.0890118420485498,51.2012169645669,51.51774056736371
monash_m3_monthly,chronos-t5,drift,20.0,40.60781953440193,4.35505918030684,100,1.572,0.8309916385062547,0.0931626489282757,48.86670052107424,46.746837175698225
monash_m3_monthly,chronos-2,drift,26.0,54.119289668385576,6.001175079826369,100,0.151,0.811635633079432,0.0890118420485498,66.6792923606018,67.41996280172636
monash_m3_monthly,chronos-t5,drift,26.0,53.04219877072645,5.757127312686509,100,1.215,0.8309916385062547,0.0931626489282757,63.83000299024936,61.79651801355307
monash_m3_monthly,chronos-2,drift,32.0,66.60882172902494,7.414786747648659,100,0.133,0.811635633079432,0.0890118420485498,82.06739454785145,83.30112687258405
monash_m3_monthly,chronos-t5,drift,32.0,65.44548093427102,7.170913653480964,100,1.276,0.8309916385062547,0.0931626489282757,78.75588381600596,76.97198111017352
monash_m3_monthly,chronos-2,drift_step,0.5,0.9191777915250012,0.0961180794254095,100,0.137,0.811635633079432,0.0890118420485498,1.1325005384960032,1.079834741235708
monash_m3_monthly,chronos-t5,drift_step,0.5,0.8852266247690508,0.0978065855139525,100,1.254,0.8309916385062547,0.0931626489282757,1.0652653814426893,1.0498476228306055
monash_m3_monthly,chronos-2,drift_step,1.0,0.9036973077234052,0.0967877134475344,100,0.139,0.811635633079432,0.0890118420485498,1.113427344601273,1.0873577180297358
monash_m3_monthly,chronos-t5,drift_step,1.0,0.91625629777427,0.100311271052522,100,1.302,0.8309916385062547,0.0931626489282757,1.102605917216306,1.0767327057193263
monash_m3_monthly,chronos-2,drift_step,2.0,0.987114350194768,0.1069807366686041,100,0.175,0.811635633079432,0.0890118420485498,1.2162038111234115,1.2018708320883138
monash_m3_monthly,chronos-t5,drift_step,2.0,1.0714432993498562,0.1176784674730149,100,1.423,0.8309916385062547,0.0931626489282757,1.2893550905949238,1.263150724316711
monash_m3_monthly,chronos-2,drift_step,4.0,1.0965724992955244,0.1285945670635505,100,0.18,0.811635633079432,0.0890118420485498,1.3510650033131388,1.4446905502012986
monash_m3_monthly,chronos-t5,drift_step,4.0,1.2107739817992318,0.116342413261423,100,2.08,0.8309916385062547,0.0931626489282757,1.4570230622003046,1.2488096313254575
monash_m3_monthly,chronos-2,drift_step,8.0,1.0115911089480265,0.1238887025145675,100,0.151,0.811635633079432,0.0890118420485498,1.2463611351191448,1.3918227020512035
monash_m3_monthly,chronos-t5,drift_step,8.0,1.811061686170139,0.1427496998220929,100,1.284,0.8309916385062547,0.0931626489282757,2.1793982060103576,1.5322632134686662
monash_m3_monthly,chronos-2,drift_step,12.0,1.4589825762502768,0.1897986923156372,100,0.151,0.811635633079432,0.0890118420485498,1.7975831971727776,2.13228586160609
monash_m3_monthly,chronos-t5,drift_step,12.0,1.5215910216394406,0.1939905788796675,100,1.352,0.8309916385062547,0.0931626489282757,1.83105455113191,2.0822784786746187
monash_m3_monthly,chronos-2,drift_step,16.0,1.2079291642653518,0.171014158511268,100,0.13,0.811635633079432,0.0890118420485498,1.488265318862776,1.9212517635349196
monash_m3_monthly,chronos-t5,drift_step,16.0,1.309729285815925,0.1443107291432069,100,1.365,0.8309916385062547,0.0931626489282757,1.5761040486162088,1.5490191702718674
monash_m3_monthly,chronos-2,drift_step,20.0,1.203970193425904,0.2070554645944282,100,0.149,0.811635633079432,0.0890118420485498,1.4833875502211662,2.3261563835685344
monash_m3_monthly,chronos-t5,drift_step,20.0,1.1045877472814658,0.1496141455284608,100,1.496,0.8309916385062547,0.0931626489282757,1.329240507482136,1.605945593535518
monash_m3_monthly,chronos-2,gap,0.05,0.8531214149274112,0.092582770209435,100,0.152,0.811635633079432,0.0890118420485498,1.051113800524723,1.0401174504279724
monash_m3_monthly,chronos-t5,gap,0.05,0.8534055044556824,0.096485926988418,100,1.323,0.8309916385062547,0.0931626489282757,1.0269724325863467,1.0356717858323332
monash_m3_monthly,chronos-2,gap,0.1,0.8460956390056896,0.0929952560222297,100,0.135,0.811635633079432,0.0890118420485498,1.0424574827937416,1.0447515058896009
monash_m3_monthly,chronos-t5,gap,0.1,0.8630993299433359,0.096380638807972,100,1.613,0.8309916385062547,0.0931626489282757,1.0386378032573182,1.0345416314018054
monash_m3_monthly,chronos-2,gap,0.15,0.8303839095333466,0.0928623074737488,100,0.243,0.811635633079432,0.0890118420485498,1.0230993757417743,1.0432579007082994
monash_m3_monthly,chronos-t5,gap,0.15,0.8601293375465416,0.0972742620198002,100,2.181,0.8309916385062547,0.0931626489282757,1.0350637692247582,1.044133707433437
monash_m3_monthly,chronos-2,gap,0.2,0.852443063781729,0.0933451069550885,100,0.144,0.811635633079432,0.0890118420485498,1.0502780176708966,1.0486818922832224
monash_m3_monthly,chronos-t5,gap,0.2,0.8664511492445512,0.0951856460427263,100,1.493,0.8309916385062547,0.0931626489282757,1.0426713207392033,1.0217146800538923
monash_m3_monthly,chronos-2,gap,0.3,0.8913042651624873,0.0955169659154836,100,0.142,0.811635633079432,0.0890118420485498,1.0981581251931782,1.0730815554113093
monash_m3_monthly,chronos-t5,gap,0.3,0.8980541306996224,0.0997144309089324,100,1.423,0.8309916385062547,0.0931626489282757,1.0807017653197035,1.070326274059691
monash_m3_monthly,chronos-2,gap,0.4,0.898804895932865,0.0963387449323642,100,0.138,0.811635633079432,0.0890118420485498,1.107399502068069,1.0823137990989793
monash_m3_monthly,chronos-t5,gap,0.4,0.9870187248725152,0.1055740608378345,100,1.488,0.8309916385062547,0.0931626489282757,1.1877601159101026,1.1332230464927433
monash_m3_monthly,chronos-2,gap,0.5,0.9199409231891542,0.0969090350834062,100,0.161,0.811635633079432,0.0890118420485498,1.1334407777278093,1.0887207011236666
monash_m3_monthly,chronos-t5,gap,0.5,1.0105697330355834,0.1060904243123153,100,1.726,0.8309916385062547,0.0931626489282757,1.2161009644478837,1.1387656483876116
monash_m3_monthly,chronos-2,gap,0.6,1.0174932516681756,0.1013789165976061,100,0.163,0.811635633079432,0.0890118420485498,1.2536330468977783,1.1389374072531937
monash_m3_monthly,chronos-t5,gap,0.6,1.0945830337851616,0.108229146605843,100,1.563,0.8309916385062547,0.0931626489282757,1.3172010199196764,1.16172251273326
monash_m3_monthly,chronos-2,gap,0.7,1.053975635032795,0.1076309590880259,100,0.151,0.811635633079432,0.0890118420485498,1.2985822604090203,1.2091757300036625
monash_m3_monthly,chronos-t5,gap,0.7,1.1074635356261502,0.1148627779583688,100,1.458,0.8309916385062547,0.0931626489282757,1.3327011780971303,1.232927351033134
monash_m3_quarterly,chronos-2,clean,0.0,1.2542640597019636,0.0738475098006632,100,0.15,1.2542640597019636,0.0738475098006632,1.0,1.0
monash_m3_quarterly,chronos-t5,clean,0.0,1.3468232787559626,0.0810438214814683,100,0.648,1.3468232787559626,0.0810438214814683,1.0,1.0
monash_m3_quarterly,chronos-2,spikes_intensity,1.0,1.5045903142848218,0.0886975394288368,100,0.132,1.2542640597019636,0.0738475098006632,1.1995801862028481,1.2010904588151765
monash_m3_quarterly,chronos-t5,spikes_intensity,1.0,1.6095310423552354,0.0957956301068984,100,0.777,1.3468232787559626,0.0810438214814683,1.1950573380658607,1.1820226188223772
monash_m3_quarterly,chronos-2,spikes_intensity,2.0,1.481694579645707,0.0843896829033606,100,0.159,1.2542640597019636,0.0738475098006632,1.1813258684919865,1.1427559728304166
monash_m3_quarterly,chronos-t5,spikes_intensity,2.0,1.5985599819827618,0.0890470422964417,100,0.711,1.3468232787559626,0.0810438214814683,1.1869114583906837,1.0987517699520553
monash_m3_quarterly,chronos-2,spikes_intensity,4.0,1.414283411487429,0.0818842568111281,100,0.158,1.2542640597019636,0.0738475098006632,1.1275802735059546,1.1088289507954774
monash_m3_quarterly,chronos-t5,spikes_intensity,4.0,1.588648998244314,0.0893125642467655,100,0.745,1.3468232787559626,0.0810438214814683,1.1795526727988557,1.1020280462365406
monash_m3_quarterly,chronos-2,spikes_intensity,6.0,1.572029481562501,0.095377569536849,100,0.159,1.2542640597019636,0.0738475098006632,1.2533481043346202,1.2915475388987654
monash_m3_quarterly,chronos-t5,spikes_intensity,6.0,1.5932038205845032,0.0983548791907144,100,0.732,1.3468232787559626,0.0810438214814683,1.1829345733139673,1.2136012023224312
monash_m3_quarterly,chronos-2,spikes_intensity,8.0,1.493726224679493,0.0947048246482373,100,0.139,1.2542640597019636,0.0738475098006632,1.1909184618065434,1.2824376191407716
monash_m3_quarterly,chronos-t5,spikes_intensity,8.0,2.1380424526702133,0.1125375970106856,100,0.705,1.3468232787559626,0.0810438214814683,1.5874706699791277,1.3886018076827578
monash_m3_quarterly,chronos-2,spikes_intensity,12.0,1.694492486318066,0.1141862462508857,100,0.138,1.2542640597019636,0.0738475098006632,1.3509854429861514,1.5462436927001193
monash_m3_quarterly,chronos-t5,spikes_intensity,12.0,1.6561439617434317,0.1023670134182262,100,0.871,1.3468232787559626,0.0810438214814683,1.229666867113541,1.2631069407509827
monash_m3_quarterly,chronos-2,spikes_intensity,16.0,2.0607749807218605,0.1181837854003931,100,0.16,1.2542640597019636,0.0738475098006632,1.6430152524752553,1.6003760413777925
monash_m3_quarterly,chronos-t5,spikes_intensity,16.0,2.1198253624304417,0.1271256859003335,100,0.637,1.3468232787559626,0.0810438214814683,1.5739447007394227,1.5686042881060638
monash_m3_quarterly,chronos-2,spikes_intensity,20.0,2.264466027882082,0.1382649466982467,100,0.143,1.2542640597019636,0.0738475098006632,1.8054141074728405,1.872303440853533
monash_m3_quarterly,chronos-t5,spikes_intensity,20.0,1.3559508165409404,0.0794573989884793,100,0.602,1.3468232787559626,0.0810438214814683,1.0067770864440424,0.9804251272461065
monash_m3_quarterly,chronos-2,spikes_intensity,30.0,2.048435367071453,0.1224046603725173,100,0.181,1.2542640597019636,0.0738475098006632,1.6331771218559823,1.6575326737885212
monash_m3_quarterly,chronos-t5,spikes_intensity,30.0,1.4075978860385745,0.1014913309477735,100,0.798,1.3468232787559626,0.0810438214814683,1.0451244110799365,1.2523018916498254
monash_m3_quarterly,chronos-2,spikes_intensity,40.0,1.6224075071269772,0.1127986151522407,100,0.16,1.2542640597019636,0.0738475098006632,1.2935135106338702,1.5274531999348162
monash_m3_quarterly,chronos-t5,spikes_intensity,40.0,1.3671234876524294,0.0806062811692839,100,0.824,1.3468232787559626,0.0810438214814683,1.0150726596552575,0.9946011885399005
monash_m3_quarterly,chronos-2,spikes_density,0.01,1.8101006670661823,0.1302926401672783,100,0.156,1.2542640597019636,0.0738475098006632,1.4431575656375706,1.7643471055283733
monash_m3_quarterly,chronos-t5,spikes_density,0.01,2.774844591539644,0.1324016880170075,100,0.802,1.3468232787559626,0.0810438214814683,2.060288558497979,1.6337048968906633
monash_m3_quarterly,chronos-2,spikes_density,0.02,1.4891469049386814,0.1084551198954136,100,0.491,1.2542640597019636,0.0738475098006632,1.1872674604839832,1.4686361149911056
monash_m3_quarterly,chronos-t5,spikes_density,0.02,2.37892382926992,0.1446490223296196,100,1.039,1.3468232787559626,0.0810438214814683,1.7663221796012398,1.7848247983061292
monash_m3_quarterly,chronos-2,spikes_density,0.05,1.5709894608962114,0.1083736310753795,100,0.152,1.2542640597019636,0.0738475098006632,1.2525189163671864,1.467532640815009
monash_m3_quarterly,chronos-t5,spikes_density,0.05,1.5868116112796995,0.1063151472580713,100,0.917,1.3468232787559626,0.0810438214814683,1.1781884351935243,1.311822978169676
monash_m3_quarterly,chronos-2,spikes_density,0.08,1.9854123350866055,0.132835023970293,100,0.146,1.2542640597019636,0.0738475098006632,1.5829301013044863,1.7987745873741037
monash_m3_quarterly,chronos-t5,spikes_density,0.08,2.237182234205323,0.0933814089831994,100,0.695,1.3468232787559626,0.0810438214814683,1.661080759067195,1.1522335358353288
monash_m3_quarterly,chronos-2,spikes_density,0.12,2.502617936176717,0.1623181964056304,100,0.147,1.2542640597019636,0.0738475098006632,1.9952879274651187,2.1980185498979776
monash_m3_quarterly,chronos-t5,spikes_density,0.12,1.7620684263843895,0.0965077642251721,100,1.135,1.3468232787559626,0.0810438214814683,1.3083145013739157,1.1908096442273497
monash_m3_quarterly,chronos-2,spikes_density,0.16,3.2801094734520406,0.2435121555756917,100,0.164,1.2542640597019636,0.0738475098006632,2.6151665975595724,3.2974998917770524
monash_m3_quarterly,chronos-t5,spikes_density,0.16,1.829468036460368,0.1068749474242712,100,1.447,1.3468232787559626,0.0810438214814683,1.3583578969248407,1.3187303544010387
monash_m3_quarterly,chronos-2,spikes_density,0.2,3.403821867928442,0.2627679106061123,100,0.194,1.2542640597019636,0.0738475098006632,2.713800049996851,3.5582501199485606
monash_m3_quarterly,chronos-t5,spikes_density,0.2,1.6214533491632317,0.0965462711438709,100,1.069,1.3468232787559626,0.0810438214814683,1.2039095067178673,1.191284781233415
monash_m3_quarterly,chronos-2,spikes_density,0.3,5.115261891426636,0.4130378587913294,100,0.148,1.2542640597019636,0.0738475098006632,4.0782974301616495,5.593118304276525
monash_m3_quarterly,chronos-t5,spikes_density,0.3,2.9008531476561097,0.1659474341912691,100,0.749,1.3468232787559626,0.0810438214814683,2.153848387841631,2.0476259776226753
monash_m3_quarterly,chronos-2,spikes_density,0.4,7.760790395868663,0.6440753594344981,100,0.152,1.2542640597019636,0.0738475098006632,6.187525135427041,8.721693678948046
monash_m3_quarterly,chronos-t5,spikes_density,0.4,4.577280261788997,0.240657741570375,100,0.773,1.3468232787559626,0.0810438214814683,3.3985752503602042,2.969476724705096
monash_m3_quarterly,chronos-2,drift,0.5,1.8937856038310972,0.107077172528632,100,0.15,1.2542640597019636,0.0738475098006632,1.5098779154057047,1.4499767536869657
monash_m3_quarterly,chronos-t5,drift,0.5,1.8910922725050927,0.110683244912157,100,0.831,1.3468232787559626,0.0810438214814683,1.404113147087762,1.365720950578153
monash_m3_quarterly,chronos-2,drift,1.0,2.8888678734622304,0.1609917367389619,100,0.151,1.2542640597019636,0.0738475098006632,2.3032373853944907,2.1800564050639943
monash_m3_quarterly,chronos-t5,drift,1.0,2.8386702001935915,0.1623889287890911,100,0.595,1.3468232787559626,0.0810438214814683,2.107678301206393,2.0037175668748963
monash_m3_quarterly,chronos-2,drift,2.0,5.395809884513752,0.3141767448447025,100,0.132,1.2542640597019636,0.0738475098006632,4.301972812484077,4.254398634331214
monash_m3_quarterly,chronos-t5,drift,2.0,5.124917731292687,0.3087187322025194,100,0.728,1.3468232787559626,0.0810438214814683,3.805189449967396,3.809281528920892
monash_m3_quarterly,chronos-2,drift,4.0,10.1862098821978,0.6519570189684406,100,0.149,1.2542640597019636,0.0738475098006632,8.121264261226008,8.828422525394155
monash_m3_quarterly,chronos-t5,drift,4.0,9.77048280377798,0.6376758450016558,100,0.673,1.3468232787559626,0.0810438214814683,7.2544653466361275,7.86828450762861
monash_m3_quarterly,chronos-2,drift,6.0,15.332082867136732,0.9952492060795444,100,0.137,1.2542640597019636,0.0738475098006632,12.223967312576843,13.47708553431285
monash_m3_quarterly,chronos-t5,drift,6.0,14.716374029968684,0.959531404788998,100,0.731,1.3468232787559626,0.0810438214814683,10.926729781179565,11.839661398597881
monash_m3_quarterly,chronos-2,drift,9.0,23.42003629792617,1.5299725776452195,100,0.188,1.2542640597019636,0.0738475098006632,18.67233308390516,20.71799823413246
monash_m3_quarterly,chronos-t5,drift,9.0,22.483276879530823,1.4615111292544636,100,0.825,1.3468232787559626,0.0810438214814683,16.693561237149268,18.03359099482564
monash_m3_quarterly,chronos-2,drift,12.0,31.367083703296167,2.055888822885247,100,0.161,1.2542640597019636,0.0738475098006632,25.00835725991349,27.839649954815183
monash_m3_quarterly,chronos-t5,drift,12.0,30.30758305795521,1.991861634966176,100,0.936,1.3468232787559626,0.0810438214814683,22.503013970734006,24.577587761229157
monash_m3_quarterly,chronos-2,drift,16.0,42.36381183391868,2.780112785275284,100,0.165,1.2542640597019636,0.0738475098006632,33.77583173672784,37.6466693701609
monash_m3_quarterly,chronos-t5,drift,16.0,40.997152070963246,2.687967105011151,100,0.792,1.3468232787559626,0.0810438214814683,30.4398897150275,33.16683561899643
monash_m3_quarterly,chronos-2,drift,20.0,52.70788699206041,3.4792391597450334,100,0.151,1.2542640597019636,0.0738475098006632,42.02295886927094,47.11383185616623
monash_m3_quarterly,chronos-t5,drift,20.0,50.96610655276485,3.370121065730592,100,0.954,1.3468232787559626,0.0810438214814683,37.8417178828698,41.583935753834275
monash_m3_quarterly,chronos-2,drift,26.0,68.85321618187288,4.545325882509892,100,0.15,1.2542640597019636,0.0738475098006632,54.89531143723729,61.55015781546465
monash_m3_quarterly,chronos-t5,drift,26.0,66.97749344451832,4.418470427484892,100,0.905,1.3468232787559626,0.0810438214814683,49.7299790558894,54.51952223767276
monash_m3_quarterly,chronos-2,drift,32.0,85.03738293502015,5.632196774658153,100,0.174,1.2542640597019636,0.0738475098006632,67.79862842855164,76.26793090059718
monash_m3_quarterly,chronos-t5,drift,32.0,83.25852842120115,5.52645058147676,100,0.831,1.3468232787559626,0.0810438214814683,61.81845067164685,68.19089327790957
monash_m3_quarterly,chronos-2,drift_step,0.5,1.370288349670906,0.0793952998565635,100,0.267,1.2542640597019636,0.0738475098006632,1.0925038783272734,1.0751249442381399
monash_m3_quarterly,chronos-t5,drift_step,0.5,1.4358754159945937,0.0817444045358705,100,1.0,1.3468232787559626,0.0810438214814683,1.0661201351679093,1.0086444967869932
monash_m3_quarterly,chronos-2,drift_step,1.0,1.495434850349715,0.0829750510416506,100,0.136,1.2542640597019636,0.0738475098006632,1.1922807153583417,1.123599851445572
monash_m3_quarterly,chronos-t5,drift_step,1.0,1.4541195447629989,0.0856808224802703,100,1.173,1.3468232787559626,0.0810438214814683,1.079666180188201,1.0572159717303349
monash_m3_quarterly,chronos-2,drift_step,2.0,1.8036088112224529,0.1012849049351124,100,0.135,1.2542640597019636,0.0738475098006632,1.4379817369964534,1.3715412369152467
monash_m3_quarterly,chronos-t5,drift_step,2.0,1.913255293415147,0.1067528965767554,100,1.211,1.3468232787559626,0.0810438214814683,1.4205689221397984,1.3172243685617144
monash_m3_quarterly,chronos-2,drift_step,4.0,1.8021564832578332,0.1012731357467902,100,0.14,1.2542640597019636,0.0738475098006632,1.4368238245509952,1.3713818654164112
monash_m3_quarterly,chronos-t5,drift_step,4.0,1.9278914447221245,0.1008827447531629,100,1.074,1.3468232787559626,0.0810438214814683,1.431436087519132,1.2447925444412937
monash_m3_quarterly,chronos-2,drift_step,8.0,2.6522711350679127,0.1536511269053122,100,0.178,1.2542640597019636,0.0738475098006632,2.1146034716949007,2.080654138779536
monash_m3_quarterly,chronos-t5,drift_step,8.0,2.4387636861618858,0.1323169526661575,100,0.849,1.3468232787559626,0.0810438214814683,1.8107525498182133,1.6326593470967243
monash_m3_quarterly,chronos-2,drift_step,12.0,2.6802171132789505,0.1821372304870694,100,0.162,1.2542640597019636,0.0738475098006632,2.136884249011982,2.46639637516164
monash_m3_quarterly,chronos-t5,drift_step,12.0,2.536336129062689,0.1585892998481596,100,0.859,1.3468232787559626,0.0810438214814683,1.8831989089210417,1.956833931929321
monash_m3_quarterly,chronos-2,drift_step,16.0,3.5593508163225773,0.2422691074787159,100,0.16,1.2542640597019636,0.0738475098006632,2.837800213432206,3.2806672578760425
monash_m3_quarterly,chronos-t5,drift_step,16.0,2.5439241829516366,0.1848639920751102,100,0.78,1.3468232787559626,0.0810438214814683,1.8888329471862229,2.281037452279835
monash_m3_quarterly,chronos-2,drift_step,20.0,3.447562301397233,0.2601004177794683,100,0.146,1.2542640597019636,0.0738475098006632,2.748673435015301,3.5221284845157017
monash_m3_quarterly,chronos-t5,drift_step,20.0,2.374743472000498,0.1664609374332265,100,0.775,1.3468232787559626,0.0810438214814683,1.7632183148735054,2.0539620959420075
monash_m3_quarterly,chronos-2,gap,0.05,1.2961740149090752,0.0760089918852601,100,0.178,1.2542640597019636,0.0738475098006632,1.0334139807984852,1.029269532451824
monash_m3_quarterly,chronos-t5,gap,0.05,1.344419896262708,0.0798282403138515,100,0.959,1.3468232787559626,0.0810438214814683,0.9982155175581205,0.9850009396719432
monash_m3_quarterly,chronos-2,gap,0.1,1.342986397063281,0.0768259784823997,100,0.172,1.2542640597019636,0.0738475098006632,1.070736569923242,1.040332689481017
monash_m3_quarterly,chronos-t5,gap,0.1,1.4274969258401142,0.083626775712827,100,0.833,1.3468232787559626,0.0810438214814683,1.059899207532757,1.0318710813994543
monash_m3_quarterly,chronos-2,gap,0.15,1.3783465400024772,0.0816379007946262,100,0.273,1.2542640597019636,0.0738475098006632,1.0989285145665402,1.1054929409941057
monash_m3_quarterly,chronos-t5,gap,0.15,1.4518692932059554,0.0874465032495413,100,0.733,1.3468232787559626,0.0810438214814683,1.077995395614948,1.0790027129895035
monash_m3_quarterly,chronos-2,gap,0.2,1.3983874886468477,0.0808382844242268,100,0.428,1.2542640597019636,0.0738475098006632,1.1149067677017952,1.0946650014663166
monash_m3_quarterly,chronos-t5,gap,0.2,1.4625333163027048,0.087667183775168,100,0.915,1.3468232787559626,0.0810438214814683,1.085913303825296,1.0817256907759984
monash_m3_quarterly,chronos-2,gap,0.3,1.4400943921041685,0.0829064210745853,100,0.143,1.2542640597019636,0.0738475098006632,1.148158859344468,1.1226705043727927
monash_m3_quarterly,chronos-t5,gap,0.3,1.483354876088298,0.0858387816666268,100,0.621,1.3468232787559626,0.0810438214814683,1.1013730602120624,1.0591650306896612
monash_m3_quarterly,chronos-2,gap,0.4,1.3898698282223478,0.0769377744355655,100,0.136,1.2542640597019636,0.0738475098006632,1.1081158050184476,1.04184656521586
monash_m3_quarterly,chronos-t5,gap,0.4,1.6482133262533745,0.0910707706773128,100,0.795,1.3468232787559626,0.0810438214814683,1.2237784661516993,1.1237225616037527
monash_m3_quarterly,chronos-2,gap,0.5,1.6056636702402818,0.0995053156051587,100,0.157,1.2542640597019636,0.0738475098006632,1.2801639796820912,1.3474430738931304
monash_m3_quarterly,chronos-t5,gap,0.5,1.784406076172373,0.1126826174980776,100,0.7,1.3468232787559626,0.0810438214814683,1.324899936256372,1.390391215989783
monash_m3_quarterly,chronos-2,gap,0.6,1.5425369260869608,0.0884841969644212,100,0.161,1.2542640597019636,0.0738475098006632,1.229834271463934,1.1982014993229542
monash_m3_quarterly,chronos-t5,gap,0.6,1.7914068836957944,0.1043872799240751,100,0.813,1.3468232787559626,0.0810438214814683,1.3300979511955613,1.2880350163145327
monash_m3_quarterly,chronos-2,gap,0.7,1.8647220048817048,0.1020923714942649,100,0.155,1.2542640597019636,0.0738475098006632,1.4867060811140498,1.3824754791304832
monash_m3_quarterly,chronos-t5,gap,0.7,2.1247785825066385,0.1202225313331609,100,0.748,1.3468232787559626,0.0810438214814683,1.5776224067564824,1.4834262394777535
monash_m3_yearly,chronos-2,clean,0.0,3.0132092403527664,0.1467025638505894,100,0.148,3.0132092403527664,0.1467025638505894,1.0,1.0
monash_m3_yearly,chronos-t5,clean,0.0,3.66514553814015,0.1651482676327074,100,0.409,3.66514553814015,0.1651482676327074,1.0,1.0
monash_m3_yearly,chronos-2,spikes_intensity,1.0,3.460507950885835,0.1608124646885945,100,0.153,3.0132092403527664,0.1467025638505894,1.1484459507633469,1.096180328875339
monash_m3_yearly,chronos-t5,spikes_intensity,1.0,3.974264278091285,0.1698186054839392,100,0.562,3.66514553814015,0.1651482676327074,1.0843400996589059,1.0282796660127171
monash_m3_yearly,chronos-2,spikes_intensity,2.0,3.806723842899505,0.1529719894786317,100,0.16,3.0132092403527664,0.1467025638505894,1.2633453368986216,1.0427356241328367
monash_m3_yearly,chronos-t5,spikes_intensity,2.0,4.387040649377704,0.176576620695862,100,0.667,3.66514553814015,0.1651482676327074,1.196962195286759,1.069200562785021
monash_m3_yearly,chronos-2,spikes_intensity,4.0,3.2013701797291585,0.1426301958312611,100,0.149,3.0132092403527664,0.1467025638505894,1.0624453611971412,0.9722406486128228
monash_m3_yearly,chronos-t5,spikes_intensity,4.0,3.694207244683744,0.1693586477089893,100,0.557,3.66514553814015,0.1651482676327074,1.0079292094246115,1.0254945458201588
monash_m3_yearly,chronos-2,spikes_intensity,6.0,3.4959740161505564,0.1566036830714186,100,0.152,3.0132092403527664,0.1467025638505894,1.1602161473994654,1.067491112363333
monash_m3_yearly,chronos-t5,spikes_intensity,6.0,4.517700472692522,0.2095438885104477,100,0.686,3.66514553814015,0.1651482676327074,1.2326114817762446,1.2688228070092562
monash_m3_yearly,chronos-2,spikes_intensity,8.0,3.697282179903692,0.15324039175874,100,0.138,3.0132092403527664,0.1467025638505894,1.2270247052178955,1.0445651918858698
monash_m3_yearly,chronos-t5,spikes_intensity,8.0,4.298064986340094,0.1884051425912743,100,0.698,3.66514553814015,0.1651482676327074,1.172686034323514,1.1408242138530365
monash_m3_yearly,chronos-2,spikes_intensity,12.0,3.805942885516576,0.1742596827044696,100,0.156,3.0132092403527664,0.1467025638505894,1.263086158952241,1.187843471378905
monash_m3_yearly,chronos-t5,spikes_intensity,12.0,4.419622239387277,0.2000052183838801,100,0.686,3.66514553814015,0.1651482676327074,1.2058517713405672,1.2110645860887572
monash_m3_yearly,chronos-2,spikes_intensity,16.0,4.1067205936932085,0.1976307312644174,100,0.144,3.0132092403527664,0.1467025638505894,1.3629058807786016,1.3471525382862175
monash_m3_yearly,chronos-t5,spikes_intensity,16.0,5.184205762408107,0.2662278306478227,100,0.663,3.66514553814015,0.1651482676327074,1.4144610925979195,1.6120534260760033
monash_m3_yearly,chronos-2,spikes_intensity,20.0,4.230585100912028,0.2042607913681047,100,0.14,3.0132092403527664,0.1467025638505894,1.4040130516846347,1.3923464321737145
monash_m3_yearly,chronos-t5,spikes_intensity,20.0,4.360970630467943,0.2029817882824695,100,0.661,3.66514553814015,0.1651482676327074,1.1898492392967521,1.2290882077788698
monash_m3_yearly,chronos-2,spikes_intensity,30.0,4.453336201492342,0.2509940845609851,100,0.138,3.0132092403527664,0.1467025638505894,1.4779379214206099,1.7109045539014052
monash_m3_yearly,chronos-t5,spikes_intensity,30.0,4.292137764380258,0.1929086787171437,100,0.748,3.66514553814015,0.1651482676327074,1.1710688483487262,1.1680938679064798
monash_m3_yearly,chronos-2,spikes_intensity,40.0,4.598827876067461,0.2331299601754831,100,0.158,3.0132092403527664,0.1467025638505894,1.5262225452119818,1.5891335097109582
monash_m3_yearly,chronos-t5,spikes_intensity,40.0,3.683414451989753,0.1731797617976612,100,0.916,3.66514553814015,0.1651482676327074,1.0049844988853767,1.048632021879975
monash_m3_yearly,chronos-2,spikes_density,0.01,4.753439403625995,0.2075867933252014,100,0.165,3.0132092403527664,0.1467025638505894,1.5775337935275593,1.4150181692572197
monash_m3_yearly,chronos-t5,spikes_density,0.01,6.694884710019239,0.2131815464291512,100,0.644,3.66514553814015,0.1651482676327074,1.8266354338050397,1.2908494257007324
monash_m3_yearly,chronos-2,spikes_density,0.02,3.818656879467654,0.2050564064254459,100,0.146,3.0132092403527664,0.1467025638505894,1.2673055784936433,1.3977697529150717
monash_m3_yearly,chronos-t5,spikes_density,0.02,5.81606527331518,0.2266347029481356,100,0.842,3.66514553814015,0.1651482676327074,1.586857933141312,1.3723105073810105
monash_m3_yearly,chronos-2,spikes_density,0.05,4.915004605479632,0.2082952303177848,100,0.158,3.0132092403527664,0.1467025638505894,1.6311527721533923,1.4198472395473947
monash_m3_yearly,chronos-t5,spikes_density,0.05,8.017520838077806,0.2714615962132908,100,0.802,3.66514553814015,0.1651482676327074,2.1875040853483365,1.6437447398299452
monash_m3_yearly,chronos-2,spikes_density,0.08,4.977420069356875,0.2383930561523052,100,0.166,3.0132092403527664,0.1467025638505894,1.6518667216001741,1.625009474238629
monash_m3_yearly,chronos-t5,spikes_density,0.08,4.574375266117998,0.2419271106997471,100,0.763,3.66514553814015,0.1651482676327074,1.2480746585684641,1.4649085586401498
monash_m3_yearly,chronos-2,spikes_density,0.12,6.140300190347862,0.2814125522433975,100,0.143,3.0132092403527664,0.1467025638505894,2.037794159169974,1.9182524480622216
monash_m3_yearly,chronos-t5,spikes_density,0.12,4.326813201375931,0.2041495305257216,100,0.431,3.66514553814015,0.1651482676327074,1.1805297105804804,1.2361590796686628
monash_m3_yearly,chronos-2,spikes_density,0.16,6.822924359039736,0.356372179353505,100,0.169,3.0132092403527664,0.1467025638505894,2.2643380577981214,2.4292157546507203
monash_m3_yearly,chronos-t5,spikes_density,0.16,5.09786491261208,0.2036295333716457,100,0.564,3.66514553814015,0.1651482676327074,1.390903815295409,1.2330104111326272
monash_m3_yearly,chronos-2,spikes_density,0.2,7.747430547009102,0.4459226875361922,100,0.149,3.0132092403527664,0.1467025638505894,2.571155843827853,3.0396379983539092
monash_m3_yearly,chronos-t5,spikes_density,0.2,4.143608795427047,0.1692550720466828,100,0.627,3.66514553814015,0.1651482676327074,1.1305441359170936,1.024867378101168
monash_m3_yearly,chronos-2,spikes_density,0.3,11.339480466168729,0.6567493482880663,100,0.175,3.0132092403527664,0.1467025638505894,3.7632569004206218,4.476740767509277
monash_m3_yearly,chronos-t5,spikes_density,0.3,5.260351994532117,0.2101445145693428,100,0.466,3.66514553814015,0.1651482676327074,1.4352368657102337,1.272459696862869
monash_m3_yearly,chronos-2,spikes_density,0.4,15.416954455936567,0.916592854354348,100,0.133,3.0132092403527664,0.1467025638505894,5.116456650096976,6.2479675221481505
monash_m3_yearly,chronos-t5,spikes_density,0.4,8.610301783002154,0.3192568719698411,100,0.733,3.66514553814015,0.1651482676327074,2.3492387119152123,1.9331530178680039
monash_m3_yearly,chronos-2,drift,0.5,3.81895744280706,0.1700735057532147,100,0.144,3.0132092403527664,0.1467025638505894,1.2674053270724612,1.1593083398762385
monash_m3_yearly,chronos-t5,drift,0.5,4.009535922054911,0.1758246572015167,100,0.768,3.66514553814015,0.1651482676327074,1.0939636312749315,1.064647299798226
monash_m3_yearly,chronos-2,drift,1.0,5.300215364746247,0.223053899164604,100,0.139,3.0132092403527664,0.1467025638505894,1.758993465759362,1.5204499042823498
monash_m3_yearly,chronos-t5,drift,1.0,5.070837380646368,0.2166168054684084,100,0.44,3.66514553814015,0.1651482676327074,1.383529611001348,1.3116504857935773
monash_m3_yearly,chronos-2,drift,2.0,8.793497717597006,0.3720671482302835,100,0.156,3.0132092403527664,0.1467025638505894,2.9183163252770066,2.5362007211354447
monash_m3_yearly,chronos-t5,drift,2.0,8.249669690933318,0.3624588143799218,100,0.522,3.66514553814015,0.1651482676327074,2.2508436854923772,2.19474790487077
monash_m3_yearly,chronos-2,drift,4.0,16.57653205997686,0.733522602511846,100,0.177,3.0132092403527664,0.1467025638505894,5.5012880745169195,5.0000666877158935
monash_m3_yearly,chronos-t5,drift,4.0,15.474518458537736,0.7158365074125371,100,0.588,3.66514553814015,0.1651482676327074,4.222074757334237,4.334508122147366
monash_m3_yearly,chronos-2,drift,6.0,24.86122774153817,1.104237595719237,100,0.151,3.0132092403527664,0.1467025638505894,8.250747212837958,7.5270504259479605
monash_m3_yearly,chronos-t5,drift,6.0,22.009861216772848,1.00361388988088,100,0.453,3.66514553814015,0.1651482676327074,6.005180691389838,6.077047638870392
monash_m3_yearly,chronos-2,drift,9.0,37.68274178786503,1.7650201588094911,100,0.174,3.0132092403527664,0.1467025638505894,12.505849671247319,12.03128365641307
monash_m3_yearly,chronos-t5,drift,9.0,34.277830005522844,1.6277547244682262,100,0.438,3.66514553814015,0.1651482676327074,9.352378957075976,9.856323337816542
monash_m3_yearly,chronos-2,drift,12.0,51.06925653979996,2.3794956091546395,100,0.154,3.0132092403527664,0.1467025638505894,16.948460085639827,16.219863829905925
monash_m3_yearly,chronos-t5,drift,12.0,46.19465768503081,2.1653907405247663,100,0.451,3.66514553814015,0.1651482676327074,12.603771720473599,13.111798092491243
monash_m3_yearly,chronos-2,drift,16.0,68.24032543970827,3.223199120680418,100,0.166,3.0132092403527664,0.1467025638505894,22.647058334295814,21.970980166121123
monash_m3_yearly,chronos-t5,drift,16.0,61.14216619670328,2.886225051060946,100,0.594,3.66514553814015,0.1651482676327074,16.682056840703083,17.476568736887756
monash_m3_yearly,chronos-2,drift,20.0,85.46160424445348,4.083205403249426,100,0.169,3.0132092403527664,0.1467025638505894,28.3623198482055,27.83322456046511
monash_m3_yearly,chronos-t5,drift,20.0,77.90995267605223,3.6914493823719434,100,0.653,3.66514553814015,0.1651482676327074,21.256987441646597,22.352334876329376
monash_m3_yearly,chronos-2,drift,26.0,111.82522797866464,5.381394170130879,100,0.139,3.0132092403527664,0.1467025638505894,37.1116703351052,36.68234575376345
monash_m3_yearly,chronos-t5,drift,26.0,101.78123484221032,4.843488128554771,100,0.542,3.66514553814015,0.1651482676327074,27.770039083866347,29.328119501239772
monash_m3_yearly,chronos-2,drift,32.0,137.1128759741766,6.615784669696764,100,0.158,3.0132092403527664,0.1467025638505894,45.503934522026206,45.096585199660666
monash_m3_yearly,chronos-t5,drift,32.0,127.24203010792564,6.050921488389843,100,0.63,3.66514553814015,0.1651482676327074,34.716774213690194,36.63932764857817
monash_m3_yearly,chronos-2,drift_step,0.5,3.1500210669287103,0.1448816313440521,100,0.146,3.0132092403527664,0.1467025638505894,1.0454040246338574,0.9875875890731408
monash_m3_yearly,chronos-t5,drift_step,0.5,3.841602875283208,0.1690361006164195,100,0.666,3.66514553814015,0.1651482676327074,1.0481447012968004,1.0235414699738703
monash_m3_yearly,chronos-2,drift_step,1.0,3.931663670510025,0.1626109189311304,100,0.171,3.0132092403527664,0.1467025638505894,1.3048093766132658,1.1084395164132441
monash_m3_yearly,chronos-t5,drift_step,1.0,3.976583301272669,0.1673478327888261,100,0.762,3.66514553814015,0.1651482676327074,1.0849728230138864,1.0133187298156259
monash_m3_yearly,chronos-2,drift_step,2.0,4.45555270029777,0.1765847268169439,100,0.168,3.0132092403527664,0.1467025638505894,1.4786735154761916,1.2036921658491821
monash_m3_yearly,chronos-t5,drift_step,2.0,4.311324378422906,0.1881829901588546,100,0.539,3.66514553814015,0.1651482676327074,1.1763037329782693,1.139479044233009
monash_m3_yearly,chronos-2,drift_step,4.0,4.758470851854661,0.2073599255755532,100,0.158,3.0132092403527664,0.1467025638505894,1.579203590686444,1.41347172218981
monash_m3_yearly,chronos-t5,drift_step,4.0,4.177528837082306,0.179970107827479,100,0.728,3.66514553814015,0.1651482676327074,1.1397988957355731,1.0897486870872641
monash_m3_yearly,chronos-2,drift_step,8.0,6.394288953789459,0.2748371384913132,100,0.139,3.0132092403527664,0.1467025638505894,2.1220859368667204,1.8734310517655548
monash_m3_yearly,chronos-t5,drift_step,8.0,5.530714712348435,0.2465536960117107,100,0.561,3.66514553814015,0.1651482676327074,1.5090027544049325,1.4929232958110732
monash_m3_yearly,chronos-2,drift_step,12.0,8.678970630108543,0.3392224801578738,100,0.154,3.0132092403527664,0.1467025638505894,2.8803079832227207,2.312314599377814
monash_m3_yearly,chronos-t5,drift_step,12.0,7.780202061233759,0.318469201037564,100,0.484,3.66514553814015,0.1651482676327074,2.122753920757472,1.9283835404549625
monash_m3_yearly,chronos-2,drift_step,16.0,7.810788521312168,0.3634593846731826,100,0.177,3.0132092403527664,0.1467025638505894,2.592182586164422,2.4775257850527495
monash_m3_yearly,chronos-t5,drift_step,16.0,6.160279292181753,0.3198581158604867,100,0.61,3.66514553814015,0.1651482676327074,1.6807734448951075,1.9367936487947706
monash_m3_yearly,chronos-2,drift_step,20.0,10.7430143676486,0.4279928347456284,100,0.136,3.0132092403527664,0.1467025638505894,3.565306459232443,2.9174189156061487
monash_m3_yearly,chronos-t5,drift_step,20.0,8.76075282259858,0.3714932498435654,100,0.598,3.66514553814015,0.1651482676327074,2.3902878429881276,2.2494529017390166
monash_m3_yearly,chronos-2,gap,0.05,2.954735811938786,0.1310900867979289,100,0.199,3.0132092403527664,0.1467025638505894,0.9805943020382033,0.8935773401440947
monash_m3_yearly,chronos-t5,gap,0.05,3.707689125968423,0.1592894513382753,100,0.553,3.66514553814015,0.1651482676327074,1.0116076121358775,0.9645239009865837
monash_m3_yearly,chronos-2,gap,0.1,2.9272223439792318,0.1380326407685706,100,0.163,3.0132092403527664,0.1467025638505894,0.971463350363459,0.9409013526795021
monash_m3_yearly,chronos-t5,gap,0.1,3.642575593695277,0.1582996913116214,100,0.745,3.66514553814015,0.1651482676327074,0.9938420059421907,0.9585307407746029
monash_m3_yearly,chronos-2,gap,0.15,3.099783935369657,0.143787186905152,100,0.145,3.0132092403527664,0.1467025638505894,1.0287317235914075,0.9801272938323926
monash_m3_yearly,chronos-t5,gap,0.15,3.9214757338017785,0.17094616646658,100,0.658,3.66514553814015,0.1651482676327074,1.069937248874352,1.0351072337420288
monash_m3_yearly,chronos-2,gap,0.2,3.479526565340025,0.1756489523879381,100,0.151,3.0132092403527664,0.1467025638505894,1.1547576977869167,1.1973134468653828
monash_m3_yearly,chronos-t5,gap,0.2,3.8712798830820248,0.1713456041057927,100,0.487,3.66514553814015,0.1651482676327074,1.056241789799833,1.0375258945305335
monash_m3_yearly,chronos-2,gap,0.3,3.2316677276576296,0.1417744647646394,100,0.161,3.0132092403527664,0.1467025638505894,1.0725002712653595,0.9664075462854959
monash_m3_yearly,chronos-t5,gap,0.3,3.899235590185862,0.1681283094031503,100,0.566,3.66514553814015,0.1651482676327074,1.0638692378269101,1.0180446444468347
monash_m3_yearly,chronos-2,gap,0.4,3.626831758081694,0.1590371211578728,100,0.171,3.0132092403527664,0.1467025638505894,1.2036441776134632,1.0840786758154113
monash_m3_yearly,chronos-t5,gap,0.4,4.647276830572136,0.2120416181847594,100,0.638,3.66514553814015,0.1651482676327074,1.2679651550563968,1.2839469721616674
monash_m3_yearly,chronos-2,gap,0.5,3.559856168041256,0.15966943036709,100,0.16,3.0132092403527664,0.1467025638505894,1.181416849639188,1.0883888200461638
monash_m3_yearly,chronos-t5,gap,0.5,4.037675297278295,0.1768356936964979,100,0.58,3.66514553814015,0.1651482676327074,1.1016411913965038,1.07076929253526
monash_m3_yearly,chronos-2,gap,0.6,4.218067339032244,0.181807703474181,100,0.164,3.0132092403527664,0.1467025638505894,1.3998587560877187,1.2392946564951974
monash_m3_yearly,chronos-t5,gap,0.6,4.65394837029573,0.1950039818380185,100,0.602,3.66514553814015,0.1651482676327074,1.2697854210333324,1.180781273901769
monash_m3_yearly,chronos-2,gap,0.7,4.271314374328175,0.1746086320657804,100,0.169,3.0132092403527664,0.1467025638505894,1.417529960125875,1.1902220893945124
monash_m3_yearly,chronos-t5,gap,0.7,4.879018158338503,0.2001246137041266,100,0.583,3.66514553814015,0.1651482676327074,1.3311935658670522,1.2117875444458623
m4_quarterly,chronos-2,clean,0.0,1.1058863737967677,0.073505907307091,100,0.349,1.1058863737967677,0.073505907307091,1.0,1.0
m4_quarterly,chronos-t5,clean,0.0,1.1786944819900755,0.0779970499015644,100,0.8,1.1786944819900755,0.0779970499015644,1.0,1.0
m4_quarterly,chronos-2,spikes_intensity,1.0,1.284794662748032,0.0835697731920715,100,0.204,1.1058863737967677,0.073505907307091,1.161778183717944,1.1369123415201985
m4_quarterly,chronos-t5,spikes_intensity,1.0,1.3204390780327246,0.0847491836232204,100,0.886,1.1786944819900755,0.0779970499015644,1.1202555863359362,1.0865690911409787
m4_quarterly,chronos-2,spikes_intensity,2.0,1.1886411597316775,0.0780902561385161,100,0.434,1.1058863737967677,0.073505907307091,1.0748311832894668,1.062367080407194
m4_quarterly,chronos-t5,spikes_intensity,2.0,1.2769416083390306,0.0839977221030401,100,0.851,1.1786944819900755,0.0779970499015644,1.083352495366804,1.0769346046940083
m4_quarterly,chronos-2,spikes_intensity,4.0,1.4213113923545206,0.093916134095658,100,0.189,1.1058863737967677,0.073505907307091,1.2852237137842877,1.2776678438006037
m4_quarterly,chronos-t5,spikes_intensity,4.0,1.4260956958822033,0.0986171495555725,100,0.974,1.1786944819900755,0.0779970499015644,1.2098942666418717,1.2643702509265613
m4_quarterly,chronos-2,spikes_intensity,6.0,1.2586876612244182,0.0872982840678923,100,0.253,1.1058863737967677,0.073505907307091,1.1381708745565313,1.1876363038848006
m4_quarterly,chronos-t5,spikes_intensity,6.0,1.409241351695972,0.0914192791761812,100,0.905,1.1786944819900755,0.0779970499015644,1.1955951039294317,1.172086371107064
m4_quarterly,chronos-2,spikes_intensity,8.0,1.4832428228812131,0.0916497684193164,100,0.166,1.1058863737967677,0.073505907307091,1.341225335645372,1.246835414688842
m4_quarterly,chronos-t5,spikes_intensity,8.0,1.28767307819414,0.0919545040000493,100,0.889,1.1786944819900755,0.0779970499015644,1.0924570343453783,1.1789484873607372
m4_quarterly,chronos-2,spikes_intensity,12.0,1.4838852783590104,0.1027418744121655,100,0.139,1.1058863737967677,0.073505907307091,1.3418062773162525,1.3977362932605302
m4_quarterly,chronos-t5,spikes_intensity,12.0,1.3920429341117324,0.105048643258837,100,0.711,1.1786944819900755,0.0779970499015644,1.1810040306300962,1.3468284171185045
m4_quarterly,chronos-2,spikes_intensity,16.0,1.3814543392135197,0.0991426688119017,100,0.135,1.1058863737967677,0.073505907307091,1.2491828925160389,1.3487714449630033
m4_quarterly,chronos-t5,spikes_intensity,16.0,1.2403346734186484,0.0816008401681919,100,0.73,1.1786944819900755,0.0779970499015644,1.0522953083860216,1.0462041868400873
m4_quarterly,chronos-2,spikes_intensity,20.0,1.4701856769796948,0.102956405125109,100,0.136,1.1058863737967677,0.073505907307091,1.329418384939677,1.40065484390228
m4_quarterly,chronos-t5,spikes_intensity,20.0,1.2777700338258555,0.0817550357221005,100,0.731,1.1786944819900755,0.0779970499015644,1.0840553284584005,1.0481811276872501
m4_quarterly,chronos-2,spikes_intensity,30.0,1.7219016259001174,0.1274118643036732,100,0.134,1.1058863737967677,0.073505907307091,1.557033043085995,1.7333554400107647
m4_quarterly,chronos-t5,spikes_intensity,30.0,1.2256723186500451,0.0802289981364264,100,0.879,1.1786944819900755,0.0779970499015644,1.0398558213156759,1.0286158032602362
m4_quarterly,chronos-2,spikes_intensity,40.0,1.6607076171018138,0.1128571632889688,100,0.138,1.1058863737967677,0.073505907307091,1.5016982363208025,1.5353482110965202
m4_quarterly,chronos-t5,spikes_intensity,40.0,1.2295470012028002,0.0801870602211576,100,0.766,1.1786944819900755,0.0779970499015644,1.043143087534326,1.0280781173436313
m4_quarterly,chronos-2,spikes_density,0.01,1.0973387279931257,0.0774349859468917,100,0.134,1.1058863737967677,0.073505907307091,0.9922707739183946,1.0534525561787287
m4_quarterly,chronos-t5,spikes_density,0.01,1.2590770749837137,0.0819987615465549,100,0.801,1.1786944819900755,0.0779970499015644,1.0681962919330228,1.0513059359301515
m4_quarterly,chronos-2,spikes_density,0.02,2.648908815083125,0.13314251490778,100,0.132,1.1058863737967677,0.073505907307091,2.3952811770243616,1.8113172095344772
m4_quarterly,chronos-t5,spikes_density,0.02,2.65292267896496,0.1664918534433196,100,0.791,1.1786944819900755,0.0779970499015644,2.2507297009534124,2.1345916756266985
m4_quarterly,chronos-2,spikes_density,0.05,1.5197617013016966,0.1146087603037133,100,0.139,1.1058863737967677,0.073505907307091,1.3742476056414348,1.5591775477976744
m4_quarterly,chronos-t5,spikes_density,0.05,1.3058994147883192,0.0855646454166323,100,1.016,1.1786944819900755,0.0779970499015644,1.1079201902968734,1.0970241249459887
m4_quarterly,chronos-2,spikes_density,0.08,1.6120316507800974,0.1246486152476692,100,0.202,1.1058863737967677,0.073505907307091,1.457682894894178,1.6957632361017676
m4_quarterly,chronos-t5,spikes_density,0.08,1.2942766685190867,0.0756621478246581,100,0.98,1.1786944819900755,0.0779970499015644,1.0980594957345227,0.9700642257642687
m4_quarterly,chronos-2,spikes_density,0.12,2.0325495057269087,0.1508476725056102,100,0.138,1.1058863737967677,0.073505907307091,1.8379370194685454,2.052184348604839
m4_quarterly,chronos-t5,spikes_density,0.12,1.5083521599181384,0.0914533825326425,100,1.314,1.1786944819900755,0.0779970499015644,1.2796803437744766,1.1725236101629557
m4_quarterly,chronos-2,spikes_density,0.16,3.491993723471108,0.2229843276384938,100,0.231,1.1058863737967677,0.073505907307091,3.157642418074357,3.0335565644665246
m4_quarterly,chronos-t5,spikes_density,0.16,2.1792013827369563,0.1068862890411624,100,1.377,1.1786944819900755,0.0779970499015644,1.8488263210137814,1.3703888695284943
m4_quarterly,chronos-2,spikes_density,0.2,3.524598383304483,0.2731794246622655,100,0.182,1.1058863737967677,0.073505907307091,3.187125247961695,3.716428171153427
m4_quarterly,chronos-t5,spikes_density,0.2,1.4059449057127855,0.1302331431064836,100,1.442,1.1786944819900755,0.0779970499015644,1.192798411458605,1.6697188325820447
m4_quarterly,chronos-2,spikes_density,0.3,5.765813392629843,0.4411339921374887,100,0.192,1.1058863737967677,0.073505907307091,5.21374847294162,6.001340685375544
m4_quarterly,chronos-t5,spikes_density,0.3,1.942970867732681,0.1580792962602336,100,1.456,1.1786944819900755,0.0779970499015644,1.6484092336227976,2.026734299050238
m4_quarterly,chronos-2,spikes_density,0.4,8.05854136958714,0.7804276733169213,100,0.202,1.1058863737967677,0.073505907307091,7.286952403546012,10.617210261162706
m4_quarterly,chronos-t5,spikes_density,0.4,8.554657177321308,0.3766653488361206,100,1.187,1.1786944819900755,0.0779970499015644,7.2577392259255,4.8292255836789755
m4_quarterly,chronos-2,drift,0.5,2.2596840878616136,0.1271963090048117,100,0.239,1.1058863737967677,0.073505907307091,2.043323926764363,1.7304229505448367
m4_quarterly,chronos-t5,drift,0.5,2.3096024989831023,0.1338054932270655,100,1.041,1.1786944819900755,0.0779970499015644,1.959458141420695,1.7155199253809437
m4_quarterly,chronos-2,drift,1.0,4.020802855104024,0.2294034622204666,100,0.16,1.1058863737967677,0.073505907307091,3.63581914957471,3.1208847101508588
m4_quarterly,chronos-t5,drift,1.0,3.97112328044588,0.2369914051666952,100,1.238,1.1786944819900755,0.0779970499015644,3.369086172136094,3.0384662684779546
m4_quarterly,chronos-2,drift,2.0,7.550353035560435,0.4220730427543395,100,0.176,1.1058863737967677,0.073505907307091,6.827422070170102,5.742028881991948
m4_quarterly,chronos-t5,drift,2.0,7.55972843165018,0.4312712606083824,100,0.682,1.1786944819900755,0.0779970499015644,6.413645390862051,5.529327854741494
m4_quarterly,chronos-2,drift,4.0,15.035034800953504,0.8532266220202249,100,0.174,1.1058863737967677,0.073505907307091,13.595460760886942,11.607592549747569
m4_quarterly,chronos-t5,drift,4.0,14.846955915520777,0.868343056489068,100,0.897,1.1786944819900755,0.0779970499015644,12.596101994516495,11.133024359061706
m4_quarterly,chronos-2,drift,6.0,23.16201643871945,1.372230213029518,100,0.243,1.1058863737967677,0.073505907307091,20.944300415962996,18.66829841711431
m4_quarterly,chronos-t5,drift,6.0,22.801785402474984,1.3693438923759595,100,1.202,1.1786944819900755,0.0779970499015644,19.344949646304507,17.556354940400052
m4_quarterly,chronos-2,drift,9.0,34.577081236077554,2.0893034351920896,100,0.167,1.1058863737967677,0.073505907307091,31.266395947502556,28.423612628349094
m4_quarterly,chronos-t5,drift,9.0,34.05499079698877,2.063073578593181,100,0.837,1.1786944819900755,0.0779970499015644,28.892127109555357,26.45066167498473
m4_quarterly,chronos-2,drift,12.0,46.198206544138685,2.8042731682746265,100,0.158,1.1058863737967677,0.073505907307091,41.774822114436034,38.15031024049549
m4_quarterly,chronos-t5,drift,12.0,45.751547913039055,2.7764795064717536,100,0.84,1.1786944819900755,0.0779970499015644,38.81544251890735,35.59723745931146
m4_quarterly,chronos-2,drift,16.0,61.676071203730615,3.766846934372788,100,0.129,1.1058863737967677,0.073505907307091,55.77071267456002,51.24549947578711
m4_quarterly,chronos-t5,drift,16.0,60.91903103297893,3.714047162873731,100,0.877,1.1786944819900755,0.0779970499015644,51.683478597545395,47.61779025695223
m4_quarterly,chronos-2,drift,20.0,77.01777808978936,4.675129705198503,100,0.138,1.1058863737967677,0.073505907307091,69.64348229137613,63.602095076071535
m4_quarterly,chronos-t5,drift,20.0,76.40892980190104,4.65069984029152,100,1.018,1.1786944819900755,0.0779970499015644,64.82505090962528,59.62661211111063
m4_quarterly,chronos-2,drift,26.0,100.3553160184902,6.123936824488569,100,0.148,1.1058863737967677,0.073505907307091,90.74649837120863,83.31217243403513
m4_quarterly,chronos-t5,drift,26.0,100.0213376112495,6.108192361462022,100,0.941,1.1786944819900755,0.0779970499015644,84.8577295809311,78.313120421488
m4_quarterly,chronos-2,drift,32.0,123.73556399184606,7.54999782946765,100,0.141,1.1058863737967677,0.073505907307091,111.88813509568149,102.71280371964491
m4_quarterly,chronos-t5,drift,32.0,123.11647742332087,7.506616785087576,100,1.085,1.1786944819900755,0.0779970499015644,104.45156001362997,96.24231678712522
m4_quarterly,chronos-2,drift_step,0.5,1.1893675335783174,0.0768289809593603,100,0.171,1.1058863737967677,0.073505907307091,1.0754880083158447,1.0452082529691968
m4_quarterly,chronos-t5,drift_step,0.5,1.2384609854113346,0.076619664523208,100,0.888,1.1786944819900755,0.0779970499015644,1.050705678472636,0.9823405451860714
m4_quarterly,chronos-2,drift_step,1.0,1.178832142969521,0.0776110810333873,100,0.149,1.1058863737967677,0.073505907307091,1.0659613599562796,1.0558482151529103
m4_quarterly,chronos-t5,drift_step,1.0,1.3238742068527347,0.0843143019420697,100,1.029,1.1786944819900755,0.0779970499015644,1.1231699368080028,1.0809934740926475
m4_quarterly,chronos-2,drift_step,2.0,1.3533554214679993,0.0876769307617381,100,0.415,1.1058863737967677,0.073505907307091,1.2237743890645947,1.1927875455702326
m4_quarterly,chronos-t5,drift_step,2.0,1.5032005232616703,0.0937691082503875,100,1.412,1.1786944819900755,0.0779970499015644,1.2753097144594312,1.202213524341345
m4_quarterly,chronos-2,drift_step,4.0,1.246025606980356,0.0849194022284967,100,0.152,1.1058863737967677,0.073505907307091,1.1267211862846789,1.155273165648071
m4_quarterly,chronos-t5,drift_step,4.0,1.51819821211199,0.0861780143511538,100,1.121,1.1786944819900755,0.0779970499015644,1.2880336977133426,1.104888126665228
m4_quarterly,chronos-2,drift_step,8.0,1.4343725521744688,0.094445695115909,100,0.146,1.1058863737967677,0.073505907307091,1.2970342940838768,1.284872176617538
m4_quarterly,chronos-t5,drift_step,8.0,1.3657862833055552,0.0820509875076094,100,0.997,1.1786944819900755,0.0779970499015644,1.1587279860677713,1.0519755248584561
m4_quarterly,chronos-2,drift_step,12.0,2.1253971951669026,0.138146512002479,100,0.147,1.1058863737967677,0.073505907307091,1.9218947312551784,1.8793933312779096
m4_quarterly,chronos-t5,drift_step,12.0,1.5688111037381864,0.1128926484044691,100,0.977,1.1786944819900755,0.0779970499015644,1.3309734860974733,1.4473963893114472
m4_quarterly,chronos-2,drift_step,16.0,2.174194435661845,0.1319120074235275,100,0.205,1.1058863737967677,0.073505907307091,1.9660197350992983,1.794576956548935
m4_quarterly,chronos-t5,drift_step,16.0,1.7462035314112234,0.1013901673928456,100,0.779,1.1786944819900755,0.0779970499015644,1.4814725597620353,1.299923106332923
m4_quarterly,chronos-2,drift_step,20.0,1.6127252100069225,0.121052513946493,100,0.178,1.1058863737967677,0.073505907307091,1.4583100472339288,1.646840619771729
m4_quarterly,chronos-t5,drift_step,20.0,1.3260454516525195,0.0894462222309312,100,1.012,1.1786944819900755,0.0779970499015644,1.1250120127937315,1.1467898124841405
m4_quarterly,chronos-2,gap,0.05,1.182019026317384,0.0754232853833214,100,0.137,1.1058863737967677,0.073505907307091,1.06884310569741,1.0260846800818337
m4_quarterly,chronos-t5,gap,0.05,1.1580649943007948,0.0775004487982788,100,0.969,1.1786944819900755,0.0779970499015644,0.9824980196272316,0.9936330783803704
m4_quarterly,chronos-2,gap,0.1,1.170507609391442,0.07909534787791,100,0.141,1.1058863737967677,0.073505907307091,1.058433883557869,1.0760406989803906
m4_quarterly,chronos-t5,gap,0.1,1.1792140741560386,0.0795423580850706,100,1.225,1.1786944819900755,0.0779970499015644,1.000440820054647,1.0198123927181404
m4_quarterly,chronos-2,gap,0.15,1.166211826482605,0.075068760446307,100,0.135,1.1058863737967677,0.073505907307091,1.0545494131361126,1.0212615991893925
m4_quarterly,chronos-t5,gap,0.15,1.287392334074122,0.0844658869593036,100,1.25,1.1786944819900755,0.0779970499015644,1.0922188520816047,1.082936945255021
m4_quarterly,chronos-2,gap,0.2,1.2290283360699057,0.077182998278678,100,0.169,1.1058863737967677,0.073505907307091,1.111351369535699,1.050024428053448
m4_quarterly,chronos-t5,gap,0.2,1.2374369238044074,0.0804140114524542,100,1.041,1.1786944819900755,0.0779970499015644,1.0498368684267978,1.030987858565678
m4_quarterly,chronos-2,gap,0.3,1.230205464184852,0.0797334059843691,100,0.156,1.1058863737967677,0.073505907307091,1.112415790024854,1.084721063999129
m4_quarterly,chronos-t5,gap,0.3,1.282336976832538,0.0837047047554796,100,1.002,1.1786944819900755,0.0779970499015644,1.0879299058628622,1.0731778299450876
m4_quarterly,chronos-2,gap,0.4,1.2850946509979757,0.0857174367809541,100,0.148,1.1058863737967677,0.073505907307091,1.1620494487023507,1.1661299060338932
m4_quarterly,chronos-t5,gap,0.4,1.3005130198938992,0.0854133240231571,100,1.039,1.1786944819900755,0.0779970499015644,1.1033503929687942,1.095084033703228
m4_quarterly,chronos-2,gap,0.5,1.1699184223685437,0.0749081491473825,100,0.144,1.1058863737967677,0.073505907307091,1.0579011099955404,1.01907658706168
m4_quarterly,chronos-t5,gap,0.5,1.2630280956478073,0.0827260524226435,100,1.023,1.1786944819900755,0.0779970499015644,1.071548323120462,1.0606305306040074
m4_quarterly,chronos-2,gap,0.6,1.283508584609235,0.0786611244415135,100,0.159,1.1058863737967677,0.073505907307091,1.1606152449484013,1.070133371905542
m4_quarterly,chronos-t5,gap,0.6,1.4254720700319814,0.091774198025569,100,0.899,1.1786944819900755,0.0779970499015644,1.2093651847977207,1.1766367848706065
m4_quarterly,chronos-2,gap,0.7,1.757268198609058,0.0971125612658947,100,0.161,1.1058863737967677,0.073505907307091,1.5890133383016045,1.3211531538571513
m4_quarterly,chronos-t5,gap,0.7,2.0273660327897165,0.1092853721406583,100,1.024,1.1786944819900755,0.0779970499015644,1.7200097767207385,1.401147508509374
m4_yearly,chronos-2,clean,0.0,3.003324720876421,0.1166220354196974,100,0.412,3.003324720876421,0.1166220354196974,1.0,1.0
m4_yearly,chronos-t5,clean,0.0,3.6359417595136,0.1411881404039837,100,0.758,3.6359417595136,0.1411881404039837,1.0,1.0
m4_yearly,chronos-2,spikes_intensity,1.0,3.369527307371696,0.1230669507994925,100,0.145,3.003324720876421,0.1166220354196974,1.1219323984348955,1.0552632729878297
m4_yearly,chronos-t5,spikes_intensity,1.0,3.8325193575935432,0.1495689607431018,100,0.646,3.6359417595136,0.1411881404039837,1.054065111897238,1.0593592373632654
m4_yearly,chronos-2,spikes_intensity,2.0,3.626891598405347,0.1285529129393773,100,0.15,3.003324720876421,0.1166220354196974,1.207625526868423,1.1023038011362367
m4_yearly,chronos-t5,spikes_intensity,2.0,3.9870845899673744,0.1458029199945107,100,0.661,3.6359417595136,0.1411881404039837,1.0965754826889056,1.0326853202919357
m4_yearly,chronos-2,spikes_intensity,4.0,3.752855631311293,0.1322256349125753,100,0.149,3.003324720876421,0.1166220354196974,1.2495670565439712,1.1337963227680252
m4_yearly,chronos-t5,spikes_intensity,4.0,4.51667687673494,0.169091651589772,100,0.748,3.6359417595136,0.1411881404039837,1.2422302598540966,1.1976335342752413
m4_yearly,chronos-2,spikes_intensity,6.0,4.020799578898016,0.1301703476758919,100,0.159,3.003324720876421,0.1166220354196974,1.3387828332211373,1.1161728330965675
m4_yearly,chronos-t5,spikes_intensity,6.0,5.280644034374426,0.1593643635060655,100,0.593,3.6359417595136,0.1411881404039837,1.4523456049749397,1.1287376053687932
m4_yearly,chronos-2,spikes_intensity,8.0,5.346734233514969,0.1672138965255794,100,0.137,3.003324720876421,0.1166220354196974,1.780271775592318,1.43381047950169
m4_yearly,chronos-t5,spikes_intensity,8.0,6.943708382934076,0.2050835698897075,100,0.615,3.6359417595136,0.1411881404039837,1.9097413661166496,1.4525552167689075
m4_yearly,chronos-2,spikes_intensity,12.0,4.008225903356803,0.1578398109448721,100,0.133,3.003324720876421,0.1166220354196974,1.3345962477834015,1.3534304248493079
m4_yearly,chronos-t5,spikes_intensity,12.0,5.840080477651927,0.2376724318808517,100,0.871,3.6359417595136,0.1411881404039837,1.6062084774518466,1.6833739094572395
m4_yearly,chronos-2,spikes_intensity,16.0,5.510764873589061,0.2078444387820492,100,0.144,3.003324720876421,0.1166220354196974,1.8348881275751383,1.7822055500408833
m4_yearly,chronos-t5,spikes_intensity,16.0,7.04567840308351,0.1831098068430456,100,0.708,3.6359417595136,0.1411881404039837,1.937786375331284,1.2969205934656467
m4_yearly,chronos-2,spikes_intensity,20.0,4.040313778111561,0.1785471925597212,100,0.149,3.003324720876421,0.1166220354196974,1.3452803654652865,1.5309901933812817
m4_yearly,chronos-t5,spikes_intensity,20.0,3.996832420071746,0.1702361371412103,100,0.786,3.6359417595136,0.1411881404039837,1.0992564470027222,1.2057396368711362
m4_yearly,chronos-2,spikes_intensity,30.0,4.247809097313804,0.2093392782524286,100,0.152,3.003324720876421,0.1166220354196974,1.4143689051626165,1.7950233632868948
m4_yearly,chronos-t5,spikes_intensity,30.0,3.899673539721357,0.1896194718161375,100,0.616,3.6359417595136,0.1411881404039837,1.0725346547473407,1.3430269091552345
m4_yearly,chronos-2,spikes_intensity,40.0,4.625605516851612,0.1930889004907258,100,0.161,3.003324720876421,0.1166220354196974,1.5401616364352977,1.6556811051688538
m4_yearly,chronos-t5,spikes_intensity,40.0,5.950707405573579,0.2637025196771269,100,0.752,3.6359417595136,0.1411881404039837,1.6366344125296544,1.8677384582202938
m4_yearly,chronos-2,spikes_density,0.01,5.581300573850238,0.2130094715365383,100,0.15,3.003324720876421,0.1166220354196974,1.858373999672443,1.8264942021459618
m4_yearly,chronos-t5,spikes_density,0.01,14.871717929117867,0.3356489360218588,100,0.637,3.6359417595136,0.1411881404039837,4.090196959344953,2.377316784975435
m4_yearly,chronos-2,spikes_density,0.02,3.768597612000376,0.1435074884808851,100,0.155,3.003324720876421,0.1166220354196974,1.254808574578854,1.2305349324802366
m4_yearly,chronos-t5,spikes_density,0.02,6.313996602371835,0.1670743478250323,100,0.808,3.6359417595136,0.1411881404039837,1.7365505335312337,1.1833454803426124
m4_yearly,chronos-2,spikes_density,0.05,4.4714282179158165,0.1966728421288882,100,0.173,3.003324720876421,0.1166220354196974,1.4888260955715031,1.686412361275511
m4_yearly,chronos-t5,spikes_density,0.05,3.774144757212551,0.1482818005383091,100,0.701,3.6359417595136,0.1411881404039837,1.038010234167623,1.050242606170945
m4_yearly,chronos-2,spikes_density,0.08,5.343563365802746,0.2186054447330949,100,0.149,3.003324720876421,0.1166220354196974,1.7792159897526512,1.8744780430763477
m4_yearly,chronos-t5,spikes_density,0.08,4.9797826900660445,0.2526930620481538,100,0.798,3.6359417595136,0.1411881404039837,1.3695991353646484,1.789761245704628
m4_yearly,chronos-2,spikes_density,0.12,9.304290657343849,0.2802643088642389,100,0.148,3.003324720876421,0.1166220354196974,3.0979968941316143,2.4031848514359098
m4_yearly,chronos-t5,spikes_density,0.12,4.174960733318903,0.149985916342519,100,0.661,3.6359417595136,0.1411881404039837,1.1482474168886057,1.062312428744809
m4_yearly,chronos-2,spikes_density,0.16,10.19520558337974,0.4136609878035879,100,0.146,3.003324720876421,0.1166220354196974,3.3946397845400504,3.5470225357919003
m4_yearly,chronos-t5,spikes_density,0.16,5.1396711243802695,0.1482632812848942,100,0.813,3.6359417595136,0.1411881404039837,1.4135735565433898,1.0501114389683601
m4_yearly,chronos-2,spikes_density,0.2,12.117992763757636,0.4525328644215054,100,0.177,3.003324720876421,0.1166220354196974,4.034859327572612,3.8803375605042207
m4_yearly,chronos-t5,spikes_density,0.2,4.896595392346139,0.179151943728871,100,0.909,3.6359417595136,0.1411881404039837,1.3467199741398455,1.2688880469440345
m4_yearly,chronos-2,spikes_density,0.3,17.043687909760582,0.7171213536955998,100,0.182,3.003324720876421,0.1166220354196974,5.674940105972605,6.149106822864441
m4_yearly,chronos-t5,spikes_density,0.3,6.046206731699408,0.2097198344925969,100,1.027,3.6359417595136,0.1411881404039837,1.662899774419996,1.4853927099862811
m4_yearly,chronos-2,spikes_density,0.4,21.34003795691064,0.9385136545627416,100,0.182,3.003324720876421,0.1166220354196974,7.105471415919107,8.047481345915758
m4_yearly,chronos-t5,spikes_density,0.4,8.789338565189444,0.2694288322119673,100,1.023,3.6359417595136,0.1411881404039837,2.4173485568606146,1.9082964861003666
m4_yearly,chronos-2,drift,0.5,4.849956599066771,0.1563604898478242,100,0.208,3.003324720876421,0.1166220354196974,1.6148625439514486,1.3407456771365438
m4_yearly,chronos-t5,drift,0.5,5.248336007649768,0.17459709878052,100,1.042,3.6359417595136,0.1411881404039837,1.4434598667366627,1.2366272286110063
m4_yearly,chronos-2,drift,1.0,7.8148925722119325,0.2271307612027331,100,0.174,3.003324720876421,0.1166220354196974,2.6020804603277847,1.9475801497147496
m4_yearly,chronos-t5,drift,1.0,7.530273500466995,0.2363253384004496,100,1.077,3.6359417595136,0.1411881404039837,2.0710654896392953,1.6738327859850584
m4_yearly,chronos-2,drift,2.0,15.304512393852344,0.4824425887381173,100,0.181,3.003324720876421,0.1166220354196974,5.0958566975688955,4.136804738503415
m4_yearly,chronos-t5,drift,2.0,14.351867740438951,0.4707132363510273,100,1.176,3.6359417595136,0.1411881404039837,3.947221570006358,3.333943169760354
m4_yearly,chronos-2,drift,4.0,28.74539206908107,0.9128184506492708,100,0.593,3.003324720876421,0.1166220354196974,9.571190177761624,7.827152453344132
m4_yearly,chronos-t5,drift,4.0,27.29572064120145,0.8694992320645961,100,1.273,3.6359417595136,0.1411881404039837,7.5071941319689754,6.158443829465316
m4_yearly,chronos-2,drift,6.0,42.99354440162852,1.3400515437704912,100,0.174,3.003324720876421,0.1166220354196974,14.31531665649603,11.49055184080724
m4_yearly,chronos-t5,drift,6.0,40.70812596997437,1.2527845168809608,100,1.037,3.6359417595136,0.1411881404039837,11.196033562270294,8.873156862158183
m4_yearly,chronos-2,drift,9.0,65.09282879892237,2.0730457020810324,100,0.187,3.003324720876421,0.1166220354196974,21.673590053867763,17.775763341984135
m4_yearly,chronos-t5,drift,9.0,61.82135848868473,1.9613263776516143,100,1.021,3.6359417595136,0.1411881404039837,17.002846188866048,13.891580213746298
m4_yearly,chronos-2,drift,12.0,87.01970417962393,2.7761655939167835,100,0.174,3.003324720876421,0.1166220354196974,28.974457398742455,23.804811705832144
m4_yearly,chronos-t5,drift,12.0,82.76575603672103,2.6029730125695343,100,1.119,3.6359417595136,0.1411881404039837,22.763223811316788,18.43620154725184
m4_yearly,chronos-2,drift,16.0,115.8500253727468,3.731558724410824,100,0.175,3.003324720876421,0.1166220354196974,38.57392594529033,31.997029643512512
m4_yearly,chronos-t5,drift,16.0,111.89043430864066,3.5691503569827066,100,1.086,3.6359417595136,0.1411881404039837,30.773439650366917,25.279392070539668
m4_yearly,chronos-2,drift,20.0,145.15854588400097,4.737526218417703,100,0.2,3.003324720876421,0.1166220354196974,48.33261780685548,40.62290802392854
m4_yearly,chronos-t5,drift,20.0,139.7611320064716,4.498427904023682,100,1.05,3.6359417595136,0.1411881404039837,38.43877081935664,31.86123063277315
m4_yearly,chronos-2,drift,26.0,188.8953200080608,6.156722299863093,100,0.173,3.003324720876421,0.1166220354196974,62.89540344906093,52.792101232896385
m4_yearly,chronos-t5,drift,26.0,182.08105001311677,5.843413513532758,100,1.034,3.6359417595136,0.1411881404039837,50.07809862099517,41.38742458688749
m4_yearly,chronos-2,drift,32.0,231.61523885418475,7.540459293151244,100,0.205,3.003324720876421,0.1166220354196974,77.11961255611266,64.65724308459176
m4_yearly,chronos-t5,drift,32.0,225.51045822721963,7.278271762829626,100,1.052,3.6359417595136,0.1411881404039837,62.02257163145193,51.550163788574594
m4_yearly,chronos-2,drift_step,0.5,3.356528878054655,0.1216927613118966,100,0.458,3.003324720876421,0.1166220354196974,1.1176043851412656,1.0434799982177532
m4_yearly,chronos-t5,drift_step,0.5,4.142600785970691,0.1509281165731777,100,1.218,3.6359417595136,0.1411881404039837,1.139347398822161,1.068985795416845
m4_yearly,chronos-2,drift_step,1.0,3.8747944165318193,0.1403681907852887,100,0.177,3.003324720876421,0.1166220354196974,1.2901683223254956,1.203616368725979
m4_yearly,chronos-t5,drift_step,1.0,3.794796603258141,0.1457583510348319,100,1.232,3.6359417595136,0.1411881404039837,1.043690150792127,1.0323696495879284
m4_yearly,chronos-2,drift_step,2.0,4.864574087091146,0.156825226398887,100,0.212,3.003324720876421,0.1166220354196974,1.619729646040932,1.3447306577569755
m4_yearly,chronos-t5,drift_step,2.0,4.685371041559771,0.1662237058724721,100,0.769,3.6359417595136,0.1411881404039837,1.2886265378977244,1.1773205978692953
m4_yearly,chronos-2,drift_step,4.0,5.546965073603216,0.1774579872787871,100,0.195,3.003324720876421,0.1166220354196974,1.8469415028770242,1.5216505752120884
m4_yearly,chronos-t5,drift_step,4.0,5.815231461739959,0.1788590167128639,100,0.865,3.6359417595136,0.1411881404039837,1.5993742051902105,1.2668133187468293
m4_yearly,chronos-2,drift_step,8.0,6.38099417739934,0.2133401142587604,100,0.182,3.003324720876421,0.1166220354196974,2.124643443662415,1.829329367224604
m4_yearly,chronos-t5,drift_step,8.0,5.477564316300364,0.188220126774355,100,0.852,3.6359417595136,0.1411881404039837,1.50650496586423,1.3331157010482466
m4_yearly,chronos-2,drift_step,12.0,9.97575848504616,0.3431080820048853,100,0.227,3.003324720876421,0.1166220354196974,3.3215717287257123,2.942051909573639
m4_yearly,chronos-t5,drift_step,12.0,8.145497691945533,0.3052109161414519,100,0.89,3.6359417595136,0.1411881404039837,2.2402717729546913,2.1617319646547326
m4_yearly,chronos-2,drift_step,16.0,16.917574386910715,0.4712188519513354,100,0.191,3.003324720876421,0.1166220354196974,5.63294880147821,4.040564463272494
m4_yearly,chronos-t5,drift_step,16.0,12.065677805295964,0.3597003204581006,100,0.933,3.6359417595136,0.1411881404039837,3.318446389776622,2.547666676739879
m4_yearly,chronos-2,drift_step,20.0,17.670310162629935,0.3907264445379211,100,0.197,3.003324720876421,0.1166220354196974,5.883582963840634,3.350365504527351
m4_yearly,chronos-t5,drift_step,20.0,12.671645058712274,0.2652037630990744,100,0.769,3.6359417595136,0.1411881404039837,3.4851067197532424,1.8783713868618355
m4_yearly,chronos-2,gap,0.05,3.1601451443492667,0.1197501451654996,100,0.196,3.003324720876421,0.1166220354196974,1.0522156070513358,1.0268226303420689
m4_yearly,chronos-t5,gap,0.05,3.661856289697381,0.1428272814351448,100,0.669,3.6359417595136,0.1411881404039837,1.0071273226849617,1.0116096226387783
m4_yearly,chronos-2,gap,0.1,3.370481246656223,0.1294001410651881,100,0.171,3.003324720876421,0.1166220354196974,1.12225002618853,1.1095685356502747
m4_yearly,chronos-t5,gap,0.1,3.7658834047683856,0.1423445836897287,100,0.657,3.6359417595136,0.1411881404039837,1.0357380986410984,1.008190796213025
m4_yearly,chronos-2,gap,0.15,3.2389014673181955,0.1160693871492946,100,0.184,3.003324720876421,0.1166220354196974,1.0784386532712418,0.9952612019811355
m4_yearly,chronos-t5,gap,0.15,3.764407483670396,0.1354366194135809,100,0.656,3.6359417595136,0.1411881404039837,1.0353321732452563,0.9592634269851145
m4_yearly,chronos-2,gap,0.2,3.3770072654632437,0.1275260891705436,100,0.178,3.003324720876421,0.1166220354196974,1.1244229576606608,1.0934990862713454
m4_yearly,chronos-t5,gap,0.2,3.8859141258424255,0.1509960747935613,100,0.688,3.6359417595136,0.1411881404039837,1.0687503768933488,1.0694671263571716
m4_yearly,chronos-2,gap,0.3,3.4522849675183798,0.1259849270354906,100,0.182,3.003324720876421,0.1166220354196974,1.1494877472026883,1.0802840696622915
m4_yearly,chronos-t5,gap,0.3,4.189835329421973,0.1491174374239999,100,0.689,3.6359417595136,0.1411881404039837,1.1523384054376247,1.0561612115389296
m4_yearly,chronos-2,gap,0.4,4.726527816877019,0.1512499335572894,100,0.174,3.003324720876421,0.1166220354196974,1.57376516232908,1.2969241448494164
m4_yearly,chronos-t5,gap,0.4,5.507186766148097,0.1822321322140993,100,0.684,3.6359417595136,0.1411881404039837,1.5146520847695932,1.2907042453613726
m4_yearly,chronos-2,gap,0.5,3.849325882139628,0.1502030277960532,100,0.17,3.003324720876421,0.1166220354196974,1.281688208864851,1.2879472327464112
m4_yearly,chronos-t5,gap,0.5,4.385025883942843,0.1865894242154966,100,0.675,3.6359417595136,0.1411881404039837,1.2060220360981393,1.3215658459811535
m4_yearly,chronos-2,gap,0.6,4.668377820042769,0.1461196133828082,100,0.172,3.003324720876421,0.1166220354196974,1.5544032876606355,1.2529331430115709
m4_yearly,chronos-t5,gap,0.6,5.484034750332896,0.1737706195522342,100,0.692,3.6359417595136,0.1411881404039837,1.5082845416826824,1.2307734846214544
m4_yearly,chronos-2,gap,0.7,4.730940272706207,0.1611405870464709,100,0.175,3.003324720876421,0.1166220354196974,1.575234352722818,1.3817336189216807
m4_yearly,chronos-t5,gap,0.7,5.898690833229102,0.2127894938611819,100,0.722,3.6359417595136,0.1411881404039837,1.6223281953829212,1.5071343333251943
m5,chronos-2,clean,0.0,0.8902796015181903,0.5276950502475531,100,0.538,0.8902796015181903,0.5276950502475531,1.0,1.0
m5,chronos-t5,clean,0.0,0.9247766879614568,0.5681063337717701,100,38.541,0.9247766879614568,0.5681063337717701,1.0,1.0
m5,chronos-2,spikes_intensity,1.0,0.8912911610726836,0.527748847763633,100,0.302,0.8902796015181903,0.5276950502475531,1.0011362268132038,1.0001019481157811
m5,chronos-t5,spikes_intensity,1.0,0.942208455630108,0.604934595622568,100,27.405,0.9247766879614568,0.5681063337717701,1.0188497049023555,1.0648263532044921
m5,chronos-2,spikes_intensity,2.0,0.8931583210915015,0.5272613189623476,100,0.274,0.8902796015181903,0.5276950502475531,1.0032335005411808,0.9991780645185092
m5,chronos-t5,spikes_intensity,2.0,0.9176643084669937,0.5727899165843322,100,27.832,0.9247766879614568,0.5681063337717701,0.9923090843583638,1.008244201013333
m5,chronos-2,spikes_intensity,4.0,0.8946276045515421,0.5319330735287241,100,0.288,0.8902796015181903,0.5276950502475531,1.0048838623573282,1.0080311977138743
m5,chronos-t5,spikes_intensity,4.0,0.925171521571348,0.5781927104339855,100,28.376,0.9247766879614568,0.5681063337717701,1.0004269502194756,1.0177543816405812
m5,chronos-2,spikes_intensity,6.0,0.9004988079788229,0.5355343463778047,100,0.338,0.8902796015181903,0.5276950502475531,1.0114786483293627,1.0148557317840559
m5,chronos-t5,spikes_intensity,6.0,0.9354066952630136,0.6289873609785768,100,27.704,0.9247766879614568,0.5681063337717701,1.0114946748116986,1.1071648450081615
m5,chronos-2,spikes_intensity,8.0,0.8986727927992321,0.5439147983131449,100,0.263,0.8902796015181903,0.5276950502475531,1.009427590238762,1.0307369721546238
m5,chronos-t5,spikes_intensity,8.0,0.9106898614916716,0.5646699448534602,100,30.478,0.9247766879614568,0.5681063337717701,0.9847673209617365,0.9939511518988091
m5,chronos-2,spikes_intensity,12.0,0.9117956289878274,0.5453979631281719,100,0.321,0.8902796015181903,0.5276950502475531,1.0241677192569008,1.0335476197328626
m5,chronos-t5,spikes_intensity,12.0,0.9171183729243522,0.571581456344089,100,32.272,0.9247766879614568,0.5681063337717701,0.9917187412520244,1.0061170283901728
m5,chronos-2,spikes_intensity,16.0,0.9194616884352956,0.5633817879525415,100,0.333,0.8902796015181903,0.5276950502475531,1.032778564023416,1.0676275771172137
m5,chronos-t5,spikes_intensity,16.0,0.9370822739925412,0.5868551209564852,100,28.136,0.9247766879614568,0.5681063337717701,1.0133065486957833,1.0330022498785363
m5,chronos-2,spikes_intensity,20.0,0.9155390823176826,0.5665253820405405,100,0.221,0.8902796015181903,0.5276950502475531,1.028372525616017,1.073584794427712
m5,chronos-t5,spikes_intensity,20.0,0.9244855220909304,0.5747553551369777,100,28.28,0.9247766879614568,0.5681063337717701,0.999685150075346,1.0117038324868928
m5,chronos-2,spikes_intensity,30.0,0.9315646915585856,0.5798172888649353,100,0.209,0.8902796015181903,0.5276950502475531,1.046373173068317,1.098773408226836
m5,chronos-t5,spikes_intensity,30.0,0.919669293846272,0.5794604412238494,100,29.445,0.9247766879614568,0.5681063337717701,0.9944771595330292,1.0199858842915852
m5,chronos-2,spikes_intensity,40.0,0.9370269101572416,0.5816905572795649,100,0.223,0.8902796015181903,0.5276950502475531,1.052508569846297,1.10232331534412
m5,chronos-t5,spikes_intensity,40.0,0.9135972095394648,0.584811874855596,100,27.196,0.9247766879614568,0.5681063337717701,0.9879111589127147,1.0294056589246499
m5,chronos-2,spikes_density,0.01,0.9046656061770424,0.5369414838978189,100,0.21,0.8902796015181903,0.5276950502475531,1.0161589736913208,1.0175223050622288
m5,chronos-t5,spikes_density,0.01,0.8999531514167458,0.5606377549493708,100,28.388,0.9247766879614568,0.5681063337717701,0.97315726394506,0.9868535547336467
m5,chronos-2,spikes_density,0.02,0.9069456248999664,0.539345841974035,100,0.347,0.8902796015181903,0.5276950502475531,1.018719987915432,1.0220786450830195
m5,chronos-t5,spikes_density,0.02,0.9203467587719332,0.5713456645687452,100,36.461,0.9247766879614568,0.5681063337717701,0.9952097309034802,1.0057019797252895
m5,chronos-2,spikes_density,0.05,0.9232046286715994,0.5614055337818427,100,0.22,0.8902796015181903,0.5276950502475531,1.0369827940539829,1.0638825085027332
m5,chronos-t5,spikes_density,0.05,0.93765028367226,0.5862575222557085,100,34.862,0.9247766879614568,0.5681063337717701,1.0139207614966823,1.0319503364157712
m5,chronos-2,spikes_density,0.08,0.9421803755929812,0.6091539950290286,100,0.221,0.8902796015181903,0.5276950502475531,1.0582971619099042,1.1543674604172642
m5,chronos-t5,spikes_density,0.08,0.9114749551459992,0.5912360348088632,100,32.96,0.9247766879614568,0.5681063337717701,0.9856162758116455,1.0407136827423318
m5,chronos-2,spikes_density,0.12,0.9587587970213892,0.6648197647459315,100,0.223,0.8902796015181903,0.5276950502475531,1.0769187515769445,1.259855980142414
m5,chronos-t5,spikes_density,0.12,0.9181854272007158,0.5864518789611193,100,26.72,0.9247766879614568,0.5681063337717701,0.9928725920035133,1.032292449667916
m5,chronos-2,spikes_density,0.16,1.0094261109438745,0.7443753652614354,100,0.214,0.8902796015181903,0.5276950502475531,1.1338304384628202,1.410616538685047
m5,chronos-t5,spikes_density,0.16,0.9317777245205808,0.6074291312904838,100,27.631,0.9247766879614568,0.5681063337717701,1.0075705158339976,1.0692173193311223
m5,chronos-2,spikes_density,0.2,1.0378111241707175,0.8226234343203154,100,0.213,0.8902796015181903,0.5276950502475531,1.1657136953390175,1.5588992808145632
m5,chronos-t5,spikes_density,0.2,0.9353795910911636,0.611302145061139,100,28.853,0.9247766879614568,0.5681063337717701,1.011465365928589,1.0760347292778507
m5,chronos-2,spikes_density,0.3,1.115170914058961,1.3986783572980108,100,0.307,0.8902796015181903,0.5276950502475531,1.2526075090985622,2.650542878205624
m5,chronos-t5,spikes_density,0.3,0.9328866011686328,0.656338326217995,100,28.547,0.9247766879614568,0.5681063337717701,1.0087695908782617,1.1553089398958736
m5,chronos-2,spikes_density,0.4,1.1600397111075296,2.5720973627025305,100,0.259,0.8902796015181903,0.5276950502475531,1.3030060546476843,4.874211652157632
m5,chronos-t5,spikes_density,0.4,0.9603556905900126,0.7502126658140669,100,28.284,0.9247766879614568,0.5681063337717701,1.0384730747343824,1.3205497302472529
m5,chronos-2,drift,0.5,1.3069666346814202,0.6776852473413505,100,0.21,0.8902796015181903,0.5276950502475531,1.4680406385282276,1.2842365055791858
m5,chronos-t5,drift,0.5,1.2043793310475417,0.7140809851312785,100,28.443,0.9247766879614568,0.5681063337717701,1.3023461195831292,1.2569495227950618
m5,chronos-2,drift,1.0,1.8959852815693323,0.9902939756811616,100,0.229,0.8902796015181903,0.5276950502475531,2.1296514918864995,1.876640637839209
m5,chronos-t5,drift,1.0,1.6449045289598452,0.9849054229710767,100,26.789,0.9247766879614568,0.5681063337717701,1.7787045784921451,1.7336638661148085
m5,chronos-2,drift,2.0,3.218864996885718,1.8089004087932208,100,0.222,0.8902796015181903,0.5276950502475531,3.6155663809398755,3.427927565256916
m5,chronos-t5,drift,2.0,2.98483280554067,1.9845265635621188,100,34.57,0.9247766879614568,0.5681063337717701,3.2276254845051553,3.493230836534518
m5,chronos-2,drift,4.0,6.014637224465896,3.590460853805597,100,0.214,0.8902796015181903,0.5276950502475531,6.755896927447466,6.8040449727948635
m5,chronos-t5,drift,4.0,6.039805890318961,3.7269609806208033,100,33.13,0.9247766879614568,0.5681063337717701,6.531096608450288,6.560322881592912
m5,chronos-2,drift,6.0,9.048196382849564,5.6153907652209885,100,0.217,0.8902796015181903,0.5276950502475531,10.16331989121138,10.641355765203194
m5,chronos-t5,drift,6.0,9.073012489734412,5.813217420720822,100,28.771,0.9247766879614568,0.5681063337717701,9.811030714598376,10.232622090526123
m5,chronos-2,drift,9.0,13.53549626697044,8.564612998836166,100,0.223,0.8902796015181903,0.5276950502475531,15.20364640938466,16.23023182578332
m5,chronos-t5,drift,9.0,13.659918213929124,8.730488006306667,100,35.275,0.9247766879614568,0.5681063337717701,14.771045152576821,15.367700529482276
m5,chronos-2,drift,12.0,17.98555704992924,11.574059993549833,100,0.217,0.8902796015181903,0.5276950502475531,20.202144381673513,21.933235849228055
m5,chronos-t5,drift,12.0,18.14612219191429,11.633200174899049,100,28.087,0.9247766879614568,0.5681063337717701,19.622166549110275,20.477152750021173
m5,chronos-2,drift,16.0,23.96179908350184,15.367501244461272,100,0.224,0.8902796015181903,0.5276950502475531,26.914914193967693,29.12193555208078
m5,chronos-t5,drift,16.0,24.13098867986594,15.405020832970642,100,32.796,0.9247766879614568,0.5681063337717701,26.09385486679967,27.11643915443376
m5,chronos-2,drift,20.0,30.131422187415076,19.405798751332103,100,0.339,0.8902796015181903,0.5276950502475531,33.84489786807659,36.7746461563898
m5,chronos-t5,drift,20.0,30.26199057971923,19.396216781862563,100,29.362,0.9247766879614568,0.5681063337717701,32.72356556308489,34.14187737194769
m5,chronos-2,drift,26.0,38.98340411185746,25.203326217118175,100,0.335,0.8902796015181903,0.5276950502475531,43.7878213152129,47.76115714046351
m5,chronos-t5,drift,26.0,39.19899452423281,25.29327287289892,100,32.896,0.9247766879614568,0.5681063337717701,42.38752450674509,44.52207512803437
m5,chronos-2,drift,32.0,48.00451715305244,31.01084223736609,100,0.359,0.8902796015181903,0.5276950502475531,53.920720042546776,58.76659677368252
m5,chronos-t5,drift,32.0,48.11900785469181,31.00810982454739,100,32.028,0.9247766879614568,0.5681063337717701,52.03311078349471,54.58152458656538
m5,chronos-2,drift_step,0.5,0.9017861277376088,0.5402453365166594,100,0.317,0.8902796015181903,0.5276950502475531,1.012924620759362,1.0237832177186779
m5,chronos-t5,drift_step,0.5,0.925247817649684,0.5706894328894043,100,30.165,0.9247766879614568,0.5681063337717701,1.0005094523838676,1.0045468585088366
m5,chronos-2,drift_step,1.0,0.8971175873207736,0.535674291016363,100,0.224,0.8902796015181903,0.5276950502475531,1.0076807171487727,1.0151209316158387
m5,chronos-t5,drift_step,1.0,0.9329718692239324,0.5704816297517871,100,28.487,0.9247766879614568,0.5681063337717701,1.0088617948193965,1.004181076391539
m5,chronos-2,drift_step,2.0,0.9074795805403496,0.5408080666797629,100,0.224,0.8902796015181903,0.5276950502475531,1.0193197496526127,1.0248496104446274
m5,chronos-t5,drift_step,2.0,0.9479322612285772,0.582454013578466,100,38.12,0.9247766879614568,0.5681063337717701,1.025039097079927,1.0252552716873244
m5,chronos-2,drift_step,4.0,0.9144696046691206,0.5436562429348186,100,0.422,0.8902796015181903,0.5276950502475531,1.027171242730575,1.0302470009521176
m5,chronos-t5,drift_step,4.0,0.946685142136472,0.5662140684740766,100,35.075,0.9247766879614568,0.5681063337717701,1.0236905346557874,0.9966691705668367
m5,chronos-2,drift_step,8.0,0.967393675819596,0.5535249194819926,100,0.362,0.8902796015181903,0.5276950502475531,1.0866178155378416,1.0489484773873132
m5,chronos-t5,drift_step,8.0,0.9318922113211616,0.5734403805869185,100,44.126,0.9247766879614568,0.5681063337717701,1.0076943152355948,1.009389169769917
m5,chronos-2,drift_step,12.0,0.971217758890493,0.5720923524702837,100,0.377,0.8902796015181903,0.5276950502475531,1.0909131886592474,1.0841343920165687
m5,chronos-t5,drift_step,12.0,0.939437652314228,0.5823850145186754,100,40.367,0.9247766879614568,0.5681063337717701,1.0158535185235793,1.025133817206554
m5,chronos-2,drift_step,16.0,1.065528286471933,0.6070289728451487,100,0.259,0.8902796015181903,0.5276950502475531,1.1968467935858487,1.1503404713771301
m5,chronos-t5,drift_step,16.0,0.9237655335433947,0.5592180992271615,100,29.807,0.9247766879614568,0.5681063337717701,0.9989065961207445,0.9843546286738296
m5,chronos-2,drift_step,20.0,0.998597903124157,0.5694521076607421,100,0.235,0.8902796015181903,0.5276950502475531,1.1216677338459198,1.0791310386436253
m5,chronos-t5,drift_step,20.0,0.9120799982547908,0.5611496287186639,100,30.999,0.9247766879614568,0.5681063337717701,0.986270534419878,0.9877545722700902
m5,chronos-2,gap,0.05,0.8925824850324556,0.5293641310163673,100,0.216,0.8902796015181903,0.5276950502475531,1.0025866969324448,1.0031629646100169
m5,chronos-t5,gap,0.05,0.9109508102205144,0.563017792181639,100,29.304,0.9247766879614568,0.5681063337717701,0.9850494958178285,0.9910429768378972
m5,chronos-2,gap,0.1,0.894021586361141,0.5347290864601372,100,0.223,0.8902796015181903,0.5276950502475531,1.0042031568920253,1.0133297369556227
m5,chronos-t5,gap,0.1,0.9186531244427222,0.576404020451703,100,37.209,0.9247766879614568,0.5681063337717701,0.9933783327386494,1.014605868983792
m5,chronos-2,gap,0.15,0.8914928592237975,0.5296124191553033,100,0.428,0.8902796015181903,0.5276950502475531,1.0013627827746905,1.0036334790459958
m5,chronos-t5,gap,0.15,0.9183742514745692,0.5698607023805694,100,36.871,0.9247766879614568,0.5681063337717701,0.9930767756473177,1.0030880990133515
m5,chronos-2,gap,0.2,0.8984425619271464,0.537159387730624,100,0.335,0.8902796015181903,0.5276950502475531,1.0091689851087635,1.0179352402085844
m5,chronos-t5,gap,0.2,0.9244722000575252,0.5735246477453461,100,36.737,0.9247766879614568,0.5681063337717701,0.9996707443992745,1.0095374996747575
m5,chronos-2,gap,0.3,0.902425168588601,0.5446044071102191,100,0.428,0.8902796015181903,0.5276950502475531,1.0136424186847581,1.0320438041909497
m5,chronos-t5,gap,0.3,0.9352167422171896,0.5846946375992387,100,30.247,0.9247766879614568,0.5681063337717701,1.0112892705791994,1.0291992939373436
m5,chronos-2,gap,0.4,0.8961111081653845,0.5348347523273245,100,0.483,0.8902796015181903,0.5276950502475531,1.0065501968564143,1.0135299773541973
m5,chronos-t5,gap,0.4,0.9129418236643077,0.5616656426702887,100,29.13,0.9247766879614568,0.5681063337717701,0.9872024625499184,0.988662877495626
m5,chronos-2,gap,0.5,0.896121478169906,0.5374700808499677,100,0.441,0.8902796015181903,0.5276950502475531,1.006561844887554,1.0185240141968905
m5,chronos-t5,gap,0.5,0.916933491157761,0.563898016956082,100,32.291,0.9247766879614568,0.5681063337717701,0.991518820807448,0.9925923782828678
m5,chronos-2,gap,0.6,0.9045617026684148,0.5412431923263545,100,0.221,0.8902796015181903,0.5276950502475531,1.0160422648411458,1.0256741882881897
m5,chronos-t5,gap,0.6,0.9097103791696584,0.5657289706753974,100,33.88,0.9247766879614568,0.5681063337717701,0.9837081654545055,0.9958152850002764
m5,chronos-2,gap,0.7,0.8979940860449902,0.5329971518393647,100,0.263,0.8902796015181903,0.5276950502475531,1.008665237879925,1.010047662166481
m5,chronos-t5,gap,0.7,0.925662383956308,0.5766436849045947,100,41.224,0.9247766879614568,0.5681063337717701,1.000957740399797,1.0150277344667915
nn5,chronos-2,clean,0.0,0.5565058217844888,0.1456630163516122,100,0.546,0.5565058217844888,0.1456630163516122,1.0,1.0
nn5,chronos-t5,clean,0.0,0.5969987423541144,0.1640822161089413,100,55.528,0.5969987423541144,0.1640822161089413,1.0,1.0
nn5,chronos-2,spikes_intensity,1.0,0.5654510868679158,0.1475741002038989,100,0.583,0.5565058217844888,0.1456630163516122,1.0160739829365004,1.0131198975563818
nn5,chronos-t5,spikes_intensity,1.0,0.5862106756613589,0.1606789732913893,100,55.621,0.5969987423541144,0.1640822161089413,0.981929498460557,0.9792589172778332
nn5,chronos-2,spikes_intensity,2.0,0.5685483091354457,0.1483721596822184,100,0.153,0.5565058217844888,0.1456630163516122,1.0216394633794514,1.0185987040393745
nn5,chronos-t5,spikes_intensity,2.0,0.5991588584404595,0.1632702978895319,100,52.627,0.5969987423541144,0.1640822161089413,1.00361829252408,0.9950517597905288
nn5,chronos-2,spikes_intensity,4.0,0.5752778127348707,0.1498547703756598,100,0.16,0.5565058217844888,0.1456630163516122,1.0337318860208644,1.0287770645496537
nn5,chronos-t5,spikes_intensity,4.0,0.6290652768722816,0.1730813254949341,100,54.591,0.5969987423541144,0.1640822161089413,1.0537129012897428,1.0548451233741132
nn5,chronos-2,spikes_intensity,6.0,0.5659749640238199,0.1482260313485274,100,0.156,0.5565058217844888,0.1456630163516122,1.0170153516255542,1.017595509561112
nn5,chronos-t5,spikes_intensity,6.0,0.6252553284307679,0.1692595769157234,100,56.274,0.5969987423541144,0.1640822161089413,1.04733106466059,1.0315534549054641
nn5,chronos-2,spikes_intensity,8.0,0.5690060032403242,0.1486110823050942,100,0.152,0.5565058217844888,0.1456630163516122,1.0224619059972317,1.0202389462151857
nn5,chronos-t5,spikes_intensity,8.0,0.6095078171068741,0.1659605454876145,100,51.285,0.5969987423541144,0.1640822161089413,1.0209532681818276,1.0114474890894092
nn5,chronos-2,spikes_intensity,12.0,0.5664434467778883,0.1496018414903462,100,0.174,0.5565058217844888,0.1456630163516122,1.0178571806518277,1.0270406671328718
nn5,chronos-t5,spikes_intensity,12.0,0.6009666991076357,0.1633423592239682,100,59.898,0.5969987423541144,0.1640822161089413,1.0066465077260878,0.9954909380034099
nn5,chronos-2,spikes_intensity,16.0,0.5672876906674951,0.1500864314139074,100,0.153,0.5565058217844888,0.1456630163516122,1.0193742247806739,1.0303674547808186
nn5,chronos-t5,spikes_intensity,16.0,0.5938562482073583,0.16123688959713,100,55.391,0.5969987423541144,0.1640822161089413,0.994736179620137,0.982659141378721
nn5,chronos-2,spikes_intensity,20.0,0.570497694323014,0.150371350355163,100,0.165,0.5565058217844888,0.1456630163516122,1.0251423650765394,1.032323469069084
nn5,chronos-t5,spikes_intensity,20.0,0.5927439078953415,0.1589725560639084,100,58.893,0.5969987423541144,0.1640822161089413,0.9928729590920157,0.9688591477723558
nn5,chronos-2,spikes_intensity,30.0,0.6023442105924534,0.1605021112275511,100,0.187,0.5565058217844888,0.1456630163516122,1.0823682107421255,1.1018727694071582
nn5,chronos-t5,spikes_intensity,30.0,0.6126540180679014,0.1633143413220399,100,56.514,0.5969987423541144,0.1640822161089413,1.0262232976439019,0.9953201827406355
nn5,chronos-2,spikes_intensity,40.0,0.6121322672321122,0.1611779609855851,100,0.155,0.5565058217844888,0.1456630163516122,1.0999566280712967,1.106512586534126
nn5,chronos-t5,spikes_intensity,40.0,0.5996588748869102,0.1579635719224876,100,52.247,0.5969987423541144,0.1640822161089413,1.0044558427749883,0.9627098881795254
nn5,chronos-2,spikes_density,0.01,0.5585227412210964,0.1469936723585087,100,0.158,0.5565058217844888,0.1456630163516122,1.0036242557717368,1.0091351671839917
nn5,chronos-t5,spikes_density,0.01,0.5887432058766852,0.161541215683008,100,53.68,0.5969987423541144,0.1640822161089413,0.9861716015600374,0.9845138584412694
nn5,chronos-2,spikes_density,0.02,0.5652514935422405,0.1476829528423558,100,0.155,0.5565058217844888,0.1456630163516122,1.0157153284213771,1.0138671884005734
nn5,chronos-t5,spikes_density,0.02,0.6054355106584671,0.1636487433612959,100,58.332,0.5969987423541144,0.1640822161089413,1.0141319699788385,0.9973581978722325
nn5,chronos-2,spikes_density,0.05,0.5733578426369277,0.151178819087424,100,0.164,0.5565058217844888,0.1456630163516122,1.030281841074728,1.037866871591464
nn5,chronos-t5,spikes_density,0.05,0.5951493868800601,0.160667733737711,100,62.568,0.5969987423541144,0.1640822161089413,0.9969022456115036,0.9791904177539675
nn5,chronos-2,spikes_density,0.08,0.6478293282331875,0.177969479635119,100,0.2,0.5565058217844888,0.1456630163516122,1.1641016191993485,1.2217890586964304
nn5,chronos-t5,spikes_density,0.08,0.6155188679670401,0.1631718998135193,100,63.132,0.5969987423541144,0.1640822161089413,1.031022051302648,0.9944520721562072
nn5,chronos-2,spikes_density,0.12,0.8187432802203378,0.2372547429771293,100,0.194,0.5565058217844888,0.1456630163516122,1.471221410757141,1.6287919124537846
nn5,chronos-t5,spikes_density,0.12,0.6458723151916982,0.170783168883731,100,60.178,0.5969987423541144,0.1640822161089413,1.0818654535935253,1.0408389948264756
nn5,chronos-2,spikes_density,0.16,0.9511671510992604,0.3076361774575767,100,0.185,0.5565058217844888,0.1456630163516122,1.709177359635255,2.111971763065662
nn5,chronos-t5,spikes_density,0.16,0.6974549425854316,0.1840004313317975,100,55.876,0.5969987423541144,0.1640822161089413,1.1682686965724474,1.1213916760463036
nn5,chronos-2,spikes_density,0.2,0.998601485999248,0.3588957353980044,100,0.139,0.5565058217844888,0.1456630163516122,1.7944133680347447,2.4638768603533188
nn5,chronos-t5,spikes_density,0.2,0.7575354482431523,0.2012246736546283,100,55.703,0.5969987423541144,0.1640822161089413,1.268906271487276,1.226364918919833
nn5,chronos-2,spikes_density,0.3,1.0468727152316972,0.5710092785754248,100,0.675,0.5565058217844888,0.1456630163516122,1.8811532139498566,3.9200703986321432
nn5,chronos-t5,spikes_density,0.3,1.0737870843591284,0.2972561548267129,100,87.548,0.5969987423541144,0.1640822161089413,1.7986421212964687,1.8116293275156137
nn5,chronos-2,spikes_density,0.4,1.1156613944374716,1.0180591938914914,100,0.217,0.5565058217844888,0.1456630163516122,2.004761407275125,6.989139861239895
nn5,chronos-t5,spikes_density,0.4,1.1941002354965218,0.3441155786497913,100,94.047,0.5969987423541144,0.1640822161089413,2.0001721122357607,2.09721435272009
nn5,chronos-2,drift,0.5,0.7237881112948218,0.1914036256032089,100,0.183,0.5565058217844888,0.1456630163516122,1.3005939613963542,1.3140166282234924
nn5,chronos-t5,drift,0.5,0.7524628003065559,0.2126979874286371,100,84.706,0.5969987423541144,0.1640822161089413,1.2604093558713507,1.2962890950193997
nn5,chronos-2,drift,1.0,1.141257229102977,0.3170425053847128,100,0.46,0.5565058217844888,0.1456630163516122,2.0507552381813854,2.1765477148943013
nn5,chronos-t5,drift,1.0,1.1357786627132251,0.3375862459002369,100,76.735,0.5969987423541144,0.1640822161089413,1.9024808297494356,2.057421297114239
nn5,chronos-2,drift,2.0,2.182885331739897,0.6464645103750831,100,0.453,0.5565058217844888,0.1456630163516122,3.9224842693294164,4.4380826826666775
nn5,chronos-t5,drift,2.0,2.1714809516881197,0.6785671066850729,100,58.735,0.5969987423541144,0.1640822161089413,3.6373291895480895,4.135531093964155
nn5,chronos-2,drift,4.0,4.350485484672593,1.3628161729206558,100,0.596,0.5565058217844888,0.1456630163516122,7.8175021974116055,9.355951888508123
nn5,chronos-t5,drift,4.0,4.235304218110824,1.3615164230650167,100,63.529,0.5969987423541144,0.1640822161089413,7.094326868110252,8.297769589856387
nn5,chronos-2,drift,6.0,6.5766786755799735,2.105947453398555,100,0.777,0.5565058217844888,0.1456630163516122,11.817807501979456,14.457667472126644
nn5,chronos-t5,drift,6.0,6.452023107116766,2.091923635990057,100,66.52,0.5969987423541144,0.1640822161089413,10.807431656681278,12.749240506363822
nn5,chronos-2,drift,9.0,9.850822160836456,3.1913629722859365,100,0.563,0.5565058217844888,0.1456630163516122,17.701202350855663,21.909219321549596
nn5,chronos-t5,drift,9.0,9.864943141299808,3.2019691384172635,100,64.542,0.5969987423541144,0.1640822161089413,16.524227676594233,19.51441913906951
nn5,chronos-2,drift,12.0,13.208576200942312,4.309531737715929,100,0.524,0.5565058217844888,0.1456630163516122,23.734839212620916,29.58562746849387
nn5,chronos-t5,drift,12.0,13.353209672566006,4.349610487533701,100,87.717,0.5969987423541144,0.1640822161089413,22.367232500207592,26.50872587341096
nn5,chronos-2,drift,16.0,17.61118200515592,5.770770568911777,100,0.218,0.5565058217844888,0.1456630163516122,31.645997787918898,39.61726671224399
nn5,chronos-t5,drift,16.0,17.97200549972144,5.872560878367431,100,66.447,0.5969987423541144,0.1640822161089413,30.103925225794203,35.790355698684515
nn5,chronos-2,drift,20.0,22.06650672658268,7.247871946520373,100,0.201,0.5565058217844888,0.1456630163516122,39.65188837706015,49.75780488456262
nn5,chronos-t5,drift,20.0,22.4128329455584,7.3301064477462194,100,84.81,0.5969987423541144,0.1640822161089413,37.54251283206901,44.6733754673294
nn5,chronos-2,drift,26.0,28.74142967193051,9.470400867538965,100,0.162,0.5565058217844888,0.1456630163516122,51.64623360051901,65.01582285429686
nn5,chronos-t5,drift,26.0,29.095305714049992,9.535254689438451,100,56.515,0.5969987423541144,0.1640822161089413,48.73595813505397,58.11266397759756
nn5,chronos-2,drift,32.0,35.29223026207561,11.647545477847796,100,0.151,0.5565058217844888,0.1456630163516122,63.41754008773479,79.96227024251706
nn5,chronos-t5,drift,32.0,35.58013636090138,11.682064595136485,100,56.915,0.5969987423541144,0.1640822161089413,59.59834391040768,71.19640916709861
nn5,chronos-2,drift_step,0.5,0.5809220355586577,0.1522418484566133,100,0.511,0.5565058217844888,0.1456630163516122,1.0438741389908124,1.0451647389281067
nn5,chronos-t5,drift_step,0.5,0.5963389553547476,0.1653752106359244,100,55.09,0.5969987423541144,0.1640822161089413,0.9988948268186209,1.0078801625041718
nn5,chronos-2,drift_step,1.0,0.6059026203382936,0.1576655200561668,100,0.154,0.5565058217844888,0.1456630163516122,1.0887624111377834,1.0823991154733612
nn5,chronos-t5,drift_step,1.0,0.6300007033560745,0.1754687593773173,100,53.958,0.5969987423541144,0.1640822161089413,1.0552797831228675,1.069395352759107
nn5,chronos-2,drift_step,2.0,0.5783932105395264,0.1504322906414505,100,0.156,0.5565058217844888,0.1456630163516122,1.0393300265662155,1.0327418339211505
nn5,chronos-t5,drift_step,2.0,0.650877387897092,0.1795266289803742,100,52.481,0.5969987423541144,0.1640822161089413,1.0902491776289522,1.0941260621515416
nn5,chronos-2,drift_step,4.0,0.5697580010814702,0.1495227441302008,100,0.151,0.5565058217844888,0.1456630163516122,1.0238131907667867,1.0264976510528363
nn5,chronos-t5,drift_step,4.0,0.6444804487691299,0.1753319465579695,100,52.582,0.5969987423541144,0.1640822161089413,1.0795340141384273,1.0685615462528797
nn5,chronos-2,drift_step,8.0,0.5717918344134105,0.1513213503018116,100,0.164,0.5565058217844888,0.1456630163516122,1.027467839563485,1.0388453712680294
nn5,chronos-t5,drift_step,8.0,0.6045397808183198,0.1610955025031883,100,58.555,0.5969987423541144,0.1640822161089413,1.012631581826235,0.9817974569299455
nn5,chronos-2,drift_step,12.0,0.5779488351024273,0.1530103528229639,100,0.153,0.5565058217844888,0.1456630163516122,1.038531516614111,1.050440644821031
nn5,chronos-t5,drift_step,12.0,0.6421060520263386,0.1693479090775605,100,56.838,0.5969987423541144,0.1640822161089413,1.075556791785448,1.0320917957685498
nn5,chronos-2,drift_step,16.0,0.580634083240197,0.1525758820861825,100,0.157,0.5565058217844888,0.1456630163516122,1.043356709869339,1.0474579334392164
nn5,chronos-t5,drift_step,16.0,0.6624807529956953,0.1787051555577126,100,1889.881,0.5969987423541144,0.1640822161089413,1.1096853410165808,1.0891195877014637
nn5,chronos-2,drift_step,20.0,0.575128128056656,0.1524523012537808,100,0.186,0.5565058217844888,0.1456630163516122,1.03346291367169,1.04660953117832
nn5,chronos-t5,drift_step,20.0,0.6483823701368342,0.1724221724131455,100,44.211,0.5969987423541144,0.1640822161089413,1.0860699095949538,1.0508279111653815
nn5,chronos-2,gap,0.05,0.5604600691410246,0.1462041327567223,100,0.152,0.5565058217844888,0.1456630163516122,1.007105491446354,1.003714851021648
nn5,chronos-t5,gap,0.05,0.5952535711004541,0.1631540294030963,100,1011.02,0.5969987423541144,0.1640822161089413,0.9970767589111181,0.9943431608381695
nn5,chronos-2,gap,0.1,0.5627133046998971,0.1467906194050281,100,0.202,0.5565058217844888,0.1456630163516122,1.011154389895695,1.0077411760490667
nn5,chronos-t5,gap,0.1,0.6008141602154335,0.1651329326183235,100,113.296,0.5969987423541144,0.1640822161089413,1.0063909981556645,1.006403597746904
nn5,chronos-2,gap,0.15,0.5671515400831102,0.1485978414010748,100,0.18,0.5565058217844888,0.1456630163516122,1.0191295722019311,1.0201480452826701
nn5,chronos-t5,gap,0.15,0.6047780676594392,0.1665894039286193,100,105.819,0.5969987423541144,0.1640822161089413,1.0130307231044557,1.015280070437453
nn5,chronos-2,gap,0.2,0.576567300054794,0.1497866572141134,100,0.177,0.5565058217844888,0.1456630163516122,1.036048999821738,1.0283094567570075
nn5,chronos-t5,gap,0.2,0.5939331507863846,0.1633366731935413,100,111.09,0.5969987423541144,0.1640822161089413,0.9948649949317457,0.9954562844586095
nn5,chronos-2,gap,0.3,0.5834148956191555,0.1521771919045981,100,0.187,0.5565058217844888,0.1456630163516122,1.048353625031954,1.044720861315006
nn5,chronos-t5,gap,0.3,0.5992946458841296,0.1644621813007058,100,100.234,0.5969987423541144,0.1640822161089413,1.0038457426576175,1.0023157000238967
nn5,chronos-2,gap,0.4,0.5962281196431228,0.155439116365407,100,0.186,0.5565058217844888,0.1456630163516122,1.0713780454825443,1.0671144965870851
nn5,chronos-t5,gap,0.4,0.600591960003409,0.1662816841989264,100,110.053,0.5969987423541144,0.1640822161089413,1.0060188027115864,1.0134046707933586
nn5,chronos-2,gap,0.5,0.6045610188963776,0.1572246947347379,100,0.192,0.5565058217844888,0.1456630163516122,1.0863516520955616,1.0793727788474274
nn5,chronos-t5,gap,0.5,0.6112236263226812,0.1681046294335217,100,113.262,0.5969987423541144,0.1640822161089413,1.0238273265241307,1.0245146209014495
nn5,chronos-2,gap,0.6,0.6008594699880834,0.156773047395919,100,0.187,0.5565058217844888,0.1456630163516122,1.079700241160767,1.0762721473341497
nn5,chronos-t5,gap,0.6,0.6595553451470021,0.1826241943810777,100,115.051,0.5969987423541144,0.1640822161089413,1.1047851500427144,1.1130041921168687
nn5,chronos-2,gap,0.7,0.6106676820902588,0.1589325215579186,100,0.306,0.5565058217844888,0.1456630163516122,1.0973248763725325,1.091097284256942
nn5,chronos-t5,gap,0.7,0.6921189846979438,0.1931603279972517,100,112.274,0.5969987423541144,0.1640822161089413,1.159330724833266,1.1772167184102644
monash_nn5_weekly,chronos-2,clean,0.0,0.85885852195396,0.0781000199133967,100,0.165,0.85885852195396,0.0781000199133967,1.0,1.0
monash_nn5_weekly,chronos-t5,clean,0.0,0.927747677516852,0.0852485698911454,100,0.784,0.927747677516852,0.0852485698911454,1.0,1.0
monash_nn5_weekly,chronos-2,spikes_intensity,1.0,0.8599260046684737,0.0781892631023474,100,0.169,0.85885852195396,0.0781000199133967,1.0012429086831265,1.0011426781843291
monash_nn5_weekly,chronos-t5,spikes_intensity,1.0,0.9152440939308748,0.0849202667675303,100,0.816,0.927747677516852,0.0852485698911454,0.9865226463089151,0.9961488723619139
monash_nn5_weekly,chronos-2,spikes_intensity,2.0,0.8828940604753959,0.0801513569540871,100,0.155,0.85885852195396,0.0781000199133967,1.0279854456898831,1.0262655123899467
monash_nn5_weekly,chronos-t5,spikes_intensity,2.0,0.929482946051404,0.0852576001714225,100,0.825,0.927747677516852,0.0852485698911454,1.0018704100011293,1.0001059288183793
monash_nn5_weekly,chronos-2,spikes_intensity,4.0,0.9000978020497089,0.081552896835515,100,0.161,0.85885852195396,0.0781000199133967,1.0480163834224139,1.0442109608415864
monash_nn5_weekly,chronos-t5,spikes_intensity,4.0,0.9349309687809634,0.0861923937142453,100,0.885,0.927747677516852,0.0852485698911454,1.0077427208261385,1.0110714329202832
monash_nn5_weekly,chronos-2,spikes_intensity,6.0,0.9581592071772348,0.0865829442766699,100,0.162,0.85885852195396,0.0781000199133967,1.1156193746524854,1.1086161613361907
monash_nn5_weekly,chronos-t5,spikes_intensity,6.0,0.930497418413311,0.0867653775133163,100,0.951,0.927747677516852,0.0852485698911454,1.0029638887416228,1.0177927632581723
monash_nn5_weekly,chronos-2,spikes_intensity,8.0,0.9239351344603008,0.0839571527842528,100,0.329,0.85885852195396,0.0781000199133967,1.0757710505780245,1.074995280120939
monash_nn5_weekly,chronos-t5,spikes_intensity,8.0,0.92058495021112,0.0852253056615865,100,0.986,0.927747677516852,0.0852485698911454,0.9922794446385429,0.9997271012336205
monash_nn5_weekly,chronos-2,spikes_intensity,12.0,0.9136332570305794,0.0846005100518915,100,0.248,0.85885852195396,0.0781000199133967,1.0637762025717616,1.0832328870812458
monash_nn5_weekly,chronos-t5,spikes_intensity,12.0,0.9168708485805964,0.0852278486073928,100,0.955,0.927747677516852,0.0852485698911454,0.988276091441837,0.9997569310103493
monash_nn5_weekly,chronos-2,spikes_intensity,16.0,0.9393805852382552,0.0848477288288653,100,0.189,0.85885852195396,0.0781000199133967,1.0937547468250093,1.0863982995516643
monash_nn5_weekly,chronos-t5,spikes_intensity,16.0,0.9005052240258012,0.0834329115545165,100,0.945,0.927747677516852,0.0852485698911454,0.9706359238063886,0.9787015977048373
monash_nn5_weekly,chronos-2,spikes_intensity,20.0,0.9070080759310084,0.0851926926836398,100,0.179,0.85885852195396,0.0781000199133967,1.056062264908899,1.0908152491908196
monash_nn5_weekly,chronos-t5,spikes_intensity,20.0,0.9170602735983104,0.083983083121458,100,0.94,0.927747677516852,0.0852485698911454,0.9884802687438174,0.9851553313879245
monash_nn5_weekly,chronos-2,spikes_intensity,30.0,0.9473679978588556,0.0899807035273601,100,0.184,0.85885852195396,0.0781000199133967,1.1030547798530668,1.152121390329191
monash_nn5_weekly,chronos-t5,spikes_intensity,30.0,0.9272919849469092,0.0852865367336379,100,0.947,0.927747677516852,0.0852485698911454,0.9995088184201523,1.0004453663274466
monash_nn5_weekly,chronos-2,spikes_intensity,40.0,0.986412082351189,0.0956984110749007,100,0.175,0.85885852195396,0.0781000199133967,1.1485152177416094,1.2253314554979429
monash_nn5_weekly,chronos-t5,spikes_intensity,40.0,0.9319672640866624,0.0850752152521673,100,0.95,0.927747677516852,0.0852485698911454,1.0045482049398433,0.9979664803855424
monash_nn5_weekly,chronos-2,spikes_density,0.01,0.8675760508772206,0.0792985414406271,100,0.187,0.85885852195396,0.0781000199133967,1.010150133811827,1.0153459823513415
monash_nn5_weekly,chronos-t5,spikes_density,0.01,0.9303725975712598,0.0856304605091945,100,0.98,0.927747677516852,0.0852485698911454,1.002829346942084,1.0044797304932709
monash_nn5_weekly,chronos-2,spikes_density,0.02,0.9025252227979376,0.0829696423836882,100,0.169,0.85885852195396,0.0781000199133967,1.0508427170806118,1.0623511040802718
monash_nn5_weekly,chronos-t5,spikes_density,0.02,0.908320532674891,0.0838407589908409,100,0.98,0.927747677516852,0.0852485698911454,0.9790598830773056,0.9834858121127176
monash_nn5_weekly,chronos-2,spikes_density,0.05,0.9384493443668848,0.089737414616319,100,0.178,0.85885852195396,0.0781000199133967,1.0926704694410558,1.1490062962317646
monash_nn5_weekly,chronos-t5,spikes_density,0.05,0.909678565118636,0.0844764788923076,100,0.958,0.927747677516852,0.0852485698911454,0.9805236781119424,0.990943062155486
monash_nn5_weekly,chronos-2,spikes_density,0.08,0.9349310249236304,0.0954067265079224,100,0.175,0.85885852195396,0.0781000199133967,1.088573963027811,1.2215966988704574
monash_nn5_weekly,chronos-t5,spikes_density,0.08,0.9123609138569984,0.0845422574797764,100,1.013,0.927747677516852,0.0852485698911454,0.9834149262426214,0.9917146714335395
monash_nn5_weekly,chronos-2,spikes_density,0.12,1.024032115687712,0.1110208847444281,100,0.173,0.85885852195396,0.0781000199133967,1.1923175814311897,1.4215218493866786
monash_nn5_weekly,chronos-t5,spikes_density,0.12,0.9338719095905412,0.0867285976126501,100,1.01,0.927747677516852,0.0852485698911454,1.0066011828669632,1.0173613202355718
monash_nn5_weekly,chronos-2,spikes_density,0.16,1.100655321308563,0.1277759165640245,100,0.174,0.85885852195396,0.0781000199133967,1.2815327474477396,1.6360548525558927
monash_nn5_weekly,chronos-t5,spikes_density,0.16,0.9430912048127396,0.0862338205648997,100,1.008,0.927747677516852,0.0852485698911454,1.0165384701764546,1.0115573865346055
monash_nn5_weekly,chronos-2,spikes_density,0.2,1.1139341036416202,0.1499311808464666,100,0.172,0.85885852195396,0.0781000199133967,1.2969937133619474,1.919732940052023
monash_nn5_weekly,chronos-t5,spikes_density,0.2,1.0077566821740942,0.0924955928004255,100,0.944,0.927747677516852,0.0852485698911454,1.0862400484487216,1.0850104924755206
monash_nn5_weekly,chronos-2,spikes_density,0.3,1.2629615639173708,0.2523606560719519,100,0.183,0.85885852195396,0.0781000199133967,1.4705117683923654,3.2312495739666747
monash_nn5_weekly,chronos-t5,spikes_density,0.3,1.229183211105652,0.1223788419029172,100,1.028,0.927747677516852,0.0852485698911454,1.3249111163453433,1.4355530193548554
monash_nn5_weekly,chronos-2,spikes_density,0.4,1.7468941455241704,0.4247352661067292,100,0.174,0.85885852195396,0.0781000199133967,2.0339719533199374,5.438350292070454
monash_nn5_weekly,chronos-t5,spikes_density,0.4,2.6577489759832464,0.2556925673024531,100,0.939,0.927747677516852,0.0852485698911454,2.864732556482169,2.999376618621861
monash_nn5_weekly,chronos-2,drift,0.5,1.0351081751629303,0.0928698388938241,100,0.175,0.85885852195396,0.0781000199133967,1.205213837557309,1.1891141512742929
monash_nn5_weekly,chronos-t5,drift,0.5,1.0674138942512224,0.0987392499496783,100,0.968,0.927747677516852,0.0852485698911454,1.1505433213351626,1.1582511011710726
monash_nn5_weekly,chronos-2,drift,1.0,1.3412269983365332,0.1223920714476763,100,0.173,0.85885852195396,0.0781000199133967,1.5616390407178509,1.5671195933547013
monash_nn5_weekly,chronos-t5,drift,1.0,1.3040198209372238,0.1269529566011591,100,0.946,0.927747677516852,0.0852485698911454,1.4055759475760443,1.4892092238411314
monash_nn5_weekly,chronos-2,drift,2.0,2.2398052966466544,0.2132858720995297,100,0.182,0.85885852195396,0.0781000199133967,2.6078862110501615,2.730932365139439
monash_nn5_weekly,chronos-t5,drift,2.0,2.1687152710360147,0.2145997349963979,100,0.933,0.927747677516852,0.0852485698911454,2.3376132579934388,2.517341173821708
monash_nn5_weekly,chronos-2,drift,4.0,4.7823922640041365,0.4969101331279275,100,0.168,0.85885852195396,0.0781000199133967,5.568312058106937,6.362484077199207
monash_nn5_weekly,chronos-t5,drift,4.0,4.529592898881155,0.481428673109431,100,0.977,0.927747677516852,0.0852485698911454,4.88235433906422,5.647351899558799
monash_nn5_weekly,chronos-2,drift,6.0,7.215285184276611,0.7730647086023352,100,0.199,0.85885852195396,0.0781000199133967,8.401017163876256,9.898393232928349
monash_nn5_weekly,chronos-t5,drift,6.0,6.887091312456359,0.7432550890031966,100,1.023,0.927747677516852,0.0852485698911454,7.423453035085888,8.718681028341766
monash_nn5_weekly,chronos-2,drift,9.0,10.834657142798886,1.1843406851647291,100,0.168,0.85885852195396,0.0781000199133967,12.615182670772509,15.164409515874862
monash_nn5_weekly,chronos-t5,drift,9.0,10.321506624543485,1.130673079881921,100,0.966,0.927747677516852,0.0852485698911454,11.125338143846768,13.263249827248558
monash_nn5_weekly,chronos-2,drift,12.0,14.52900761773575,1.604551810827206,100,0.172,0.85885852195396,0.0781000199133967,16.916648372634526,20.544832288217805
monash_nn5_weekly,chronos-t5,drift,12.0,13.8630676003674,1.5263578565199785,100,1.021,0.927747677516852,0.0852485698911454,14.942713343645728,17.90479134686948
monash_nn5_weekly,chronos-2,drift,16.0,19.40731056241314,2.158700722339389,100,0.183,0.85885852195396,0.0781000199133967,22.596632700645767,27.640207066952378
monash_nn5_weekly,chronos-t5,drift,16.0,18.747316838066503,2.071323251467956,100,1.056,0.927747677516852,0.0852485698911454,20.207344402353375,24.29745453927081
monash_nn5_weekly,chronos-2,drift,20.0,24.21353327581111,2.705153295490164,100,0.201,0.85885852195396,0.0781000199133967,28.192691411763278,34.63703720549426
monash_nn5_weekly,chronos-t5,drift,20.0,23.59114696741639,2.614657874875091,100,1.047,0.927747677516852,0.0852485698911454,25.428408541597097,30.670988125827435
monash_nn5_weekly,chronos-2,drift,26.0,31.495289616930528,3.528363999487456,100,0.193,0.85885852195396,0.0781000199133967,36.67110334456094,45.177504479512
monash_nn5_weekly,chronos-t5,drift,26.0,30.730387523091185,3.416820734115176,100,0.991,0.927747677516852,0.0852485698911454,33.12364802177905,40.08068098360057
monash_nn5_weekly,chronos-2,drift,32.0,38.67334241367056,4.340468321870609,100,0.161,0.85885852195396,0.0781000199133967,45.02876949475468,55.57576459882665
monash_nn5_weekly,chronos-t5,drift,32.0,37.95016491587601,4.222762366202825,100,0.921,0.927747677516852,0.0852485698911454,40.905696490074654,49.53470036617511
monash_nn5_weekly,chronos-2,drift_step,0.5,0.8852781247277332,0.0796455806383889,100,0.223,0.85885852195396,0.0781000199133967,1.0307612978138319,1.019789504877285
monash_nn5_weekly,chronos-t5,drift_step,0.5,0.9338023807135872,0.0859567197032586,100,0.995,0.927747677516852,0.0852485698911454,1.0065262391310328,1.0083068820159382
monash_nn5_weekly,chronos-2,drift_step,1.0,0.9058657821384744,0.082178242598131,100,0.178,0.85885852195396,0.0781000199133967,1.0547322509853774,1.0522179467976647
monash_nn5_weekly,chronos-t5,drift_step,1.0,0.9413298203109056,0.0864039859255675,100,1.551,0.927747677516852,0.0852485698911454,1.0146399103152774,1.013553494632197
monash_nn5_weekly,chronos-2,drift_step,2.0,0.983303948709632,0.0877111001828457,100,0.166,0.85885852195396,0.0781000199133967,1.1448963054736307,1.1230611756579127
monash_nn5_weekly,chronos-t5,drift_step,2.0,1.042971927517372,0.0951521883449511,100,0.9,0.927747677516852,0.0852485698911454,1.1241978317950865,1.116173426327875
monash_nn5_weekly,chronos-2,drift_step,4.0,1.089742982985363,0.1017105533320223,100,1.366,0.85885852195396,0.0781000199133967,1.2688271177726986,1.3023114903787063
monash_nn5_weekly,chronos-t5,drift_step,4.0,1.140436760749627,0.1116872825033191,100,1.01,0.927747677516852,0.0852485698911454,1.229253156205192,1.3101367289320336
monash_nn5_weekly,chronos-2,drift_step,8.0,1.0128417422736415,0.0917235206300073,100,0.18,0.85885852195396,0.0781000199133967,1.1792882254569235,1.1744365844172304
monash_nn5_weekly,chronos-t5,drift_step,8.0,1.1521129489792648,0.1090171155717456,100,0.89,0.927747677516852,0.0852485698911454,1.2418386775841184,1.2788145972530736
monash_nn5_weekly,chronos-2,drift_step,12.0,1.0442248609719291,0.0981156637798847,100,0.17,0.85885852195396,0.0781000199133967,1.2158287241491748,1.2562821864665705
monash_nn5_weekly,chronos-t5,drift_step,12.0,1.2234513487657377,0.1078213818681201,100,0.918,0.927747677516852,0.0852485698911454,1.3187328606850803,1.2647881601509339
monash_nn5_weekly,chronos-2,drift_step,16.0,1.406133773612258,0.1243849075239081,100,0.157,0.85885852195396,0.0781000199133967,1.6372123436735666,1.5926360538939124
monash_nn5_weekly,chronos-t5,drift_step,16.0,1.4811401365018415,0.1343294523919531,100,0.888,0.927747677516852,0.0852485698911454,1.5964902660453573,1.5757384852728846
monash_nn5_weekly,chronos-2,drift_step,20.0,0.9582851200196676,0.0896050858853892,100,0.161,0.85885852195396,0.0781000199133967,1.1157659795230366,1.1473119467158932
monash_nn5_weekly,chronos-t5,drift_step,20.0,0.9924599104201474,0.0886840731470669,100,0.891,0.927747677516852,0.0852485698911454,1.0697519751022173,1.0402998344759133
monash_nn5_weekly,chronos-2,gap,0.05,0.8556067697254468,0.0779540078444233,100,0.171,0.85885852195396,0.0781000199133967,0.9962138674235714,0.9981304477369493
monash_nn5_weekly,chronos-t5,gap,0.05,0.9345359810853228,0.0855622658042974,100,0.883,0.927747677516852,0.0852485698911454,1.0073169717725836,1.0036797791863554
monash_nn5_weekly,chronos-2,gap,0.1,0.8754187381181737,0.079457346417572,100,0.165,0.85885852195396,0.0781000199133967,1.0192816578527255,1.0173793362111867
monash_nn5_weekly,chronos-t5,gap,0.1,0.9376640434069682,0.0861084233308282,100,0.931,0.927747677516852,0.0852485698911454,1.01068864534014,1.0100864265615335
monash_nn5_weekly,chronos-2,gap,0.15,0.8880025534868277,0.080779932915414,100,0.164,0.85885852195396,0.0781000199133967,1.0339334486273282,1.0343138581141078
monash_nn5_weekly,chronos-t5,gap,0.15,0.9310831233140536,0.0854325361170455,100,0.905,0.927747677516852,0.0852485698911454,1.0035952079191715,1.0021579977955644
monash_nn5_weekly,chronos-2,gap,0.2,0.8982007287153673,0.0806205587918849,100,0.18,0.85885852195396,0.0781000199133967,1.0458075524149206,1.0322732168478723
monash_nn5_weekly,chronos-t5,gap,0.2,0.9615172125194796,0.0883369908222783,100,0.948,0.927747677516852,0.0852485698911454,1.0363994821232136,1.0362284192576665
monash_nn5_weekly,chronos-2,gap,0.3,0.9368770610779168,0.0839127073207727,100,0.17,0.85885852195396,0.0781000199133967,1.0908398032151554,1.0744261962266022
monash_nn5_weekly,chronos-t5,gap,0.3,0.9630496462304268,0.0882713348557107,100,0.903,0.927747677516852,0.0852485698911454,1.0380512606704246,1.0354582483720853
monash_nn5_weekly,chronos-2,gap,0.4,0.9487414366105156,0.0851082566234273,100,0.161,0.85885852195396,0.0781000199133967,1.1046539242017022,1.089734121934948
monash_nn5_weekly,chronos-t5,gap,0.4,0.9726087065772387,0.0896383350559613,100,0.925,0.927747677516852,0.0852485698911454,1.048354773768293,1.0514937103393198
monash_nn5_weekly,chronos-2,gap,0.5,0.9676788669197068,0.085084692088526,100,0.169,0.85885852195396,0.0781000199133967,1.126703458350944,1.089432399413911
monash_nn5_weekly,chronos-t5,gap,0.5,0.9945994649041718,0.091030430396026,100,0.885,0.927747677516852,0.0852485698911454,1.0720581565520604,1.0678235483863658
monash_nn5_weekly,chronos-2,gap,0.6,1.0074314388625851,0.0884787675397451,100,0.16,0.85885852195396,0.0781000199133967,1.1729888137694808,1.1328904606920351
monash_nn5_weekly,chronos-t5,gap,0.6,1.0371360532128642,0.0939180489561991,100,0.965,0.927747677516852,0.0852485698911454,1.117907463793166,1.1016964750977503
monash_nn5_weekly,chronos-2,gap,0.7,1.0056544317340377,0.0891015401177512,100,1.415,0.85885852195396,0.0781000199133967,1.1709197801823137,1.1408644993503694
monash_nn5_weekly,chronos-t5,gap,0.7,1.042648808195201,0.0961508715231649,100,2.069,0.927747677516852,0.0852485698911454,1.123849548172285,1.127888381540485
monash_tourism_monthly,chronos-2,clean,0.0,1.3430131286102536,0.069099774084307,100,0.154,1.3430131286102536,0.069099774084307,1.0,1.0
monash_tourism_monthly,chronos-t5,clean,0.0,1.8250258884111448,0.0987436727626961,100,5.2,1.8250258884111448,0.0987436727626961,1.0,1.0
monash_tourism_monthly,chronos-2,spikes_intensity,1.0,1.4238875471205734,0.0750760527774858,100,0.194,1.3430131286102536,0.069099774084307,1.0602186358327028,1.086487673402337
monash_tourism_monthly,chronos-t5,spikes_intensity,1.0,1.9384587732921936,0.1036376786049317,100,2.93,1.8250258884111448,0.0987436727626961,1.0621541237312544,1.0495627284797986
monash_tourism_monthly,chronos-2,spikes_intensity,2.0,1.44432854449373,0.0798336546487034,100,0.17,1.3430131286102536,0.069099774084307,1.0754388871747793,1.1553388662501307
monash_tourism_monthly,chronos-t5,spikes_intensity,2.0,1.9886469137253668,0.1076219939945766,100,2.84,1.8250258884111448,0.0987436727626961,1.0896540845547509,1.08991281145899
monash_tourism_monthly,chronos-2,spikes_intensity,4.0,1.4851078800857072,0.0827680672302457,100,0.172,1.3430131286102536,0.069099774084307,1.1058029504316855,1.1978051784838304
monash_tourism_monthly,chronos-t5,spikes_intensity,4.0,2.1225133314894964,0.1198611332908405,100,2.978,1.8250258884111448,0.0987436727626961,1.1630045058359924,1.2138614043544294
monash_tourism_monthly,chronos-2,spikes_intensity,6.0,1.5587441051241653,0.0880500653254197,100,0.181,1.3430131286102536,0.069099774084307,1.1606320682338747,1.2742453429441305
monash_tourism_monthly,chronos-t5,spikes_intensity,6.0,2.105220114147855,0.1152183439292321,100,2.814,1.8250258884111448,0.0987436727626961,1.1535289047218094,1.166842803246021
monash_tourism_monthly,chronos-2,spikes_intensity,8.0,1.4809291245071454,0.0899413641484522,100,0.182,1.3430131286102536,0.069099774084307,1.1026914725990855,1.3016158929653936
monash_tourism_monthly,chronos-t5,spikes_intensity,8.0,1.9807493748865144,0.1050398989687898,100,2.944,1.8250258884111448,0.0987436727626961,1.0853267273983391,1.063763338246745
monash_tourism_monthly,chronos-2,spikes_intensity,12.0,1.6031424362447968,0.0943917944414999,100,0.223,1.3430131286102536,0.069099774084307,1.1936908151476704,1.366021751769184
monash_tourism_monthly,chronos-t5,spikes_intensity,12.0,1.9676036307659088,0.1032116617764033,100,2.893,1.8250258884111448,0.0987436727626961,1.0781236821132938,1.045248357577754
monash_tourism_monthly,chronos-2,spikes_intensity,16.0,1.632366473371138,0.1061626177268177,100,0.168,1.3430131286102536,0.069099774084307,1.215450868347286,1.5363670740412438
monash_tourism_monthly,chronos-t5,spikes_intensity,16.0,1.8492275135212,0.0941815434092806,100,2.804,1.8250258884111448,0.0987436727626961,1.0132609763312042,0.9537982614402104
monash_tourism_monthly,chronos-2,spikes_intensity,20.0,1.627696318215459,0.1040735318541309,100,0.166,1.3430131286102536,0.069099774084307,1.2119734971614124,1.506134183986669
monash_tourism_monthly,chronos-t5,spikes_intensity,20.0,1.836399769880568,0.0941548238467743,100,2.79,1.8250258884111448,0.0987436727626961,1.0062321754127692,0.9535276662541218
monash_tourism_monthly,chronos-2,spikes_intensity,30.0,1.769884771391847,0.108004716956702,100,0.177,1.3430131286102536,0.069099774084307,1.3178462173510688,1.563025616045112
monash_tourism_monthly,chronos-t5,spikes_intensity,30.0,1.823400670122448,0.097428877264167,100,2.757,1.8250258884111448,0.0987436727626961,0.9991094820632317,0.9866847620536775
monash_tourism_monthly,chronos-2,spikes_intensity,40.0,2.274785604998132,0.1386973149836814,100,0.175,1.3430131286102536,0.069099774084307,1.693792530049259,2.0072035954048144
monash_tourism_monthly,chronos-t5,spikes_intensity,40.0,1.8277788483649295,0.0981505350074926,100,2.789,1.8250258884111448,0.0987436727626961,1.001508449809543,0.9939931568412596
monash_tourism_monthly,chronos-2,spikes_density,0.01,1.386927367804351,0.0775370876000199,100,0.161,1.3430131286102536,0.069099774084307,1.0326982947959265,1.1221033444395743
monash_tourism_monthly,chronos-t5,spikes_density,0.01,1.8635671540092813,0.09790177556796,100,2.794,1.8250258884111448,0.0987436727626961,1.021118202126815,0.9914739124930122
monash_tourism_monthly,chronos-2,spikes_density,0.02,1.4987617716921382,0.080911207385778,100,0.173,1.3430131286102536,0.069099774084307,1.1159695611040326,1.1709330234142323
monash_tourism_monthly,chronos-t5,spikes_density,0.02,1.869486771737895,0.097716822858638,100,2.787,1.8250258884111448,0.0987436727626961,1.0243617822678983,0.9896008536513944
monash_tourism_monthly,chronos-2,spikes_density,0.05,1.6495200565227734,0.1016042750788803,100,0.17,1.3430131286102536,0.069099774084307,1.2282233296034064,1.4703995262692948
monash_tourism_monthly,chronos-t5,spikes_density,0.05,1.8851347476924385,0.0962629330721127,100,2.783,1.8250258884111448,0.0987436727626961,1.0329358940401794,0.974876975697013
monash_tourism_monthly,chronos-2,spikes_density,0.08,2.141310306316756,0.1421160738346354,100,0.157,1.3430131286102536,0.069099774084307,1.5944075755481095,2.0566792832237475
monash_tourism_monthly,chronos-t5,spikes_density,0.08,1.9768494974167872,0.1135855471171003,100,2.779,1.8250258884111448,0.0987436727626961,1.0831898385495338,1.15030709248655
monash_tourism_monthly,chronos-2,spikes_density,0.12,2.6660681828623978,0.2102152131597431,100,0.168,1.3430131286102536,0.069099774084307,1.9851393304108933,3.0421982697550427
monash_tourism_monthly,chronos-t5,spikes_density,0.12,1.9422240569896825,0.1188346118724042,100,2.675,1.8250258884111448,0.0987436727626961,1.0642172636140355,1.2034655846556495
monash_tourism_monthly,chronos-2,spikes_density,0.16,3.241261822420884,0.2838051579864604,100,0.161,1.3430131286102536,0.069099774084307,2.413425269918942,4.107179245480549
monash_tourism_monthly,chronos-t5,spikes_density,0.16,2.0412786270297016,0.1219377973984215,100,2.75,1.8250258884111448,0.0987436727626961,1.1184929704240114,1.2348922618208282
monash_tourism_monthly,chronos-2,spikes_density,0.2,3.658416758382497,0.3454899217844677,100,0.188,1.3430131286102536,0.069099774084307,2.724036482181092,4.999870496869406
monash_tourism_monthly,chronos-t5,spikes_density,0.2,2.5131622767777877,0.170690518275284,100,3.06,1.8250258884111448,0.0987436727626961,1.3770556860241199,1.7286223359900013
monash_tourism_monthly,chronos-2,spikes_density,0.3,4.593493303798712,0.544950351376052,100,0.242,1.3430131286102536,0.069099774084307,3.420289203391516,7.886427395712914
monash_tourism_monthly,chronos-t5,spikes_density,0.3,5.169808817623019,0.3435148665088293,100,2.868,1.8250258884111448,0.0987436727626961,2.832731771341512,3.4788544612308985
monash_tourism_monthly,chronos-2,spikes_density,0.4,4.962599390848323,0.7967897903944893,100,0.164,1.3430131286102536,0.069099774084307,3.6951235137839697,11.531004275388005
monash_tourism_monthly,chronos-t5,spikes_density,0.4,7.267631131866534,0.5258451117404793,100,2.749,1.8250258884111448,0.0987436727626961,3.9822071445757325,5.325355002787944
monash_tourism_monthly,chronos-2,drift,0.5,1.912413127734928,0.1315841084390209,100,0.174,1.3430131286102536,0.069099774084307,1.4239720275213454,1.9042624984341954
monash_tourism_monthly,chronos-t5,drift,0.5,2.418888072710697,0.1684952036732475,100,3.033,1.8250258884111448,0.0987436727626961,1.3253993206729602,1.7063898775385888
monash_tourism_monthly,chronos-2,drift,1.0,3.108247011989938,0.2619804324257623,100,0.182,1.3430131286102536,0.069099774084307,2.3143831923715767,3.7913355853541026
monash_tourism_monthly,chronos-t5,drift,1.0,3.330051476190408,0.286357624232694,100,2.87,1.8250258884111448,0.0987436727626961,1.824659856792239,2.9000098560327774
monash_tourism_monthly,chronos-2,drift,2.0,5.894334175330913,0.5450418544462594,100,0.186,1.3430131286102536,0.069099774084307,4.388887978653161,7.887751612346326
monash_tourism_monthly,chronos-t5,drift,2.0,5.967298633974891,0.5530165215065947,100,2.987,1.8250258884111448,0.0987436727626961,3.2697062939583725,5.60052615052735
monash_tourism_monthly,chronos-2,drift,4.0,11.351190712703232,1.0859664623178478,100,0.205,1.3430131286102536,0.069099774084307,8.452032575771925,15.715919143134764
monash_tourism_monthly,chronos-t5,drift,4.0,11.41843709734154,1.1040410224921289,100,3.322,1.8250258884111448,0.0987436727626961,6.25658910914538,11.180878648755499
monash_tourism_monthly,chronos-2,drift,6.0,17.20675370275544,1.689466210446061,100,0.212,1.3430131286102536,0.069099774084307,12.812051748564024,24.449663299691593
monash_tourism_monthly,chronos-t5,drift,6.0,17.131742677574998,1.6618290380031122,100,3.043,1.8250258884111448,0.0987436727626961,9.387123101300102,16.829726822060508
monash_tourism_monthly,chronos-2,drift,9.0,25.994614717173437,2.551545312342203,100,0.237,1.3430131286102536,0.069099774084307,19.35544349002202,36.92552321848583
monash_tourism_monthly,chronos-t5,drift,9.0,26.041079221337743,2.5472174006826567,100,3.085,1.8250258884111448,0.0987436727626961,14.268882094603562,25.796259440381657
monash_tourism_monthly,chronos-2,drift,12.0,34.62024471122406,3.398075141690501,100,0.245,1.3430131286102536,0.069099774084307,25.778038928814492,49.176356749655795
monash_tourism_monthly,chronos-t5,drift,12.0,34.87983946446714,3.3922625251770024,100,3.194,1.8250258884111448,0.0987436727626961,19.11196969092493,34.3542267597175
monash_tourism_monthly,chronos-2,drift,16.0,46.15628727465741,4.551140127853916,100,0.252,1.3430131286102536,0.069099774084307,34.36771114994223,65.86331414486504
monash_tourism_monthly,chronos-t5,drift,16.0,46.41772720171689,4.560542228638798,100,3.204,1.8250258884111448,0.0987436727626961,25.43401027704207,46.18566538029061
monash_tourism_monthly,chronos-2,drift,20.0,57.78049230316908,5.71060990659695,100,0.264,1.3430131286102536,0.069099774084307,43.02302864526737,82.64296059245535
monash_tourism_monthly,chronos-t5,drift,20.0,58.06776322846906,5.722701980674574,100,3.246,1.8250258884111448,0.0987436727626961,31.817501108996577,57.955125838063076
monash_tourism_monthly,chronos-2,drift,26.0,75.16567144532318,7.444895648528888,100,0.277,1.3430131286102536,0.069099774084307,55.9679349695594,107.74124441341223
monash_tourism_monthly,chronos-t5,drift,26.0,75.4709172819509,7.442590840694796,100,3.349,1.8250258884111448,0.0987436727626961,41.353340662830476,75.37283789900204
monash_tourism_monthly,chronos-2,drift,32.0,92.77007799691518,9.202685788496453,100,0.267,1.3430131286102536,0.069099774084307,69.0760767863181,133.1796798245458
monash_tourism_monthly,chronos-t5,drift,32.0,93.30101794274329,9.275671486249706,100,3.186,1.8250258884111448,0.0987436727626961,51.12312024459583,93.93686933785916
monash_tourism_monthly,chronos-2,drift_step,0.5,1.365361012392218,0.0753710546489083,100,0.295,1.3430131286102536,0.069099774084307,1.0166401082058594,1.0907568895514745
monash_tourism_monthly,chronos-t5,drift_step,0.5,1.882671377980356,0.1044472408025244,100,3.382,1.8250258884111448,0.0987436727626961,1.0315861215642246,1.0577613519960443
monash_tourism_monthly,chronos-2,drift_step,1.0,1.4225012150746026,0.0799616713107808,100,0.292,1.3430131286102536,0.069099774084307,1.059186380811186,1.1571915012807634
monash_tourism_monthly,chronos-t5,drift_step,1.0,1.9134566171446,0.1026639000794714,100,3.457,1.8250258884111448,0.0987436727626961,1.0484545064785038,1.039701048250418
monash_tourism_monthly,chronos-2,drift_step,2.0,1.4657712453639156,0.1074303423730315,100,0.305,1.3430131286102536,0.069099774084307,1.091405001290413,1.5547133662399286
monash_tourism_monthly,chronos-t5,drift_step,2.0,1.802975768851656,0.124968258414285,100,4.207,1.8250258884111448,0.0987436727626961,0.9879179140967225,1.2655824410604275
monash_tourism_monthly,chronos-2,drift_step,4.0,1.4836170782582696,0.0822511174549089,100,0.304,1.3430131286102536,0.069099774084307,1.1046929078001737,1.1903239705900668
monash_tourism_monthly,chronos-t5,drift_step,4.0,1.960050674080575,0.1046850313488378,100,3.556,1.8250258884111448,0.0987436727626961,1.0739851344174531,1.060169511827053
monash_tourism_monthly,chronos-2,drift_step,8.0,1.8200527781754157,0.1229361558635284,100,0.282,1.3430131286102536,0.069099774084307,1.3552010322183532,1.7791108218897635
monash_tourism_monthly,chronos-t5,drift_step,8.0,2.22340506470283,0.14641656955686,100,3.308,1.8250258884111448,0.0987436727626961,1.2182868631186987,1.4827944460677789
monash_tourism_monthly,chronos-2,drift_step,12.0,1.4896065184246827,0.0847415280846042,100,0.296,1.3430131286102536,0.069099774084307,1.1091526111633203,1.2263647632366073
monash_tourism_monthly,chronos-t5,drift_step,12.0,1.9165309250464144,0.0984253090200427,100,3.375,1.8250258884111448,0.0987436727626961,1.05013903485771,0.9967758567840747
monash_tourism_monthly,chronos-2,drift_step,16.0,1.5460835269448825,0.1066994161456092,100,0.292,1.3430131286102536,0.069099774084307,1.1512050731363779,1.5441355280760798
monash_tourism_monthly,chronos-t5,drift_step,16.0,1.9825463325150705,0.1072042464455657,100,3.33,1.8250258884111448,0.0987436727626961,1.0863113477480926,1.0856821854621745
monash_tourism_monthly,chronos-2,drift_step,20.0,1.6089656105114205,0.1060936820707772,100,0.287,1.3430131286102536,0.069099774084307,1.1980267178596935,1.5353694491292376
monash_tourism_monthly,chronos-t5,drift_step,20.0,2.051167395976579,0.1156219996812638,100,3.358,1.8250258884111448,0.0987436727626961,1.1239113970938306,1.1709307183573192
monash_tourism_monthly,chronos-2,gap,0.05,1.3743644930240406,0.0725741302858053,100,0.288,1.3430131286102536,0.069099774084307,1.0233440490981867,1.0502802830767481
monash_tourism_monthly,chronos-t5,gap,0.05,1.8602947334216395,0.1106011086689782,100,3.223,1.8250258884111448,0.0987436727626961,1.019325120391141,1.1200829944292052
monash_tourism_monthly,chronos-2,gap,0.1,1.4335867232929551,0.0818518674999649,100,0.277,1.3430131286102536,0.069099774084307,1.0674405877003055,1.1845460941753496
monash_tourism_monthly,chronos-t5,gap,0.1,1.9740701126012763,0.1242151883168083,100,3.244,1.8250258884111448,0.0987436727626961,1.0816669095690956,1.257955926100968
monash_tourism_monthly,chronos-2,gap,0.15,1.4107403935657328,0.0801205945271327,100,0.278,1.3430131286102536,0.069099774084307,1.050429339455202,1.1594914106286291
monash_tourism_monthly,chronos-t5,gap,0.15,1.9023422008569684,0.1131993009351322,100,3.235,1.8250258884111448,0.0987436727626961,1.0423645017513339,1.146395488115743
monash_tourism_monthly,chronos-2,gap,0.2,1.398858134884354,0.071621401747951,100,0.288,1.3430131286102536,0.069099774084307,1.0415818766655607,1.0364925601720119
monash_tourism_monthly,chronos-t5,gap,0.2,1.8629644293514984,0.0958636328890604,100,3.324,1.8250258884111448,0.0987436727626961,1.0207879467251737,0.9708331704396178
monash_tourism_monthly,chronos-2,gap,0.3,1.4325854509555904,0.0761317081073131,100,0.262,1.3430131286102536,0.069099774084307,1.0666950459658022,1.1017649350694925
monash_tourism_monthly,chronos-t5,gap,0.3,1.966331753248187,0.110233635524663,100,3.857,1.8250258884111448,0.0987436727626961,1.0774267728114597,1.11636150895035
monash_tourism_monthly,chronos-2,gap,0.4,1.4279694402336252,0.0708112053828417,100,0.364,1.3430131286102536,0.069099774084307,1.0632579904198585,1.024767538262088
monash_tourism_monthly,chronos-t5,gap,0.4,2.0659606972746825,0.1015524047309613,100,3.377,1.8250258884111448,0.0987436727626961,1.1320172006290246,1.0284446779189107
monash_tourism_monthly,chronos-2,gap,0.5,1.4568866662982274,0.0757219270118244,100,0.259,1.3430131286102536,0.069099774084307,1.084789593833539,1.0958346538070858
monash_tourism_monthly,chronos-t5,gap,0.5,2.056126711879216,0.1089900631717902,100,3.564,1.8250258884111448,0.0987436727626961,1.1266287919177222,1.10376756426428
monash_tourism_monthly,chronos-2,gap,0.6,1.6516713058058956,0.089071247969664,100,0.246,1.3430131286102536,0.069099774084307,1.2298251376850207,1.2890237218574734
monash_tourism_monthly,chronos-t5,gap,0.6,2.253507451332107,0.1247372379902203,100,3.232,1.8250258884111448,0.0987436727626961,1.234781087568021,1.2632428438224366
monash_tourism_monthly,chronos-2,gap,0.7,1.7264229069239363,0.1032890812919002,100,0.226,1.3430131286102536,0.069099774084307,1.285484758224541,1.4947817508908154
monash_tourism_monthly,chronos-t5,gap,0.7,2.4532120111993674,0.1510406547074338,100,2.963,1.8250258884111448,0.0987436727626961,1.3442066914103434,1.529623625307309
monash_tourism_quarterly,chronos-2,clean,0.0,1.590431936941434,0.0705381249295064,100,0.229,1.590431936941434,0.0705381249295064,1.0,1.0
monash_tourism_quarterly,chronos-t5,clean,0.0,1.7731710809614634,0.0813262242642433,100,0.87,1.7731710809614634,0.0813262242642433,1.0,1.0
monash_tourism_quarterly,chronos-2,spikes_intensity,1.0,1.6917420913535062,0.0835266210152653,100,0.218,1.590431936941434,0.0705381249295064,1.0636997736645695,1.184134410983269
monash_tourism_quarterly,chronos-t5,spikes_intensity,1.0,1.860569682944136,0.095787274111104,100,0.867,1.7731710809614634,0.0813262242642433,1.0492894357014229,1.1778153354307241
monash_tourism_quarterly,chronos-2,spikes_intensity,2.0,1.7687442814330256,0.1003715615716093,100,0.217,1.590431936941434,0.0705381249295064,1.1121156714411211,1.4229405966194524
monash_tourism_quarterly,chronos-t5,spikes_intensity,2.0,2.229427436960284,0.129987077315103,100,0.917,1.7731710809614634,0.0813262242642433,1.2573109616424747,1.5983414758411996
monash_tourism_quarterly,chronos-2,spikes_intensity,4.0,1.8627887774742629,0.1065895164584713,100,0.217,1.590431936941434,0.0705381249295064,1.1712470896784175,1.5110908684487083
monash_tourism_quarterly,chronos-t5,spikes_intensity,4.0,2.0944098345120925,0.1011571316725256,100,0.9,1.7731710809614634,0.0813262242642433,1.1811662489873478,1.2438439456361354
monash_tourism_quarterly,chronos-2,spikes_intensity,6.0,2.0775470102950204,0.1084572515972139,100,0.204,1.590431936941434,0.0705381249295064,1.3062784782166532,1.5375692464975883
monash_tourism_quarterly,chronos-t5,spikes_intensity,6.0,2.41787928703952,0.0895515796648177,100,1.095,1.7731710809614634,0.0813262242642433,1.3635905260356929,1.1011402591844024
monash_tourism_quarterly,chronos-2,spikes_intensity,8.0,2.160316524876297,0.1114038092997985,100,0.212,1.590431936941434,0.0705381249295064,1.3583206390025155,1.5793418014886558
monash_tourism_quarterly,chronos-t5,spikes_intensity,8.0,2.1830584369530133,0.0941933040415735,100,0.969,1.7731710809614634,0.0813262242642433,1.2311606366652998,1.1582156296291684
monash_tourism_quarterly,chronos-2,spikes_intensity,12.0,1.9021983949887984,0.1277459686117655,100,0.204,1.590431936941434,0.0705381249295064,1.1960262811666897,1.81102019283091
monash_tourism_quarterly,chronos-t5,spikes_intensity,12.0,1.8741613479989137,0.0902020177261879,100,0.97,1.7731710809614634,0.0813262242642433,1.0569546098071319,1.1091381475316693
monash_tourism_quarterly,chronos-2,spikes_intensity,16.0,1.9788806314785743,0.098411895542705,100,0.2,1.590431936941434,0.0705381249295064,1.2442410049210704,1.3951589390993138
monash_tourism_quarterly,chronos-t5,spikes_intensity,16.0,1.9002610472741333,0.0865762252604938,100,0.996,1.7731710809614634,0.0813262242642433,1.071673832083793,1.0645548350946716
monash_tourism_quarterly,chronos-2,spikes_intensity,20.0,2.081843348666052,0.1429243648330301,100,0.188,1.590431936941434,0.0705381249295064,1.3089798439722315,2.0262002282576157
monash_tourism_quarterly,chronos-t5,spikes_intensity,20.0,1.8051402178009908,0.1008168617809189,100,0.966,1.7731710809614634,0.0813262242642433,1.018029358352829,1.239659933717654
monash_tourism_quarterly,chronos-2,spikes_intensity,30.0,2.54864871625666,0.1547411954358215,100,0.187,1.590431936941434,0.0705381249295064,1.6024883913976076,2.193724253238444
monash_tourism_quarterly,chronos-t5,spikes_intensity,30.0,1.7215075825852564,0.0724828352876454,100,0.971,1.7731710809614634,0.0813262242642433,0.9708637824455193,0.8912603030989837
monash_tourism_quarterly,chronos-2,spikes_intensity,40.0,2.8668492822051097,0.1529328591037589,100,0.179,1.590431936941434,0.0705381249295064,1.8025601823101962,2.16808795607475
monash_tourism_quarterly,chronos-t5,spikes_intensity,40.0,1.7806047272439411,0.0803066878912679,100,0.992,1.7731710809614634,0.0813262242642433,1.004192289374834,0.9874636209636052
monash_tourism_quarterly,chronos-2,spikes_density,0.01,2.9708171948889297,0.1273994080521934,100,0.193,1.590431936941434,0.0705381249295064,1.8679310480913256,1.806107097112553
monash_tourism_quarterly,chronos-t5,spikes_density,0.01,2.6863399451470813,0.0958042162799719,100,1.029,1.7731710809614634,0.0813262242642433,1.5149919677747463,1.178023658994509
monash_tourism_quarterly,chronos-2,spikes_density,0.02,1.740690638647015,0.078234110697815,100,0.182,1.590431936941434,0.0705381249295064,1.094476662732606,1.109103917576484
monash_tourism_quarterly,chronos-t5,spikes_density,0.02,1.8268560822897255,0.0804030092805106,100,1.044,1.7731710809614634,0.0813262242642433,1.030276267137829,0.9886480038624071
monash_tourism_quarterly,chronos-2,spikes_density,0.05,2.195049414325087,0.1202452973633691,100,0.181,1.590431936941434,0.0705381249295064,1.380159290907095,1.7046851966016747
monash_tourism_quarterly,chronos-t5,spikes_density,0.05,1.766674239954901,0.0798489116308963,100,1.004,1.7731710809614634,0.0813262242642433,0.9963360326161874,0.9818347323177461
monash_tourism_quarterly,chronos-2,spikes_density,0.08,2.9168869396265267,0.224853101577636,100,0.185,1.590431936941434,0.0705381249295064,1.8340218602727532,3.187681864273358
monash_tourism_quarterly,chronos-t5,spikes_density,0.08,1.7530855474268008,0.0785805346700403,100,0.985,1.7731710809614634,0.0813262242642433,0.9886725349007093,0.9662385704114116
monash_tourism_quarterly,chronos-2,spikes_density,0.12,3.3346046936651703,0.25660281900389,100,0.177,1.590431936941434,0.0705381249295064,2.0966660793280862,3.6377890574824727
monash_tourism_quarterly,chronos-t5,spikes_density,0.12,1.9452534298482904,0.0960295718980276,100,1.085,1.7731710809614634,0.0813262242642433,1.0970477980012618,1.180794666994628
monash_tourism_quarterly,chronos-2,spikes_density,0.16,3.997258367084419,0.2742825804096098,100,0.174,1.590431936941434,0.0705381249295064,2.5133162094138792,3.888430273468699
monash_tourism_quarterly,chronos-t5,spikes_density,0.16,2.0799616032695143,0.10520711504542,100,0.961,1.7731710809614634,0.0813262242642433,1.1730180046370373,1.2936431759524882
monash_tourism_quarterly,chronos-2,spikes_density,0.2,5.012057452828485,0.4077571379780431,100,0.179,1.590431936941434,0.0705381249295064,3.1513812923470295,5.780663129131131
monash_tourism_quarterly,chronos-t5,spikes_density,0.2,2.768160655728268,0.1101583442365944,100,0.967,1.7731710809614634,0.0813262242642433,1.5611356881747098,1.3545242661047492
monash_tourism_quarterly,chronos-2,spikes_density,0.3,5.968497853489129,0.5831572305699904,100,0.178,1.590431936941434,0.0705381249295064,3.7527527678846613,8.267263003557005
monash_tourism_quarterly,chronos-t5,spikes_density,0.3,5.714351367323872,0.2198065094736496,100,0.992,1.7731710809614634,0.0813262242642433,3.2226734513543893,2.7027752912696323
monash_tourism_quarterly,chronos-2,spikes_density,0.4,6.638580114733252,0.9927804793929124,100,0.176,1.590431936941434,0.0705381249295064,4.17407369692282,14.074381483560362
monash_tourism_quarterly,chronos-t5,spikes_density,0.4,6.186627132840552,0.578326925642568,100,0.985,1.7731710809614634,0.0813262242642433,3.489018741206849,7.111198520215097
monash_tourism_quarterly,chronos-2,drift,0.5,2.4961347327623087,0.1463013754506179,100,0.178,1.590431936941434,0.0705381249295064,1.5694696986295658,2.0740751982963386
monash_tourism_quarterly,chronos-t5,drift,0.5,2.6029214042703845,0.1529419683328501,100,1.003,1.7731710809614634,0.0813262242642433,1.4679471328051477,1.8805984135684766
monash_tourism_quarterly,chronos-2,drift,1.0,4.124771662019669,0.3012509572087565,100,0.175,1.590431936941434,0.0705381249295064,2.5934914699663505,4.270753688304265
monash_tourism_quarterly,chronos-t5,drift,1.0,4.223372977903816,0.3032875391498974,100,0.979,1.7731710809614634,0.0813262242642433,2.3818192295431437,3.7292711163432664
monash_tourism_quarterly,chronos-2,drift,2.0,7.739911805722887,0.5681239496138412,100,0.182,1.590431936941434,0.0705381249295064,4.866547021564181,8.054140228161813
monash_tourism_quarterly,chronos-t5,drift,2.0,7.884299373447318,0.5681995518265907,100,0.934,1.7731710809614634,0.0813262242642433,4.4464403114290745,6.986670744487163
monash_tourism_quarterly,chronos-2,drift,4.0,14.718495764084985,1.1160615983802928,100,0.18,1.590431936941434,0.0705381249295064,9.254401538484057,15.822104705726868
monash_tourism_quarterly,chronos-t5,drift,4.0,14.771705370357717,1.1197387695165453,100,0.939,1.7731710809614634,0.0813262242642433,8.330671264020436,13.76848340921762
monash_tourism_quarterly,chronos-2,drift,6.0,22.41599166953758,1.688816677369478,100,0.185,1.590431936941434,0.0705381249295064,14.094279138185481,23.941899207800443
monash_tourism_quarterly,chronos-t5,drift,6.0,22.31507687147486,1.7032341939031088,100,0.911,1.7731710809614634,0.0813262242642433,12.584841423973032,20.943234600059625
monash_tourism_quarterly,chronos-2,drift,9.0,33.21296909126034,2.579309248986927,100,0.178,1.590431936941434,0.0705381249295064,20.882986765929974,36.56617257071418
monash_tourism_quarterly,chronos-t5,drift,9.0,33.34781226340919,2.528379610886859,100,0.92,1.7731710809614634,0.0813262242642433,18.806878039837567,31.089351974237807
monash_tourism_quarterly,chronos-2,drift,12.0,44.54162006253477,3.4455375176313265,100,0.18,1.590431936941434,0.0705381249295064,28.005989459814884,48.846457445171524
monash_tourism_quarterly,chronos-t5,drift,12.0,44.64947320261572,3.4146619730098138,100,0.938,1.7731710809614634,0.0813262242642433,25.180578276973428,41.98721880798219
monash_tourism_quarterly,chronos-2,drift,16.0,59.46280643230232,4.638827245788548,100,0.185,1.590431936941434,0.0705381249295064,37.38783474548146,65.76340454788736
monash_tourism_quarterly,chronos-t5,drift,16.0,59.317723758450704,4.589872286603544,100,0.946,1.7731710809614634,0.0813262242642433,33.45290502159947,56.43778901735603
monash_tourism_quarterly,chronos-2,drift,20.0,74.27095192686711,5.78304167584688,100,0.166,1.590431936941434,0.0705381249295064,46.69860444936605,81.98462436627386
monash_tourism_quarterly,chronos-t5,drift,20.0,74.41827865794328,5.738259923908058,100,0.925,1.7731710809614634,0.0813262242642433,41.96903471806657,70.5585433950977
monash_tourism_quarterly,chronos-2,drift,26.0,96.65814686250968,7.560348006689376,100,0.161,1.590431936941434,0.0705381249295064,60.77477735287016,107.18101755958146
monash_tourism_quarterly,chronos-t5,drift,26.0,96.572985317468,7.488942898022032,100,0.908,1.7731710809614634,0.0813262242642433,54.4634335368832,92.08521563338697
monash_tourism_quarterly,chronos-2,drift,32.0,118.96523771782256,9.33836152951479,100,0.794,1.590431936941434,0.0705381249295064,74.80058401405412,132.38743642317198
monash_tourism_quarterly,chronos-t5,drift,32.0,118.71813734945786,9.3218543404564,100,2.122,1.7731710809614634,0.0813262242642433,66.95244391482267,114.62298200600146
monash_tourism_quarterly,chronos-2,drift_step,0.5,1.6867005024167974,0.0714698288609781,100,0.166,1.590431936941434,0.0705381249295064,1.0605298241561332,1.013208515712642
monash_tourism_quarterly,chronos-t5,drift_step,0.5,1.8637723861364528,0.0790171451121727,100,2.027,1.7731710809614634,0.0813262242642433,1.0510956365958004,0.9716072008388341
monash_tourism_quarterly,chronos-2,drift_step,1.0,1.8502452316977431,0.0849056165722203,100,0.182,1.590431936941434,0.0705381249295064,1.1633602097150773,1.2036840596070895
monash_tourism_quarterly,chronos-t5,drift_step,1.0,2.06716973180688,0.0910951468484908,100,0.891,1.7731710809614634,0.0813262242642433,1.1658038832248505,1.1201202032016946
monash_tourism_quarterly,chronos-2,drift_step,2.0,1.8895833449977837,0.1047841010469456,100,0.169,1.590431936941434,0.0705381249295064,1.1880944422127544,1.485495980388812
monash_tourism_quarterly,chronos-t5,drift_step,2.0,1.9099652853444085,0.0863936907089004,100,0.881,1.7731710809614634,0.0813262242642433,1.0771466475241471,1.0623103616392175
monash_tourism_quarterly,chronos-2,drift_step,4.0,2.034274816274288,0.0938094751254979,100,0.16,1.590431936941434,0.0705381249295064,1.2790706530871168,1.3299116643552429
monash_tourism_quarterly,chronos-t5,drift_step,4.0,2.1675955152317563,0.0802827146104834,100,0.964,1.7731710809614634,0.0813262242642433,1.2224401460779661,0.9871688417456915
monash_tourism_quarterly,chronos-2,drift_step,8.0,2.345717314284601,0.1165302777184384,100,0.165,1.590431936941434,0.0705381249295064,1.4748932411377877,1.6520183636139338
monash_tourism_quarterly,chronos-t5,drift_step,8.0,2.5932404458363827,0.0993716936394282,100,0.897,1.7731710809614634,0.0813262242642433,1.4624874461804636,1.2218899197453454
monash_tourism_quarterly,chronos-2,drift_step,12.0,1.9890549134196411,0.1174784782951759,100,0.161,1.590431936941434,0.0705381249295064,1.2506381865323961,1.66546074782368
monash_tourism_quarterly,chronos-t5,drift_step,12.0,1.8233248179308708,0.0732870122707992,100,0.935,1.7731710809614634,0.0813262242642433,1.0282847704363713,0.9011485893243577
monash_tourism_quarterly,chronos-2,drift_step,16.0,2.198237363879018,0.1273956028900216,100,0.166,1.590431936941434,0.0705381249295064,1.38216374609935,1.8060531523532388
monash_tourism_quarterly,chronos-t5,drift_step,16.0,2.034960294721098,0.0935828671654995,100,0.894,1.7731710809614634,0.0813262242642433,1.147639004814857,1.1507096021257819
monash_tourism_quarterly,chronos-2,drift_step,20.0,2.525244807374079,0.1513279883875869,100,0.166,1.590431936941434,0.0705381249295064,1.5877729494230275,2.145336136150761
monash_tourism_quarterly,chronos-t5,drift_step,20.0,2.371856484489823,0.1116448405287825,100,0.895,1.7731710809614634,0.0813262242642433,1.3376354430525315,1.3728024574954893
monash_tourism_quarterly,chronos-2,gap,0.05,1.728169123211038,0.0895718676442082,100,1.457,1.590431936941434,0.0705381249295064,1.0866036345663979,1.2698362443532987
monash_tourism_quarterly,chronos-t5,gap,0.05,1.8238334837580767,0.0840918341293093,100,2.111,1.7731710809614634,0.0813262242642433,1.0285716383154313,1.03400637236127
monash_tourism_quarterly,chronos-2,gap,0.1,1.6623097986506563,0.0776703679226982,100,0.17,1.590431936941434,0.0705381249295064,1.045193925021055,1.1011118880792414
monash_tourism_quarterly,chronos-t5,gap,0.1,1.8825503854218004,0.0796114723584602,100,2.132,1.7731710809614634,0.0813262242642433,1.0616857028826732,0.9789151418094664
monash_tourism_quarterly,chronos-2,gap,0.15,1.631389248469398,0.0715723500506224,100,0.173,1.590431936941434,0.0705381249295064,1.0257523195910723,1.0146619310075164
monash_tourism_quarterly,chronos-t5,gap,0.15,1.7362724487235122,0.078067007076591,100,2.14,1.7731710809614634,0.0813262242642433,0.9791905966468031,0.9599241546359939
monash_tourism_quarterly,chronos-2,gap,0.2,1.6605137230848797,0.0783740571959521,100,0.171,1.590431936941434,0.0705381249295064,1.0440646245310066,1.111087901390584
monash_tourism_quarterly,chronos-t5,gap,0.2,1.86535280538506,0.0968153779332394,100,1.006,1.7731710809614634,0.0813262242642433,1.051986932007493,1.1904570611647862
monash_tourism_quarterly,chronos-2,gap,0.3,1.8138600014956527,0.0782097470951893,100,0.18,1.590431936941434,0.0705381249295064,1.1404826320225272,1.108758521343595
monash_tourism_quarterly,chronos-t5,gap,0.3,1.9454534291664003,0.0755263785870195,100,1.006,1.7731710809614634,0.0813262242642433,1.0971605898915973,0.9286841885296546
monash_tourism_quarterly,chronos-2,gap,0.4,1.776944564377478,0.0949966640155739,100,0.261,1.590431936941434,0.0705381249295064,1.11727168142431,1.3467421215195414
monash_tourism_quarterly,chronos-t5,gap,0.4,2.134865528889224,0.0985269813863922,100,0.89,1.7731710809614634,0.0813262242642433,1.203981697993653,1.2115032054883133
monash_tourism_quarterly,chronos-2,gap,0.5,1.9768659564359088,0.1623578680558381,100,0.175,1.590431936941434,0.0705381249295064,1.2429742578218266,2.3017037696719824
monash_tourism_quarterly,chronos-t5,gap,0.5,2.387198700455367,0.2719055829836448,100,0.896,1.7731710809614634,0.0813262242642433,1.3462878602559663,3.3433936647565914
monash_tourism_quarterly,chronos-2,gap,0.6,2.079466457658962,0.1074069813893587,100,0.164,1.590431936941434,0.0705381249295064,1.3074853499597048,1.522679848616587
monash_tourism_quarterly,chronos-t5,gap,0.6,2.469108575671413,0.1936177072322567,100,0.871,1.7731710809614634,0.0813262242642433,1.3924818660659595,2.380753674278035
monash_tourism_quarterly,chronos-2,gap,0.7,2.2185293983356367,0.1300764705822619,100,0.164,1.590431936941434,0.0705381249295064,1.39492256587987,1.8440590916225272
monash_tourism_quarterly,chronos-t5,gap,0.7,2.622511469344595,0.2220818847225629,100,0.889,1.7731710809614634,0.0813262242642433,1.4789951728304724,2.7307536619550854
monash_tourism_yearly,chronos-2,clean,0.0,3.5704327729167917,0.1654648252922083,100,0.171,3.5704327729167917,0.1654648252922083,1.0,1.0
monash_tourism_yearly,chronos-t5,clean,0.0,3.92046404635849,0.206364779574466,100,0.405,3.92046404635849,0.206364779574466,1.0,1.0
monash_tourism_yearly,chronos-2,spikes_intensity,1.0,3.482497805631046,0.1555989699158357,100,0.166,3.5704327729167917,0.1654648252922083,0.9753713421093463,0.9403749083290079
monash_tourism_yearly,chronos-t5,spikes_intensity,1.0,4.088662591571412,0.2123537333202581,100,0.449,3.92046404635849,0.206364779574466,1.042902713358423,1.0290212009924444
monash_tourism_yearly,chronos-2,spikes_intensity,2.0,3.569082773219543,0.1742800457780012,100,0.172,3.5704327729167917,0.1654648252922083,0.9996218946600846,1.05327549508015
monash_tourism_yearly,chronos-t5,spikes_intensity,2.0,4.438703715991391,0.2512514324566824,100,0.548,3.92046404635849,0.206364779574466,1.132188349007885,1.2175112098817193
monash_tourism_yearly,chronos-2,spikes_intensity,4.0,3.641114418270952,0.1593675163248053,100,0.181,3.5704327729167917,0.1654648252922083,1.0197963803968835,0.9631504221115561
monash_tourism_yearly,chronos-t5,spikes_intensity,4.0,4.278194166623639,0.1800484627354979,100,0.441,3.92046404635849,0.206364779574466,1.0912468820106707,0.8724767041486751
monash_tourism_yearly,chronos-2,spikes_intensity,6.0,4.101394750567922,0.1826725374526531,100,0.162,3.5704327729167917,0.1654648252922083,1.1487108178254177,1.1039961945389678
monash_tourism_yearly,chronos-t5,spikes_intensity,6.0,4.650429186111754,0.2256190020993582,100,0.445,3.92046404635849,0.206364779574466,1.1861935554367067,1.0933018830276917
monash_tourism_yearly,chronos-2,spikes_intensity,8.0,3.493875771447471,0.1752766410180609,100,0.167,3.5704327729167917,0.1654648252922083,0.9785580610703449,1.05929849869013
monash_tourism_yearly,chronos-t5,spikes_intensity,8.0,4.787287480206945,0.2180628188794456,100,0.427,3.92046404635849,0.206364779574466,1.221102253100268,1.0566862200473428
monash_tourism_yearly,chronos-2,spikes_intensity,12.0,4.926484415183354,0.3223693818571191,100,0.165,3.5704327729167917,0.1654648252922083,1.3798003571311506,1.94826532640892
monash_tourism_yearly,chronos-t5,spikes_intensity,12.0,10.869054012176584,0.8173739489960857,100,0.433,3.92046404635849,0.206364779574466,2.7723896670528756,3.9608209825414478
monash_tourism_yearly,chronos-2,spikes_intensity,16.0,4.918327464632913,0.8050099852885115,100,0.171,3.5704327729167917,0.1654648252922083,1.377515773981367,4.8651426903988595
monash_tourism_yearly,chronos-t5,spikes_intensity,16.0,4.7038561452666805,0.9681816546109104,100,0.426,3.92046404635849,0.206364779574466,1.1998212685143337,4.691603172825068
monash_tourism_yearly,chronos-2,spikes_intensity,20.0,4.249941117522773,0.9417434291380128,100,0.166,3.5704327729167917,0.1654648252922083,1.1903154009117136,5.691502272310194
monash_tourism_yearly,chronos-t5,spikes_intensity,20.0,6.584878138409213,1.2934700591121198,100,0.418,3.92046404635849,0.206364779574466,1.6796170199610823,6.267881863268125
monash_tourism_yearly,chronos-2,spikes_intensity,30.0,3.9512088891802137,0.1930682654501229,100,0.169,3.5704327729167917,0.1654648252922083,1.1066470482659039,1.1668236140772963
monash_tourism_yearly,chronos-t5,spikes_intensity,30.0,4.231943009174824,0.1995771594282024,100,0.439,3.92046404635849,0.206364779574466,1.07944951391804,0.9671086308416581
monash_tourism_yearly,chronos-2,spikes_intensity,40.0,4.663973020327395,0.2669289024554725,100,0.16,3.5704327729167917,0.1654648252922083,1.3062766664325844,1.613206323362565
monash_tourism_yearly,chronos-t5,spikes_intensity,40.0,4.418771781633516,0.3017406581388427,100,0.423,3.92046404635849,0.206364779574466,1.127104273724402,1.4621713005535455
monash_tourism_yearly,chronos-2,spikes_density,0.01,4.254107953435671,0.267265944925343,100,0.163,3.5704327729167917,0.1654648252922083,1.1914824403654476,1.6152432666783139
monash_tourism_yearly,chronos-t5,spikes_density,0.01,8.086642530853398,0.2331961854917779,100,0.484,3.92046404635849,0.206364779574466,2.062674835231469,1.1300193083947732
monash_tourism_yearly,chronos-2,spikes_density,0.02,4.129095533978285,0.2079693899438667,100,0.166,3.5704327729167917,0.1654648252922083,1.1564692004003496,1.2568797602547612
monash_tourism_yearly,chronos-t5,spikes_density,0.02,7.037049428961541,0.2747528541038244,100,0.416,3.92046404635849,0.206364779574466,1.7949531855796206,1.3313941200159147
monash_tourism_yearly,chronos-2,spikes_density,0.05,4.405162781309003,0.1929974239499273,100,0.163,3.5704327729167917,0.1654648252922083,1.233789588400595,1.1663954777645151
monash_tourism_yearly,chronos-t5,spikes_density,0.05,4.915248289760741,0.2027566576835623,100,0.483,3.92046404635849,0.206364779574466,1.253741452960461,0.9825158057574368
monash_tourism_yearly,chronos-2,spikes_density,0.08,4.335813095190749,0.1736091978420069,100,0.161,3.5704327729167917,0.1654648252922083,1.2143662606056285,1.0492211715415392
monash_tourism_yearly,chronos-t5,spikes_density,0.08,4.0519232573359485,0.1809380191804143,100,0.43,3.92046404635849,0.206364779574466,1.0335315435680539,0.8767873062133815
monash_tourism_yearly,chronos-2,spikes_density,0.12,6.377716206650644,0.2354125959878752,100,0.16,3.5704327729167917,0.1654648252922083,1.78625858888263,1.422734986557658
monash_tourism_yearly,chronos-t5,spikes_density,0.12,4.421421103418678,0.2037685092981679,100,0.386,3.92046404635849,0.206364779574466,1.1277800411217902,0.9874190243041873
monash_tourism_yearly,chronos-2,spikes_density,0.16,6.332418714686784,0.2789412889896148,100,0.16,3.5704327729167917,0.1654648252922083,1.773571753743915,1.685804148990632
monash_tourism_yearly,chronos-t5,spikes_density,0.16,4.174073113742569,0.1716047461540569,100,0.404,3.92046404635849,0.206364779574466,1.064688532884173,0.831560242537094
monash_tourism_yearly,chronos-2,spikes_density,0.2,8.238010234664836,0.2728894299767354,100,0.162,3.5704327729167917,0.1654648252922083,2.3072861915097658,1.6492292515633875
monash_tourism_yearly,chronos-t5,spikes_density,0.2,4.525950685713895,0.1899359102589572,100,0.402,3.92046404635849,0.206364779574466,1.1544425945999452,0.9203891800268151
monash_tourism_yearly,chronos-2,spikes_density,0.3,10.561070922384284,0.4462799030950949,100,0.166,3.5704327729167917,0.1654648252922083,2.9579245974029735,2.6971285426190827
monash_tourism_yearly,chronos-t5,spikes_density,0.3,4.665432154907075,0.1582417516745692,100,0.417,3.92046404635849,0.206364779574466,1.1900203903771407,0.766806002462587
monash_tourism_yearly,chronos-2,spikes_density,0.4,13.176267746714084,0.8458219852713671,100,0.158,3.5704327729167917,0.1654648252922083,3.690383935152489,5.111793299740042
monash_tourism_yearly,chronos-t5,spikes_density,0.4,5.65319058958031,0.2068971164135142,100,0.407,3.92046404635849,0.206364779574466,1.4419697573381034,1.0025795915375961
monash_tourism_yearly,chronos-2,drift,0.5,4.549757010430888,0.1658987446587537,100,0.163,3.5704327729167917,0.1654648252922083,1.2742872642618215,1.0026224266443282
monash_tourism_yearly,chronos-t5,drift,0.5,4.611066086590877,0.1981265568373679,100,0.384,3.92046404635849,0.206364779574466,1.1761531369925073,0.960079318020809
monash_tourism_yearly,chronos-2,drift,1.0,5.199655090749227,0.1761540904993172,100,0.166,3.5704327729167917,0.1654648252922083,1.456309478837064,1.0646014353094795
monash_tourism_yearly,chronos-t5,drift,1.0,5.133367434993162,0.1988077334401484,100,0.411,3.92046404635849,0.206364779574466,1.3093775059004236,0.9633801555192675
monash_tourism_yearly,chronos-2,drift,2.0,8.25118982731871,0.2955224584065157,100,0.157,3.5704327729167917,0.1654648252922083,2.3109775066785727,1.7860137819903876
monash_tourism_yearly,chronos-t5,drift,2.0,7.728143667130944,0.3739324506890916,100,0.388,3.92046404635849,0.206364779574466,1.971231868408334,1.8119974322176395
monash_tourism_yearly,chronos-2,drift,4.0,15.53169036547377,0.3508389894621851,100,0.155,3.5704327729167917,0.1654648252922083,4.3500862089570935,2.1203236932236744
monash_tourism_yearly,chronos-t5,drift,4.0,14.26056413000948,0.3374090401666842,100,0.391,3.92046404635849,0.206364779574466,3.6374684122547576,1.6350127229192777
monash_tourism_yearly,chronos-2,drift,6.0,23.21413096818944,0.6473086917598442,100,0.161,3.5704327729167917,0.1654648252922083,6.501769517767767,3.9120622199715687
monash_tourism_yearly,chronos-t5,drift,6.0,21.416775079948767,0.5647027723229905,100,0.392,3.92046404635849,0.206364779574466,5.462816346917316,2.736429992983466
monash_tourism_yearly,chronos-2,drift,9.0,35.00707249954842,1.08937086862249,100,0.156,3.5704327729167917,0.1654648252922083,9.804714085388062,6.583700594363051
monash_tourism_yearly,chronos-t5,drift,9.0,32.26539205026781,1.162741530522274,100,0.407,3.92046404635849,0.206364779574466,8.229993099984533,5.634399110739256
monash_tourism_yearly,chronos-2,drift,12.0,47.43081899059998,1.6267151176529486,100,0.163,3.5704327729167917,0.1654648252922083,13.284333302781205,9.831183846960798
monash_tourism_yearly,chronos-t5,drift,12.0,44.520506865210464,1.369825616857454,100,0.408,3.92046404635849,0.206364779574466,11.355927854143488,6.637884718904552
monash_tourism_yearly,chronos-2,drift,16.0,63.22281296557834,2.250111911236212,100,0.163,3.5704327729167917,0.1654648252922083,17.707324850127275,13.598732584176421
monash_tourism_yearly,chronos-t5,drift,16.0,59.46285910750358,1.9849188194274927,100,0.412,3.92046404635849,0.206364779574466,15.167301218521686,9.61849606081275
monash_tourism_yearly,chronos-2,drift,20.0,79.58755882866426,2.8333320765706183,100,0.164,3.5704327729167917,0.1654648252922083,22.290731653700018,17.12347063230507
monash_tourism_yearly,chronos-t5,drift,20.0,75.09890414670706,2.395245796044008,100,0.4,3.92046404635849,0.206364779574466,19.155616084902608,11.60685365488781
monash_tourism_yearly,chronos-2,drift,26.0,102.62935319403113,3.714131919582656,100,0.169,3.5704327729167917,0.1654648252922083,28.74423346450245,22.446655432800036
monash_tourism_yearly,chronos-t5,drift,26.0,97.18257450651969,3.1683039629433933,100,0.407,3.92046404635849,0.206364779574466,24.78853864169151,15.352929746425659
monash_tourism_yearly,chronos-2,drift,32.0,127.40405884087048,4.700119851250252,100,0.157,3.5704327729167917,0.1654648252922083,35.68308576127883,28.40555292008385
monash_tourism_yearly,chronos-t5,drift,32.0,122.1394658262121,4.0476139555294735,100,0.398,3.92046404635849,0.206364779574466,31.154338971597237,19.61387967402115
monash_tourism_yearly,chronos-2,drift_step,0.5,3.740480232407812,0.1637163834242246,100,0.159,3.5704327729167917,0.1654648252922083,1.0476265680678545,0.9894331507322116
monash_tourism_yearly,chronos-t5,drift_step,0.5,4.041649873194911,0.2143987842511482,100,0.401,3.92046404635849,0.206364779574466,1.0309110925144138,1.0389310845254152
monash_tourism_yearly,chronos-2,drift_step,1.0,4.119775589410429,0.1737391359599167,100,0.164,3.5704327729167917,0.1654648252922083,1.153858888104722,1.050006463023764
monash_tourism_yearly,chronos-t5,drift_step,1.0,4.155553977868385,0.1985797988367678,100,0.403,3.92046404635849,0.206364779574466,1.0599648227174172,0.9622756327230295
monash_tourism_yearly,chronos-2,drift_step,2.0,4.215030944528681,0.1804768025439141,100,0.151,3.5704327729167917,0.1654648252922083,1.1805378262549662,1.0907260937495016
monash_tourism_yearly,chronos-t5,drift_step,2.0,3.992385469879266,0.2422937930347928,100,0.4,3.92046404635849,0.206364779574466,1.0183451302372177,1.1741043870684431
monash_tourism_yearly,chronos-2,drift_step,4.0,5.1522738844162586,0.1730712375223126,100,0.165,3.5704327729167917,0.1654648252922083,1.4430390409527902,1.0459699650162595
monash_tourism_yearly,chronos-t5,drift_step,4.0,4.980552866902067,0.2081279921685961,100,0.397,3.92046404635849,0.206364779574466,1.270398811979474,1.0085441546651803
monash_tourism_yearly,chronos-2,drift_step,8.0,6.035074280881296,0.4631714797464867,100,0.161,3.5704327729167917,0.1654648252922083,1.6902920919446596,2.7992141467440774
monash_tourism_yearly,chronos-t5,drift_step,8.0,5.60743652885338,0.6624819546255888,100,0.385,3.92046404635849,0.206364779574466,1.4302991846237765,3.2102471942724824
monash_tourism_yearly,chronos-2,drift_step,12.0,6.944716822993263,0.2384839004925384,100,0.165,3.5704327729167917,0.1654648252922083,1.9450630398846356,1.4412966627280424
monash_tourism_yearly,chronos-t5,drift_step,12.0,6.238558940228062,0.2186008574471905,100,0.423,3.92046404635849,0.206364779574466,1.5912807429066278,1.059293440954197
monash_tourism_yearly,chronos-2,drift_step,16.0,6.791414807071488,0.2515582475901098,100,0.178,3.5704327729167917,0.1654648252922083,1.9021265037076671,1.5203125325631104
monash_tourism_yearly,chronos-t5,drift_step,16.0,5.986886491235114,0.1986962399379147,100,0.403,3.92046404635849,0.206364779574466,1.5270861868497465,0.9628398816291995
monash_tourism_yearly,chronos-2,drift_step,20.0,7.907293766048135,0.2748478502356652,100,0.161,3.5704327729167917,0.1654648252922083,2.2146597538618362,1.6610651221508148
monash_tourism_yearly,chronos-t5,drift_step,20.0,6.492070491166169,0.2747411549222872,100,0.415,3.92046404635849,0.206364779574466,1.6559444020909482,1.331337428260852
monash_tourism_yearly,chronos-2,gap,0.05,3.450613628213814,0.1553970108103768,100,0.172,3.5704327729167917,0.1654648252922083,0.9664412825213079,0.9391543522071721
monash_tourism_yearly,chronos-t5,gap,0.05,3.8816657249785567,0.1918088056950881,100,0.39,3.92046404635849,0.206364779574466,0.9901036405585786,0.9294648345061933
monash_tourism_yearly,chronos-2,gap,0.1,3.664491841258504,0.1565096186569205,100,0.161,3.5704327729167917,0.1654648252922083,1.0263438844319348,0.9458784873493624
monash_tourism_yearly,chronos-t5,gap,0.1,4.25050851101506,0.219270988304248,100,0.448,3.92046404635849,0.206364779574466,1.0841850507373307,1.0625407531091071
monash_tourism_yearly,chronos-2,gap,0.15,3.928806184732285,0.1668376482695158,100,0.161,3.5704327729167917,0.1654648252922083,1.100372541540035,1.0082967662455335
monash_tourism_yearly,chronos-t5,gap,0.15,4.59915287608428,0.2092108931784606,100,0.394,3.92046404635849,0.206364779574466,1.1731144124013044,1.013791663528357
monash_tourism_yearly,chronos-2,gap,0.2,3.889462001076036,0.1706773109126981,100,0.156,3.5704327729167917,0.1654648252922083,1.08935309763545,1.0315020767180254
monash_tourism_yearly,chronos-t5,gap,0.2,4.278182248900986,0.2091469238096327,100,0.379,3.92046404635849,0.206364779574466,1.0912438421351578,1.013481681519994
monash_tourism_yearly,chronos-2,gap,0.3,3.640975229440126,0.1514665861705294,100,0.171,3.5704327729167917,0.1654648252922083,1.0197573966546656,0.9154005142968712
monash_tourism_yearly,chronos-t5,gap,0.3,3.953114232663883,0.2335056205614766,100,0.472,3.92046404635849,0.206364779574466,1.0083281432808242,1.1315187651835565
monash_tourism_yearly,chronos-2,gap,0.4,4.16894857498764,0.1720886582235351,100,0.157,3.5704327729167917,0.1654648252922083,1.1676311641016848,1.0400316678764157
monash_tourism_yearly,chronos-t5,gap,0.4,4.605570401534963,0.2045896636615344,100,0.422,3.92046404635849,0.206364779574466,1.1747513424623373,0.9913981643738239
monash_tourism_yearly,chronos-2,gap,0.5,3.8595006394570337,0.174712079397092,100,0.157,3.5704327729167917,0.1654648252922083,1.0809615766281726,1.0558865250578375
monash_tourism_yearly,chronos-t5,gap,0.5,4.305362487711279,0.1959662711771453,100,0.419,3.92046404635849,0.206364779574466,1.0981767558129505,0.9496110314038911
monash_tourism_yearly,chronos-2,gap,0.6,4.098809032455284,0.1791077338070496,100,0.181,3.5704327729167917,0.1654648252922083,1.1479866148290045,1.082452016558493
monash_tourism_yearly,chronos-t5,gap,0.6,4.481918773323206,0.2112435163650234,100,0.397,3.92046404635849,0.206364779574466,1.1432112934401786,1.0236413248453422
monash_tourism_yearly,chronos-2,gap,0.7,3.8755546738007,0.1398904956121508,100,0.172,3.5704327729167917,0.1654648252922083,1.0854579599421066,0.8454394785423813
monash_tourism_yearly,chronos-t5,gap,0.7,4.241714314912108,0.1809401654666161,100,0.411,3.92046404635849,0.206364779574466,1.0819418989065874,0.8767977066615888
monash_traffic,chronos-2,clean,0.0,0.8271235376076017,0.2736839843613832,100,1.655,0.8271235376076017,0.2736839843613832,1.0,1.0
monash_traffic,chronos-t5,clean,0.0,0.8261989519378098,0.2858328836157657,100,38.863,0.8261989519378098,0.2858328836157657,1.0,1.0
monash_traffic,chronos-2,spikes_intensity,1.0,0.8134738301045046,0.2651558414827908,100,1.07,0.8271235376076017,0.2736839843613832,0.9834973774986769,0.9688394521934046
monash_traffic,chronos-t5,spikes_intensity,1.0,0.8235726791132372,0.276272403207399,100,42.669,0.8261989519378098,0.2858328836157657,0.9968212585861882,0.9665522025057883
monash_traffic,chronos-2,spikes_intensity,2.0,0.8461711527583036,0.2722913286372617,100,1.043,0.8271235376076017,0.2736839843613832,1.0230287427266256,0.9949114460337489
monash_traffic,chronos-t5,spikes_intensity,2.0,0.8205900049330248,0.2794732437077295,100,44.168,0.8261989519378098,0.2858328836157657,0.9932111424353305,0.9777504959275952
monash_traffic,chronos-2,spikes_intensity,4.0,0.8472748145821463,0.2736957005625708,100,0.994,0.8271235376076017,0.2736839843613832,1.024363080070035,1.0000428092320235
monash_traffic,chronos-t5,spikes_intensity,4.0,0.8349807929649012,0.284381977301871,100,53.308,0.8261989519378098,0.2858328836157657,1.0106292086264381,0.9949239349386927
monash_traffic,chronos-2,spikes_intensity,6.0,0.8660799100030175,0.2709528352340239,100,1.142,0.8271235376076017,0.2736839843613832,1.0470986142022924,0.9900207930188821
monash_traffic,chronos-t5,spikes_intensity,6.0,0.8264831192209736,0.2815695896491961,100,66.075,0.8261989519378098,0.2858328836157657,1.000343945344517,0.9850846623641085
monash_traffic,chronos-2,spikes_intensity,8.0,0.8680368156139491,0.278240523719917,100,1.131,0.8271235376076017,0.2736839843613832,1.0494645311686888,1.0166489075682161
monash_traffic,chronos-t5,spikes_intensity,8.0,0.8330377591870995,0.2867469153081989,100,54.515,0.8261989519378098,0.2858328836157657,1.0082774339440272,1.003197783547053
monash_traffic,chronos-2,spikes_intensity,12.0,0.8927887953080254,0.2851178656952209,100,1.155,0.8271235376076017,0.2736839843613832,1.0793899033394163,1.041777677859074
monash_traffic,chronos-t5,spikes_intensity,12.0,0.8438231923394549,0.2839998829314334,100,45.09,0.8261989519378098,0.2858328836157657,1.0213317147889238,0.9935871595278158
monash_traffic,chronos-2,spikes_intensity,16.0,0.9064183649545556,0.2830041902542732,100,1.333,0.8271235376076017,0.2736839843613832,1.0958681789860663,1.0340546265965758
monash_traffic,chronos-t5,spikes_intensity,16.0,0.8319328717524516,0.2846417384360953,100,46.832,0.8261989519378098,0.2858328836157657,1.006940119932606,0.9958327216777773
monash_traffic,chronos-2,spikes_intensity,20.0,0.950094282967642,0.2999146385444173,100,1.206,0.8271235376076017,0.2736839843613832,1.1486727674510688,1.0958428541013863
monash_traffic,chronos-t5,spikes_intensity,20.0,0.8529494823150496,0.289401035588754,100,41.672,0.8261989519378098,0.2858328836157657,1.0323778314103373,1.0124833501584962
monash_traffic,chronos-2,spikes_intensity,30.0,0.9916722548713413,0.313778411094828,100,1.061,0.8271235376076017,0.2736839843613832,1.198940919683758,1.1464989879733063
monash_traffic,chronos-t5,spikes_intensity,30.0,0.8304987246538046,0.2825423625869369,100,26.24,0.8261989519378098,0.2858328836157657,1.0052042824623657,0.9884879549644395
monash_traffic,chronos-2,spikes_intensity,40.0,1.0711621851803237,0.3278543721147542,100,0.704,0.8271235376076017,0.2736839843613832,1.2950449799537649,1.197930426509146
monash_traffic,chronos-t5,spikes_intensity,40.0,0.8342089231254018,0.2875337704415888,100,23.356,0.8261989519378098,0.2858328836157657,1.0096949665317356,1.005950633825986
monash_traffic,chronos-2,spikes_density,0.01,0.8291392569813407,0.27453941622951,100,0.736,0.8271235376076017,0.2736839843613832,1.002437023349099,1.0031256190241562
monash_traffic,chronos-t5,spikes_density,0.01,0.8447029017370102,0.2904774628786821,100,31.602,0.8261989519378098,0.2858328836157657,1.0223964818108282,1.0162492824624052
monash_traffic,chronos-2,spikes_density,0.02,0.8587396576229931,0.2819123524945123,100,1.116,0.8271235376076017,0.2736839843613832,1.0382241812472643,1.0300652161007129
monash_traffic,chronos-t5,spikes_density,0.02,0.8556914067865061,0.3006914153636708,100,24.041,0.8261989519378098,0.2858328836157657,1.03569655320855,1.0519832832386034
monash_traffic,chronos-2,spikes_density,0.05,0.9338187033624192,0.2952522312520257,100,0.712,0.8271235376076017,0.2736839843613832,1.128995441313913,1.0788071210705663
monash_traffic,chronos-t5,spikes_density,0.05,0.8462097778700693,0.2856182400532179,100,29.698,0.8261989519378098,0.2858328836157657,1.0242203477568268,0.9992490592410762
monash_traffic,chronos-2,spikes_density,0.08,1.0922043365998853,0.3215680497553841,100,0.714,0.8271235376076017,0.2736839843613832,1.3204851354599478,1.1749611527533628
monash_traffic,chronos-t5,spikes_density,0.08,0.8372926014009365,0.2850513804394927,100,22.899,0.8261989519378098,0.2858328836157657,1.0134273342239264,0.997265873798749
monash_traffic,chronos-2,spikes_density,0.12,1.322136021631318,0.405057639304744,100,0.69,0.8271235376076017,0.2736839843613832,1.5984746673459518,1.4800195205061388
monash_traffic,chronos-t5,spikes_density,0.12,0.8344854379148048,0.2844376776114841,100,26.202,0.8261989519378098,0.2858328836157657,1.0100296495868937,0.9951188051331521
monash_traffic,chronos-2,spikes_density,0.16,1.5316469482723103,0.4891220360200475,100,1.128,0.8271235376076017,0.2736839843613832,1.8517753136399604,1.7871781469469963
monash_traffic,chronos-t5,spikes_density,0.16,0.8204065839889887,0.3064445491421943,100,24.321,0.8261989519378098,0.2858328836157657,0.9929891366537862,1.072110896638947
monash_traffic,chronos-2,spikes_density,0.2,1.6579160101414572,0.5650512185404533,100,0.697,0.8271235376076017,0.2736839843613832,2.0044357762286222,2.064611927727335
monash_traffic,chronos-t5,spikes_density,0.2,0.8597167283677951,0.3398869751745301,100,22.44,0.8261989519378098,0.2858328836157657,1.040568650385444,1.189110821942472
monash_traffic,chronos-2,spikes_density,0.3,1.890716085635095,1.060221442418295,100,0.683,0.8271235376076017,0.2736839843613832,2.285893218688785,3.8738892408784014
monash_traffic,chronos-t5,spikes_density,0.3,0.8839430632500049,0.4017038064974563,100,22.824,0.8261989519378098,0.2858328836157657,1.0698912909254594,1.4053799598420296
monash_traffic,chronos-2,spikes_density,0.4,1.9347402823290996,2.084322796091506,100,0.744,0.8271235376076017,0.2736839843613832,2.3391188792972857,7.6158011253566205
monash_traffic,chronos-t5,spikes_density,0.4,1.5847462797192535,0.6032662713287383,100,23.139,0.8261989519378098,0.2858328836157657,1.9181170298053605,2.110555873409185
monash_traffic,chronos-2,drift,0.5,1.6971278831199024,0.502634298605943,100,0.695,0.8271235376076017,0.2736839843613832,2.05184329299675,1.8365499164256711
monash_traffic,chronos-t5,drift,0.5,1.6744484921931688,0.5123150230167208,100,23.643,0.8261989519378098,0.2858328836157657,2.026689199091612,1.7923585856741608
monash_traffic,chronos-2,drift,1.0,2.913095795356381,0.8637562216805112,100,0.689,0.8271235376076017,0.2736839843613832,3.5219597350382648,3.1560349565065278
monash_traffic,chronos-t5,drift,1.0,2.8185128416279794,0.8365786029343181,100,22.506,0.8261989519378098,0.2858328836157657,3.411421468179418,2.9268102128476547
monash_traffic,chronos-2,drift,2.0,5.370079956015704,1.5984333580156471,100,0.691,0.8271235376076017,0.2736839843613832,6.492476289029682,5.840434403735559
monash_traffic,chronos-t5,drift,2.0,5.181613865506922,1.542987718105823,100,22.293,0.8261989519378098,0.2858328836157657,6.271629676307016,5.398216253452499
monash_traffic,chronos-2,drift,4.0,10.590298931730803,3.193772626003772,100,0.683,0.8271235376076017,0.2736839843613832,12.803769268086022,11.66956346918199
monash_traffic,chronos-t5,drift,4.0,10.27865273316518,3.0950950978150567,100,22.472,0.8261989519378098,0.2858328836157657,12.440892970218728,10.828338078748404
monash_traffic,chronos-2,drift,6.0,16.104011786311585,4.827575076955001,100,0.685,0.8271235376076017,0.2736839843613832,19.469899058720223,17.63923120390004
monash_traffic,chronos-t5,drift,6.0,15.816778502980585,4.741754456164886,100,22.398,0.8261989519378098,0.2858328836157657,19.144031187504044,16.589254518871407
monash_traffic,chronos-2,drift,9.0,23.613511160728866,7.061540802515392,100,0.691,0.8271235376076017,0.2736839843613832,28.548953193895716,25.80180502338439
monash_traffic,chronos-t5,drift,9.0,23.350475075959203,6.975349920022186,100,22.338,0.8261989519378098,0.2858328836157657,28.262532917999703,24.403594967046843
monash_traffic,chronos-2,drift,12.0,31.85017510863586,9.582561089712351,100,0.689,0.8271235376076017,0.2736839843613832,38.507156017782194,35.01323291559201
monash_traffic,chronos-t5,drift,12.0,31.608559985089748,9.489973892152744,100,22.463,0.8261989519378098,0.2858328836157657,38.257806925261036,33.2011270785406
monash_traffic,chronos-2,drift,16.0,42.47134980986407,12.769803454607644,100,0.688,0.8271235376076017,0.2736839843613832,51.34825437649803,46.65893579562145
monash_traffic,chronos-t5,drift,16.0,42.17382076178722,12.661427506323376,100,22.437,0.8261989519378098,0.2858328836157657,51.04559944414182,44.296609075055386
monash_traffic,chronos-2,drift,20.0,53.045374482931344,15.920376586803904,100,0.69,0.8271235376076017,0.2736839843613832,64.13234791547761,58.170654830068564
monash_traffic,chronos-t5,drift,20.0,52.78205369891782,15.821843616764788,100,22.445,0.8261989519378098,0.2858328836157657,63.885403842645964,55.35347583741797
monash_traffic,chronos-2,drift,26.0,68.73529447074206,20.555760598844195,100,0.688,0.8271235376076017,0.2736839843613832,83.10160616339634,75.10764887031735
monash_traffic,chronos-t5,drift,26.0,68.49306618716848,20.461717547184136,100,22.353,0.8261989519378098,0.2858328836157657,82.90141984145744,71.58629646926855
monash_traffic,chronos-2,drift,32.0,84.65605879985387,25.3752577926652,100,0.697,0.8271235376076017,0.2736839843613832,102.34995735306448,92.71736470760635
monash_traffic,chronos-t5,drift,32.0,84.3969014217047,25.281456390293,100,23.007,0.8261989519378098,0.2858328836157657,102.15082120808292,88.44838309184154
monash_traffic,chronos-2,drift_step,0.5,0.8317550780924851,0.2759246400291634,100,0.693,0.8271235376076017,0.2736839843613832,1.005599575243959,1.0081870178593335
monash_traffic,chronos-t5,drift_step,0.5,0.8373037888013919,0.2890821039794866,100,22.411,0.8261989519378098,0.2858328836157657,1.0134408750308097,1.011367552685396
monash_traffic,chronos-2,drift_step,1.0,0.8305517895970185,0.2740747716616796,100,0.692,0.8271235376076017,0.2736839843613832,1.0041447883339565,1.0014278778541181
monash_traffic,chronos-t5,drift_step,1.0,0.8274818581818524,0.2859975158047892,100,22.477,0.8261989519378098,0.2858328836157657,1.0015527812532727,1.00057597357918
monash_traffic,chronos-2,drift_step,2.0,0.8231409870638028,0.2727731499444335,100,0.689,0.8271235376076017,0.2736839843613832,0.9951850595918015,0.9966719484186295
monash_traffic,chronos-t5,drift_step,2.0,0.8314097559422713,0.2873306082012479,100,22.727,0.8261989519378098,0.2858328836157657,1.0063069603177779,1.0052398610213635
monash_traffic,chronos-2,drift_step,4.0,0.8217550792644039,0.2725640693877877,100,0.687,0.8271235376076017,0.2736839843613832,0.9935094842558517,0.9959079995995794
monash_traffic,chronos-t5,drift_step,4.0,0.831716627048566,0.2871831232790283,100,22.359,0.8261989519378098,0.2858328836157657,1.0066783855121273,1.004723877974368
monash_traffic,chronos-2,drift_step,8.0,0.8367487533394363,0.2755053875045197,100,0.686,0.8271235376076017,0.2736839843613832,1.0116369747615632,1.0066551323687667
monash_traffic,chronos-t5,drift_step,8.0,0.838865436618089,0.2874899444113084,100,22.489,0.8261989519378098,0.2858328836157657,1.0153310345535667,1.0057973063651073
monash_traffic,chronos-2,drift_step,12.0,0.8437395414421595,0.280114464813971,100,0.694,0.8271235376076017,0.2736839843613832,1.0200889021761108,1.023496005685509
monash_traffic,chronos-t5,drift_step,12.0,0.8255909567326044,0.2844139981969101,100,23.513,0.8261989519378098,0.2858328836157657,0.9992641055719336,0.9950359615698978
monash_traffic,chronos-2,drift_step,16.0,0.8430080444874043,0.2795595608456619,100,0.797,0.8271235376076017,0.2736839843613832,1.0192045155984164,1.0214684702796506
monash_traffic,chronos-t5,drift_step,16.0,0.8261959589214098,0.2859364546446977,100,22.679,0.8261989519378098,0.2858328836157657,0.9999963773660171,1.0003623481931883
monash_traffic,chronos-2,drift_step,20.0,0.8921559860703034,0.2872859108135678,100,0.7,0.8271235376076017,0.2736839843613832,1.078624831123539,1.049699387722389
monash_traffic,chronos-t5,drift_step,20.0,0.828794650368377,0.286030340554692,100,22.473,0.8261989519378098,0.2858328836157657,1.0031417353223204,1.0006908125350327
monash_traffic,chronos-2,gap,0.05,0.8265350910166325,0.2734329436408816,100,0.691,0.8271235376076017,0.2736839843613832,0.9992885626339794,0.9990827350709346
monash_traffic,chronos-t5,gap,0.05,0.826755345685902,0.2859127537721258,100,23.366,0.8261989519378098,0.2858328836157657,1.0006734379737316,1.0002794295581032
monash_traffic,chronos-2,gap,0.1,0.8306951049482446,0.2753923272003736,100,0.693,0.8271235376076017,0.2736839843613832,1.0043180579178939,1.0062420270699313
monash_traffic,chronos-t5,gap,0.1,0.8278698249865175,0.2863410956391855,100,22.786,0.8261989519378098,0.2858328836157657,1.002022361617367,1.001778004045549
monash_traffic,chronos-2,gap,0.15,0.8250252451415603,0.273180964787204,100,0.719,0.8271235376076017,0.2736839843613832,0.9974631450192911,0.9981620423447395
monash_traffic,chronos-t5,gap,0.15,0.821254508047274,0.2844459729773392,100,23.357,0.8261989519378098,0.2858328836157657,0.994015431901797,0.9951478268669365
monash_traffic,chronos-2,gap,0.2,0.828641284907946,0.2749061559457831,100,0.689,0.8271235376076017,0.2736839843613832,1.0018349705108553,1.004465630633271
monash_traffic,chronos-t5,gap,0.2,0.8266739022661104,0.2861873454356642,100,23.847,0.8261989519378098,0.2858328836157657,1.0005748619351145,1.0012401016125738
monash_traffic,chronos-2,gap,0.3,0.8284034671890455,0.2743836301283873,100,0.688,0.8271235376076017,0.2736839843613832,1.0015474466911507,1.0025564001073597
monash_traffic,chronos-t5,gap,0.3,0.8309186471650842,0.2864710080460759,100,22.273,0.8261989519378098,0.2858328836157657,1.005712540806551,1.0022325088080768
monash_traffic,chronos-2,gap,0.4,0.8278382926284702,0.2736449294239891,100,0.692,0.8271235376076017,0.2736839843613832,1.0008641454249214,0.9998572991492899
monash_traffic,chronos-t5,gap,0.4,0.8264776876138853,0.2856048507989404,100,23.457,0.8261989519378098,0.2858328836157657,1.0003373711324879,0.9992022162952676
monash_traffic,chronos-2,gap,0.5,0.8324625108233713,0.2749504169860498,100,0.691,0.8271235376076017,0.2736839843613832,1.0064548679526304,1.0046273537986583
monash_traffic,chronos-t5,gap,0.5,0.8279443803942511,0.2866328915447367,100,28.784,0.8261989519378098,0.2858328836157657,1.0021126006663983,1.0027988659626945
monash_traffic,chronos-2,gap,0.6,0.8331516223105057,0.2772923141458817,100,0.695,0.8271235376076017,0.2736839843613832,1.0072880101083084,1.013184292800027
monash_traffic,chronos-t5,gap,0.6,0.8312004672192552,0.2871404165591716,100,32.4,0.8261989519378098,0.2858328836157657,1.0060536451537667,1.0045744664744858
monash_traffic,chronos-2,gap,0.7,0.8412532248676452,0.279361670922103,100,0.779,0.8271235376076017,0.2736839843613832,1.0170829224627227,1.0207454103460536
monash_traffic,chronos-t5,gap,0.7,0.8418298384166834,0.2909281615500017,100,29.349,0.8261989519378098,0.2858328836157657,1.0189190345039922,1.0178260732977293
monash_weather,chronos-2,clean,0.0,0.9775839384301248,0.125120849853699,100,1.832,0.9775839384301248,0.125120849853699,1.0,1.0
monash_weather,chronos-t5,clean,0.0,1.0990147455497612,0.1459395953061903,100,33.174,1.0990147455497612,0.1459395953061903,1.0,1.0
monash_weather,chronos-2,spikes_intensity,1.0,0.9822350281586398,0.1258217446624674,100,0.736,0.9775839384301248,0.125120849853699,1.0047577395103116,1.0056017427118495
monash_weather,chronos-t5,spikes_intensity,1.0,1.068145461189406,0.1469783704304142,100,37.005,1.0990147455497612,0.1459395953061903,0.9719118560643938,1.007117842981848
monash_weather,chronos-2,spikes_intensity,2.0,0.9740693373020136,0.1265993829367637,100,0.702,0.9775839384301248,0.125120849853699,0.9964048088456167,1.011816840157284
monash_weather,chronos-t5,spikes_intensity,2.0,1.046468711315469,0.149935387221133,100,38.536,1.0990147455497612,0.1459395953061903,0.9521880534842077,1.0273797656253554
monash_weather,chronos-2,spikes_intensity,4.0,0.9737891292672826,0.1279111236969057,100,0.692,0.9775839384301248,0.125120849853699,0.9961181756229176,1.0223006305221654
monash_weather,chronos-t5,spikes_intensity,4.0,1.0696972458016991,0.150804768322084,100,36.826,1.0990147455497612,0.1459395953061903,0.9733238340370068,1.0333368953482862
monash_weather,chronos-2,spikes_intensity,6.0,0.9777115311363348,0.1287360875474719,100,0.705,0.9775839384301248,0.125120849853699,1.0001305184150375,1.0288939668968051
monash_weather,chronos-t5,spikes_intensity,6.0,1.0609121117954274,0.1502364059042087,100,28.563,1.0990147455497612,0.1459395953061903,0.9653301887817041,1.0294423907987644
monash_weather,chronos-2,spikes_intensity,8.0,0.973790123068338,0.1291933403449383,100,0.703,0.9775839384301248,0.125120849853699,0.9961191922118942,1.0325484561206317
monash_weather,chronos-t5,spikes_intensity,8.0,1.0447041777873671,0.149039829306803,100,28.396,1.0990147455497612,0.1459395953061903,0.9505824940181069,1.0212432684502668
monash_weather,chronos-2,spikes_intensity,12.0,0.9860575596033848,0.1301372738609337,100,0.687,0.9775839384301248,0.125120849853699,1.008667921842975,1.040092630549587
monash_weather,chronos-t5,spikes_intensity,12.0,1.1616040032636954,0.1477151144135813,100,30.478,1.0990147455497612,0.1459395953061903,1.0569503348043117,1.0121661232763175
monash_weather,chronos-2,spikes_intensity,16.0,0.9880004149768014,0.1316626237275601,100,0.72,0.9775839384301248,0.125120849853699,1.0106553270130483,1.0522836432258111
monash_weather,chronos-t5,spikes_intensity,16.0,1.0536248584563124,0.1499010546319358,100,30.77,1.0990147455497612,0.1459395953061903,0.9586994739813582,1.0271445135738118
monash_weather,chronos-2,spikes_intensity,20.0,0.9947744252365712,0.1320894079734261,100,0.694,0.9775839384301248,0.125120849853699,1.0175846657567351,1.0556946194649035
monash_weather,chronos-t5,spikes_intensity,20.0,1.0143697310501074,0.144680069217654,100,29.258,1.0990147455497612,0.1459395953061903,0.9229810019907315,0.9913695382949793
monash_weather,chronos-2,spikes_intensity,30.0,1.0081891379905574,0.1353915649242262,100,0.72,0.9775839384301248,0.125120849853699,1.0313069787230553,1.0820863595678618
monash_weather,chronos-t5,spikes_intensity,30.0,1.0247258745342165,0.1474839774321018,100,28.751,1.0990147455497612,0.1459395953061903,0.9324041180372123,1.0105823380054693
monash_weather,chronos-2,spikes_intensity,40.0,1.036875286287577,0.1372711293353565,100,0.771,0.9775839384301248,0.125120849853699,1.0606509022157897,1.0971083516125775
monash_weather,chronos-t5,spikes_intensity,40.0,1.0239731630617903,0.1481037476919244,100,36.556,1.0990147455497612,0.1459395953061903,0.9317192214282505,1.0148290967999025
monash_weather,chronos-2,spikes_density,0.01,0.9744232603474838,0.1261056546166279,100,0.685,0.9775839384301248,0.125120849853699,0.9967668473689159,1.007870828595557
monash_weather,chronos-t5,spikes_density,0.01,1.0503401237700674,0.1459746396503074,100,27.265,1.0990147455497612,0.1459395953061903,0.9557106745138845,1.0002401291030278
monash_weather,chronos-2,spikes_density,0.02,0.9853431534963104,0.1272876933756224,100,0.691,0.9775839384301248,0.125120849853699,1.0079371343586576,1.0173180051482789
monash_weather,chronos-t5,spikes_density,0.02,1.0125112640360618,0.1457482086907418,100,34.613,1.0990147455497612,0.1459395953061903,0.9212899718916623,0.9986885902003019
monash_weather,chronos-2,spikes_density,0.05,0.9966621006068868,0.1321420832542944,100,0.744,0.9775839384301248,0.125120849853699,1.0195156256427444,1.056115614694155
monash_weather,chronos-t5,spikes_density,0.05,1.0508562404141657,0.1443396273068903,100,28.596,1.0990147455497612,0.1459395953061903,0.9561802920928917,0.9890367792514212
monash_weather,chronos-2,spikes_density,0.08,1.011583075383513,0.1431359228325084,100,0.694,0.9775839384301248,0.125120849853699,1.0347787393152004,1.143981382798103
monash_weather,chronos-t5,spikes_density,0.08,1.0382041547007483,0.1447163891368542,100,28.187,1.0990147455497612,0.1459395953061903,0.9446680846683331,0.9916184078298302
monash_weather,chronos-2,spikes_density,0.12,1.050999662511079,0.1781851629722438,100,0.689,0.9775839384301248,0.125120849853699,1.0750991512798895,1.4241044812322783
monash_weather,chronos-t5,spikes_density,0.12,1.0379576377332542,0.1480777043728653,100,29.337,1.0990147455497612,0.1459395953061903,0.9444437774254208,1.0146506440708507
monash_weather,chronos-2,spikes_density,0.16,1.2828442231676525,0.2739384037009658,100,0.796,0.9775839384301248,0.125120849853699,1.31225992238348,2.1893905294063765
monash_weather,chronos-t5,spikes_density,0.16,1.0702442333448592,0.1566897517514401,100,41.941,1.0990147455497612,0.1459395953061903,0.9738215412291761,1.073661684635313
monash_weather,chronos-2,spikes_density,0.2,1.7747897567966469,0.3706326563979695,100,0.707,0.9775839384301248,0.125120849853699,1.8154857982289818,2.9621974022022863
monash_weather,chronos-t5,spikes_density,0.2,1.060193091425573,0.1560089019705904,100,37.699,1.0990147455497612,0.1459395953061903,0.9646759479057141,1.0689963998000274
monash_weather,chronos-2,spikes_density,0.3,2.194404645465851,0.7342063170839166,100,0.72,0.9775839384301248,0.125120849853699,2.24472248284867,5.86797738300537
monash_weather,chronos-t5,spikes_density,0.3,1.0778554213227187,0.1731936528201805,100,28.245,1.0990147455497612,0.1459395953061903,0.9807470060681871,1.1867488905722228
monash_weather,chronos-2,spikes_density,0.4,2.3669473791072297,1.458394191341692,100,0.739,0.9775839384301248,0.125120849853699,2.421221632290978,11.655884635110452
monash_weather,chronos-t5,spikes_density,0.4,2.886996351549259,0.2823318423687927,100,28.234,1.0990147455497612,0.1459395953061903,2.6268950104987847,1.9345801376003753
monash_weather,chronos-2,drift,0.5,1.5941646996122398,0.2632688634506331,100,0.702,0.9775839384301248,0.125120849853699,1.6307189970533529,2.1041166500904325
monash_weather,chronos-t5,drift,0.5,1.623312264432791,0.2815550365742101,100,27.636,1.0990147455497612,0.1459395953061903,1.4770614052323383,1.9292573477642596
monash_weather,chronos-2,drift,1.0,2.610489523173398,0.4868942530176859,100,0.702,0.9775839384301248,0.125120849853699,2.6703482131319705,3.891391831073721
monash_weather,chronos-t5,drift,1.0,2.6333341126851084,0.5161103762991819,100,35.781,1.0990147455497612,0.1459395953061903,2.3960862430174523,3.5364657221116063
monash_weather,chronos-2,drift,2.0,4.873383983117686,1.0295921732115958,100,0.708,0.9775839384301248,0.125120849853699,4.985130986239115,8.228781809070789
monash_weather,chronos-t5,drift,2.0,4.898333929005872,1.0489019101474095,100,35.142,1.0990147455497612,0.1459395953061903,4.457022936990326,7.1872332381541035
monash_weather,chronos-2,drift,4.0,9.726948141648094,2.140395161818053,100,0.691,0.9775839384301248,0.125120849853699,9.949987678058964,17.10662263180572
monash_weather,chronos-t5,drift,4.0,9.46040015659032,2.1422648277912515,100,30.055,1.0990147455497612,0.1459395953061903,8.608073908833621,14.679119969441105
monash_weather,chronos-2,drift,6.0,14.43616727185353,3.2515557908789465,100,0.688,0.9775839384301248,0.125120849853699,14.76718950092017,25.98732181471687
monash_weather,chronos-t5,drift,6.0,14.473307743306782,3.2293119266060555,100,28.766,1.0990147455497612,0.1459395953061903,13.169348092838177,22.127729762651178
monash_weather,chronos-2,drift,9.0,21.692797069497587,4.9183448443754285,100,0.691,0.9775839384301248,0.125120849853699,22.190214279024932,39.30875509658333
monash_weather,chronos-t5,drift,9.0,21.81150001220892,4.897071069649087,100,27.979,1.0990147455497612,0.1459395953061903,19.84641252588302,33.55546559776823
monash_weather,chronos-2,drift,12.0,29.142397463324684,6.582106956422742,100,0.705,0.9775839384301248,0.125120849853699,29.810634481294425,52.60599623579165
monash_weather,chronos-t5,drift,12.0,28.80026056505405,6.544391420340881,100,27.771,1.0990147455497612,0.1459395953061903,26.205526979210156,44.84315176159248
monash_weather,chronos-2,drift,16.0,38.74186502594366,8.787601863038184,100,0.688,0.9775839384301248,0.125120849853699,39.63021844258014,70.23291380543954
monash_weather,chronos-t5,drift,16.0,38.57684524344816,8.74108872628289,100,31.01,1.0990147455497612,0.1459395953061903,35.10129904958721,59.89525123694872
monash_weather,chronos-2,drift,20.0,48.50340130516224,11.014470069513369,100,0.699,0.9775839384301248,0.125120849853699,49.61558736639282,88.03065262418167
monash_weather,chronos-t5,drift,20.0,48.25410422158901,10.95177023874443,100,30.63,1.0990147455497612,0.1459395953061903,43.90669407938727,75.04317259320158
monash_weather,chronos-2,drift,26.0,62.84541101840086,14.338036711120177,100,0.729,0.9775839384301248,0.125120849853699,64.28646026992074,114.59350482262005
monash_weather,chronos-t5,drift,26.0,62.7134694562337,14.28433411979775,100,33.184,1.0990147455497612,0.1459395953061903,57.06335580134777,97.87840023694963
monash_weather,chronos-2,drift,32.0,77.34299906667297,17.672097724320558,100,0.837,0.9775839384301248,0.125120849853699,79.11647892954949,141.24023090463456
monash_weather,chronos-t5,drift,32.0,77.25994571971961,17.611856642978026,100,30.36,1.0990147455497612,0.1459395953061903,70.29928036231378,120.67908374027803
monash_weather,chronos-2,drift_step,0.5,0.9781786180761316,0.126077645915955,100,0.692,0.9775839384301248,0.125120849853699,1.000608315687921,1.0076469754111705
monash_weather,chronos-t5,drift_step,0.5,1.0977321052806808,0.145511537245467,100,28.075,1.0990147455497612,0.1459395953061903,0.9988329180529432,0.9970668819532821
monash_weather,chronos-2,drift_step,1.0,0.9759729595073114,0.1255557112714149,100,0.714,0.9775839384301248,0.125120849853699,0.9983520812285435,1.0034755312022288
monash_weather,chronos-t5,drift_step,1.0,1.0965752320723046,0.1450504949447751,100,27.908,1.0990147455497612,0.1459395953061903,0.9977802722963136,0.9939077509462061
monash_weather,chronos-2,drift_step,2.0,0.978307731680364,0.1266011163999938,100,0.692,0.9775839384301248,0.125120849853699,1.000740389875269,1.0118306944687927
monash_weather,chronos-t5,drift_step,2.0,1.095680914370199,0.1452369214860739,100,28.039,1.0990147455497612,0.1459395953061903,0.9969665273436396,0.9951851735737505
monash_weather,chronos-2,drift_step,4.0,0.9786240103410888,0.1263887821113873,100,0.695,0.9775839384301248,0.125120849853699,1.0010639208256984,1.010133660850057
monash_weather,chronos-t5,drift_step,4.0,1.0990182275577878,0.1456733945918845,100,28.703,1.0990147455497612,0.1459395953061903,1.0000031682996435,0.9981759527717801
monash_weather,chronos-2,drift_step,8.0,1.031933396285173,0.1367554070800977,100,0.693,0.9775839384301248,0.125120849853699,1.0555956943629072,1.0929865585152492
monash_weather,chronos-t5,drift_step,8.0,1.104787963405107,0.1477459535658546,100,28.098,1.0990147455497612,0.1459395953061903,1.0052530849824566,1.0123774377739945
monash_weather,chronos-2,drift_step,12.0,0.9966665145981896,0.1303154229061763,100,0.69,0.9775839384301248,0.125120849853699,1.019520140847147,1.0415164463680608
monash_weather,chronos-t5,drift_step,12.0,1.1034659782343037,0.1475119201909208,100,28.948,1.0990147455497612,0.1459395953061903,1.0040502028772287,1.010773805980698
monash_weather,chronos-2,drift_step,16.0,1.005661867028275,0.1314598258523542,100,0.706,0.9775839384301248,0.125120849853699,1.028721757277682,1.0506628272271743
monash_weather,chronos-t5,drift_step,16.0,1.0998901974455866,0.1464779314300627,100,30.008,1.0990147455497612,0.1459395953061903,1.0007965788442514,1.0036887598786535
monash_weather,chronos-2,drift_step,20.0,1.0074224729249952,0.132252728901856,100,0.693,0.9775839384301248,0.125120849853699,1.030522733979025,1.056999924924552
monash_weather,chronos-t5,drift_step,20.0,1.100785543072709,0.1459504838565181,100,31.447,1.0990147455497612,0.1459395953061903,1.0016112591119621,1.0000746099802795
monash_weather,chronos-2,gap,0.05,0.9795731745482362,0.1256556168728665,100,0.699,0.9775839384301248,0.125120849853699,1.002034849428179,1.0042740040512255
monash_weather,chronos-t5,gap,0.05,1.1019290042196086,0.1470739493541147,100,28.663,1.0990147455497612,0.1459395953061903,1.0026517011547371,1.007772764105207
monash_weather,chronos-2,gap,0.1,0.9759351421832388,0.1253938543515294,100,0.715,0.9775839384301248,0.125120849853699,0.9983133967508369,1.0021819264986578
monash_weather,chronos-t5,gap,0.1,1.1024766950886524,0.1468719332431417,100,31.78,1.0990147455497612,0.1459395953061903,1.0031500483072768,1.0063885194076037
monash_weather,chronos-2,gap,0.15,0.9758282958945256,0.1258979001295558,100,0.706,0.9775839384301248,0.125120849853699,0.9982041004699621,1.0062103980013353
monash_weather,chronos-t5,gap,0.15,1.1015983663298357,0.1467506253247864,100,31.987,1.0990147455497612,0.1459395953061903,1.002350851788419,1.0055572993531638
monash_weather,chronos-2,gap,0.2,0.9759576823664928,0.1251661627230598,100,0.717,0.9775839384301248,0.125120849853699,0.9983364537819192,1.000362152825958
monash_weather,chronos-t5,gap,0.2,1.096865219432936,0.1461229947568253,100,30.566,1.0990147455497612,0.1459395953061903,0.9980441335063708,1.0012566805482106
monash_weather,chronos-2,gap,0.3,0.97545766707283,0.1259662863009218,100,0.691,0.9775839384301248,0.125120849853699,0.9978249731059317,1.0067569589577703
monash_weather,chronos-t5,gap,0.3,1.1004849241900827,0.14630889361273,100,33.54,1.0990147455497612,0.1459395953061903,1.0013377242173271,1.0025304873962744
monash_weather,chronos-2,gap,0.4,0.9843331550256617,0.1281143333583265,100,0.694,0.9775839384301248,0.125120849853699,1.006903976559164,1.0239247376286822
monash_weather,chronos-t5,gap,0.4,1.0987535034308642,0.1465882616940049,100,32.375,1.0990147455497612,0.1459395953061903,0.9997622942549635,1.0044447593982542
monash_weather,chronos-2,gap,0.5,0.9838551263244596,0.1269928464030063,100,0.812,0.9775839384301248,0.125120849853699,1.0064149866295937,1.014961507626396
monash_weather,chronos-t5,gap,0.5,1.1088600242742923,0.1472883853633006,100,35.087,1.0990147455497612,0.1459395953061903,1.0089582771881793,1.0092421118085222
monash_weather,chronos-2,gap,0.6,1.0652001034789158,0.1258205377671487,100,0.702,0.9775839384301248,0.125120849853699,1.0896252092577252,1.005592096874884
monash_weather,chronos-t5,gap,0.6,1.111290053556129,0.146314796862149,100,28.766,1.0990147455497612,0.1459395953061903,1.0111693751663244,1.0025709373468625
monash_weather,chronos-2,gap,0.7,0.9684150940963676,0.12553119375741,100,0.696,0.9775839384301248,0.125120849853699,0.9906209134854638,1.0032795805350652
monash_weather,chronos-t5,gap,0.7,1.1034691096236309,0.1471424719026772,100,28.542,1.0990147455497612,0.1459395953061903,1.0040530521468494,1.0082422908872894
monash_australian_electricity,chronos-2,gap_boundary,0.05,12.497525893583115,2.865118122008681,5,0.899,0.6271804180014168,0.0306721340583663,19.926524385770737,93.41111109375761
monash_australian_electricity,chronos-t5,gap_boundary,0.05,12.491880482587787,0.9997050642415607,5,1.113,1.184876521529985,0.0698047190141327,10.54276986302126,14.321453883929538
monash_australian_electricity,chronos-2,gap_boundary,0.1,12.497525893583115,2.865118122008681,5,0.355,0.6271804180014168,0.0306721340583663,19.926524385770737,93.41111109375761
monash_australian_electricity,chronos-t5,gap_boundary,0.1,12.491880482587787,0.9997050642415607,5,1.155,1.184876521529985,0.0698047190141327,10.54276986302126,14.321453883929538
monash_australian_electricity,chronos-2,gap_boundary,0.15,12.497525893583115,2.865118122008681,5,0.371,0.6271804180014168,0.0306721340583663,19.926524385770737,93.41111109375761
monash_australian_electricity,chronos-t5,gap_boundary,0.15,12.491880482587787,0.9997050642415607,5,1.233,1.184876521529985,0.0698047190141327,10.54276986302126,14.321453883929538
monash_australian_electricity,chronos-2,gap_boundary,0.2,12.497525893583115,2.865118122008681,5,0.376,0.6271804180014168,0.0306721340583663,19.926524385770737,93.41111109375761
monash_australian_electricity,chronos-t5,gap_boundary,0.2,12.491880482587787,0.9997050642415607,5,1.06,1.184876521529985,0.0698047190141327,10.54276986302126,14.321453883929538
monash_australian_electricity,chronos-2,gap_boundary,0.3,12.497525893583115,2.865118122008681,5,0.378,0.6271804180014168,0.0306721340583663,19.926524385770737,93.41111109375761
monash_australian_electricity,chronos-t5,gap_boundary,0.3,12.491880482587787,0.9997050642415607,5,1.142,1.184876521529985,0.0698047190141327,10.54276986302126,14.321453883929538
monash_australian_electricity,chronos-2,gap_boundary,0.4,12.497525893583115,2.865118122008681,5,0.41,0.6271804180014168,0.0306721340583663,19.926524385770737,93.41111109375761
monash_australian_electricity,chronos-t5,gap_boundary,0.4,12.491880482587787,0.9997050642415607,5,0.991,1.184876521529985,0.0698047190141327,10.54276986302126,14.321453883929538
monash_australian_electricity,chronos-2,gap_boundary,0.5,12.497525893583115,2.865118122008681,5,0.376,0.6271804180014168,0.0306721340583663,19.926524385770737,93.41111109375761
monash_australian_electricity,chronos-t5,gap_boundary,0.5,12.491880482587787,0.9997050642415607,5,0.962,1.184876521529985,0.0698047190141327,10.54276986302126,14.321453883929538
monash_australian_electricity,chronos-2,gap_boundary,0.6,12.497525893583115,2.865118122008681,5,0.385,0.6271804180014168,0.0306721340583663,19.926524385770737,93.41111109375761
monash_australian_electricity,chronos-t5,gap_boundary,0.6,12.491880482587787,0.9997050642415607,5,0.955,1.184876521529985,0.0698047190141327,10.54276986302126,14.321453883929538
monash_australian_electricity,chronos-2,gap_boundary,0.7,12.497525893583115,2.865118122008681,5,0.355,0.6271804180014168,0.0306721340583663,19.926524385770737,93.41111109375761
monash_australian_electricity,chronos-t5,gap_boundary,0.7,12.491880482587787,0.9997050642415607,5,0.992,1.184876521529985,0.0698047190141327,10.54276986302126,14.321453883929538
monash_cif_2016,chronos-2,gap_boundary,0.05,1.218699603678445,0.025194932349020704,72,0.159,0.9366922139796068,0.0112600006081454,1.301067293493034,2.2375604785309586
monash_cif_2016,chronos-t5,gap_boundary,0.05,1.4436536338120833,0.023561323998070056,72,0.736,0.9939565580468096,0.0138880631231882,1.4524313181744666,1.696516194452695
monash_cif_2016,chronos-2,gap_boundary,0.1,1.3630071916698272,0.038797052936138283,72,0.151,0.9366922139796068,0.0112600006081454,1.4551281320883296,3.4455640178272096
monash_cif_2016,chronos-t5,gap_boundary,0.1,1.8384384667026312,0.033230013639690276,72,0.756,0.9939565580468096,0.0138880631231882,1.8496165167573162,2.3927032405409934
monash_cif_2016,chronos-2,gap_boundary,0.15,1.5905226514294606,0.0617880484297275,72,0.156,0.9366922139796068,0.0112600006081454,1.6980205746261159,5.48739299223754
monash_cif_2016,chronos-t5,gap_boundary,0.15,2.071352581123394,0.05223467123336615,72,0.755,0.9939565580468096,0.0138880631231882,2.083946792597997,3.761119946679429
monash_cif_2016,chronos-2,gap_boundary,0.2,1.9718202047068505,0.08467712112241745,72,0.156,0.9366922139796068,0.0112600006081454,2.105088710334663,7.52017020861994
monash_cif_2016,chronos-t5,gap_boundary,0.2,2.3302274268131877,0.07420976414208119,72,0.776,0.9939565580468096,0.0138880631231882,2.344395645813977,5.343420712005325
monash_cif_2016,chronos-2,gap_boundary,0.3,2.268978750078928,0.053906394315248726,72,0.192,0.9366922139796068,0.0112600006081454,2.422331173693654,4.78742374811714
monash_cif_2016,chronos-t5,gap_boundary,0.3,2.9357036964025016,0.09757959049196675,72,0.789,0.9939565580468096,0.0138880631231882,2.9535533244746164,7.026148255982724
monash_cif_2016,chronos-2,gap_boundary,0.4,2.5654012232234207,0.11183900975142097,72,0.148,0.9366922139796068,0.0112600006081454,2.7387878162498245,9.932415960130363
monash_cif_2016,chronos-t5,gap_boundary,0.4,3.509480957083357,0.10356889772753514,72,0.754,0.9939565580468096,0.0138880631231882,3.5308192583182096,7.457404017311195
monash_cif_2016,chronos-2,gap_boundary,0.5,3.2360080652963545,0.07526881605814549,72,0.156,0.9366922139796068,0.0112600006081454,3.4547186546453,6.6846191823201675
monash_cif_2016,chronos-t5,gap_boundary,0.5,3.8934590868764865,0.21300603234754822,72,0.817,0.9939565580468096,0.0138880631231882,3.917132047025668,15.337346212943313
monash_cif_2016,chronos-2,gap_boundary,0.6,3.8095976012139325,0.082477654771512,72,0.172,0.9366922139796068,0.0112600006081454,4.06707512281817,7.324835729746612
monash_cif_2016,chronos-t5,gap_boundary,0.6,4.163938461808909,0.29345380219894973,72,0.796,0.9939565580468096,0.0138880631231882,4.189255987194575,21.129930041071365
monash_cif_2016,chronos-2,gap_boundary,0.7,4.146762724341561,0.07222077898243745,72,0.151,0.9366922139796068,0.0112600006081454,4.427028070110383,6.4139231866642605
monash_cif_2016,chronos-t5,gap_boundary,0.7,4.329767150581,0.3115094146343746,72,0.77,0.9939565580468096,0.0138880631231882,4.356092945439465,22.4300114329307
monash_car_parts,chronos-2,gap_boundary,0.05,0.8861566529362983,1.0533829153174221,100,0.206,0.894274873223502,1.0267238668417118,0.9909220078408993,1.025965159023444
monash_car_parts,chronos-t5,gap_boundary,0.05,0.9622534728719663,1.134302778513191,100,0.966,0.9210502929532032,1.0933709569566032,1.0447349946403595,1.037436353413412
monash_car_parts,chronos-2,gap_boundary,0.1,0.8883340739971343,1.0404162806580695,100,0.206,0.894274873223502,1.0267238668417118,0.9933568532402643,1.0133360236949362
monash_car_parts,chronos-t5,gap_boundary,0.1,0.9187366481449873,1.1268558188071682,100,0.933,0.9210502929532032,1.0933709569566032,0.9974880364015765,1.030625344159287
monash_car_parts,chronos-2,gap_boundary,0.15,0.8913461388359041,1.060632062325965,100,0.216,0.894274873223502,1.0267238668417118,0.9967250176927805,1.0330256231293793
monash_car_parts,chronos-t5,gap_boundary,0.15,0.9272124059726918,1.1249049871723846,100,0.964,0.9210502929532032,1.0933709569566032,1.006690311122676,1.0288411083312075
monash_car_parts,chronos-2,gap_boundary,0.2,0.9091953454200026,1.0990177675322588,100,0.209,0.894274873223502,1.0267238668417118,1.0166844363441838,1.07041221405803
monash_car_parts,chronos-t5,gap_boundary,0.2,0.9276850518772598,1.0959267298653803,100,0.986,0.9210502929532032,1.0933709569566032,1.007203470836303,1.0023375167343853
monash_car_parts,chronos-2,gap_boundary,0.3,0.9058300382022572,1.1431774990670975,100,0.211,0.894274873223502,1.0267238668417118,1.0129212676378836,1.1134225432818727
monash_car_parts,chronos-t5,gap_boundary,0.3,0.9305656268786814,1.1653054844095325,100,0.971,0.9210502929532032,1.0933709569566032,1.0103309602073616,1.0657915111017389
monash_car_parts,chronos-2,gap_boundary,0.4,0.9315347651707123,1.2527613097217167,100,0.43,0.894274873223502,1.0267238668417118,1.0416649210023126,1.2201540747029822
monash_car_parts,chronos-t5,gap_boundary,0.4,0.9213118222355022,1.1952578927513418,100,1.019,0.9210502929532032,1.0933709569566032,1.0002839467988882,1.0931860638390658
monash_car_parts,chronos-2,gap_boundary,0.5,0.9550406594769233,1.3381249704913296,100,0.206,0.894274873223502,1.0267238668417118,1.067949785991845,1.3032958653308737
monash_car_parts,chronos-t5,gap_boundary,0.5,0.9356731713106352,1.2222950909114452,100,1.062,0.9210502929532032,1.0933709569566032,1.0158763082421332,1.1179143575513493
monash_car_parts,chronos-2,gap_boundary,0.6,1.003810243984126,1.4985056617510788,100,0.229,0.894274873223502,1.0267238668417118,1.1224851262630169,1.459502121403496
monash_car_parts,chronos-t5,gap_boundary,0.6,0.9742907355830982,1.322412990185109,100,1.072,0.9210502929532032,1.0933709569566032,1.0578040559101154,1.2094824558593031
monash_car_parts,chronos-2,gap_boundary,0.7,1.020585904028659,1.625649665042756,100,0.206,0.894274873223502,1.0267238668417118,1.1412440789595892,1.5833367836703651
monash_car_parts,chronos-t5,gap_boundary,0.7,0.9602532355386342,1.2811553779789084,100,1.116,0.9210502929532032,1.0933709569566032,1.042563302878644,1.1717481334468614
monash_covid_deaths,chronos-2,gap_boundary,0.05,70.31088498060426,0.10873616100524502,100,0.288,43.03352454339485,0.0270079801528122,1.6338630341491787,4.0260752707167144
monash_covid_deaths,chronos-t5,gap_boundary,0.05,81.21751510191861,0.12145601718377555,100,2.195,50.51105006993207,0.0506425269763182,1.6079157924745917,2.398300883377554
monash_covid_deaths,chronos-2,gap_boundary,0.1,81.7124786762731,0.16995216978839253,100,0.226,43.03352454339485,0.0270079801528122,1.8988098126583737,6.292664939280781
monash_covid_deaths,chronos-t5,gap_boundary,0.1,114.85294730323939,0.21695874803884785,100,2.157,50.51105006993207,0.0506425269763182,2.273818246586174,4.2841216857188735
monash_covid_deaths,chronos-2,gap_boundary,0.15,98.41663430034632,0.2530409546944672,100,0.224,43.03352454339485,0.0270079801528122,2.286975918068327,9.36911806298552
monash_covid_deaths,chronos-t5,gap_boundary,0.15,146.89968648306527,0.3306836070608415,100,2.149,50.51105006993207,0.0506425269763182,2.9082683151445883,6.529761186985752
monash_covid_deaths,chronos-2,gap_boundary,0.2,115.7647008244342,0.3751248422201177,100,0.314,43.03352454339485,0.0270079801528122,2.690105029805251,13.889407504657763
monash_covid_deaths,chronos-t5,gap_boundary,0.2,167.40325242735858,0.40074501456419664,100,1.998,50.51105006993207,0.0506425269763182,3.314190700759346,7.913211257242272
monash_covid_deaths,chronos-2,gap_boundary,0.3,152.9534165988568,0.7427822357577525,100,0.22,43.03352454339485,0.0270079801528122,3.554285135176858,27.5023245557447
monash_covid_deaths,chronos-t5,gap_boundary,0.3,202.7206364872467,0.636882632869238,100,2.096,50.51105006993207,0.0506425269763182,4.013391846072927,12.576043710596458
monash_covid_deaths,chronos-2,gap_boundary,0.4,168.4960492393118,0.7527989305793029,100,0.217,43.03352454339485,0.0270079801528122,3.915460121547818,27.87320363536767
monash_covid_deaths,chronos-t5,gap_boundary,0.4,224.89002778013025,0.8782131965005457,100,2.436,50.51105006993207,0.0506425269763182,4.452293655918302,17.341417360773125
monash_covid_deaths,chronos-2,gap_boundary,0.5,179.79412230781034,0.8240697538853465,100,0.217,43.03352454339485,0.0270079801528122,4.178001319099638,30.512083807183206
monash_covid_deaths,chronos-t5,gap_boundary,0.5,227.60001072808095,0.8846998350408817,100,2.435,50.51105006993207,0.0506425269763182,4.50594494497681,17.469504147267198
monash_covid_deaths,chronos-2,gap_boundary,0.6,199.22645030375034,0.939113639253944,100,0.228,43.03352454339485,0.0270079801528122,4.629563867185713,34.77170947032701
monash_covid_deaths,chronos-t5,gap_boundary,0.6,227.83249730915827,0.9874459921237797,100,2.074,50.51105006993207,0.0506425269763182,4.510547632522514,19.498355455001995
monash_covid_deaths,chronos-2,gap_boundary,0.7,218.30601536324824,0.9723248584512165,100,0.237,43.03352454339485,0.0270079801528122,5.072929017076192,36.001391179561175
monash_covid_deaths,chronos-t5,gap_boundary,0.7,228.02853213453588,0.9960187495309665,100,2.011,50.51105006993207,0.0506425269763182,4.51442866103224,19.667635266240396
dominick,chronos-2,gap_boundary,0.05,1.0935647067426943,0.329151618773896,100,0.497,0.8295138231556268,0.2485765570951968,1.3183200523200063,1.3241458592084432
dominick,chronos-t5,gap_boundary,0.05,1.4732783858103793,0.3946359379122919,100,1.068,0.7698056257095454,0.2595823699292185,1.9138316694586752,1.5202724977813364
dominick,chronos-2,gap_boundary,0.1,1.4492654063866814,0.40308917479318995,100,0.252,0.8295138231556268,0.2485765570951968,1.747126287628822,1.6215896603589204
dominick,chronos-t5,gap_boundary,0.1,1.6036102297442851,0.44600760560509883,100,1.145,0.7698056257095454,0.2595823699292185,2.0831365427684494,1.7181737177556153
dominick,chronos-2,gap_boundary,0.15,1.7956127337085814,0.4480772147021443,100,0.253,0.8295138231556268,0.2485765570951968,2.164656794841263,1.802572293776461
dominick,chronos-t5,gap_boundary,0.15,2.0091320569834203,0.5027110380817054,100,1.147,0.7698056257095454,0.2595823699292185,2.609921244900702,1.9366147177821893
dominick,chronos-2,gap_boundary,0.2,2.1963621116981344,0.4979802254830205,100,0.22,0.8295138231556268,0.2485765570951968,2.647770357030048,2.0033273905725153
dominick,chronos-t5,gap_boundary,0.2,2.174454859578704,0.5381486891949535,100,1.163,0.7698056257095454,0.2595823699292185,2.82468039587846,2.0731326605180964
dominick,chronos-2,gap_boundary,0.3,2.6990527099011787,0.5993531546413917,100,0.408,0.8295138231556268,0.2485765570951968,3.253776651525196,2.4111411053611898
dominick,chronos-t5,gap_boundary,0.3,2.9929133609188097,0.6315051913158912,100,1.34,0.7698056257095454,0.2595823699292185,3.8878819028637017,2.432773810825776
dominick,chronos-2,gap_boundary,0.4,2.905314613733216,0.6411169309535795,100,0.221,0.8295138231556268,0.2485765570951968,3.5024306197585133,2.579152831005107
dominick,chronos-t5,gap_boundary,0.4,2.944891556368099,0.6236451237727472,100,1.003,0.7698056257095454,0.2595823699292185,3.8255001756498377,2.402494144509118
dominick,chronos-2,gap_boundary,0.5,3.2213529103707925,0.6851561785047876,100,0.252,0.8295138231556268,0.2485765570951968,3.8834228200274703,2.7563185624233864
dominick,chronos-t5,gap_boundary,0.5,2.6538608498961596,0.6085462387337454,100,1.059,0.7698056257095454,0.2595823699292185,3.4474427845990894,2.344328079367179
dominick,chronos-2,gap_boundary,0.6,3.6898816122051312,0.7598736148747354,100,0.212,0.8295138231556268,0.2485765570951968,4.4482460800570225,3.0568997485299
dominick,chronos-t5,gap_boundary,0.6,2.7076889089063543,0.6288412718109004,100,1.091,0.7698056257095454,0.2595823699292185,3.517367006003136,2.422511482510809
dominick,chronos-2,gap_boundary,0.7,3.6128204078285715,0.761006745104964,100,0.214,0.8295138231556268,0.2485765570951968,4.355346839290419,3.0614582243711865
dominick,chronos-t5,gap_boundary,0.7,3.0091621992379474,0.682109571092836,100,1.198,0.7698056257095454,0.2595823699292185,3.908989618599295,2.6277191755311806
ercot,chronos-2,gap_boundary,0.05,7.456126160154963,0.22113441500995773,8,0.404,0.8417995516641943,0.0260430222226397,8.857365325765008,8.491119545170196
ercot,chronos-t5,gap_boundary,0.05,28.133574109917504,0.9998205176315581,8,0.72,0.5921761197102479,0.0164299564227122,47.5087953963481,60.85351000988907
ercot,chronos-2,gap_boundary,0.1,28.140456478109286,1.3300150863187679,8,0.377,0.8417995516641943,0.0260430222226397,33.42892785162103,51.06992095420324
ercot,chronos-t5,gap_boundary,0.1,28.133574109917504,0.9998205176315581,8,0.712,0.5921761197102479,0.0164299564227122,47.5087953963481,60.85351000988907
ercot,chronos-2,gap_boundary,0.15,28.140456478109286,1.3300150863187679,8,0.402,0.8417995516641943,0.0260430222226397,33.42892785162103,51.06992095420324
ercot,chronos-t5,gap_boundary,0.15,28.133574109917504,0.9998205176315581,8,0.735,0.5921761197102479,0.0164299564227122,47.5087953963481,60.85351000988907
ercot,chronos-2,gap_boundary,0.2,28.140456478109286,1.3300150863187679,8,0.385,0.8417995516641943,0.0260430222226397,33.42892785162103,51.06992095420324
ercot,chronos-t5,gap_boundary,0.2,28.133574109917504,0.9998205176315581,8,0.73,0.5921761197102479,0.0164299564227122,47.5087953963481,60.85351000988907
ercot,chronos-2,gap_boundary,0.3,28.140456478109286,1.3300150863187679,8,0.394,0.8417995516641943,0.0260430222226397,33.42892785162103,51.06992095420324
ercot,chronos-t5,gap_boundary,0.3,28.133574109917504,0.9998205176315581,8,0.725,0.5921761197102479,0.0164299564227122,47.5087953963481,60.85351000988907
ercot,chronos-2,gap_boundary,0.4,28.140456478109286,1.3300150863187679,8,0.387,0.8417995516641943,0.0260430222226397,33.42892785162103,51.06992095420324
ercot,chronos-t5,gap_boundary,0.4,28.133574109917504,0.9998205176315581,8,0.879,0.5921761197102479,0.0164299564227122,47.5087953963481,60.85351000988907
ercot,chronos-2,gap_boundary,0.5,28.140456478109286,1.3300150863187679,8,0.379,0.8417995516641943,0.0260430222226397,33.42892785162103,51.06992095420324
ercot,chronos-t5,gap_boundary,0.5,28.133574109917504,0.9998205176315581,8,0.833,0.5921761197102479,0.0164299564227122,47.5087953963481,60.85351000988907
ercot,chronos-2,gap_boundary,0.6,28.140456478109286,1.3300150863187679,8,0.409,0.8417995516641943,0.0260430222226397,33.42892785162103,51.06992095420324
ercot,chronos-t5,gap_boundary,0.6,28.133574109917504,0.9998205176315581,8,0.795,0.5921761197102479,0.0164299564227122,47.5087953963481,60.85351000988907
ercot,chronos-2,gap_boundary,0.7,28.140456478109286,1.3300150863187679,8,0.426,0.8417995516641943,0.0260430222226397,33.42892785162103,51.06992095420324
ercot,chronos-t5,gap_boundary,0.7,28.133574109917504,0.9998205176315581,8,0.818,0.5921761197102479,0.0164299564227122,47.5087953963481,60.85351000988907
exchange_rate,chronos-2,gap_boundary,0.05,11.23969321443052,0.0754383865201172,8,0.082,1.816427573959804,0.0118312821595312,6.187801471174565,6.376180155533232
exchange_rate,chronos-t5,gap_boundary,0.05,10.849554838097111,0.0680914485121474,8,0.536,1.9953892153692887,0.0128820978414308,5.4373125576351145,5.285742225397084
exchange_rate,chronos-2,gap_boundary,0.1,18.051220687187065,0.10556953234115637,8,0.075,1.816427573959804,0.0118312821595312,9.937759669566944,8.922915616217495
exchange_rate,chronos-t5,gap_boundary,0.1,1417.5006497958907,0.46416901353823065,8,0.507,1.9953892153692887,0.0128820978414308,710.3880480448283,36.032098129653384
exchange_rate,chronos-2,gap_boundary,0.15,26.389439479935195,0.13282710682670884,8,0.077,1.816427573959804,0.0118312821595312,14.52820902867398,11.22677196230201
exchange_rate,chronos-t5,gap_boundary,0.15,1417.5006497958907,0.46416901353823065,8,0.491,1.9953892153692887,0.0128820978414308,710.3880480448283,36.032098129653384
exchange_rate,chronos-2,gap_boundary,0.2,25.57964654398112,0.13747632028947285,8,0.078,1.816427573959804,0.0118312821595312,14.082392775076412,11.619731355888835
exchange_rate,chronos-t5,gap_boundary,0.2,1417.5006497958907,0.46416901353823065,8,0.482,1.9953892153692887,0.0128820978414308,710.3880480448283,36.032098129653384
exchange_rate,chronos-2,gap_boundary,0.3,11.915162931028124,0.11659115126382252,8,0.08,1.816427573959804,0.0118312821595312,6.559668605477687,9.854481508574073
exchange_rate,chronos-t5,gap_boundary,0.3,1417.5006497958907,0.46416901353823065,8,0.501,1.9953892153692887,0.0128820978414308,710.3880480448283,36.032098129653384
exchange_rate,chronos-2,gap_boundary,0.4,15.152596815456691,0.19759217413394672,8,0.087,1.816427573959804,0.0118312821595312,8.341976874103546,16.700825106665878
exchange_rate,chronos-t5,gap_boundary,0.4,1417.5006497958907,0.46416901353823065,8,0.501,1.9953892153692887,0.0128820978414308,710.3880480448283,36.032098129653384
exchange_rate,chronos-2,gap_boundary,0.5,20.6545518434186,0.1548799814492157,8,0.089,1.816427573959804,0.0118312821595312,11.370974620469875,13.090718263738259
exchange_rate,chronos-t5,gap_boundary,0.5,1417.5006497958907,0.46416901353823065,8,0.509,1.9953892153692887,0.0128820978414308,710.3880480448283,36.032098129653384
exchange_rate,chronos-2,gap_boundary,0.6,22.840363759461574,0.153489846192053,8,0.091,1.816427573959804,0.0118312821595312,12.574332215002487,12.973221678125784
exchange_rate,chronos-t5,gap_boundary,0.6,1417.5006497958907,0.46416901353823065,8,0.498,1.9953892153692887,0.0128820978414308,710.3880480448283,36.032098129653384
exchange_rate,chronos-2,gap_boundary,0.7,24.190396440352448,0.17313971253790758,8,0.098,1.816427573959804,0.0118312821595312,13.317567288200483,14.634061651418516
exchange_rate,chronos-t5,gap_boundary,0.7,1417.5006497958907,0.46416901353823065,8,0.5,1.9953892153692887,0.0128820978414308,710.3880480448283,36.032098129653384
monash_fred_md,chronos-2,gap_boundary,0.05,1.9491825453466531,0.11445485273073926,100,0.24,0.4532046285633289,0.0201041399166769,4.300888434272208,5.693098695348614
monash_fred_md,chronos-t5,gap_boundary,0.05,3.972925898091056,0.44505303084423276,100,1.537,0.4444821362323673,0.016194905629114,8.938325242421174,27.481051204407727
monash_fred_md,chronos-2,gap_boundary,0.1,3.121582091267404,0.12422441609244646,100,0.22,0.4532046285633289,0.0201041399166769,6.8877983465502215,6.179046535057146
monash_fred_md,chronos-t5,gap_boundary,0.1,8.675188178424841,0.5601160946952937,100,1.576,0.4444821362323673,0.016194905629114,19.517518188604114,34.5859437234607
monash_fred_md,chronos-2,gap_boundary,0.15,6.430672312785685,0.4997907003992941,100,0.225,0.4532046285633289,0.0201041399166769,14.189335032104797,24.860088641976912
monash_fred_md,chronos-t5,gap_boundary,0.15,11.895874619830336,0.5545436654432974,100,1.988,0.4444821362323673,0.016194905629114,26.763448179639294,34.24185840554575
monash_fred_md,chronos-2,gap_boundary,0.2,5.460327188531066,0.4688141595718748,100,0.288,0.4532046285633289,0.0201041399166769,12.04825997881013,23.319284561036177
monash_fred_md,chronos-t5,gap_boundary,0.2,13.055746071675483,0.6038822996629742,100,2.161,0.4444821362323673,0.016194905629114,29.372937644563002,37.28841115179822
monash_fred_md,chronos-2,gap_boundary,0.3,8.110783261961899,0.5158271422825502,100,0.365,0.4532046285633289,0.0201041399166769,17.896514622265233,25.657757278870623
monash_fred_md,chronos-t5,gap_boundary,0.3,15.300103591481797,0.6613610024831694,100,1.53,0.4444821362323673,0.016194905629114,34.42231384408928,40.837595329621664
monash_fred_md,chronos-2,gap_boundary,0.4,10.720416704695205,0.5819557013982944,100,0.228,0.4532046285633289,0.0201041399166769,23.65469377194849,28.94705786023441
monash_fred_md,chronos-t5,gap_boundary,0.4,17.928799611582235,0.7293892609094746,100,1.497,0.4444821362323673,0.016194905629114,40.336378338069764,45.03819149141769
monash_fred_md,chronos-2,gap_boundary,0.5,13.65298758589514,0.5821356241307064,100,0.232,0.4532046285633289,0.0201041399166769,30.12543722065568,28.956007396656144
monash_fred_md,chronos-t5,gap_boundary,0.5,19.844812146082464,0.7621329142294356,100,2.022,0.4444821362323673,0.016194905629114,44.64704096838653,47.06004046478231
monash_fred_md,chronos-2,gap_boundary,0.6,16.403528011080795,0.6990997059730694,100,0.309,0.4532046285633289,0.0201041399166769,36.19452886675149,34.77391765430105
monash_fred_md,chronos-t5,gap_boundary,0.6,21.6330121229071,0.8165533752226009,100,1.492,0.4444821362323673,0.016194905629114,48.6701497303769,50.420384898980934
monash_fred_md,chronos-2,gap_boundary,0.7,19.900055740351217,0.7601929312480143,100,0.219,0.4532046285633289,0.0201041399166769,43.909648062145656,37.81275570099941
monash_fred_md,chronos-t5,gap_boundary,0.7,21.944618566115235,0.8254176936617499,100,1.717,0.4444821362323673,0.016194905629114,49.37120477355468,50.9677371739589
monash_hospital,chronos-2,gap_boundary,0.05,0.8397018378655906,0.07304879010643955,100,0.211,0.7870107936415635,0.0612819176629172,1.0669508533424572,1.1920121447283414
monash_hospital,chronos-t5,gap_boundary,0.05,0.8940711603413221,0.07359528641096909,100,0.971,0.843113891375496,0.0672613080996605,1.0604393658876763,1.0941697164426776
monash_hospital,chronos-2,gap_boundary,0.1,0.8777920684756558,0.07655750628872765,100,0.214,0.7870107936415635,0.0612819176629172,1.1153494660651857,1.2492674708685558
monash_hospital,chronos-t5,gap_boundary,0.1,0.9187245892653468,0.07221539004449712,100,0.982,0.843113891375496,0.0672613080996605,1.0896802895353745,1.0736542610425626
monash_hospital,chronos-2,gap_boundary,0.15,0.9046246157370649,0.07857164516921258,100,0.231,0.7870107936415635,0.0612819176629172,1.1494437217961047,1.282134243928168
monash_hospital,chronos-t5,gap_boundary,0.15,0.9809744804422136,0.08237416323052887,100,1.123,0.843113891375496,0.0672613080996605,1.1635136017529082,1.2246886889038167
monash_hospital,chronos-2,gap_boundary,0.2,0.9418192460099135,0.08487416917838983,100,0.215,0.7870107936415635,0.0612819176629172,1.1967043573215035,1.3849790022114261
monash_hospital,chronos-t5,gap_boundary,0.2,1.0222917475082052,0.08957126244577555,100,1.035,0.843113891375496,0.0672613080996605,1.2125191601817755,1.3316907591666014
monash_hospital,chronos-2,gap_boundary,0.3,1.061932533771528,0.09166210717417106,100,0.212,0.7870107936415635,0.0612819176629172,1.3493239766863667,1.4957447591369593
monash_hospital,chronos-t5,gap_boundary,0.3,1.1263836991672187,0.11286611262407385,100,1.008,0.843113891375496,0.0672613080996605,1.335980477476872,1.678024347323741
monash_hospital,chronos-2,gap_boundary,0.4,1.1553548619440865,0.10809262244196827,100,0.213,0.7870107936415635,0.0612819176629172,1.4680292459499378,1.7638583543768096
monash_hospital,chronos-t5,gap_boundary,0.4,1.1918521770500654,0.1259878204294672,100,1.057,0.843113891375496,0.0672613080996605,1.4136312890131857,1.873109875335641
monash_hospital,chronos-2,gap_boundary,0.5,1.4592276425571475,0.15439409902803058,100,0.211,0.7870107936415635,0.0612819176629172,1.854139300688853,2.5194071092435357
monash_hospital,chronos-t5,gap_boundary,0.5,1.2778829538978824,0.14654693552005763,100,1.098,0.843113891375496,0.0672613080996605,1.5156706193193943,2.1787702270511944
monash_hospital,chronos-2,gap_boundary,0.6,1.476860893413011,0.1649751626875983,100,0.212,0.7870107936415635,0.0612819176629172,1.8765446488725455,2.6920691939675994
monash_hospital,chronos-t5,gap_boundary,0.6,1.2674412995886906,0.14279842847996044,100,1.031,0.843113891375496,0.0672613080996605,1.503285988469395,2.1230397165094863
monash_hospital,chronos-2,gap_boundary,0.7,1.2649258481164878,0.14157402737338087,100,0.271,0.7870107936415635,0.0612819176629172,1.6072534942800114,2.3102088311288256
monash_hospital,chronos-t5,gap_boundary,0.7,1.2844499696250826,0.143271276861936,100,1.2,0.843113891375496,0.0672613080996605,1.5234596212494733,2.1300697371162065
monash_m1_monthly,chronos-2,gap_boundary,0.05,1.197227949683156,0.22898652039239856,100,0.225,1.0252822007023978,0.2722132829550475,1.1677057778462963,0.84120259638547
monash_m1_monthly,chronos-t5,gap_boundary,0.05,1.2642857137167791,0.21452159409390276,100,1.54,1.1643013260136694,0.2078109446865823,1.0858750097326058,1.0322920884529994
monash_m1_monthly,chronos-2,gap_boundary,0.1,1.3215094776408207,0.252300471258006,100,0.243,1.0252822007023978,0.2722132829550475,1.28892267585986,0.9268484936485268
monash_m1_monthly,chronos-t5,gap_boundary,0.1,1.5339671473292866,0.23133922297751353,100,1.374,1.1643013260136694,0.2078109446865823,1.317500129095685,1.1132196301134007
monash_m1_monthly,chronos-2,gap_boundary,0.15,1.4205234921207328,0.24359700902528558,100,0.213,1.0252822007023978,0.2722132829550475,1.385495126266275,0.8948755416373729
monash_m1_monthly,chronos-t5,gap_boundary,0.15,1.738285650418311,0.24413371025999744,100,1.342,1.1643013260136694,0.2078109446865823,1.492986060893572,1.174787548500858
monash_m1_monthly,chronos-2,gap_boundary,0.2,1.5374522279673648,0.254611808235588,100,0.218,1.0252822007023978,0.2722132829550475,1.499540542997909,0.9353393981058369
monash_m1_monthly,chronos-t5,gap_boundary,0.2,1.8623156831333174,0.24032340445739786,100,1.399,1.1643013260136694,0.2078109446865823,1.5995134949382106,1.1564521051566867
monash_m1_monthly,chronos-2,gap_boundary,0.3,1.5895398681456219,0.2564217499145017,100,0.21,1.0252822007023978,0.2722132829550475,1.5503437658984656,0.9419883817971014
monash_m1_monthly,chronos-t5,gap_boundary,0.3,2.163064671738745,0.25997263116457137,100,1.362,1.1643013260136694,0.2078109446865823,1.8578220460717312,1.2510054826835932
monash_m1_monthly,chronos-2,gap_boundary,0.4,1.6268418573597168,0.22245831857937282,100,0.223,1.0252822007023978,0.2722132829550475,1.5867259338406576,0.8172206593464028
monash_m1_monthly,chronos-t5,gap_boundary,0.4,2.466392194760748,0.268789080176723,100,1.372,1.1643013260136694,0.2078109446865823,2.1183452596461194,1.2934308180067566
monash_m1_monthly,chronos-2,gap_boundary,0.5,1.8735611194879385,0.24635655795940428,100,0.235,1.0252822007023978,0.2722132829550475,1.8273614017725108,0.9050129930657604
monash_m1_monthly,chronos-t5,gap_boundary,0.5,2.8864239944890424,0.3003402997537448,100,1.386,1.1643013260136694,0.2078109446865823,2.4791039312577015,1.445257371822808
monash_m1_monthly,chronos-2,gap_boundary,0.6,2.0995367774255738,0.2605491096616905,100,0.259,1.0252822007023978,0.2722132829550475,2.0477647773337218,0.9571506093797664
monash_m1_monthly,chronos-t5,gap_boundary,0.6,3.0997935235000114,0.3378952373587112,100,1.816,1.1643013260136694,0.2078109446865823,2.6623636461130498,1.625974213573401
monash_m1_monthly,chronos-2,gap_boundary,0.7,2.615178957112777,0.3196804874642697,100,0.289,1.0252822007023978,0.2722132829550475,2.550691853736636,1.17437504883647
monash_m1_monthly,chronos-t5,gap_boundary,0.7,3.249092118282962,0.36240952156933814,100,1.348,1.1643013260136694,0.2078109446865823,2.7905938485934665,1.7439385693372376
monash_m1_quarterly,chronos-2,gap_boundary,0.05,2.177263059794852,0.13102755894887572,100,0.295,1.5766614979688591,0.0795272134839915,1.3809324719349845,1.6475814153258497
monash_m1_quarterly,chronos-t5,gap_boundary,0.05,2.127383747854269,0.12408655137747106,100,0.791,1.7384235644141035,0.0951933223495376,1.2237430459424634,1.3035215949480283
monash_m1_quarterly,chronos-2,gap_boundary,0.1,2.3545291897286798,0.14556402445713357,100,0.248,1.5766614979688591,0.0795272134839915,1.4933637897303333,1.8303674689474063
monash_m1_quarterly,chronos-t5,gap_boundary,0.1,2.583737504732454,0.1690099354768175,100,0.886,1.7384235644141035,0.0951933223495376,1.486253153501888,1.775438983589992
monash_m1_quarterly,chronos-2,gap_boundary,0.15,2.436950037707314,0.10197363265377654,100,0.205,1.5766614979688591,0.0795272134839915,1.5456393403699686,1.2822482793805345
monash_m1_quarterly,chronos-t5,gap_boundary,0.15,3.200334522883159,0.14764414607226076,100,0.801,1.7384235644141035,0.0951933223495376,1.8409406018157373,1.55099267919372
monash_m1_quarterly,chronos-2,gap_boundary,0.2,2.5182493545135025,0.07515397546351908,100,0.219,1.5766614979688591,0.0795272134839915,1.597203558124333,0.9450095403964741
monash_m1_quarterly,chronos-t5,gap_boundary,0.2,3.8273032856798115,0.11751740527912685,100,0.763,1.7384235644141035,0.0951933223495376,2.201594228256862,1.2345131189729683
monash_m1_quarterly,chronos-2,gap_boundary,0.3,3.158656352695999,0.09326579975114364,100,0.198,1.5766614979688591,0.0795272134839915,2.0033826897943228,1.1727532710537842
monash_m1_quarterly,chronos-t5,gap_boundary,0.3,4.753385886157788,0.16746376177718264,100,0.731,1.7384235644141035,0.0951933223495376,2.7343082453900176,1.759196523914538
monash_m1_quarterly,chronos-2,gap_boundary,0.4,3.676049233834005,0.12189513508712982,100,0.202,1.5766614979688591,0.0795272134839915,2.3315399269720807,1.5327474677792754
monash_m1_quarterly,chronos-t5,gap_boundary,0.4,5.369178539641825,0.2132359092595151,100,0.702,1.7384235644141035,0.0951933223495376,3.08853299595682,2.240030119723528
monash_m1_quarterly,chronos-2,gap_boundary,0.5,4.288873445433665,0.15678814517935236,100,0.206,1.5766614979688591,0.0795272134839915,2.720224633479554,1.9715030655627481
monash_m1_quarterly,chronos-t5,gap_boundary,0.5,6.117740946724284,0.23751195642518297,100,0.735,1.7384235644141035,0.0951933223495376,3.5191313969482065,2.4950485030144205
monash_m1_quarterly,chronos-2,gap_boundary,0.6,4.883938973217499,0.16762045536621628,100,0.219,1.5766614979688591,0.0795272134839915,3.0976458672386267,2.1077119142362206
monash_m1_quarterly,chronos-t5,gap_boundary,0.6,6.5557191437645645,0.2667237538469754,100,0.697,1.7384235644141035,0.0951933223495376,3.77107126132061,2.8019166393583803
monash_m1_quarterly,chronos-2,gap_boundary,0.7,5.681198717790187,0.18052142994191264,100,0.228,1.5766614979688591,0.0795272134839915,3.603309096536584,2.269932794492427
monash_m1_quarterly,chronos-t5,gap_boundary,0.7,6.811265974770869,0.2822904229525272,100,0.789,1.7384235644141035,0.0951933223495376,3.918070437032101,2.9654435414702007
monash_m1_yearly,chronos-2,gap_boundary,0.05,6.425782443787175,0.1569233880336354,100,0.223,3.637927031199332,0.0709694020421235,1.7663307671316206,2.2111414710877004
monash_m1_yearly,chronos-t5,gap_boundary,0.05,5.784933879551915,0.14628915111054122,100,0.786,4.876359659024312,0.0831845042523565,1.1863222329891465,1.7586106021230157
monash_m1_yearly,chronos-2,gap_boundary,0.1,6.7826240871142875,0.19442288407440358,100,0.205,3.637927031199332,0.0709694020421235,1.8644200471712675,2.739531100445301
monash_m1_yearly,chronos-t5,gap_boundary,0.1,7.339359259634919,0.23571537821807398,100,0.554,4.876359659024312,0.0831845042523565,1.5050898155250954,2.8336452844989632
monash_m1_yearly,chronos-2,gap_boundary,0.15,7.6235729236923016,0.23885718347895782,100,0.219,3.637927031199332,0.0709694020421235,2.095581593119256,3.365636127766519
monash_m1_yearly,chronos-t5,gap_boundary,0.15,8.782361307366795,0.3639960576544172,100,0.731,4.876359659024312,0.0831845042523565,1.801007702767358,4.375767589479933
monash_m1_yearly,chronos-2,gap_boundary,0.2,8.438084352788694,0.30909946957004975,100,0.234,3.637927031199332,0.0709694020421235,2.3194759764070563,4.355390642668589
monash_m1_yearly,chronos-t5,gap_boundary,0.2,9.77082713714105,0.5634139735876544,100,0.898,4.876359659024312,0.0831845042523565,2.003713388748698,6.773064029791266
monash_m1_yearly,chronos-2,gap_boundary,0.3,9.567350333780361,0.3551911924961685,100,0.309,3.637927031199332,0.0709694020421235,2.629890663482123,5.004849727849569
monash_m1_yearly,chronos-t5,gap_boundary,0.3,11.159315188085234,0.5835581676347005,100,0.708,4.876359659024312,0.0831845042523565,2.2884520356150366,7.015226848793405
monash_m1_yearly,chronos-2,gap_boundary,0.4,10.760336349871968,0.37773389694947934,100,0.222,3.637927031199332,0.0709694020421235,2.957820829717016,5.322489496604149
monash_m1_yearly,chronos-t5,gap_boundary,0.4,11.927472010224813,0.6068570957369956,100,0.645,4.876359659024312,0.0831845042523565,2.445978730906679,7.29531420775167
monash_m1_yearly,chronos-2,gap_boundary,0.5,11.628275636562478,0.5220534788501795,100,0.236,3.637927031199332,0.0709694020421235,3.1964015596895936,7.356036035646989
monash_m1_yearly,chronos-t5,gap_boundary,0.5,12.463314604656544,0.6099141186129082,100,0.617,4.876359659024312,0.0831845042523565,2.5558645129039292,7.332064115722973
monash_m1_yearly,chronos-2,gap_boundary,0.6,12.269536482889952,0.5822038982545906,100,0.204,3.637927031199332,0.0709694020421235,3.3726725076299835,8.203590300916256
monash_m1_yearly,chronos-t5,gap_boundary,0.6,12.860152672063263,0.6165615378772291,100,0.594,4.876359659024312,0.0831845042523565,2.6372444961609722,7.411975865201634
monash_m1_yearly,chronos-2,gap_boundary,0.7,12.699862741402649,0.5715438345812395,100,0.225,3.637927031199332,0.0709694020421235,3.490961372365907,8.053383826483458
monash_m1_yearly,chronos-t5,gap_boundary,0.7,13.086366933235158,0.6243950833719751,100,0.617,4.876359659024312,0.0831845042523565,2.6836344831573697,7.506146595257095
monash_m3_monthly,chronos-2,gap_boundary,0.05,1.1718918777426708,0.11413020650727154,100,0.281,0.811635633079432,0.0890118420485498,1.4438645002516564,1.282191266697092
monash_m3_monthly,chronos-t5,gap_boundary,0.05,1.1378985041371688,0.11678448237736655,100,1.79,0.8309916385062547,0.0931626489282757,1.3693260574590054,1.2535547638547386
monash_m3_monthly,chronos-2,gap_boundary,0.1,1.2007152107293515,0.11895955946130643,100,0.278,0.811635633079432,0.0890118420485498,1.4793771512639362,1.3364464404233116
monash_m3_monthly,chronos-t5,gap_boundary,0.1,1.29243238196948,0.14838096516201893,100,1.588,0.8309916385062547,0.0931626489282757,1.5552892737798014,1.5927087397037718
monash_m3_monthly,chronos-2,gap_boundary,0.15,1.4014320287717414,0.1318981222861459,100,0.21,0.811635633079432,0.0890118420485498,1.7266763208196751,1.4818042099859545
monash_m3_monthly,chronos-t5,gap_boundary,0.15,1.5444269078021626,0.1690351687197072,100,1.469,0.8309916385062547,0.0931626489282757,1.8585348350536237,1.8144092151119966
monash_m3_monthly,chronos-2,gap_boundary,0.2,1.4475284329873304,0.142304601900633,100,0.223,0.811635633079432,0.0890118420485498,1.7834707767760927,1.598715391408434
monash_m3_monthly,chronos-t5,gap_boundary,0.2,1.6540685435080886,0.18770182909006486,100,1.617,0.8309916385062547,0.0931626489282757,1.990475555784595,2.0147755699236636
monash_m3_monthly,chronos-2,gap_boundary,0.3,1.6776180546416601,0.16479776556707906,100,0.253,0.811635633079432,0.0890118420485498,2.0669595890912262,1.8514139441940016
monash_m3_monthly,chronos-t5,gap_boundary,0.3,2.1373375625948494,0.22020573470921664,100,1.481,0.8309916385062547,0.0931626489282757,2.572032573560922,2.3636697457878126
monash_m3_monthly,chronos-2,gap_boundary,0.4,1.8413729362758444,0.1839141571374529,100,0.281,0.811635633079432,0.0890118420485498,2.2687186974399824,2.0661762851412564
monash_m3_monthly,chronos-t5,gap_boundary,0.4,2.6325467445730544,0.2554375654222344,100,1.692,0.8309916385062547,0.0931626489282757,3.1679581629788442,2.741845239060252
monash_m3_monthly,chronos-2,gap_boundary,0.5,2.2166608445633433,0.21616057839343128,100,0.367,0.811635633079432,0.0890118420485498,2.7311034092393114,2.4284474224848718
monash_m3_monthly,chronos-t5,gap_boundary,0.5,3.3764289231837017,0.3196153971366645,100,1.583,0.8309916385062547,0.0931626489282757,4.063132246737147,3.430724660724609
monash_m3_monthly,chronos-2,gap_boundary,0.6,2.506282710164088,0.24238007530429956,100,0.228,0.811635633079432,0.0890118420485498,3.08794070641648,2.7230093179298325
monash_m3_monthly,chronos-t5,gap_boundary,0.6,3.7841745144932895,0.34650425569717314,100,1.471,0.8309916385062547,0.0931626489282757,4.553805765477395,3.7193473960142627
monash_m3_monthly,chronos-2,gap_boundary,0.7,3.029470639513794,0.2650473650222275,100,0.219,0.811635633079432,0.0890118420485498,3.732550070552792,2.9776640829167706
monash_m3_monthly,chronos-t5,gap_boundary,0.7,4.001947405386581,0.3652073349047547,100,1.527,0.8309916385062547,0.0931626489282757,4.8158696429006955,3.920104667546771
monash_m3_quarterly,chronos-2,gap_boundary,0.05,1.9511446871957787,0.10530416747732635,100,0.233,1.2542640597019636,0.0738475098006632,1.5556091814186295,1.4259677511343878
monash_m3_quarterly,chronos-t5,gap_boundary,0.05,1.7901002408277253,0.1061278663235305,100,0.836,1.3468232787559626,0.0810438214814683,1.329127784664674,1.3095121180557605
monash_m3_quarterly,chronos-2,gap_boundary,0.1,2.274613593760265,0.12319440186598588,100,0.219,1.2542640597019636,0.0738475098006632,1.8135045616317471,1.6682268934798872
monash_m3_quarterly,chronos-t5,gap_boundary,0.1,2.494810761146913,0.1407099922608987,100,0.779,1.3468232787559626,0.0810438214814683,1.8523668253279126,1.7362210923515475
monash_m3_quarterly,chronos-2,gap_boundary,0.15,2.4327093857806243,0.13019674516748903,100,0.216,1.2542640597019636,0.0738475098006632,1.9395512188706747,1.7630485512501302
monash_m3_quarterly,chronos-t5,gap_boundary,0.15,3.0120494325402354,0.16977663427261172,100,0.803,1.3468232787559626,0.0810438214814683,2.2364102848908383,2.094874490974408
monash_m3_quarterly,chronos-2,gap_boundary,0.2,2.531646179714191,0.13604345867495182,100,0.211,1.2542640597019636,0.0738475098006632,2.01843157358408,1.842221342902074
monash_m3_quarterly,chronos-t5,gap_boundary,0.2,3.3920743682906727,0.1943439756499348,100,0.806,1.3468232787559626,0.0810438214814683,2.518574204793871,2.3980110031506108
monash_m3_quarterly,chronos-2,gap_boundary,0.3,2.813992405548348,0.15586130396799935,100,0.207,1.2542640597019636,0.0738475098006632,2.2435406514135505,2.1105830702851898
monash_m3_quarterly,chronos-t5,gap_boundary,0.3,4.23121073362805,0.24415916189105527,100,0.811,1.3468232787559626,0.0810438214814683,3.141622810036626,3.012680762430303
monash_m3_quarterly,chronos-2,gap_boundary,0.4,3.3666316361100224,0.18731139892451668,100,0.21,1.2542640597019636,0.0738475098006632,2.684149011580541,2.5364619528827297
monash_m3_quarterly,chronos-t5,gap_boundary,0.4,4.870550441391972,0.2787087812595343,100,0.776,1.3468232787559626,0.0810438214814683,3.616324812777824,3.4389886380575554
monash_m3_quarterly,chronos-2,gap_boundary,0.5,3.989416332717992,0.2184054047359224,100,0.211,1.2542640597019636,0.0738475098006632,3.180682968517771,2.9575188835136728
monash_m3_quarterly,chronos-t5,gap_boundary,0.5,5.328609997841181,0.3030421539182976,100,0.914,1.3468232787559626,0.0810438214814683,3.9564284950310085,3.739238209387646
monash_m3_quarterly,chronos-2,gap_boundary,0.6,4.733816767764382,0.2527029410046968,100,0.224,1.2542640597019636,0.0738475098006632,3.7741787553804453,3.4219561592099534
monash_m3_quarterly,chronos-t5,gap_boundary,0.6,5.7617815057415465,0.33075017687075753,100,0.835,1.3468232787559626,0.0810438214814683,4.2780531021587365,4.08112760263147
monash_m3_quarterly,chronos-2,gap_boundary,0.7,5.610035464810412,0.2975170271050675,100,0.214,1.2542640597019636,0.0738475098006632,4.4727706430043614,4.028802432311612
monash_m3_quarterly,chronos-t5,gap_boundary,0.7,6.20737869748197,0.36114239662231973,100,0.857,1.3468232787559626,0.0810438214814683,4.608903629298432,4.456137309676341
monash_m3_yearly,chronos-2,gap_boundary,0.05,4.7107916532148515,0.1946530790635534,100,0.213,3.0132092403527664,0.1467025638505894,1.5633801961470633,1.3268553320022385
monash_m3_yearly,chronos-t5,gap_boundary,0.05,4.276312006904946,0.18950223083669615,100,0.651,3.66514553814015,0.1651482676327074,1.1667509413759671,1.1474672641323274
monash_m3_yearly,chronos-2,gap_boundary,0.1,5.215824965616299,0.21785463328363364,100,0.207,3.0132092403527664,0.1467025638505894,1.7309866489741899,1.4850090384617252
monash_m3_yearly,chronos-t5,gap_boundary,0.1,5.487389405251259,0.23285776760601204,100,0.636,3.66514553814015,0.1651482676327074,1.4971818576229832,1.40999219031405
monash_m3_yearly,chronos-2,gap_boundary,0.15,5.81973028236286,0.24777720023771632,100,0.216,3.0132092403527664,0.1467025638505894,1.931405958944134,1.6889766186367903
monash_m3_yearly,chronos-t5,gap_boundary,0.15,6.751873386395736,0.3026423797380036,100,0.653,3.66514553814015,0.1651482676327074,1.842184250566465,1.8325495270170529
monash_m3_yearly,chronos-2,gap_boundary,0.2,6.330817811211524,0.26579846737323487,100,0.214,3.0132092403527664,0.1467025638505894,2.1010216371400596,1.8118188284966839
monash_m3_yearly,chronos-t5,gap_boundary,0.2,7.505930117519647,0.3347481981658733,100,0.66,3.66514553814015,0.1651482676327074,2.0479214370648084,2.026955553117633
monash_m3_yearly,chronos-2,gap_boundary,0.3,7.149812596369062,0.2912258209479257,100,0.216,3.0132092403527664,0.1467025638505894,2.3728231350876947,1.9851447261993822
monash_m3_yearly,chronos-t5,gap_boundary,0.3,8.713229993298427,0.37682892338903895,100,0.648,3.66514553814015,0.1651482676327074,2.377321692311266,2.2817612851205498
monash_m3_yearly,chronos-2,gap_boundary,0.4,8.469872652558577,0.332030512919729,100,0.237,3.0132092403527664,0.1467025638505894,2.8109142037434416,2.263290457949246
monash_m3_yearly,chronos-t5,gap_boundary,0.4,9.956312074280032,0.4253495561467356,100,0.977,3.66514553814015,0.1651482676327074,2.716484780937863,2.57556171944062
monash_m3_yearly,chronos-2,gap_boundary,0.5,9.588430853688823,0.36803102671457316,100,0.211,3.0132092403527664,0.1467025638505894,3.182132433845276,2.5086884445277846
monash_m3_yearly,chronos-t5,gap_boundary,0.5,10.262689964293678,0.4378774279981903,100,0.671,3.66514553814015,0.1651482676327074,2.8000770658349903,2.6514200498429523
monash_m3_yearly,chronos-2,gap_boundary,0.6,10.411522346034516,0.3944942866575199,100,0.22,3.0132092403527664,0.1467025638505894,3.4552935145040258,2.6890756119252033
monash_m3_yearly,chronos-t5,gap_boundary,0.6,10.704778618115798,0.44978833607897933,100,0.667,3.66514553814015,0.1651482676327074,2.920696738156776,2.723542562852166
monash_m3_yearly,chronos-2,gap_boundary,0.7,10.967542027638059,0.4202941767828929,100,0.278,3.0132092403527664,0.1467025638505894,3.6398209194241193,2.8649409100371646
monash_m3_yearly,chronos-t5,gap_boundary,0.7,11.189373181550748,0.4750873122295618,100,0.779,3.66514553814015,0.1651482676327074,3.05291374247275,2.8767320362461457
m4_quarterly,chronos-2,gap_boundary,0.05,2.037554530329384,0.1296542833724144,100,0.209,1.1058863737967677,0.073505907307091,1.8424628231325255,1.7638620911207614
m4_quarterly,chronos-t5,gap_boundary,0.05,2.227158780010984,0.16212292773113102,100,0.957,1.1786944819900755,0.0779970499015644,1.8895131978990094,2.078577688973327
m4_quarterly,chronos-2,gap_boundary,0.1,2.412000992947894,0.16157531216718266,100,0.231,1.1058863737967677,0.073505907307091,2.1810567976047377,2.198126900089236
m4_quarterly,chronos-t5,gap_boundary,0.1,2.9994402429908513,0.18589137363687713,100,0.846,1.1786944819900755,0.0779970499015644,2.5447139091774473,2.383312880057386
m4_quarterly,chronos-2,gap_boundary,0.15,2.895463324686119,0.1887413068893971,100,0.222,1.1058863737967677,0.073505907307091,2.618228593182963,2.5677025670995226
m4_quarterly,chronos-t5,gap_boundary,0.15,3.725702310022173,0.25116279529709845,100,0.953,1.1786944819900755,0.0779970499015644,3.1608719366631792,3.22015762921901
m4_quarterly,chronos-2,gap_boundary,0.2,3.275131551911398,0.19359170356024757,100,0.215,1.1058863737967677,0.073505907307091,2.9615443589083226,2.633689055104991
m4_quarterly,chronos-t5,gap_boundary,0.2,4.502860092522991,0.2916704397684843,100,0.779,1.1786944819900755,0.0779970499015644,3.8202096992262873,3.7395060471721018
m4_quarterly,chronos-2,gap_boundary,0.3,3.815335401019652,0.24186755089931244,100,0.208,1.1058863737967677,0.073505907307091,3.450024786832945,3.2904505196955762
m4_quarterly,chronos-t5,gap_boundary,0.3,6.206861054896665,0.3743065806797404,100,0.807,1.1786944819900755,0.0779970499015644,5.265877756903698,4.798983822492405
m4_quarterly,chronos-2,gap_boundary,0.4,4.810284576453663,0.2870332281379339,100,0.22,1.1058863737967677,0.073505907307091,4.349709599855929,3.9049001454913577
m4_quarterly,chronos-t5,gap_boundary,0.4,8.029672402054192,0.4467477343475351,100,0.803,1.1786944819900755,0.0779970499015644,6.812344101668409,5.727751689472227
m4_quarterly,chronos-2,gap_boundary,0.5,5.850041967837877,0.3387374925134551,100,0.21,1.1058863737967677,0.073505907307091,5.2899123331751605,4.608302991190717
m4_quarterly,chronos-t5,gap_boundary,0.5,9.128519374157838,0.5030670200359436,100,0.769,1.1786944819900755,0.0779970499015644,7.744601772246779,6.449821123630132
m4_quarterly,chronos-2,gap_boundary,0.6,6.540189423492747,0.37494839853646467,100,0.211,1.1058863737967677,0.073505907307091,5.913979571914554,5.100928786172455
m4_quarterly,chronos-t5,gap_boundary,0.6,9.958740372674487,0.5366776492996218,100,0.784,1.1786944819900755,0.0779970499015644,8.448958169262337,6.880742925237965
m4_quarterly,chronos-2,gap_boundary,0.7,7.351447128870475,0.41029652092527313,100,0.204,1.1058863737967677,0.073505907307091,6.647560999988841,5.581816971677492
m4_quarterly,chronos-t5,gap_boundary,0.7,10.360951964876994,0.5601098889202645,100,0.817,1.1786944819900755,0.0779970499015644,8.790192983158661,7.181167616302758
m4_yearly,chronos-2,gap_boundary,0.05,5.073591589737519,0.1651762310287458,100,0.222,3.003324720876421,0.1166220354196974,1.6893250185271205,1.416338091118993
m4_yearly,chronos-t5,gap_boundary,0.05,4.2876919571033785,0.16009613738615963,100,0.729,3.6359417595136,0.1411881404039837,1.1792521004728544,1.1339205752556427
m4_yearly,chronos-2,gap_boundary,0.1,6.1258705680689225,0.1962984966781716,100,0.224,3.003324720876421,0.1166220354196974,2.0396963823083674,1.683202458023785
m4_yearly,chronos-t5,gap_boundary,0.1,5.920293135203609,0.22114747077862365,100,0.658,3.6359417595136,0.1411881404039837,1.6282695177151572,1.5663317764923537
m4_yearly,chronos-2,gap_boundary,0.15,6.8991453864211625,0.21853794820625494,100,0.208,3.003324720876421,0.1166220354196974,2.29716931321628,1.8738992800098564
m4_yearly,chronos-t5,gap_boundary,0.15,8.594088011056492,0.30899401325185843,100,0.608,3.6359417595136,0.1411881404039837,2.3636484243923013,2.188526687636294
m4_yearly,chronos-2,gap_boundary,0.2,8.097757109549873,0.2516568700079139,100,0.215,3.003324720876421,0.1166220354196974,2.696264261157485,2.157884392106993
m4_yearly,chronos-t5,gap_boundary,0.2,11.46156293245843,0.40043914487520277,100,0.642,3.6359417595136,0.1411881404039837,3.152295523565181,2.836209498399939
m4_yearly,chronos-2,gap_boundary,0.3,9.673806000373105,0.29951113765188303,100,0.205,3.003324720876421,0.1166220354196974,3.2210323223224844,2.5682208047047665
m4_yearly,chronos-t5,gap_boundary,0.3,15.290388690055194,0.49938129768910167,100,0.603,3.6359417595136,0.1411881404039837,4.205344777607404,3.5369918199943324
m4_yearly,chronos-2,gap_boundary,0.4,12.678465847887406,0.38220823969869044,100,0.239,3.003324720876421,0.1166220354196974,4.221476871867393,3.2773243780491903
m4_yearly,chronos-t5,gap_boundary,0.4,16.939182876107196,0.5553425453390902,100,0.644,3.6359417595136,0.1411881404039837,4.658815788725187,3.933351227306206
m4_yearly,chronos-2,gap_boundary,0.5,13.421561641083617,0.3949891360553479,100,0.22,3.003324720876421,0.1166220354196974,4.468901263918934,3.3869168432352232
m4_yearly,chronos-t5,gap_boundary,0.5,17.854910698313844,0.5840236922385244,100,0.717,3.6359417595136,0.1411881404039837,4.910670159002326,4.136492559271967
m4_yearly,chronos-2,gap_boundary,0.6,15.937094323680158,0.4759953711738013,100,0.24,3.003324720876421,0.1166220354196974,5.30648391527555,4.081521724953584
m4_yearly,chronos-t5,gap_boundary,0.6,19.34740056816166,0.6316618282393041,100,1.145,3.6359417595136,0.1411881404039837,5.321152495784165,4.473901465320818
m4_yearly,chronos-2,gap_boundary,0.7,18.020446955728044,0.5523539672738136,100,0.254,3.003324720876421,0.1166220354196974,6.000166026159627,4.736274455217759
m4_yearly,chronos-t5,gap_boundary,0.7,20.315189127462492,0.6676225492671429,100,0.953,3.6359417595136,0.1411881404039837,5.587325229923421,4.72860218540215
m5,chronos-2,gap_boundary,0.05,0.9265960695097826,0.590318286300568,100,0.662,0.8902796015181903,0.5276950502475531,1.0407922049765737,1.1186731541704569
m5,chronos-t5,gap_boundary,0.05,0.9711843971070835,0.6671996255215563,100,3.498,0.9247766879614568,0.5681063337717701,1.0501826113804036,1.1744273666021048
m5,chronos-2,gap_boundary,0.1,0.942948798889512,0.6195610516153159,100,0.443,0.8902796015181903,0.5276950502475531,1.059160287713551,1.174089185268398
m5,chronos-t5,gap_boundary,0.1,0.9843822407749426,0.7242432834129988,100,2.502,0.9247766879614568,0.5681063337717701,1.0644539958558838,1.2748375442403619
m5,chronos-2,gap_boundary,0.15,0.9482432773781719,0.6553282503391972,100,0.34,0.8902796015181903,0.5276950502475531,1.0651072716494194,1.2418692387426573
m5,chronos-t5,gap_boundary,0.15,0.9754813554141266,0.7330364761869667,100,2.475,0.9247766879614568,0.5681063337717701,1.0548290934587043,1.2903156198245367
m5,chronos-2,gap_boundary,0.2,0.944414903217941,0.614469294975554,100,0.345,0.8902796015181903,0.5276950502475531,1.0608070785935497,1.164440133913125
m5,chronos-t5,gap_boundary,0.2,0.9944801075560853,0.8097811734158928,100,3.569,0.9247766879614568,0.5681063337717701,1.0753732447000584,1.42540423381587
m5,chronos-2,gap_boundary,0.3,0.9525480538462625,0.6089244694946037,100,0.37,0.8902796015181903,0.5276950502475531,1.0699425800859483,1.1539325017525635
m5,chronos-t5,gap_boundary,0.3,1.5186734045255696,0.90355501899406,100,2.431,0.9247766879614568,0.5681063337717701,1.642205544641568,1.5904681311950526
m5,chronos-2,gap_boundary,0.4,0.9378190000606228,0.6249844460300418,100,0.371,0.8902796015181903,0.5276950502475531,1.0533982789916378,1.1843667014440407
m5,chronos-t5,gap_boundary,0.4,1.6609420848327636,0.9430149228890463,100,2.484,0.9247766879614568,0.5681063337717701,1.7960466634318846,1.6599267898109569
m5,chronos-2,gap_boundary,0.5,0.954326545889186,0.6515912090983499,100,0.342,0.8902796015181903,0.5276950502475531,1.0719402581635888,1.234787418969866
m5,chronos-t5,gap_boundary,0.5,1.7358702991268196,0.9767830447458805,100,2.386,0.9247766879614568,0.5681063337717701,1.8770696987975628,1.7193665810075114
m5,chronos-2,gap_boundary,0.6,0.9714960745012547,0.6673073380284557,100,0.433,0.8902796015181903,0.5276950502475531,1.0912258046175227,1.2645700157987219
m5,chronos-t5,gap_boundary,0.6,1.7494664273802236,0.9602811564839353,100,2.475,0.9247766879614568,0.5681063337717701,1.891771765177907,1.6903193986739051
m5,chronos-2,gap_boundary,0.7,0.9493540783348414,0.6615573380397155,100,0.36,0.8902796015181903,0.5276950502475531,1.066354970636092,1.2536735709940139
m5,chronos-t5,gap_boundary,0.7,1.814866528405829,0.9755127598785251,100,2.585,0.9247766879614568,0.5681063337717701,1.9624916501803835,1.7171305825828473
nn5,chronos-2,gap_boundary,0.05,0.5789506811435053,0.15079196743501264,100,0.228,0.5565058217844888,0.1456630163516122,1.040331760208806,1.0352110728712345
nn5,chronos-t5,gap_boundary,0.05,1.1268416630355609,0.30918501539330806,100,5.843,0.5969987423541144,0.1640822161089413,1.887510949507438,1.8843298361354817
nn5,chronos-2,gap_boundary,0.1,0.622418601405502,0.16082694206138637,100,0.366,0.5565058217844888,0.1456630163516122,1.1184404134527426,1.104102785247632
nn5,chronos-t5,gap_boundary,0.1,1.1064627411355277,0.2927755008653981,100,6.043,0.5969987423541144,0.1640822161089413,1.853375330025772,1.7843219564453698
nn5,chronos-2,gap_boundary,0.15,0.596543786738533,0.15515342838042245,100,0.362,0.5565058217844888,0.1456630163516122,1.071945276018243,1.065153202690116
nn5,chronos-t5,gap_boundary,0.15,1.042232314900686,0.27660717100959137,100,6.102,0.5969987423541144,0.1640822161089413,1.7457864497183109,1.685783978112167
nn5,chronos-2,gap_boundary,0.2,0.6229969089316701,0.16103363641704768,100,0.366,0.5565058217844888,0.1456630163516122,1.1194795895108003,1.1055217751933184
nn5,chronos-t5,gap_boundary,0.2,1.069061275600254,0.28404453623775994,100,6.204,0.5969987423541144,0.1640822161089413,1.7907261770513614,1.7311110428272765
nn5,chronos-2,gap_boundary,0.3,0.6389249169127679,0.16689892236186177,100,0.361,0.5565058217844888,0.1456630163516122,1.1481010474679212,1.1457879051398248
nn5,chronos-t5,gap_boundary,0.3,1.042289056455267,0.27990335712018966,100,6.353,0.5969987423541144,0.1640822161089413,1.7458814943985679,1.7058726031244584
nn5,chronos-2,gap_boundary,0.4,0.6722830106713404,0.17743156294575171,100,0.367,0.5565058217844888,0.1456630163516122,1.20804308662145,1.2180961742372152
nn5,chronos-t5,gap_boundary,0.4,1.0674647475187842,0.28829559926956655,100,6.17,0.5969987423541144,0.1640822161089413,1.7880519200249994,1.7570191706708458
nn5,chronos-2,gap_boundary,0.5,0.9270452341234887,0.23728302803661677,100,0.396,0.5565058217844888,0.1456630163516122,1.6658320503293749,1.628986093929604
nn5,chronos-t5,gap_boundary,0.5,1.141265015811314,0.3093308143619903,100,6.273,0.5969987423541144,0.1640822161089413,1.911670720295025,1.8852184087799748
nn5,chronos-2,gap_boundary,0.6,0.7855044966863065,0.21277938955228323,100,0.403,0.5565058217844888,0.1456630163516122,1.4114937632952549,1.4607646805738292
nn5,chronos-t5,gap_boundary,0.6,1.4535281522470547,0.4213697794094956,100,6.44,0.5969987423541144,0.1640822161089413,2.434725652043138,2.5680405189659914
nn5,chronos-2,gap_boundary,0.7,0.7694065122343784,0.20165397138359456,100,0.351,0.5565058217844888,0.1456630163516122,1.3825668701312113,1.3843868981597034
nn5,chronos-t5,gap_boundary,0.7,2.9150788009333444,0.925441677447718,100,6.327,0.5969987423541144,0.1640822161089413,4.882889349881148,5.64010957063913
monash_nn5_weekly,chronos-2,gap_boundary,0.05,0.8882649140865309,0.08141596325820465,100,0.278,0.85885852195396,0.0781000199133967,1.0342389245503083,1.042457650439589
monash_nn5_weekly,chronos-t5,gap_boundary,0.05,0.9830991376528813,0.09053821667438845,100,0.904,0.927747677516852,0.0852485698911454,1.0596621920781082,1.0620496835313185
monash_nn5_weekly,chronos-2,gap_boundary,0.1,0.9448918801103386,0.08685606578269264,100,0.255,0.85885852195396,0.0781000199133967,1.1001717465184453,1.1121132347854112
monash_nn5_weekly,chronos-t5,gap_boundary,0.1,1.0626339977620953,0.09843787650837448,100,0.82,0.927747677516852,0.0852485698911454,1.1453911699421022,1.154715869533889
monash_nn5_weekly,chronos-2,gap_boundary,0.15,0.9763120931426986,0.08944089809118927,100,0.221,0.85885852195396,0.0781000199133967,1.1367554354837441,1.1452096707576798
monash_nn5_weekly,chronos-t5,gap_boundary,0.15,1.0618050309215896,0.09998854948913143,100,0.817,0.927747677516852,0.0852485698911454,1.1444976437597199,1.1729058870642362
monash_nn5_weekly,chronos-2,gap_boundary,0.2,1.008980554353436,0.09173750715112669,100,0.23,0.85885852195396,0.0781000199133967,1.174792504891188,1.1746156691490257
monash_nn5_weekly,chronos-t5,gap_boundary,0.2,1.110614858155631,0.10534344837261511,100,0.818,0.927747677516852,0.0852485698911454,1.1971087452659857,1.2357210039667412
monash_nn5_weekly,chronos-2,gap_boundary,0.3,1.1345665283923836,0.10150174535805072,100,0.28,0.85885852195396,0.0781000199133967,1.3210167907645252,1.2996378934423276
monash_nn5_weekly,chronos-t5,gap_boundary,0.3,1.2077086216784005,0.11599710724658542,100,0.782,0.927747677516852,0.0852485698911454,1.3017641013242667,1.3606927059856027
monash_nn5_weekly,chronos-2,gap_boundary,0.4,1.1562721187674194,0.10707620573656734,100,0.203,0.85885852195396,0.0781000199133967,1.346289393667334,1.3710138083870103
monash_nn5_weekly,chronos-t5,gap_boundary,0.4,1.350561747540011,0.12910031422394994,100,0.808,0.927747677516852,0.0852485698911454,1.4557425259795151,1.514398592126521
monash_nn5_weekly,chronos-2,gap_boundary,0.5,1.4313017625735136,0.12997139313996753,100,0.217,0.85885852195396,0.0781000199133967,1.6665163423158535,1.664165941111024
monash_nn5_weekly,chronos-t5,gap_boundary,0.5,1.474022601057067,0.1435248341420012,100,0.798,0.927747677516852,0.0852485698911454,1.588818422054516,1.6836040103108971
monash_nn5_weekly,chronos-2,gap_boundary,0.6,1.5431301907169739,0.14040938910741552,100,0.231,0.85885852195396,0.0781000199133967,1.7967222205657931,1.7978150231345937
monash_nn5_weekly,chronos-t5,gap_boundary,0.6,1.498680415378469,0.14638418820837784,100,0.758,0.927747677516852,0.0852485698911454,1.6153965692371632,1.7171453831459813
monash_nn5_weekly,chronos-2,gap_boundary,0.7,1.4874703250146342,0.1337883258634149,100,0.292,0.85885852195396,0.0781000199133967,1.7319154284346399,1.7130383066709802
monash_nn5_weekly,chronos-t5,gap_boundary,0.7,1.511352890178818,0.15162252368717263,100,0.843,0.927747677516852,0.0852485698911454,1.629055967269037,1.7785931644458162
monash_tourism_monthly,chronos-2,gap_boundary,0.05,1.8126544223549652,0.10709625254387373,100,0.27,1.3430131286102536,0.069099774084307,1.3496922582065116,1.5498784759152486
monash_tourism_monthly,chronos-t5,gap_boundary,0.05,3.2788265471740408,0.22395444485746185,100,2.154,1.8250258884111448,0.0987436727626961,1.7965918006941617,2.2680384331629653
monash_tourism_monthly,chronos-2,gap_boundary,0.1,2.2188066326945153,0.13664831915626344,100,0.215,1.3430131286102536,0.069099774084307,1.6521109030337853,1.9775508815635499
monash_tourism_monthly,chronos-t5,gap_boundary,0.1,4.699016865692316,0.32936231366167934,100,2.332,1.8250258884111448,0.0987436727626961,2.5747672378408004,3.3355282869942786
monash_tourism_monthly,chronos-2,gap_boundary,0.15,2.4949653625235197,0.15486470646007766,100,0.52,1.3430131286102536,0.069099774084307,1.8577371355299432,2.2411752934406257
monash_tourism_monthly,chronos-t5,gap_boundary,0.15,5.1688178086794325,0.37856333903882955,100,2.254,1.8250258884111448,0.0987436727626961,2.8321887604451303,3.833798444469499
monash_tourism_monthly,chronos-2,gap_boundary,0.2,2.880692701594051,0.18499425033502892,100,0.21,1.3430131286102536,0.069099774084307,2.1449475364213186,2.677204850327323
monash_tourism_monthly,chronos-t5,gap_boundary,0.2,6.029878041614739,0.44998638459691037,100,2.191,1.8250258884111448,0.0987436727626961,3.303995893923626,4.557116137236781
monash_tourism_monthly,chronos-2,gap_boundary,0.3,3.4822374805865466,0.21620197107687777,100,0.44,1.3430131286102536,0.069099774084307,2.5928543857124886,3.1288375966771595
monash_tourism_monthly,chronos-t5,gap_boundary,0.3,6.702283057578641,0.5037220077762674,100,3.478,1.8250258884111448,0.0987436727626961,3.6724317721397384,5.101309214888411
monash_tourism_monthly,chronos-2,gap_boundary,0.4,4.443855388052078,0.38050007964502564,100,0.526,1.3430131286102536,0.069099774084307,3.308869655392399,5.506531456684454
monash_tourism_monthly,chronos-t5,gap_boundary,0.4,7.142891616924499,0.5517253706296782,100,2.0,1.8250258884111448,0.0987436727626961,3.9138576949957966,5.587450367129871
monash_tourism_monthly,chronos-2,gap_boundary,0.5,5.543746098634762,0.371637267548956,100,0.208,1.3430131286102536,0.069099774084307,4.127842074314952,5.378270370255193
monash_tourism_monthly,chronos-t5,gap_boundary,0.5,7.378251522678462,0.5839850813738078,100,2.683,1.8250258884111448,0.0987436727626961,4.042820197527125,5.914151915103047
monash_tourism_monthly,chronos-2,gap_boundary,0.6,5.774699332051982,0.3866530482347893,100,0.429,1.3430131286102536,0.069099774084307,4.299808549174516,5.595576155763449
monash_tourism_monthly,chronos-t5,gap_boundary,0.6,7.629535105867517,0.620577092839526,100,2.27,1.8250258884111448,0.0987436727626961,4.180507878992193,6.284727673953514
monash_tourism_monthly,chronos-2,gap_boundary,0.7,6.566631655777839,0.4591188582739146,100,0.239,1.3430131286102536,0.069099774084307,4.889476890351006,6.644288846932474
monash_tourism_monthly,chronos-t5,gap_boundary,0.7,7.909244651161098,0.6757117733752906,100,2.423,1.8250258884111448,0.0987436727626961,4.333771209156289,6.843089328864467
monash_tourism_quarterly,chronos-2,gap_boundary,0.05,2.538135577108333,0.1805356176956682,100,0.249,1.590431936941434,0.0705381249295064,1.5958781499253794,2.559404830736426
monash_tourism_quarterly,chronos-t5,gap_boundary,0.05,4.210330925959331,0.33305512657204056,100,0.75,1.7731710809614634,0.0813262242642433,2.3744640160025456,4.095298036828631
monash_tourism_quarterly,chronos-2,gap_boundary,0.1,2.8406756947962424,0.19720493358448252,100,0.222,1.590431936941434,0.0705381249295064,1.7861032772387337,2.795721232759773
monash_tourism_quarterly,chronos-t5,gap_boundary,0.1,4.821623187781617,0.38721120357992334,100,0.791,1.7731710809614634,0.0813262242642433,2.7192092401863426,4.761209647724522
monash_tourism_quarterly,chronos-2,gap_boundary,0.15,3.083933860650051,0.1958583378899056,100,0.222,1.590431936941434,0.0705381249295064,1.9390542839455152,2.776630908259049
monash_tourism_quarterly,chronos-t5,gap_boundary,0.15,4.678698363787045,0.32066964089875527,100,0.787,1.7731710809614634,0.0813262242642433,2.638605159999633,3.943004163784155
monash_tourism_quarterly,chronos-2,gap_boundary,0.2,3.351002384612798,0.17531854352153983,100,0.228,1.590431936941434,0.0705381249295064,2.1069762916463586,2.4854437752172704
monash_tourism_quarterly,chronos-t5,gap_boundary,0.2,5.355348446063945,0.3732158689136396,100,0.783,1.7731710809614634,0.0813262242642433,3.0202096704397663,4.589120819146788
monash_tourism_quarterly,chronos-2,gap_boundary,0.3,4.308380611941616,0.2695220389605364,100,0.307,1.590431936941434,0.0705381249295064,2.708937435088911,3.8209413594405626
monash_tourism_quarterly,chronos-t5,gap_boundary,0.3,7.226968054916744,0.4325553586244328,100,0.992,1.7731710809614634,0.0813262242642433,4.075730837544496,5.318768485045904
monash_tourism_quarterly,chronos-2,gap_boundary,0.4,5.012118104333734,0.29552315598402945,100,0.274,1.590431936941434,0.0705381249295064,3.151419427588054,4.1895521929363175
monash_tourism_quarterly,chronos-t5,gap_boundary,0.4,8.144455416767306,0.5069489292801399,100,0.867,1.7731710809614634,0.0813262242642433,4.5931582711980345,6.23352348970454
monash_tourism_quarterly,chronos-2,gap_boundary,0.5,6.329450092996831,0.3288118740181075,100,0.216,1.590431936941434,0.0705381249295064,3.979705101476409,4.661477383283322
monash_tourism_quarterly,chronos-t5,gap_boundary,0.5,9.066887312686184,0.6221715665594106,100,0.756,1.7731710809614634,0.0813262242642433,5.1133742310808845,7.650319096800376
monash_tourism_quarterly,chronos-2,gap_boundary,0.6,6.565488851430257,0.41679587730493645,100,0.204,1.590431936941434,0.0705381249295064,4.128116833503969,5.908802902281132
monash_tourism_quarterly,chronos-t5,gap_boundary,0.6,9.25642501704126,0.6743983312469131,100,0.757,1.7731710809614634,0.0813262242642433,5.220266175343986,8.292507581019297
monash_tourism_quarterly,chronos-2,gap_boundary,0.7,7.852734812895192,0.49514427757782475,100,0.254,1.590431936941434,0.0705381249295064,4.937485616641236,7.01952707238329
monash_tourism_quarterly,chronos-t5,gap_boundary,0.7,9.385333067023428,0.6986295540815036,100,0.782,1.7731710809614634,0.0813262242642433,5.292965336392942,8.590458494808914
monash_tourism_yearly,chronos-2,gap_boundary,0.05,3.661785613756275,0.19315127908711308,100,0.248,3.5704327729167917,0.1654648252922083,1.0255859293955714,1.1673253136792725
monash_tourism_yearly,chronos-t5,gap_boundary,0.05,3.600410302474029,0.27053836858097724,100,0.384,3.92046404635849,0.206364779574466,0.918363300849107,1.3109716160811948
monash_tourism_yearly,chronos-2,gap_boundary,0.1,4.297264228051259,0.1980843224817177,100,0.193,3.5704327729167917,0.1654648252922083,1.2035695674338933,1.1971385587958279
monash_tourism_yearly,chronos-t5,gap_boundary,0.1,6.059983228331986,0.29740687615410977,100,0.418,3.92046404635849,0.206364779574466,1.545731106490004,1.4411707112394707
monash_tourism_yearly,chronos-2,gap_boundary,0.15,5.073319562806772,0.20684718964939197,100,0.2,3.5704327729167917,0.1654648252922083,1.42092566517146,1.2500976523808192
monash_tourism_yearly,chronos-t5,gap_boundary,0.15,8.100730607543289,0.3406061451052813,100,0.394,3.92046404635849,0.206364779574466,2.0662683069540266,1.6505052160917546
monash_tourism_yearly,chronos-2,gap_boundary,0.2,5.828448395713083,0.21418062389674108,100,0.203,3.5704327729167917,0.1654648252922083,1.6324207081909714,1.2944178529696657
monash_tourism_yearly,chronos-t5,gap_boundary,0.2,9.074198483473516,0.350227688581494,100,0.407,3.92046404635849,0.206364779574466,2.314572554721438,1.6971291772931416
monash_tourism_yearly,chronos-2,gap_boundary,0.3,6.901201184173586,0.21102226436953056,100,0.204,3.5704327729167917,0.1654648252922083,1.9328752627754398,1.2753300527581528
monash_tourism_yearly,chronos-t5,gap_boundary,0.3,9.468458054919976,0.2992050111111484,100,0.424,3.92046404635849,0.206364779574466,2.4151370712644904,1.4498840922764211
monash_tourism_yearly,chronos-2,gap_boundary,0.4,8.190517844330172,0.20435373945409174,100,0.25,3.5704327729167917,0.1654648252922083,2.293984613422394,1.2350282852757752
monash_tourism_yearly,chronos-t5,gap_boundary,0.4,9.727384951314285,0.2671707607267613,100,0.491,3.92046404635849,0.206364779574466,2.4811820326090057,1.2946529019035136
monash_tourism_yearly,chronos-2,gap_boundary,0.5,8.88018299578447,0.21972409217798436,100,0.206,3.5704327729167917,0.1654648252922083,2.487144713420829,1.3279202500589176
monash_tourism_yearly,chronos-t5,gap_boundary,0.5,9.868315118280234,0.272776938350059,100,0.423,3.92046404635849,0.206364779574466,2.5171293504008503,1.321819250903851
monash_tourism_yearly,chronos-2,gap_boundary,0.6,9.36865124069537,0.2333439049003817,100,0.209,3.5704327729167917,0.1654648252922083,2.6239539676423713,1.410232685335388
monash_tourism_yearly,chronos-t5,gap_boundary,0.6,9.952798524107141,0.2781854043079395,100,0.662,3.92046404635849,0.206364779574466,2.538678688649566,1.3480275310620884
monash_tourism_yearly,chronos-2,gap_boundary,0.7,9.603228008757574,0.2927971723594465,100,0.245,3.5704327729167917,0.1654648252922083,2.6896537813572707,1.7695432962405835
monash_tourism_yearly,chronos-t5,gap_boundary,0.7,10.092490422367927,0.295390915878933,100,0.44,3.92046404635849,0.206364779574466,2.574310158957408,1.4314017948607467
monash_traffic,chronos-2,gap_boundary,0.05,0.605220675302383,0.16849682663390353,100,1.178,0.8271235376076017,0.2736839843613832,0.7317173889802996,0.6156619906973205
monash_traffic,chronos-t5,gap_boundary,0.05,67.08016638983835,13.57881398756889,100,3.266,0.8261989519378098,0.2858328836157657,81.1912993020689,47.50612951105504
monash_traffic,chronos-2,gap_boundary,0.1,1.0956267695255228,0.29140659481032205,100,1.139,0.8271235376076017,0.2736839843613832,1.3246228884920244,1.0647557455372954
monash_traffic,chronos-t5,gap_boundary,0.1,67.08016638983835,13.57881398756889,100,3.169,0.8261989519378098,0.2858328836157657,81.1912993020689,47.50612951105504
monash_traffic,chronos-2,gap_boundary,0.15,2.381769139267671,0.5665853681743689,100,1.17,0.8271235376076017,0.2736839843613832,2.879580898104744,2.0702174790989125
monash_traffic,chronos-t5,gap_boundary,0.15,67.08016638983835,13.57881398756889,100,3.144,0.8261989519378098,0.2858328836157657,81.1912993020689,47.50612951105504
monash_traffic,chronos-2,gap_boundary,0.2,2.437501558656597,0.6175500385820062,100,1.132,0.8271235376076017,0.2736839843613832,2.9469619081411995,2.256434697934566
monash_traffic,chronos-t5,gap_boundary,0.2,67.08016638983835,13.57881398756889,100,3.279,0.8261989519378098,0.2858328836157657,81.1912993020689,47.50612951105504
monash_traffic,chronos-2,gap_boundary,0.3,2.537720920724909,0.8520335569716584,100,1.172,0.8271235376076017,0.2736839843613832,3.068128042958484,3.1132021077513965
monash_traffic,chronos-t5,gap_boundary,0.3,67.08016638983835,13.57881398756889,100,3.244,0.8261989519378098,0.2858328836157657,81.1912993020689,47.50612951105504
monash_traffic,chronos-2,gap_boundary,0.4,1.7533378961064432,0.4643350077931305,100,1.122,0.8271235376076017,0.2736839843613832,2.119801718105923,1.6966100843519003
monash_traffic,chronos-t5,gap_boundary,0.4,67.08016638983835,13.57881398756889,100,3.263,0.8261989519378098,0.2858328836157657,81.1912993020689,47.50612951105504
monash_traffic,chronos-2,gap_boundary,0.5,10.017633365667198,139277.60827607196,100,1.134,0.8271235376076017,0.2736839843613832,12.111411307000786,508899.3738565435
monash_traffic,chronos-t5,gap_boundary,0.5,67.08016638983835,13.57881398756889,100,3.243,0.8261989519378098,0.2858328836157657,81.1912993020689,47.50612951105504
monash_traffic,chronos-2,gap_boundary,0.6,10.017633365667198,139277.60827607196,100,1.135,0.8271235376076017,0.2736839843613832,12.111411307000786,508899.3738565435
monash_traffic,chronos-t5,gap_boundary,0.6,67.08016638983835,13.57881398756889,100,3.416,0.8261989519378098,0.2858328836157657,81.1912993020689,47.50612951105504
monash_traffic,chronos-2,gap_boundary,0.7,10.017633365667198,139277.60827607196,100,1.135,0.8271235376076017,0.2736839843613832,12.111411307000786,508899.3738565435
monash_traffic,chronos-t5,gap_boundary,0.7,67.08016638983835,13.57881398756889,100,3.373,0.8261989519378098,0.2858328836157657,81.1912993020689,47.50612951105504
monash_weather,chronos-2,gap_boundary,0.05,1.2749570649220225,0.15532293252830098,100,1.261,0.9775839384301248,0.125120849853699,1.3041919111001774,1.2413832923123251
monash_weather,chronos-t5,gap_boundary,0.05,3.928289939029179,0.6592082743530419,100,2.821,1.0990147455497612,0.1459395953061903,3.574374188277271,4.516993986244666
monash_weather,chronos-2,gap_boundary,0.1,1.702585659141306,0.22077771435430382,100,0.982,0.9775839384301248,0.125120849853699,1.7416260560453167,1.7645157830405902
monash_weather,chronos-t5,gap_boundary,0.1,5.2125303345194505,0.8192464046826786,100,3.451,1.0990147455497612,0.1459395953061903,4.742912099793513,5.613599263200977
monash_weather,chronos-2,gap_boundary,0.15,1.7463555603835457,0.24943105545573024,100,1.024,0.9775839384301248,0.125120849853699,1.7863996038928074,1.993521109770149
monash_weather,chronos-t5,gap_boundary,0.15,10.501221679677027,0.8821496987123252,100,4.17,1.0990147455497612,0.1459395953061903,9.555123552436042,6.044622070258044
monash_weather,chronos-2,gap_boundary,0.2,2.052632800894174,6.574552614655068,100,1.023,0.9775839384301248,0.125120849853699,2.099699800909619,52.545619873446704
monash_weather,chronos-t5,gap_boundary,0.2,10.608571546540448,0.9047321004616555,100,4.013,1.0990147455497612,0.1459395953061903,9.65280182954571,6.199360074717705
monash_weather,chronos-2,gap_boundary,0.3,2.107508868570616,50.30447159475071,100,1.031,0.9775839384301248,0.125120849853699,2.155834180290448,402.04707411730817
monash_weather,chronos-t5,gap_boundary,0.3,10.68280025276773,0.9193117763200266,100,3.976,1.0990147455497612,0.1459395953061903,9.72034296721275,6.299262200852713
monash_weather,chronos-2,gap_boundary,0.4,2.0481519069786702,69.04168558965905,100,1.085,0.9775839384301248,0.125120849853699,2.0951161598130805,551.8000051181554
monash_weather,chronos-t5,gap_boundary,0.4,10.685465494851629,0.919800443376593,100,4.331,1.0990147455497612,0.1459395953061903,9.722768086706997,6.302610620831137
monash_weather,chronos-2,gap_boundary,0.5,3.5415921911033124,156.54520682041155,100,1.133,0.9775839384301248,0.125120849853699,3.622801124157848,1251.1520422332196
monash_weather,chronos-t5,gap_boundary,0.5,10.685465494851629,0.919800443376593,100,4.125,1.0990147455497612,0.1459395953061903,9.722768086706997,6.302610620831137
monash_weather,chronos-2,gap_boundary,0.6,3.633789568553749,156.62265812175139,100,1.062,0.9775839384301248,0.125120849853699,3.717112593307488,1251.771054183909
monash_weather,chronos-t5,gap_boundary,0.6,10.685465494851629,0.919800443376593,100,4.082,1.0990147455497612,0.1459395953061903,9.722768086706997,6.302610620831137
monash_weather,chronos-2,gap_boundary,0.7,3.314578629475081,181.5013749194791,100,1.038,0.9775839384301248,0.125120849853699,3.3905821271960255,1450.6085527048815
monash_weather,chronos-t5,gap_boundary,0.7,10.685465494851629,0.919800443376593,100,4.013,1.0990147455497612,0.1459395953061903,9.722768086706997,6.302610620831137
