seed,dataset,model,family,severity,MASE,WQL,n_series
0,monash_australian_electricity,chronos-2,clean,0.0,0.6271804180014168,0.030672134058366392,5
0,monash_australian_electricity,chronos-t5,clean,0.0,1.184876521529985,0.06980471901413274,5
0,monash_australian_electricity,chronos-2,regime_trend,0.01,0.6217335242523521,0.03057765310386884,5
0,monash_australian_electricity,chronos-t5,regime_trend,0.01,1.1631667791978963,0.06880588885771793,5
0,monash_australian_electricity,chronos-2,regime_trend,0.02,0.602042542354855,0.029835272060091185,5
0,monash_australian_electricity,chronos-t5,regime_trend,0.02,1.1377565664546736,0.06840054386297884,5
0,monash_australian_electricity,chronos-2,regime_trend,0.04,0.6974643902254033,0.032983132811684315,5
0,monash_australian_electricity,chronos-t5,regime_trend,0.04,1.1528808035027118,0.0680580766715246,5
0,monash_australian_electricity,chronos-2,regime_trend,0.06,0.6449530790601268,0.03158028494165788,5
0,monash_australian_electricity,chronos-t5,regime_trend,0.06,1.0207609650624434,0.06205538850738512,5
0,monash_australian_electricity,chronos-2,regime_trend,0.09,0.7406907422446789,0.037125796855627835,5
0,monash_australian_electricity,chronos-t5,regime_trend,0.09,1.1402521388962052,0.06986098287601832,5
0,monash_australian_electricity,chronos-2,regime_trend,0.13,0.8765773274661962,0.04228655119744351,5
0,monash_australian_electricity,chronos-t5,regime_trend,0.13,1.0976853019069528,0.06307304792034432,5
0,monash_australian_electricity,chronos-2,regime_trend,0.18,1.0927745204436323,0.05521283100753119,5
0,monash_australian_electricity,chronos-t5,regime_trend,0.18,1.2254917052627905,0.06675894458892963,5
0,monash_australian_electricity,chronos-2,regime_trend,0.25,1.2290722736738924,0.06334320247505178,5
0,monash_australian_electricity,chronos-t5,regime_trend,0.25,1.3747021553348384,0.08122744058812553,5
0,monash_cif_2016,chronos-2,clean,0.0,0.9366922139796068,0.011260000608145472,72
0,monash_cif_2016,chronos-t5,clean,0.0,0.9939565580468096,0.013888063123188202,72
0,monash_cif_2016,chronos-2,regime_trend,0.01,0.9387214055388261,0.010362970154583354,72
0,monash_cif_2016,chronos-t5,regime_trend,0.01,0.9980426630380874,0.013900332825331667,72
0,monash_cif_2016,chronos-2,regime_trend,0.02,0.9422862758962515,0.013055560285661776,72
0,monash_cif_2016,chronos-t5,regime_trend,0.02,1.0022810640634938,0.014131174231055282,72
0,monash_cif_2016,chronos-2,regime_trend,0.04,0.9371520427095835,0.017807575003326477,72
0,monash_cif_2016,chronos-t5,regime_trend,0.04,1.0199569286978385,0.014705786677918636,72
0,monash_cif_2016,chronos-2,regime_trend,0.06,0.9513328613544174,0.023410879889490626,72
0,monash_cif_2016,chronos-t5,regime_trend,0.06,1.009164503122351,0.013607434491405775,72
0,monash_cif_2016,chronos-2,regime_trend,0.09,0.9630135016506147,0.03168794578765097,72
0,monash_cif_2016,chronos-t5,regime_trend,0.09,1.031318321834391,0.018596290051476106,72
0,monash_cif_2016,chronos-2,regime_trend,0.13,0.9780656624561895,0.041399267758076654,72
0,monash_cif_2016,chronos-t5,regime_trend,0.13,1.0313598114855307,0.020460078438332908,72
0,monash_cif_2016,chronos-2,regime_trend,0.18,1.0265369434588048,0.05581820900003925,72
0,monash_cif_2016,chronos-t5,regime_trend,0.18,1.053050655156618,0.031256325845361914,72
0,monash_cif_2016,chronos-2,regime_trend,0.25,1.1365107293345735,0.07401164458132091,72
0,monash_cif_2016,chronos-t5,regime_trend,0.25,1.2045533110765891,0.0355789267166064,72
0,monash_car_parts,chronos-2,clean,0.0,0.894274873223502,1.0267238668417118,100
0,monash_car_parts,chronos-t5,clean,0.0,0.9210502929532033,1.0933709569566032,100
0,monash_car_parts,chronos-2,regime_trend,0.01,0.8949770917703633,1.0284826114495071,100
0,monash_car_parts,chronos-t5,regime_trend,0.01,0.9124937983564722,1.0094378906506882,100
0,monash_car_parts,chronos-2,regime_trend,0.02,0.8957467575504665,1.027524573925567,100
0,monash_car_parts,chronos-t5,regime_trend,0.02,0.9079568491120364,1.0142677391771882,100
0,monash_car_parts,chronos-2,regime_trend,0.04,0.9037448474571903,1.0384187610137579,100
0,monash_car_parts,chronos-t5,regime_trend,0.04,0.9355324701170359,1.0263218909492313,100
0,monash_car_parts,chronos-2,regime_trend,0.06,0.9164082991850261,1.047870121458576,100
0,monash_car_parts,chronos-t5,regime_trend,0.06,1.0062392390901955,1.1049242798347478,100
0,monash_car_parts,chronos-2,regime_trend,0.09,0.9290927960415681,1.0669702519907547,100
0,monash_car_parts,chronos-t5,regime_trend,0.09,1.0191288828109335,1.1541951243959916,100
0,monash_car_parts,chronos-2,regime_trend,0.13,0.9630730544020348,1.1163443600252778,100
0,monash_car_parts,chronos-t5,regime_trend,0.13,1.0632800108150005,1.2071501939880418,100
0,monash_car_parts,chronos-2,regime_trend,0.18,1.0142612601669765,1.1508396629190811,100
0,monash_car_parts,chronos-t5,regime_trend,0.18,1.1723856130441956,1.3740762933391937,100
0,monash_car_parts,chronos-2,regime_trend,0.25,1.087707073272346,1.2413586510027725,100
0,monash_car_parts,chronos-t5,regime_trend,0.25,1.2381615296067465,1.5398997137076202,100
0,monash_covid_deaths,chronos-2,clean,0.0,43.033524543394854,0.027007980152812278,100
0,monash_covid_deaths,chronos-t5,clean,0.0,50.51105006993207,0.05064252697631826,100
0,monash_covid_deaths,chronos-2,regime_trend,0.01,43.274330327115194,0.028575294761337657,100
0,monash_covid_deaths,chronos-t5,regime_trend,0.01,50.851227761819025,0.04371199826163627,100
0,monash_covid_deaths,chronos-2,regime_trend,0.02,43.24586376046933,0.026268328456091852,100
0,monash_covid_deaths,chronos-t5,regime_trend,0.02,51.27603368552495,0.04308698035148715,100
0,monash_covid_deaths,chronos-2,regime_trend,0.04,43.60804670158463,0.04239494898391076,100
0,monash_covid_deaths,chronos-t5,regime_trend,0.04,51.82797375275232,0.05920837968342569,100
0,monash_covid_deaths,chronos-2,regime_trend,0.06,44.172504769109715,0.047631605047142526,100
0,monash_covid_deaths,chronos-t5,regime_trend,0.06,53.16422369838997,0.06615958418429209,100
0,monash_covid_deaths,chronos-2,regime_trend,0.09,46.63726165068,0.05826452937391438,100
0,monash_covid_deaths,chronos-t5,regime_trend,0.09,54.10525926579741,0.054381363657122275,100
0,monash_covid_deaths,chronos-2,regime_trend,0.13,48.03430053425052,0.08102603903099365,100
0,monash_covid_deaths,chronos-t5,regime_trend,0.13,55.319482428390124,0.09588203876002124,100
0,monash_covid_deaths,chronos-2,regime_trend,0.18,51.06203968613267,0.10107567495406039,100
0,monash_covid_deaths,chronos-t5,regime_trend,0.18,58.78166411910049,0.1125943561077862,100
0,monash_covid_deaths,chronos-2,regime_trend,0.25,55.32673845152666,0.1321830090829475,100
0,monash_covid_deaths,chronos-t5,regime_trend,0.25,63.85694067303647,0.15353078653905594,100
0,dominick,chronos-2,clean,0.0,0.8295138231556268,0.24857655709519688,100
0,dominick,chronos-t5,clean,0.0,0.7698056257095454,0.2595823699292185,100
0,dominick,chronos-2,regime_trend,0.01,0.8315396364924312,0.249045681533852,100
0,dominick,chronos-t5,regime_trend,0.01,0.8545904560130279,0.2793930699540445,100
0,dominick,chronos-2,regime_trend,0.02,0.8366699729239931,0.25019480228091073,100
0,dominick,chronos-t5,regime_trend,0.02,0.8825853605454519,0.28353236376168867,100
0,dominick,chronos-2,regime_trend,0.04,0.8642666957691856,0.2558308275864237,100
0,dominick,chronos-t5,regime_trend,0.04,0.8583431419143605,0.27714251081845426,100
0,dominick,chronos-2,regime_trend,0.06,0.908108317436083,0.2665770049276012,100
0,dominick,chronos-t5,regime_trend,0.06,0.9284870490983508,0.31128281029910343,100
0,dominick,chronos-2,regime_trend,0.09,0.9757788760278346,0.28432488334700007,100
0,dominick,chronos-t5,regime_trend,0.09,0.8897293007918041,0.30798822988305274,100
0,dominick,chronos-2,regime_trend,0.13,1.0157471370154163,0.2971306932616009,100
0,dominick,chronos-t5,regime_trend,0.13,1.063267913204919,0.35765582600997753,100
0,dominick,chronos-2,regime_trend,0.18,1.1499750924186822,0.32733755846991286,100
0,dominick,chronos-t5,regime_trend,0.18,1.1326084618463081,0.35520136121719603,100
0,dominick,chronos-2,regime_trend,0.25,1.3063880795126173,0.3662472946626669,100
0,dominick,chronos-t5,regime_trend,0.25,1.2337594711331608,0.3936456838207451,100
0,ercot,chronos-2,clean,0.0,0.8417995516641943,0.02604302222263971,8
0,ercot,chronos-t5,clean,0.0,0.5921761197102479,0.016429956422712208,8
0,ercot,chronos-2,regime_trend,0.01,0.8342194862060467,0.025844427876872765,8
0,ercot,chronos-t5,regime_trend,0.01,0.5786394789531323,0.01682571964062836,8
0,ercot,chronos-2,regime_trend,0.02,0.8521271249931931,0.02584313409598842,8
0,ercot,chronos-t5,regime_trend,0.02,0.5733152672299624,0.01611773713075136,8
0,ercot,chronos-2,regime_trend,0.04,0.8298497460608535,0.02779881450628215,8
0,ercot,chronos-t5,regime_trend,0.04,0.5416972558371793,0.015765259304498392,8
0,ercot,chronos-2,regime_trend,0.06,0.994636054693636,0.028315529930643304,8
0,ercot,chronos-t5,regime_trend,0.06,0.6722169430846529,0.017756175330260502,8
0,ercot,chronos-2,regime_trend,0.09,0.9951785690510929,0.03016295765399852,8
0,ercot,chronos-t5,regime_trend,0.09,0.7567746842427937,0.01986325640704051,8
0,ercot,chronos-2,regime_trend,0.13,0.8947607339174413,0.022486042200692332,8
0,ercot,chronos-t5,regime_trend,0.13,0.850922173180597,0.024280492184241595,8
0,ercot,chronos-2,regime_trend,0.18,0.9078899187746238,0.028444230669444973,8
0,ercot,chronos-t5,regime_trend,0.18,0.7807266584563948,0.025983717566033095,8
0,ercot,chronos-2,regime_trend,0.25,1.60227196797143,0.04399118674425463,8
0,ercot,chronos-t5,regime_trend,0.25,1.3809283066262987,0.035897456451084185,8
0,exchange_rate,chronos-2,clean,0.0,1.816427573959804,0.011831282159531213,8
0,exchange_rate,chronos-t5,clean,0.0,1.9953892153692887,0.012882097841430835,8
0,exchange_rate,chronos-2,regime_trend,0.01,1.7669757877413141,0.012145282211414789,8
0,exchange_rate,chronos-t5,regime_trend,0.01,1.9156934213797465,0.01255415274142858,8
0,exchange_rate,chronos-2,regime_trend,0.02,1.8950772859739016,0.013355725504321774,8
0,exchange_rate,chronos-t5,regime_trend,0.02,1.8734073113304384,0.012875590064204136,8
0,exchange_rate,chronos-2,regime_trend,0.04,1.8876480962190365,0.01220620596579264,8
0,exchange_rate,chronos-t5,regime_trend,0.04,2.03389450923934,0.013863089758495178,8
0,exchange_rate,chronos-2,regime_trend,0.06,3.0896943053309607,0.012550381071733858,8
0,exchange_rate,chronos-t5,regime_trend,0.06,3.2194487783594523,0.0138329497795588,8
0,exchange_rate,chronos-2,regime_trend,0.09,3.1875466230242018,0.015450684015503115,8
0,exchange_rate,chronos-t5,regime_trend,0.09,2.9050123876257534,0.0165689858625469,8
0,exchange_rate,chronos-2,regime_trend,0.13,4.18621783879704,0.015435030610008596,8
0,exchange_rate,chronos-t5,regime_trend,0.13,4.459947311387475,0.01601286996676069,8
0,exchange_rate,chronos-2,regime_trend,0.18,6.578615055602347,0.024070412408812438,8
0,exchange_rate,chronos-t5,regime_trend,0.18,6.216154076680931,0.023837561338577187,8
0,exchange_rate,chronos-2,regime_trend,0.25,8.936658479344892,0.044367467935958894,8
0,exchange_rate,chronos-t5,regime_trend,0.25,9.11185591611926,0.043996886008314126,8
0,monash_fred_md,chronos-2,clean,0.0,0.4532046285633289,0.02010413991667694,100
0,monash_fred_md,chronos-t5,clean,0.0,0.4444821362323673,0.016194905629114045,100
0,monash_fred_md,chronos-2,regime_trend,0.01,0.4745521287749017,0.019609117616518564,100
0,monash_fred_md,chronos-t5,regime_trend,0.01,0.4650330389481915,0.01668118444117059,100
0,monash_fred_md,chronos-2,regime_trend,0.02,0.5109460890249384,0.021243923860886003,100
0,monash_fred_md,chronos-t5,regime_trend,0.02,0.5219237748772972,0.019545877787732823,100
0,monash_fred_md,chronos-2,regime_trend,0.04,0.6114473315331399,0.02006978680262092,100
0,monash_fred_md,chronos-t5,regime_trend,0.04,0.6491201572130378,0.017192357531667778,100
0,monash_fred_md,chronos-2,regime_trend,0.06,0.8003242368047797,0.026601300824985737,100
0,monash_fred_md,chronos-t5,regime_trend,0.06,0.7809865181482814,0.024037325336794212,100
0,monash_fred_md,chronos-2,regime_trend,0.09,1.0823108878560068,0.031144413455959266,100
0,monash_fred_md,chronos-t5,regime_trend,0.09,1.1549438120307345,0.03160497919371228,100
0,monash_fred_md,chronos-2,regime_trend,0.13,1.509888244343376,0.03019492525359247,100
0,monash_fred_md,chronos-t5,regime_trend,0.13,1.5161223252306428,0.028686500482455666,100
0,monash_fred_md,chronos-2,regime_trend,0.18,2.00023847422945,0.04811789848336496,100
0,monash_fred_md,chronos-t5,regime_trend,0.18,1.9698860511415737,0.04516077204691105,100
0,monash_fred_md,chronos-2,regime_trend,0.25,2.6745820457281373,0.06386400945264063,100
0,monash_fred_md,chronos-t5,regime_trend,0.25,2.680493395730049,0.06710008187429028,100
0,monash_hospital,chronos-2,clean,0.0,0.7870107936415635,0.061281917662917254,100
0,monash_hospital,chronos-t5,clean,0.0,0.843113891375496,0.0672613080996605,100
0,monash_hospital,chronos-2,regime_trend,0.01,0.7879380241428112,0.061651208947030356,100
0,monash_hospital,chronos-t5,regime_trend,0.01,0.8492526065797797,0.06666216849015377,100
0,monash_hospital,chronos-2,regime_trend,0.02,0.7878854546544632,0.06152186097720348,100
0,monash_hospital,chronos-t5,regime_trend,0.02,0.8575499727796313,0.06699887122999643,100
0,monash_hospital,chronos-2,regime_trend,0.04,0.787868998573173,0.06192379433120635,100
0,monash_hospital,chronos-t5,regime_trend,0.04,0.8409777534001217,0.0669188544897508,100
0,monash_hospital,chronos-2,regime_trend,0.06,0.7875166910968889,0.06020078366526868,100
0,monash_hospital,chronos-t5,regime_trend,0.06,0.8202714071126642,0.0665881327224838,100
0,monash_hospital,chronos-2,regime_trend,0.09,0.7826803472426085,0.059283402454121364,100
0,monash_hospital,chronos-t5,regime_trend,0.09,0.808108076609253,0.06487569958919752,100
0,monash_hospital,chronos-2,regime_trend,0.13,0.7860700969544232,0.058728902601919826,100
0,monash_hospital,chronos-t5,regime_trend,0.13,0.8404243715435705,0.0665863202792793,100
0,monash_hospital,chronos-2,regime_trend,0.18,0.7905506758408695,0.061154942942011896,100
0,monash_hospital,chronos-t5,regime_trend,0.18,0.8312831408202822,0.06767294026104281,100
0,monash_hospital,chronos-2,regime_trend,0.25,0.8051543095257758,0.06242065972569493,100
0,monash_hospital,chronos-t5,regime_trend,0.25,0.8362155372403216,0.06887925096025607,100
0,monash_m1_monthly,chronos-2,clean,0.0,1.0252822007023978,0.27221328295504754,100
0,monash_m1_monthly,chronos-t5,clean,0.0,1.1643013260136694,0.2078109446865823,100
0,monash_m1_monthly,chronos-2,regime_trend,0.01,1.0261724120158333,0.27247706090853574,100
0,monash_m1_monthly,chronos-t5,regime_trend,0.01,1.1731806695621314,0.20512411889427673,100
0,monash_m1_monthly,chronos-2,regime_trend,0.02,1.0238531269653655,0.2709621700414516,100
0,monash_m1_monthly,chronos-t5,regime_trend,0.02,1.164605166548638,0.19855454144506496,100
0,monash_m1_monthly,chronos-2,regime_trend,0.04,1.0379783938675238,0.2698265854331472,100
0,monash_m1_monthly,chronos-t5,regime_trend,0.04,1.1820160299927864,0.2048037028635976,100
0,monash_m1_monthly,chronos-2,regime_trend,0.06,1.0164410222343099,0.2682456269494578,100
0,monash_m1_monthly,chronos-t5,regime_trend,0.06,1.1686181454779139,0.20309527521332926,100
0,monash_m1_monthly,chronos-2,regime_trend,0.09,1.0253854797158999,0.27504261412721465,100
0,monash_m1_monthly,chronos-t5,regime_trend,0.09,1.1553428663389236,0.2071257453612604,100
0,monash_m1_monthly,chronos-2,regime_trend,0.13,1.014142091601306,0.28145380798561237,100
0,monash_m1_monthly,chronos-t5,regime_trend,0.13,1.1551557853772747,0.2028176170135934,100
0,monash_m1_monthly,chronos-2,regime_trend,0.18,1.0093138237108068,0.25450083716369126,100
0,monash_m1_monthly,chronos-t5,regime_trend,0.18,1.1829481954939376,0.19674037872061562,100
0,monash_m1_monthly,chronos-2,regime_trend,0.25,1.0871637207113896,0.2984041442179956,100
0,monash_m1_monthly,chronos-t5,regime_trend,0.25,1.1789865651628997,0.20723730885394376,100
0,monash_m1_quarterly,chronos-2,clean,0.0,1.5766614979688591,0.07952721348399153,100
0,monash_m1_quarterly,chronos-t5,clean,0.0,1.7384235644141037,0.09519332234953765,100
0,monash_m1_quarterly,chronos-2,regime_trend,0.01,1.5838247668987804,0.08016612471847527,100
0,monash_m1_quarterly,chronos-t5,regime_trend,0.01,1.7630148142061615,0.0952686055647763,100
0,monash_m1_quarterly,chronos-2,regime_trend,0.02,1.5785275564213415,0.07907398586276207,100
0,monash_m1_quarterly,chronos-t5,regime_trend,0.02,1.756958735798986,0.09469456650222816,100
0,monash_m1_quarterly,chronos-2,regime_trend,0.04,1.5874488059219078,0.0791789356789609,100
0,monash_m1_quarterly,chronos-t5,regime_trend,0.04,1.7533910381689821,0.09542539884620095,100
0,monash_m1_quarterly,chronos-2,regime_trend,0.06,1.6057375850300206,0.08029159129626985,100
0,monash_m1_quarterly,chronos-t5,regime_trend,0.06,1.782598244053969,0.10094063458276177,100
0,monash_m1_quarterly,chronos-2,regime_trend,0.09,1.6219567197970903,0.0814338769449382,100
0,monash_m1_quarterly,chronos-t5,regime_trend,0.09,1.8022333778662136,0.09712458463534071,100
0,monash_m1_quarterly,chronos-2,regime_trend,0.13,1.6548243640980054,0.08565358547965184,100
0,monash_m1_quarterly,chronos-t5,regime_trend,0.13,1.8035940032493047,0.10503423182853464,100
0,monash_m1_quarterly,chronos-2,regime_trend,0.18,1.754076945877007,0.07728957571336376,100
0,monash_m1_quarterly,chronos-t5,regime_trend,0.18,1.9128342373936698,0.09328077231895832,100
0,monash_m1_quarterly,chronos-2,regime_trend,0.25,1.7509223180895137,0.07886561385997069,100
0,monash_m1_quarterly,chronos-t5,regime_trend,0.25,1.84432537797382,0.09007117066317459,100
0,monash_m1_yearly,chronos-2,clean,0.0,3.637927031199332,0.07096940204212351,100
0,monash_m1_yearly,chronos-t5,clean,0.0,4.8763596590243115,0.0831845042523565,100
0,monash_m1_yearly,chronos-2,regime_trend,0.01,3.6377393873640913,0.07146618672242844,100
0,monash_m1_yearly,chronos-t5,regime_trend,0.01,4.904023598261401,0.08452459812269025,100
0,monash_m1_yearly,chronos-2,regime_trend,0.02,3.6520969826848173,0.07278961503635623,100
0,monash_m1_yearly,chronos-t5,regime_trend,0.02,4.881993428222026,0.0966827189969599,100
0,monash_m1_yearly,chronos-2,regime_trend,0.04,3.6341363962991013,0.0727836693090447,100
0,monash_m1_yearly,chronos-t5,regime_trend,0.04,4.917288576932557,0.09650868342733299,100
0,monash_m1_yearly,chronos-2,regime_trend,0.06,3.6949551969700605,0.07385049344202538,100
0,monash_m1_yearly,chronos-t5,regime_trend,0.06,4.9556607955669065,0.09982885061428037,100
0,monash_m1_yearly,chronos-2,regime_trend,0.09,3.6186913045455875,0.07042093783836759,100
0,monash_m1_yearly,chronos-t5,regime_trend,0.09,4.83530986128195,0.08833359120627145,100
0,monash_m1_yearly,chronos-2,regime_trend,0.13,3.690893257057331,0.0767645245877398,100
0,monash_m1_yearly,chronos-t5,regime_trend,0.13,4.971313741902305,0.1070935880073593,100
0,monash_m1_yearly,chronos-2,regime_trend,0.18,3.7861056330467076,0.06827497782202993,100
0,monash_m1_yearly,chronos-t5,regime_trend,0.18,4.964216340585187,0.08183101445626119,100
0,monash_m1_yearly,chronos-2,regime_trend,0.25,4.009616079114689,0.0867482340213319,100
0,monash_m1_yearly,chronos-t5,regime_trend,0.25,5.14203326814134,0.10926406537739111,100
0,monash_m3_monthly,chronos-2,clean,0.0,0.811635633079432,0.08901184204854988,100
0,monash_m3_monthly,chronos-t5,clean,0.0,0.8309916385062547,0.09316264892827573,100
0,monash_m3_monthly,chronos-2,regime_trend,0.01,0.8129298987081178,0.0890269044767708,100
0,monash_m3_monthly,chronos-t5,regime_trend,0.01,0.8453434459462078,0.09354483814621026,100
0,monash_m3_monthly,chronos-2,regime_trend,0.02,0.8101688458125229,0.08879036298907686,100
0,monash_m3_monthly,chronos-t5,regime_trend,0.02,0.8494323899385811,0.09380162743773578,100
0,monash_m3_monthly,chronos-2,regime_trend,0.04,0.8147964031425389,0.08933319850046645,100
0,monash_m3_monthly,chronos-t5,regime_trend,0.04,0.8417741991484697,0.09327844043006743,100
0,monash_m3_monthly,chronos-2,regime_trend,0.06,0.8357874575496382,0.089738384627918,100
0,monash_m3_monthly,chronos-t5,regime_trend,0.06,0.8702149301286065,0.09243214081948513,100
0,monash_m3_monthly,chronos-2,regime_trend,0.09,0.8335346475597178,0.09080516246776622,100
0,monash_m3_monthly,chronos-t5,regime_trend,0.09,0.8607997936184744,0.09518314643659687,100
0,monash_m3_monthly,chronos-2,regime_trend,0.13,0.8417498328968411,0.09034559450691204,100
0,monash_m3_monthly,chronos-t5,regime_trend,0.13,0.8781202024392997,0.0955851297637262,100
0,monash_m3_monthly,chronos-2,regime_trend,0.18,0.916467333832285,0.09330241504309014,100
0,monash_m3_monthly,chronos-t5,regime_trend,0.18,0.9169025421252377,0.09625513698211487,100
0,monash_m3_monthly,chronos-2,regime_trend,0.25,1.009698313299607,0.10108743753805413,100
0,monash_m3_monthly,chronos-t5,regime_trend,0.25,1.0203750244883472,0.10135360014496902,100
0,monash_m3_quarterly,chronos-2,clean,0.0,1.2542640597019636,0.07384750980066322,100
0,monash_m3_quarterly,chronos-t5,clean,0.0,1.3468232787559626,0.08104382148146834,100
0,monash_m3_quarterly,chronos-2,regime_trend,0.01,1.2504763689477414,0.07373424642147801,100
0,monash_m3_quarterly,chronos-t5,regime_trend,0.01,1.3333163199872626,0.08004685094702932,100
0,monash_m3_quarterly,chronos-2,regime_trend,0.02,1.2391826057210726,0.0732745857941517,100
0,monash_m3_quarterly,chronos-t5,regime_trend,0.02,1.329835227320753,0.08073531542124159,100
0,monash_m3_quarterly,chronos-2,regime_trend,0.04,1.2496244293184942,0.07386108893514465,100
0,monash_m3_quarterly,chronos-t5,regime_trend,0.04,1.3340558836007657,0.0808790365433195,100
0,monash_m3_quarterly,chronos-2,regime_trend,0.06,1.285436288095049,0.0753229787738467,100
0,monash_m3_quarterly,chronos-t5,regime_trend,0.06,1.38113974402542,0.08243822206232172,100
0,monash_m3_quarterly,chronos-2,regime_trend,0.09,1.311330284157728,0.07635737307879602,100
0,monash_m3_quarterly,chronos-t5,regime_trend,0.09,1.3456839975296888,0.0807490443954099,100
0,monash_m3_quarterly,chronos-2,regime_trend,0.13,1.3380607478897217,0.07751775472047173,100
0,monash_m3_quarterly,chronos-t5,regime_trend,0.13,1.4107620763281847,0.08389572313364284,100
0,monash_m3_quarterly,chronos-2,regime_trend,0.18,1.3345466758114202,0.0764452094751019,100
0,monash_m3_quarterly,chronos-t5,regime_trend,0.18,1.4433074713386835,0.08329495956407457,100
0,monash_m3_quarterly,chronos-2,regime_trend,0.25,1.4628950972011603,0.08507725180195701,100
0,monash_m3_quarterly,chronos-t5,regime_trend,0.25,1.5104761196636258,0.09047755721348244,100
0,monash_m3_yearly,chronos-2,clean,0.0,3.0132092403527664,0.14670256385058947,100
0,monash_m3_yearly,chronos-t5,clean,0.0,3.66514553814015,0.16514826763270746,100
0,monash_m3_yearly,chronos-2,regime_trend,0.01,3.0154056217537937,0.14687798238206545,100
0,monash_m3_yearly,chronos-t5,regime_trend,0.01,3.6500403822980716,0.16367701356233985,100
0,monash_m3_yearly,chronos-2,regime_trend,0.02,3.023784965986742,0.14721886438010717,100
0,monash_m3_yearly,chronos-t5,regime_trend,0.02,3.594116643428668,0.16170458108104296,100
0,monash_m3_yearly,chronos-2,regime_trend,0.04,3.0460773661437215,0.1471383596582848,100
0,monash_m3_yearly,chronos-t5,regime_trend,0.04,3.7173455485502283,0.1663980243941997,100
0,monash_m3_yearly,chronos-2,regime_trend,0.06,3.133730718101793,0.15060085202912274,100
0,monash_m3_yearly,chronos-t5,regime_trend,0.06,3.6710289885466167,0.16527006271630315,100
0,monash_m3_yearly,chronos-2,regime_trend,0.09,3.064971004769642,0.1485050658048487,100
0,monash_m3_yearly,chronos-t5,regime_trend,0.09,3.537281369631569,0.15889737426893782,100
0,monash_m3_yearly,chronos-2,regime_trend,0.13,3.239432394278715,0.15065293678557612,100
0,monash_m3_yearly,chronos-t5,regime_trend,0.13,3.6930722326617738,0.16151231443490022,100
0,monash_m3_yearly,chronos-2,regime_trend,0.18,3.344945085216672,0.1559967412894544,100
0,monash_m3_yearly,chronos-t5,regime_trend,0.18,3.8192770493413097,0.16760977208256211,100
0,monash_m3_yearly,chronos-2,regime_trend,0.25,3.4528674006079783,0.16073212579006554,100
0,monash_m3_yearly,chronos-t5,regime_trend,0.25,3.8291638685478917,0.17258769777154037,100
0,m4_quarterly,chronos-2,clean,0.0,1.1058863737967675,0.07350590730709108,100
0,m4_quarterly,chronos-t5,clean,0.0,1.1786944819900755,0.07799704990156442,100
0,m4_quarterly,chronos-2,regime_trend,0.01,1.1137275847364947,0.07362314601242224,100
0,m4_quarterly,chronos-t5,regime_trend,0.01,1.174281450885331,0.07818809223003735,100
0,m4_quarterly,chronos-2,regime_trend,0.02,1.1166373728234134,0.07391661820154843,100
0,m4_quarterly,chronos-t5,regime_trend,0.02,1.181548878276416,0.07836134392738692,100
0,m4_quarterly,chronos-2,regime_trend,0.04,1.098664903782674,0.07374860717932025,100
0,m4_quarterly,chronos-t5,regime_trend,0.04,1.181754319134945,0.07947871913677208,100
0,m4_quarterly,chronos-2,regime_trend,0.06,1.1928318748924351,0.07710954338803368,100
0,m4_quarterly,chronos-t5,regime_trend,0.06,1.2417479665256974,0.08281403461180964,100
0,m4_quarterly,chronos-2,regime_trend,0.09,1.2294663525506726,0.07832970086419253,100
0,m4_quarterly,chronos-t5,regime_trend,0.09,1.254954623601641,0.08264076122198362,100
0,m4_quarterly,chronos-2,regime_trend,0.13,1.3022339266137646,0.08344575292677489,100
0,m4_quarterly,chronos-t5,regime_trend,0.13,1.3633598153292663,0.0895747574985792,100
0,m4_quarterly,chronos-2,regime_trend,0.18,1.3997663147888335,0.08499113148531146,100
0,m4_quarterly,chronos-t5,regime_trend,0.18,1.3991924961922908,0.08782760158791135,100
0,m4_quarterly,chronos-2,regime_trend,0.25,1.498892037374363,0.09080974721979483,100
0,m4_quarterly,chronos-t5,regime_trend,0.25,1.5109926868203032,0.09665207818190096,100
0,m4_yearly,chronos-2,clean,0.0,3.003324720876421,0.11662203541969743,100
0,m4_yearly,chronos-t5,clean,0.0,3.6359417595136,0.1411881404039837,100
0,m4_yearly,chronos-2,regime_trend,0.01,3.009899944987315,0.11701190912345424,100
0,m4_yearly,chronos-t5,regime_trend,0.01,3.626935415627387,0.1421539859750221,100
0,m4_yearly,chronos-2,regime_trend,0.02,3.0415034960073637,0.11732467319460833,100
0,m4_yearly,chronos-t5,regime_trend,0.02,3.6653450851374108,0.1432817480998837,100
0,m4_yearly,chronos-2,regime_trend,0.04,3.044398424967577,0.11889903991702239,100
0,m4_yearly,chronos-t5,regime_trend,0.04,3.7730887383208382,0.14613002356701382,100
0,m4_yearly,chronos-2,regime_trend,0.06,2.998119618383802,0.11630528555621449,100
0,m4_yearly,chronos-t5,regime_trend,0.06,3.706670687421506,0.14343912448511384,100
0,m4_yearly,chronos-2,regime_trend,0.09,3.2158072199480343,0.11769737580749376,100
0,m4_yearly,chronos-t5,regime_trend,0.09,3.8489698695012264,0.1446803879585873,100
0,m4_yearly,chronos-2,regime_trend,0.13,3.0640088796557254,0.11665239135611159,100
0,m4_yearly,chronos-t5,regime_trend,0.13,3.687697484621011,0.1436883483295427,100
0,m4_yearly,chronos-2,regime_trend,0.18,3.6209461958702516,0.13072611912917564,100
0,m4_yearly,chronos-t5,regime_trend,0.18,4.14152982694278,0.1560029576442781,100
0,m4_yearly,chronos-2,regime_trend,0.25,3.6566850359127647,0.12215317592742636,100
0,m4_yearly,chronos-t5,regime_trend,0.25,4.240016220763088,0.15022411794807736,100
0,m5,chronos-2,clean,0.0,0.8902796015181903,0.5276950502475531,100
0,m5,chronos-t5,clean,0.0,0.9247766879614568,0.5681063337717701,100
0,m5,chronos-2,regime_trend,0.01,0.8900144855949513,0.5272324252458902,100
0,m5,chronos-t5,regime_trend,0.01,1.0157323956004338,0.5925642847017509,100
0,m5,chronos-2,regime_trend,0.02,0.8914435563860168,0.5290670221883855,100
0,m5,chronos-t5,regime_trend,0.02,1.0231241607155057,0.6025604386125472,100
0,m5,chronos-2,regime_trend,0.04,0.8965921309573397,0.5290616315802841,100
0,m5,chronos-t5,regime_trend,0.04,1.002783274586081,0.6199127638268992,100
0,m5,chronos-2,regime_trend,0.06,0.9060819273114753,0.5304958950778533,100
0,m5,chronos-t5,regime_trend,0.06,1.0308604036858164,0.6424102946222575,100
0,m5,chronos-2,regime_trend,0.09,0.924848242586219,0.5377019694552324,100
0,m5,chronos-t5,regime_trend,0.09,1.004221104393687,0.6116822787167685,100
0,m5,chronos-2,regime_trend,0.13,0.970521729732516,0.5562332233582151,100
0,m5,chronos-t5,regime_trend,0.13,1.0395685769635472,0.6198395378136803,100
0,m5,chronos-2,regime_trend,0.18,1.0255617862146775,0.5751603499779532,100
0,m5,chronos-t5,regime_trend,0.18,1.072880094824317,0.6317160242376292,100
0,m5,chronos-2,regime_trend,0.25,1.0727197430503987,0.5824804347110643,100
0,m5,chronos-t5,regime_trend,0.25,1.086177917944068,0.6466451287222568,100
0,nn5,chronos-2,clean,0.0,0.5565058217844888,0.14566301635161222,100
0,nn5,chronos-t5,clean,0.0,0.5969987423541144,0.16408221610894136,100
0,nn5,chronos-2,regime_trend,0.01,0.5564928597082867,0.14568015835381612,100
0,nn5,chronos-t5,regime_trend,0.01,0.5988550086838946,0.16403134533816335,100
0,nn5,chronos-2,regime_trend,0.02,0.5568324171822008,0.14575531989259197,100
0,nn5,chronos-t5,regime_trend,0.02,0.5989746809163337,0.16417695570383128,100
0,nn5,chronos-2,regime_trend,0.04,0.5586222189506769,0.14599854671107282,100
0,nn5,chronos-t5,regime_trend,0.04,0.6023548311026318,0.16581063772272425,100
0,nn5,chronos-2,regime_trend,0.06,0.5571220860905598,0.14605102806067335,100
0,nn5,chronos-t5,regime_trend,0.06,0.5957670001800798,0.16341436262547565,100
0,nn5,chronos-2,regime_trend,0.09,0.5624111968737815,0.1469952208434028,100
0,nn5,chronos-t5,regime_trend,0.09,0.5954084658555081,0.1643036536381095,100
0,nn5,chronos-2,regime_trend,0.13,0.5629269627116259,0.14739120494763802,100
0,nn5,chronos-t5,regime_trend,0.13,0.6053362446865217,0.16605822547720206,100
0,nn5,chronos-2,regime_trend,0.18,0.5794606552362613,0.1519711832769966,100
0,nn5,chronos-t5,regime_trend,0.18,0.6072637260581221,0.1668115988659301,100
0,nn5,chronos-2,regime_trend,0.25,0.5939510326910705,0.15516654699103122,100
0,nn5,chronos-t5,regime_trend,0.25,0.6100113939339573,0.16896446835916984,100
0,monash_nn5_weekly,chronos-2,clean,0.0,0.85885852195396,0.07810001991339675,100
0,monash_nn5_weekly,chronos-t5,clean,0.0,0.927747677516852,0.08524856989114549,100
0,monash_nn5_weekly,chronos-2,regime_trend,0.01,0.8588552328032683,0.07815917407810256,100
0,monash_nn5_weekly,chronos-t5,regime_trend,0.01,0.9277226041368372,0.08509176548522783,100
0,monash_nn5_weekly,chronos-2,regime_trend,0.02,0.857373187803412,0.07807320545499619,100
0,monash_nn5_weekly,chronos-t5,regime_trend,0.02,0.9261369550036274,0.08500538517634158,100
0,monash_nn5_weekly,chronos-2,regime_trend,0.04,0.8603709048159268,0.07822673309467919,100
0,monash_nn5_weekly,chronos-t5,regime_trend,0.04,0.9334928141966283,0.08618307603087917,100
0,monash_nn5_weekly,chronos-2,regime_trend,0.06,0.8613235932616878,0.07826264050589814,100
0,monash_nn5_weekly,chronos-t5,regime_trend,0.06,0.9287530504432433,0.08547448855855924,100
0,monash_nn5_weekly,chronos-2,regime_trend,0.09,0.862196358521609,0.07844961553757074,100
0,monash_nn5_weekly,chronos-t5,regime_trend,0.09,0.9254777365860672,0.08525063049939009,100
0,monash_nn5_weekly,chronos-2,regime_trend,0.13,0.8549502214579096,0.07777455644142524,100
0,monash_nn5_weekly,chronos-t5,regime_trend,0.13,0.9253832309994965,0.08597554873863504,100
0,monash_nn5_weekly,chronos-2,regime_trend,0.18,0.8725034926477769,0.07861836083663286,100
0,monash_nn5_weekly,chronos-t5,regime_trend,0.18,0.9457380148135247,0.08673157926156859,100
0,monash_nn5_weekly,chronos-2,regime_trend,0.25,0.8710360449624648,0.07908403418214045,100
0,monash_nn5_weekly,chronos-t5,regime_trend,0.25,0.9288091874932332,0.08693125777089626,100
0,monash_tourism_monthly,chronos-2,clean,0.0,1.3430131286102536,0.06909977408430708,100
0,monash_tourism_monthly,chronos-t5,clean,0.0,1.8250258884111448,0.09874367276269612,100
0,monash_tourism_monthly,chronos-2,regime_trend,0.01,1.3428896448130965,0.0691847427648942,100
0,monash_tourism_monthly,chronos-t5,regime_trend,0.01,1.8316894036462417,0.10022190981676503,100
0,monash_tourism_monthly,chronos-2,regime_trend,0.02,1.348995438421962,0.06960977368922262,100
0,monash_tourism_monthly,chronos-t5,regime_trend,0.02,1.8252731146840604,0.09975101709586418,100
0,monash_tourism_monthly,chronos-2,regime_trend,0.04,1.3283574614898068,0.06856041307573721,100
0,monash_tourism_monthly,chronos-t5,regime_trend,0.04,1.8551209128003097,0.1027044401713764,100
0,monash_tourism_monthly,chronos-2,regime_trend,0.06,1.3360639029698116,0.0686472492011416,100
0,monash_tourism_monthly,chronos-t5,regime_trend,0.06,1.8483756558397066,0.10361838010733271,100
0,monash_tourism_monthly,chronos-2,regime_trend,0.09,1.387540941590603,0.07287554493058639,100
0,monash_tourism_monthly,chronos-t5,regime_trend,0.09,1.8254589280362643,0.10528826930200001,100
0,monash_tourism_monthly,chronos-2,regime_trend,0.13,1.371537290747472,0.0717031029631007,100
0,monash_tourism_monthly,chronos-t5,regime_trend,0.13,1.8842152968940535,0.10281285202960853,100
0,monash_tourism_monthly,chronos-2,regime_trend,0.18,1.4475023032863097,0.08086084227029094,100
0,monash_tourism_monthly,chronos-t5,regime_trend,0.18,1.9203362533944652,0.10796794526596191,100
0,monash_tourism_monthly,chronos-2,regime_trend,0.25,1.4310813166458665,0.08464240325163853,100
0,monash_tourism_monthly,chronos-t5,regime_trend,0.25,1.8713286946824348,0.10835311478167697,100
0,monash_tourism_quarterly,chronos-2,clean,0.0,1.5904319369414341,0.07053812492950641,100
0,monash_tourism_quarterly,chronos-t5,clean,0.0,1.7731710809614634,0.0813262242642433,100
0,monash_tourism_quarterly,chronos-2,regime_trend,0.01,1.5873625181806346,0.070518208794463,100
0,monash_tourism_quarterly,chronos-t5,regime_trend,0.01,1.7627212680869446,0.08029114376931443,100
0,monash_tourism_quarterly,chronos-2,regime_trend,0.02,1.5905685043861015,0.07166880111366071,100
0,monash_tourism_quarterly,chronos-t5,regime_trend,0.02,1.7535111994517252,0.08093643914672816,100
0,monash_tourism_quarterly,chronos-2,regime_trend,0.04,1.573073177913454,0.07029901344275358,100
0,monash_tourism_quarterly,chronos-t5,regime_trend,0.04,1.6964430099149843,0.074406660656278,100
0,monash_tourism_quarterly,chronos-2,regime_trend,0.06,1.6323365054225905,0.07205936610503569,100
0,monash_tourism_quarterly,chronos-t5,regime_trend,0.06,1.736717541000713,0.07803791795047726,100
0,monash_tourism_quarterly,chronos-2,regime_trend,0.09,1.5770206441821037,0.0688775897666306,100
0,monash_tourism_quarterly,chronos-t5,regime_trend,0.09,1.6916756945285523,0.07329602055159337,100
0,monash_tourism_quarterly,chronos-2,regime_trend,0.13,1.6846007148293511,0.07202169777299047,100
0,monash_tourism_quarterly,chronos-t5,regime_trend,0.13,1.8121306413792881,0.08504855685693843,100
0,monash_tourism_quarterly,chronos-2,regime_trend,0.18,1.7744482354260742,0.08866718129663066,100
0,monash_tourism_quarterly,chronos-t5,regime_trend,0.18,1.8830292178032417,0.10048801049167191,100
0,monash_tourism_quarterly,chronos-2,regime_trend,0.25,1.8109966381404135,0.09298839586177923,100
0,monash_tourism_quarterly,chronos-t5,regime_trend,0.25,1.920741921392888,0.10603527480698377,100
0,monash_tourism_yearly,chronos-2,clean,0.0,3.5704327729167913,0.16546482529220838,100
0,monash_tourism_yearly,chronos-t5,clean,0.0,3.92046404635849,0.20636477957446603,100
0,monash_tourism_yearly,chronos-2,regime_trend,0.01,3.5665078450337746,0.1654876182220634,100
0,monash_tourism_yearly,chronos-t5,regime_trend,0.01,3.9102697653378873,0.20604846067608967,100
0,monash_tourism_yearly,chronos-2,regime_trend,0.02,3.558554061058378,0.16498920172099873,100
0,monash_tourism_yearly,chronos-t5,regime_trend,0.02,3.949014043723445,0.2061379786848444,100
0,monash_tourism_yearly,chronos-2,regime_trend,0.04,3.570935852581416,0.16378715894030366,100
0,monash_tourism_yearly,chronos-t5,regime_trend,0.04,3.961900101245578,0.20624177011965117,100
0,monash_tourism_yearly,chronos-2,regime_trend,0.06,3.592362059921378,0.16723267980480389,100
0,monash_tourism_yearly,chronos-t5,regime_trend,0.06,3.9518115784110535,0.2189114464485452,100
0,monash_tourism_yearly,chronos-2,regime_trend,0.09,3.5757796550887058,0.16315189266082497,100
0,monash_tourism_yearly,chronos-t5,regime_trend,0.09,3.920301318746921,0.20889415943623388,100
0,monash_tourism_yearly,chronos-2,regime_trend,0.13,3.6687355967324153,0.17031212330381323,100
0,monash_tourism_yearly,chronos-t5,regime_trend,0.13,4.015541173194862,0.21689676931134316,100
0,monash_tourism_yearly,chronos-2,regime_trend,0.18,3.6177150871634227,0.17275981318591666,100
0,monash_tourism_yearly,chronos-t5,regime_trend,0.18,3.958442281566485,0.22016558680726853,100
0,monash_tourism_yearly,chronos-2,regime_trend,0.25,3.819812172823498,0.16633118289908977,100
0,monash_tourism_yearly,chronos-t5,regime_trend,0.25,4.104756381311996,0.2095639517124405,100
0,monash_traffic,chronos-2,clean,0.0,0.8271235376076017,0.2736839843613832,100
0,monash_traffic,chronos-t5,clean,0.0,0.8261989519378098,0.28583288361576575,100
0,monash_traffic,chronos-2,regime_trend,0.01,0.8279624265373078,0.27355569702264,100
0,monash_traffic,chronos-t5,regime_trend,0.01,0.8273757147969653,0.28548915927787744,100
0,monash_traffic,chronos-2,regime_trend,0.02,0.8306377175951093,0.2735761835643542,100
0,monash_traffic,chronos-t5,regime_trend,0.02,0.8401009789826351,0.2869718306294535,100
0,monash_traffic,chronos-2,regime_trend,0.04,0.8315298850661414,0.27515729302983966,100
0,monash_traffic,chronos-t5,regime_trend,0.04,0.8440181732937142,0.2864278682628608,100
0,monash_traffic,chronos-2,regime_trend,0.06,0.8506903366471711,0.2809594541030979,100
0,monash_traffic,chronos-t5,regime_trend,0.06,0.8688356223401851,0.2955957819877711,100
0,monash_traffic,chronos-2,regime_trend,0.09,0.8727152025499662,0.28456477105185685,100
0,monash_traffic,chronos-t5,regime_trend,0.09,0.8839177683360931,0.29220790556797155,100
0,monash_traffic,chronos-2,regime_trend,0.13,0.9654317107562228,0.31208683807439513,100
0,monash_traffic,chronos-t5,regime_trend,0.13,0.983783187089792,0.32289058679391947,100
0,monash_traffic,chronos-2,regime_trend,0.18,0.98657452580169,0.32566665190511324,100
0,monash_traffic,chronos-t5,regime_trend,0.18,0.975178595937255,0.3316566741101236,100
0,monash_traffic,chronos-2,regime_trend,0.25,1.1109270744289879,0.33383857618704854,100
0,monash_traffic,chronos-t5,regime_trend,0.25,1.1003114595701948,0.3450753276717251,100
0,monash_weather,chronos-2,clean,0.0,0.9775839384301249,0.12512084985369903,100
0,monash_weather,chronos-t5,clean,0.0,1.0990147455497612,0.1459395953061903,100
0,monash_weather,chronos-2,regime_trend,0.01,0.9818601271032366,0.12551390954429026,100
0,monash_weather,chronos-t5,regime_trend,0.01,1.0915074369043531,0.14563110356293493,100
0,monash_weather,chronos-2,regime_trend,0.02,0.9829756278585156,0.12605077636955517,100
0,monash_weather,chronos-t5,regime_trend,0.02,1.0970100296954757,0.14747805833584288,100
0,monash_weather,chronos-2,regime_trend,0.04,0.9943577690762989,0.1281453372459202,100
0,monash_weather,chronos-t5,regime_trend,0.04,1.0964800853331975,0.1487124664055508,100
0,monash_weather,chronos-2,regime_trend,0.06,1.0086439486730787,0.13059646471615474,100
0,monash_weather,chronos-t5,regime_trend,0.06,1.0616062257008527,0.1509704975946442,100
0,monash_weather,chronos-2,regime_trend,0.09,1.0350476147057541,0.1364186071589537,100
0,monash_weather,chronos-t5,regime_trend,0.09,1.1321518693552035,0.15802542875892026,100
0,monash_weather,chronos-2,regime_trend,0.13,1.0572029074636555,0.1441195852876407,100
0,monash_weather,chronos-t5,regime_trend,0.13,1.126956982031125,0.16582813499317897,100
0,monash_weather,chronos-2,regime_trend,0.18,1.1136180488984682,0.1545137870099069,100
0,monash_weather,chronos-t5,regime_trend,0.18,1.1774822280833992,0.17128117284071318,100
0,monash_weather,chronos-2,regime_trend,0.25,1.192853602926266,0.1721073843184141,100
0,monash_weather,chronos-t5,regime_trend,0.25,1.2512196418039743,0.19477860029314603,100
1,monash_australian_electricity,chronos-2,clean,0.0,0.6271804180014168,0.030672134058366392,5
1,monash_australian_electricity,chronos-t5,clean,0.0,1.2351202924396794,0.07077585268548575,5
1,monash_australian_electricity,chronos-2,regime_trend,0.01,0.6321894077751707,0.03098199140155009,5
1,monash_australian_electricity,chronos-t5,regime_trend,0.01,1.171956549683345,0.0666694582609026,5
1,monash_australian_electricity,chronos-2,regime_trend,0.02,0.6579216471719249,0.03195199435439669,5
1,monash_australian_electricity,chronos-t5,regime_trend,0.02,1.194829667258044,0.06739798544361236,5
1,monash_australian_electricity,chronos-2,regime_trend,0.04,0.6571509141091164,0.03151377804863152,5
1,monash_australian_electricity,chronos-t5,regime_trend,0.04,1.1293680621158113,0.0671561361002252,5
1,monash_australian_electricity,chronos-2,regime_trend,0.06,0.6037416562721096,0.029940024465444366,5
1,monash_australian_electricity,chronos-t5,regime_trend,0.06,1.1706341608801736,0.07280496011792986,5
1,monash_australian_electricity,chronos-2,regime_trend,0.09,0.7285366561154922,0.03655607542889119,5
1,monash_australian_electricity,chronos-t5,regime_trend,0.09,1.249720299725151,0.06593435571554716,5
1,monash_australian_electricity,chronos-2,regime_trend,0.13,0.7844105778271261,0.038413261286524565,5
1,monash_australian_electricity,chronos-t5,regime_trend,0.13,1.2975465011395655,0.09095093436713547,5
1,monash_australian_electricity,chronos-2,regime_trend,0.18,0.8863214113000067,0.044215794557677914,5
1,monash_australian_electricity,chronos-t5,regime_trend,0.18,1.6972286389174769,0.10143259553472699,5
1,monash_australian_electricity,chronos-2,regime_trend,0.25,1.1152001586677136,0.060834686438876906,5
1,monash_australian_electricity,chronos-t5,regime_trend,0.25,1.3815928796333128,0.06552470490327565,5
1,monash_cif_2016,chronos-2,clean,0.0,0.9366922139796068,0.011260000608145472,72
1,monash_cif_2016,chronos-t5,clean,0.0,0.992070958270815,0.017714431213233836,72
1,monash_cif_2016,chronos-2,regime_trend,0.01,0.937685589188663,0.013172794411089718,72
1,monash_cif_2016,chronos-t5,regime_trend,0.01,0.9896135244315261,0.016562692432876672,72
1,monash_cif_2016,chronos-2,regime_trend,0.02,0.9447647066916064,0.014064978053246182,72
1,monash_cif_2016,chronos-t5,regime_trend,0.02,1.0024906473090291,0.02025974967104089,72
1,monash_cif_2016,chronos-2,regime_trend,0.04,0.9348366854323258,0.0163411521852372,72
1,monash_cif_2016,chronos-t5,regime_trend,0.04,1.0142919496117286,0.018205132934743823,72
1,monash_cif_2016,chronos-2,regime_trend,0.06,0.9348595969539402,0.023197818892619466,72
1,monash_cif_2016,chronos-t5,regime_trend,0.06,1.0143026269326891,0.014648776510783846,72
1,monash_cif_2016,chronos-2,regime_trend,0.09,0.9561407883738373,0.02699692459409604,72
1,monash_cif_2016,chronos-t5,regime_trend,0.09,1.003100195437649,0.029274286804728194,72
1,monash_cif_2016,chronos-2,regime_trend,0.13,1.0295116132652613,0.03685733643823718,72
1,monash_cif_2016,chronos-t5,regime_trend,0.13,1.102820958745966,0.038752058789393605,72
1,monash_cif_2016,chronos-2,regime_trend,0.18,1.048324916939622,0.05537618345312446,72
1,monash_cif_2016,chronos-t5,regime_trend,0.18,1.130005841191095,0.029107897096647357,72
1,monash_cif_2016,chronos-2,regime_trend,0.25,1.2083471287000602,0.07402240362955714,72
1,monash_cif_2016,chronos-t5,regime_trend,0.25,1.1822286884843638,0.041524159901754815,72
1,monash_car_parts,chronos-2,clean,0.0,0.894274873223502,1.0267238668417118,100
1,monash_car_parts,chronos-t5,clean,0.0,0.9278086532382319,1.0887049027681621,100
1,monash_car_parts,chronos-2,regime_trend,0.01,0.8941594146426618,1.026384923796449,100
1,monash_car_parts,chronos-t5,regime_trend,0.01,0.9106486049331226,1.0057177654585026,100
1,monash_car_parts,chronos-2,regime_trend,0.02,0.8965412243882632,1.0279632059097028,100
1,monash_car_parts,chronos-t5,regime_trend,0.02,0.9054912016923156,1.0229925975896763,100
1,monash_car_parts,chronos-2,regime_trend,0.04,0.9047215920691476,1.0345382026655905,100
1,monash_car_parts,chronos-t5,regime_trend,0.04,0.9488731155008461,1.0581088244482717,100
1,monash_car_parts,chronos-2,regime_trend,0.06,0.9170073888812694,1.0469628460467582,100
1,monash_car_parts,chronos-t5,regime_trend,0.06,0.9869137865223918,1.1146588921333835,100
1,monash_car_parts,chronos-2,regime_trend,0.09,0.9304948825533176,1.072591109696788,100
1,monash_car_parts,chronos-t5,regime_trend,0.09,1.0497610006214917,1.157621308692219,100
1,monash_car_parts,chronos-2,regime_trend,0.13,0.9654297983688681,1.1063915342649873,100
1,monash_car_parts,chronos-t5,regime_trend,0.13,1.0742327381700782,1.2337117837371403,100
1,monash_car_parts,chronos-2,regime_trend,0.18,1.0247964545138366,1.1578780684271794,100
1,monash_car_parts,chronos-t5,regime_trend,0.18,1.1774202534229479,1.3606855530503195,100
1,monash_car_parts,chronos-2,regime_trend,0.25,1.098149760563607,1.2159540184129058,100
1,monash_car_parts,chronos-t5,regime_trend,0.25,1.3042474464401403,1.5111952127440331,100
1,monash_covid_deaths,chronos-2,clean,0.0,43.033524543394854,0.027007980152812278,100
1,monash_covid_deaths,chronos-t5,clean,0.0,51.029100707053985,0.047865729798931445,100
1,monash_covid_deaths,chronos-2,regime_trend,0.01,43.121558658526766,0.027278096238151105,100
1,monash_covid_deaths,chronos-t5,regime_trend,0.01,51.05722155713687,0.04407101500300777,100
1,monash_covid_deaths,chronos-2,regime_trend,0.02,43.33839166955057,0.027061116311908544,100
1,monash_covid_deaths,chronos-t5,regime_trend,0.02,51.430419107083836,0.039240110696470765,100
1,monash_covid_deaths,chronos-2,regime_trend,0.04,43.62977533417067,0.04199625297924244,100
1,monash_covid_deaths,chronos-t5,regime_trend,0.04,52.11585831570047,0.060577413966828475,100
1,monash_covid_deaths,chronos-2,regime_trend,0.06,43.55038417363707,0.04997907438841092,100
1,monash_covid_deaths,chronos-t5,regime_trend,0.06,52.44576123567992,0.06726817392218054,100
1,monash_covid_deaths,chronos-2,regime_trend,0.09,45.84185239473586,0.05945228150429237,100
1,monash_covid_deaths,chronos-t5,regime_trend,0.09,53.6481383223736,0.06112270132660458,100
1,monash_covid_deaths,chronos-2,regime_trend,0.13,48.3572887172411,0.07356478669893357,100
1,monash_covid_deaths,chronos-t5,regime_trend,0.13,56.2894532636651,0.060668744884649496,100
1,monash_covid_deaths,chronos-2,regime_trend,0.18,50.05351239303193,0.09631397759321561,100
1,monash_covid_deaths,chronos-t5,regime_trend,0.18,57.77011778081902,0.09144292413309302,100
1,monash_covid_deaths,chronos-2,regime_trend,0.25,57.21794976591998,0.1307966745506753,100
1,monash_covid_deaths,chronos-t5,regime_trend,0.25,64.09446927054172,0.14439300762092971,100
1,dominick,chronos-2,clean,0.0,0.8295138231556268,0.24857655709519688,100
1,dominick,chronos-t5,clean,0.0,0.8092148443255169,0.25540229064750997,100
1,dominick,chronos-2,regime_trend,0.01,0.8269501373984852,0.2484486936873362,100
1,dominick,chronos-t5,regime_trend,0.01,0.8742602193621448,0.2721544873083819,100
1,dominick,chronos-2,regime_trend,0.02,0.842693782848173,0.25067851730933227,100
1,dominick,chronos-t5,regime_trend,0.02,0.8708550160059483,0.28538274502848293,100
1,dominick,chronos-2,regime_trend,0.04,0.8681277160679229,0.2562601402593871,100
1,dominick,chronos-t5,regime_trend,0.04,0.9002406779401804,0.2906196052602501,100
1,dominick,chronos-2,regime_trend,0.06,0.9139761017495435,0.2686209389285691,100
1,dominick,chronos-t5,regime_trend,0.06,0.9448340050305053,0.31694213357517365,100
1,dominick,chronos-2,regime_trend,0.09,0.9594182529750072,0.28053357075190977,100
1,dominick,chronos-t5,regime_trend,0.09,0.9732113741493612,0.3287663794832084,100
1,dominick,chronos-2,regime_trend,0.13,1.0456070602205438,0.30296426725299397,100
1,dominick,chronos-t5,regime_trend,0.13,1.1176314683013029,0.3465488105022916,100
1,dominick,chronos-2,regime_trend,0.18,1.1570227079232405,0.33189899869382855,100
1,dominick,chronos-t5,regime_trend,0.18,1.174349514594904,0.36421364340445295,100
1,dominick,chronos-2,regime_trend,0.25,1.2598247979446315,0.36262794000760756,100
1,dominick,chronos-t5,regime_trend,0.25,1.320539549735637,0.40785893904372944,100
1,ercot,chronos-2,clean,0.0,0.8417995516641943,0.02604302222263971,8
1,ercot,chronos-t5,clean,0.0,0.5712387073465397,0.015413922974700154,8
1,ercot,chronos-2,regime_trend,0.01,0.825882098479493,0.025520192918134444,8
1,ercot,chronos-t5,regime_trend,0.01,0.5605656762935767,0.015520589456577857,8
1,ercot,chronos-2,regime_trend,0.02,0.8493032867159149,0.025900591803259806,8
1,ercot,chronos-t5,regime_trend,0.02,0.5559644819450883,0.014907532033782657,8
1,ercot,chronos-2,regime_trend,0.04,0.841662027056224,0.02428763267185318,8
1,ercot,chronos-t5,regime_trend,0.04,0.631785007014936,0.01596367953421972,8
1,ercot,chronos-2,regime_trend,0.06,0.8118415757557581,0.02348840634578396,8
1,ercot,chronos-t5,regime_trend,0.06,0.5688254990358298,0.016596224591612512,8
1,ercot,chronos-2,regime_trend,0.09,0.8903152188146392,0.03317410047400142,8
1,ercot,chronos-t5,regime_trend,0.09,0.596948449631287,0.016750973417003146,8
1,ercot,chronos-2,regime_trend,0.13,0.8686146495622498,0.025430547690833784,8
1,ercot,chronos-t5,regime_trend,0.13,0.6687960515011593,0.022196696820882315,8
1,ercot,chronos-2,regime_trend,0.18,1.0406951128621527,0.03865133258169462,8
1,ercot,chronos-t5,regime_trend,0.18,0.8200869448489807,0.024044479971897265,8
1,ercot,chronos-2,regime_trend,0.25,0.9957194624691802,0.02602662818786442,8
1,ercot,chronos-t5,regime_trend,0.25,1.131766920595373,0.03386221363743496,8
1,exchange_rate,chronos-2,clean,0.0,1.816427573959804,0.011831282159531213,8
1,exchange_rate,chronos-t5,clean,0.0,2.1051456080790114,0.012312062402220863,8
1,exchange_rate,chronos-2,regime_trend,0.01,2.1346082109465914,0.01255116093377134,8
1,exchange_rate,chronos-t5,regime_trend,0.01,2.288834553911491,0.013590099655442155,8
1,exchange_rate,chronos-2,regime_trend,0.02,2.142973530484559,0.012115439624362968,8
1,exchange_rate,chronos-t5,regime_trend,0.02,2.345916573976988,0.012461734112782686,8
1,exchange_rate,chronos-2,regime_trend,0.04,2.1398155575902593,0.013636831189990473,8
1,exchange_rate,chronos-t5,regime_trend,0.04,2.2769943760558684,0.014819606339530743,8
1,exchange_rate,chronos-2,regime_trend,0.06,3.0241641434005393,0.011945736897063504,8
1,exchange_rate,chronos-t5,regime_trend,0.06,2.837452011527287,0.011367571503265657,8
1,exchange_rate,chronos-2,regime_trend,0.09,4.4331434034045305,0.02016912901234781,8
1,exchange_rate,chronos-t5,regime_trend,0.09,4.791362526732263,0.022140997479497885,8
1,exchange_rate,chronos-2,regime_trend,0.13,5.290561348141908,0.01938325828540855,8
1,exchange_rate,chronos-t5,regime_trend,0.13,5.413430327714738,0.019404958067004204,8
1,exchange_rate,chronos-2,regime_trend,0.18,6.397464133736059,0.02737246075770565,8
1,exchange_rate,chronos-t5,regime_trend,0.18,6.7114322322980495,0.026678395861023947,8
1,exchange_rate,chronos-2,regime_trend,0.25,8.188605385318427,0.031317648289108393,8
1,exchange_rate,chronos-t5,regime_trend,0.25,8.03752602610239,0.03184406506699916,8
1,monash_fred_md,chronos-2,clean,0.0,0.4532046285633289,0.02010413991667694,100
1,monash_fred_md,chronos-t5,clean,0.0,0.4218845561714114,0.016003771733888037,100
1,monash_fred_md,chronos-2,regime_trend,0.01,0.47140559510186836,0.019441966641873774,100
1,monash_fred_md,chronos-t5,regime_trend,0.01,0.43460769989335857,0.01547916268295452,100
1,monash_fred_md,chronos-2,regime_trend,0.02,0.49288693076697077,0.019845244709676094,100
1,monash_fred_md,chronos-t5,regime_trend,0.02,0.5260570145066988,0.01587108246392985,100
1,monash_fred_md,chronos-2,regime_trend,0.04,0.6809900900253335,0.0213426065708556,100
1,monash_fred_md,chronos-t5,regime_trend,0.04,0.6561745090658235,0.018823876675007938,100
1,monash_fred_md,chronos-2,regime_trend,0.06,0.8348690894312015,0.02677003912726378,100
1,monash_fred_md,chronos-t5,regime_trend,0.06,0.8234758914928771,0.023816098665610456,100
1,monash_fred_md,chronos-2,regime_trend,0.09,1.0697581751964995,0.02654361856609675,100
1,monash_fred_md,chronos-t5,regime_trend,0.09,1.0995768199104965,0.0233908800302705,100
1,monash_fred_md,chronos-2,regime_trend,0.13,1.505954226571852,0.03708474572314984,100
1,monash_fred_md,chronos-t5,regime_trend,0.13,1.5389221107711062,0.0326464805459241,100
1,monash_fred_md,chronos-2,regime_trend,0.18,1.9367173790275656,0.03990524159936564,100
1,monash_fred_md,chronos-t5,regime_trend,0.18,1.9473203190717125,0.03350030620253776,100
1,monash_fred_md,chronos-2,regime_trend,0.25,2.67180768109839,0.06087935242658531,100
1,monash_fred_md,chronos-t5,regime_trend,0.25,2.694484474812708,0.06016289890788376,100
1,monash_hospital,chronos-2,clean,0.0,0.7870107936415635,0.061281917662917254,100
1,monash_hospital,chronos-t5,clean,0.0,0.8368099757027945,0.06626061619188243,100
1,monash_hospital,chronos-2,regime_trend,0.01,0.7863288116298515,0.06141257831651987,100
1,monash_hospital,chronos-t5,regime_trend,0.01,0.8449887988974899,0.06591542775809255,100
1,monash_hospital,chronos-2,regime_trend,0.02,0.7850788214096616,0.061011228377528405,100
1,monash_hospital,chronos-t5,regime_trend,0.02,0.8409337702212466,0.06658759355400383,100
1,monash_hospital,chronos-2,regime_trend,0.04,0.792700191627222,0.06229467125397555,100
1,monash_hospital,chronos-t5,regime_trend,0.04,0.8378906599263015,0.06632460249998863,100
1,monash_hospital,chronos-2,regime_trend,0.06,0.7873278198917852,0.0617911667355652,100
1,monash_hospital,chronos-t5,regime_trend,0.06,0.8204191734289978,0.06642442073562205,100
1,monash_hospital,chronos-2,regime_trend,0.09,0.7952142971413744,0.06337818822412916,100
1,monash_hospital,chronos-t5,regime_trend,0.09,0.821838710240213,0.06671797701461869,100
1,monash_hospital,chronos-2,regime_trend,0.13,0.7902696166974931,0.05993616953595725,100
1,monash_hospital,chronos-t5,regime_trend,0.13,0.828846232282551,0.06509437496330951,100
1,monash_hospital,chronos-2,regime_trend,0.18,0.7974138280882951,0.06497762811793652,100
1,monash_hospital,chronos-t5,regime_trend,0.18,0.8398101427920796,0.06714160744360713,100
1,monash_hospital,chronos-2,regime_trend,0.25,0.8088254551274946,0.0702159732918164,100
1,monash_hospital,chronos-t5,regime_trend,0.25,0.8302787441264899,0.07084534424466932,100
1,monash_m1_monthly,chronos-2,clean,0.0,1.0252822007023978,0.27221328295504754,100
1,monash_m1_monthly,chronos-t5,clean,0.0,1.1516468268682487,0.18440826126024026,100
1,monash_m1_monthly,chronos-2,regime_trend,0.01,1.0255517225459436,0.2727289245690339,100
1,monash_m1_monthly,chronos-t5,regime_trend,0.01,1.1620626898719189,0.19139060651604073,100
1,monash_m1_monthly,chronos-2,regime_trend,0.02,1.0247911983098683,0.27267507111267997,100
1,monash_m1_monthly,chronos-t5,regime_trend,0.02,1.1588661473900248,0.18910636740660455,100
1,monash_m1_monthly,chronos-2,regime_trend,0.04,1.0245207836830512,0.2693611825373274,100
1,monash_m1_monthly,chronos-t5,regime_trend,0.04,1.165607530422553,0.1950833695298698,100
1,monash_m1_monthly,chronos-2,regime_trend,0.06,1.027444823268973,0.2696846676783494,100
1,monash_m1_monthly,chronos-t5,regime_trend,0.06,1.1695573962176105,0.20198921232861075,100
1,monash_m1_monthly,chronos-2,regime_trend,0.09,1.03338275514442,0.2787746345636213,100
1,monash_m1_monthly,chronos-t5,regime_trend,0.09,1.165535155278694,0.20410887368888983,100
1,monash_m1_monthly,chronos-2,regime_trend,0.13,1.0514940440919336,0.2800889149758418,100
1,monash_m1_monthly,chronos-t5,regime_trend,0.13,1.1831659379838366,0.20725288911310907,100
1,monash_m1_monthly,chronos-2,regime_trend,0.18,1.0687560019300104,0.2833972499117537,100
1,monash_m1_monthly,chronos-t5,regime_trend,0.18,1.1732551513819385,0.19743899347872454,100
1,monash_m1_monthly,chronos-2,regime_trend,0.25,1.0645409170975566,0.2862042386705343,100
1,monash_m1_monthly,chronos-t5,regime_trend,0.25,1.1576772783169818,0.2066921775508683,100
1,monash_m1_quarterly,chronos-2,clean,0.0,1.5766614979688591,0.07952721348399153,100
1,monash_m1_quarterly,chronos-t5,clean,0.0,1.762670262288231,0.10089561893706252,100
1,monash_m1_quarterly,chronos-2,regime_trend,0.01,1.5786729777377673,0.08005938241561077,100
1,monash_m1_quarterly,chronos-t5,regime_trend,0.01,1.7690737173411302,0.10045803117431246,100
1,monash_m1_quarterly,chronos-2,regime_trend,0.02,1.576343169202343,0.07905751642753639,100
1,monash_m1_quarterly,chronos-t5,regime_trend,0.02,1.7497977732420373,0.10090092436087839,100
1,monash_m1_quarterly,chronos-2,regime_trend,0.04,1.5835941949260854,0.07813587579933229,100
1,monash_m1_quarterly,chronos-t5,regime_trend,0.04,1.772942816355111,0.0949702107712803,100
1,monash_m1_quarterly,chronos-2,regime_trend,0.06,1.5959908612760603,0.08030887563647943,100
1,monash_m1_quarterly,chronos-t5,regime_trend,0.06,1.7686841270563982,0.09791700046418023,100
1,monash_m1_quarterly,chronos-2,regime_trend,0.09,1.6514697798426798,0.08271039197705589,100
1,monash_m1_quarterly,chronos-t5,regime_trend,0.09,1.8299396115766444,0.10479867174962082,100
1,monash_m1_quarterly,chronos-2,regime_trend,0.13,1.6641185664291311,0.07974947431925698,100
1,monash_m1_quarterly,chronos-t5,regime_trend,0.13,1.8236578013181777,0.09343435126610285,100
1,monash_m1_quarterly,chronos-2,regime_trend,0.18,1.7302871535303301,0.0777971763259915,100
1,monash_m1_quarterly,chronos-t5,regime_trend,0.18,1.8661975114289175,0.08952986696429786,100
1,monash_m1_quarterly,chronos-2,regime_trend,0.25,1.844066529989314,0.09671296980274803,100
1,monash_m1_quarterly,chronos-t5,regime_trend,0.25,1.9538919618803703,0.1180572299536195,100
1,monash_m1_yearly,chronos-2,clean,0.0,3.637927031199332,0.07096940204212351,100
1,monash_m1_yearly,chronos-t5,clean,0.0,4.892145086756286,0.07591765936732309,100
1,monash_m1_yearly,chronos-2,regime_trend,0.01,3.6360346629678997,0.0708586607151124,100
1,monash_m1_yearly,chronos-t5,regime_trend,0.01,4.865466596418346,0.08068820526062101,100
1,monash_m1_yearly,chronos-2,regime_trend,0.02,3.6399939473579495,0.07087193212489051,100
1,monash_m1_yearly,chronos-t5,regime_trend,0.02,4.89275276897617,0.08166291873846815,100
1,monash_m1_yearly,chronos-2,regime_trend,0.04,3.676698044582252,0.07079239801036,100
1,monash_m1_yearly,chronos-t5,regime_trend,0.04,4.943356011799962,0.08346025308592349,100
1,monash_m1_yearly,chronos-2,regime_trend,0.06,3.624785812592874,0.07308275800535648,100
1,monash_m1_yearly,chronos-t5,regime_trend,0.06,4.906701945765319,0.08234319818781993,100
1,monash_m1_yearly,chronos-2,regime_trend,0.09,3.6290383299532913,0.06834841167897063,100
1,monash_m1_yearly,chronos-t5,regime_trend,0.09,4.879237938033864,0.07622568283467128,100
1,monash_m1_yearly,chronos-2,regime_trend,0.13,3.745427246228051,0.06995748434149347,100
1,monash_m1_yearly,chronos-t5,regime_trend,0.13,4.953721282664744,0.0943020754501608,100
1,monash_m1_yearly,chronos-2,regime_trend,0.18,3.7881023367952564,0.07948094622736554,100
1,monash_m1_yearly,chronos-t5,regime_trend,0.18,4.876302711997587,0.08605405716011254,100
1,monash_m1_yearly,chronos-2,regime_trend,0.25,3.8806502866495056,0.07234845664023491,100
1,monash_m1_yearly,chronos-t5,regime_trend,0.25,4.880682307853633,0.08007450635384249,100
1,monash_m3_monthly,chronos-2,clean,0.0,0.811635633079432,0.08901184204854988,100
1,monash_m3_monthly,chronos-t5,clean,0.0,0.8336913098884566,0.09309821568682108,100
1,monash_m3_monthly,chronos-2,regime_trend,0.01,0.8107865148627982,0.08880516391547576,100
1,monash_m3_monthly,chronos-t5,regime_trend,0.01,0.8391781112736068,0.09328005666473158,100
1,monash_m3_monthly,chronos-2,regime_trend,0.02,0.8141876552703571,0.08910705445236605,100
1,monash_m3_monthly,chronos-t5,regime_trend,0.02,0.8474187397803365,0.09318561727710223,100
1,monash_m3_monthly,chronos-2,regime_trend,0.04,0.8180837042701777,0.08922320514822517,100
1,monash_m3_monthly,chronos-t5,regime_trend,0.04,0.8348470022392035,0.09352281220897928,100
1,monash_m3_monthly,chronos-2,regime_trend,0.06,0.8290901063804288,0.09007212347407283,100
1,monash_m3_monthly,chronos-t5,regime_trend,0.06,0.84594819043657,0.09479886773485018,100
1,monash_m3_monthly,chronos-2,regime_trend,0.09,0.8340361568874372,0.09048651179391992,100
1,monash_m3_monthly,chronos-t5,regime_trend,0.09,0.8612852742315041,0.09467342469397196,100
1,monash_m3_monthly,chronos-2,regime_trend,0.13,0.8596449536727022,0.09154843314806115,100
1,monash_m3_monthly,chronos-t5,regime_trend,0.13,0.8668898914265052,0.09353062610210372,100
1,monash_m3_monthly,chronos-2,regime_trend,0.18,0.8999876373111088,0.09471018925651231,100
1,monash_m3_monthly,chronos-t5,regime_trend,0.18,0.9328732073675964,0.0996743963392131,100
1,monash_m3_monthly,chronos-2,regime_trend,0.25,0.9749566463871359,0.09787869106577128,100
1,monash_m3_monthly,chronos-t5,regime_trend,0.25,0.9815174692678885,0.09895291490073205,100
1,monash_m3_quarterly,chronos-2,clean,0.0,1.2542640597019636,0.07384750980066322,100
1,monash_m3_quarterly,chronos-t5,clean,0.0,1.3704702167460743,0.08130982480072382,100
1,monash_m3_quarterly,chronos-2,regime_trend,0.01,1.2542857688930427,0.07399432473182253,100
1,monash_m3_quarterly,chronos-t5,regime_trend,0.01,1.3707184390753617,0.08103800839852357,100
1,monash_m3_quarterly,chronos-2,regime_trend,0.02,1.2521941762183488,0.0738967572043583,100
1,monash_m3_quarterly,chronos-t5,regime_trend,0.02,1.3621111318347756,0.07990320181244084,100
1,monash_m3_quarterly,chronos-2,regime_trend,0.04,1.2465556769368218,0.07364913733406046,100
1,monash_m3_quarterly,chronos-t5,regime_trend,0.04,1.364244671719303,0.08015655279372363,100
1,monash_m3_quarterly,chronos-2,regime_trend,0.06,1.2803827434161963,0.07492138867145783,100
1,monash_m3_quarterly,chronos-t5,regime_trend,0.06,1.3862110100689897,0.08163896662448275,100
1,monash_m3_quarterly,chronos-2,regime_trend,0.09,1.2850991692708715,0.07486710932093635,100
1,monash_m3_quarterly,chronos-t5,regime_trend,0.09,1.3829168607800926,0.08066948036288801,100
1,monash_m3_quarterly,chronos-2,regime_trend,0.13,1.3026267410972592,0.07723224955465093,100
1,monash_m3_quarterly,chronos-t5,regime_trend,0.13,1.4440176236595426,0.0856106134931222,100
1,monash_m3_quarterly,chronos-2,regime_trend,0.18,1.4960351220027752,0.0861136707224524,100
1,monash_m3_quarterly,chronos-t5,regime_trend,0.18,1.5533193554443725,0.09297440380382255,100
1,monash_m3_quarterly,chronos-2,regime_trend,0.25,1.5818086946143928,0.08891197868949341,100
1,monash_m3_quarterly,chronos-t5,regime_trend,0.25,1.6160815923899565,0.09403373028318542,100
1,monash_m3_yearly,chronos-2,clean,0.0,3.0132092403527664,0.14670256385058947,100
1,monash_m3_yearly,chronos-t5,clean,0.0,3.5624616395047783,0.16021827417695378,100
1,monash_m3_yearly,chronos-2,regime_trend,0.01,3.0040897428829285,0.14661237192902632,100
1,monash_m3_yearly,chronos-t5,regime_trend,0.01,3.550402176247485,0.1586115766175062,100
1,monash_m3_yearly,chronos-2,regime_trend,0.02,3.018472255723127,0.14725134822717692,100
1,monash_m3_yearly,chronos-t5,regime_trend,0.02,3.559548570632505,0.1587287741840985,100
1,monash_m3_yearly,chronos-2,regime_trend,0.04,3.0609658480581627,0.14871353011471083,100
1,monash_m3_yearly,chronos-t5,regime_trend,0.04,3.526222974632084,0.15768672064898273,100
1,monash_m3_yearly,chronos-2,regime_trend,0.06,3.0738087059370787,0.14849527812293445,100
1,monash_m3_yearly,chronos-t5,regime_trend,0.06,3.5476877078535116,0.15757225526313487,100
1,monash_m3_yearly,chronos-2,regime_trend,0.09,3.134173199619081,0.15002927396545795,100
1,monash_m3_yearly,chronos-t5,regime_trend,0.09,3.5791968570912074,0.15498103994621,100
1,monash_m3_yearly,chronos-2,regime_trend,0.13,3.2341977984173256,0.15331766431097457,100
1,monash_m3_yearly,chronos-t5,regime_trend,0.13,3.6182336016822334,0.1623274539530501,100
1,monash_m3_yearly,chronos-2,regime_trend,0.18,3.3083003525356207,0.15373084365315767,100
1,monash_m3_yearly,chronos-t5,regime_trend,0.18,3.750459735160657,0.16362188804565891,100
1,monash_m3_yearly,chronos-2,regime_trend,0.25,3.3527553506229766,0.15768684243238157,100
1,monash_m3_yearly,chronos-t5,regime_trend,0.25,3.785453415937159,0.16704941068785345,100
1,m4_quarterly,chronos-2,clean,0.0,1.1058863737967675,0.07350590730709108,100
1,m4_quarterly,chronos-t5,clean,0.0,1.1645004993191832,0.07642013996145958,100
1,m4_quarterly,chronos-2,regime_trend,0.01,1.1120577090107364,0.07389689161109102,100
1,m4_quarterly,chronos-t5,regime_trend,0.01,1.1470934264969999,0.07538613143566099,100
1,m4_quarterly,chronos-2,regime_trend,0.02,1.1128014633344052,0.07359558240763756,100
1,m4_quarterly,chronos-t5,regime_trend,0.02,1.156931333438921,0.07735812549526815,100
1,m4_quarterly,chronos-2,regime_trend,0.04,1.1518714599442594,0.07480816725451939,100
1,m4_quarterly,chronos-t5,regime_trend,0.04,1.1964326757449368,0.07865835257591416,100
1,m4_quarterly,chronos-2,regime_trend,0.06,1.1836554394193912,0.07636908924496727,100
1,m4_quarterly,chronos-t5,regime_trend,0.06,1.2272545165827908,0.08117991377867684,100
1,m4_quarterly,chronos-2,regime_trend,0.09,1.195419677568961,0.07599083563703929,100
1,m4_quarterly,chronos-t5,regime_trend,0.09,1.2999125822767792,0.08468700891605035,100
1,m4_quarterly,chronos-2,regime_trend,0.13,1.2832953198637074,0.08109498070191368,100
1,m4_quarterly,chronos-t5,regime_trend,0.13,1.3884802277394663,0.08844331487032536,100
1,m4_quarterly,chronos-2,regime_trend,0.18,1.3979310229788338,0.08582833511870885,100
1,m4_quarterly,chronos-t5,regime_trend,0.18,1.4344065774749646,0.09127561693516494,100
1,m4_quarterly,chronos-2,regime_trend,0.25,1.549369229135189,0.09247722093200646,100
1,m4_quarterly,chronos-t5,regime_trend,0.25,1.5931526654429506,0.1004561799396814,100
1,m4_yearly,chronos-2,clean,0.0,3.003324720876421,0.11662203541969743,100
1,m4_yearly,chronos-t5,clean,0.0,3.5809912438732536,0.14044178782510824,100
1,m4_yearly,chronos-2,regime_trend,0.01,3.0097272540028146,0.11677700155413488,100
1,m4_yearly,chronos-t5,regime_trend,0.01,3.571555839011947,0.13990462034314954,100
1,m4_yearly,chronos-2,regime_trend,0.02,3.007254928512575,0.11788552361488144,100
1,m4_yearly,chronos-t5,regime_trend,0.02,3.62517824633633,0.14324266403097252,100
1,m4_yearly,chronos-2,regime_trend,0.04,3.062021653045353,0.11685603178142963,100
1,m4_yearly,chronos-t5,regime_trend,0.04,3.6384959121181812,0.14297973435624528,100
1,m4_yearly,chronos-2,regime_trend,0.06,3.060557662765852,0.11781380346841311,100
1,m4_yearly,chronos-t5,regime_trend,0.06,3.6587233762931133,0.14296348577403473,100
1,m4_yearly,chronos-2,regime_trend,0.09,3.207578740353815,0.1206422823908202,100
1,m4_yearly,chronos-t5,regime_trend,0.09,3.9645715245203177,0.14800341325066727,100
1,m4_yearly,chronos-2,regime_trend,0.13,2.9701341749431345,0.11392666565412833,100
1,m4_yearly,chronos-t5,regime_trend,0.13,3.7038341583726067,0.1401812322693995,100
1,m4_yearly,chronos-2,regime_trend,0.18,3.3779439579533075,0.12148087959815682,100
1,m4_yearly,chronos-t5,regime_trend,0.18,4.010344536167119,0.15104559053128674,100
1,m4_yearly,chronos-2,regime_trend,0.25,3.537063004465314,0.1266208921580524,100
1,m4_yearly,chronos-t5,regime_trend,0.25,4.1497474682986555,0.15498300672088614,100
1,m5,chronos-2,clean,0.0,0.8902796015181903,0.5276950502475531,100
1,m5,chronos-t5,clean,0.0,0.910826665911667,0.5632179002680662,100
1,m5,chronos-2,regime_trend,0.01,0.8904927937275748,0.5279678653163633,100
1,m5,chronos-t5,regime_trend,0.01,0.9903077154037951,0.5959459265855835,100
1,m5,chronos-2,regime_trend,0.02,0.8906832384827509,0.5271522565205999,100
1,m5,chronos-t5,regime_trend,0.02,1.0204071267214232,0.6073546770842627,100
1,m5,chronos-2,regime_trend,0.04,0.8963721362348143,0.530335256232169,100
1,m5,chronos-t5,regime_trend,0.04,0.9918794318064691,0.6158202093932575,100
1,m5,chronos-2,regime_trend,0.06,0.9094183733084934,0.5343875988192095,100
1,m5,chronos-t5,regime_trend,0.06,1.0310673863010826,0.6112745586306981,100
1,m5,chronos-2,regime_trend,0.09,0.9295101657457423,0.5395521797175844,100
1,m5,chronos-t5,regime_trend,0.09,1.0343292777341226,0.626676814572273,100
1,m5,chronos-2,regime_trend,0.13,0.9640030684026868,0.5469293923752154,100
1,m5,chronos-t5,regime_trend,0.13,1.0128818060787128,0.612169626370388,100
1,m5,chronos-2,regime_trend,0.18,1.0195986058360067,0.5644382270281512,100
1,m5,chronos-t5,regime_trend,0.18,1.0562611143132985,0.6499683407408537,100
1,m5,chronos-2,regime_trend,0.25,1.0776436649952224,0.5863533963263285,100
1,m5,chronos-t5,regime_trend,0.25,1.0842308872602398,0.6409200032465103,100
1,nn5,chronos-2,clean,0.0,0.5565058217844888,0.14566301635161222,100
1,nn5,chronos-t5,clean,0.0,0.6014266768446973,0.16549701921978835,100
1,nn5,chronos-2,regime_trend,0.01,0.5569926004639391,0.1457554709816138,100
1,nn5,chronos-t5,regime_trend,0.01,0.6017830768090501,0.16637748460764326,100
1,nn5,chronos-2,regime_trend,0.02,0.5570318931606573,0.145748483507299,100
1,nn5,chronos-t5,regime_trend,0.02,0.5999526694248887,0.16484257270689107,100
1,nn5,chronos-2,regime_trend,0.04,0.5579199351736185,0.14582900011063307,100
1,nn5,chronos-t5,regime_trend,0.04,0.596240849675904,0.1646084014563795,100
1,nn5,chronos-2,regime_trend,0.06,0.5561439258767885,0.1456537783821959,100
1,nn5,chronos-t5,regime_trend,0.06,0.5955219772891125,0.16404142526529206,100
1,nn5,chronos-2,regime_trend,0.09,0.5601462256647547,0.14653307719807573,100
1,nn5,chronos-t5,regime_trend,0.09,0.5907092649472037,0.16247768522180628,100
1,nn5,chronos-2,regime_trend,0.13,0.5638156986350016,0.14707170225432534,100
1,nn5,chronos-t5,regime_trend,0.13,0.6007753353180562,0.1667156639992985,100
1,nn5,chronos-2,regime_trend,0.18,0.57084149916694,0.15043849120487504,100
1,nn5,chronos-t5,regime_trend,0.18,0.602182645069308,0.16764513493753255,100
1,nn5,chronos-2,regime_trend,0.25,0.5944326568252588,0.15615324822633703,100
1,nn5,chronos-t5,regime_trend,0.25,0.6084202367877993,0.16974008370563146,100
1,monash_nn5_weekly,chronos-2,clean,0.0,0.85885852195396,0.07810001991339675,100
1,monash_nn5_weekly,chronos-t5,clean,0.0,0.940325060548796,0.08671858320994612,100
1,monash_nn5_weekly,chronos-2,regime_trend,0.01,0.85808039552149,0.07807255372323472,100
1,monash_nn5_weekly,chronos-t5,regime_trend,0.01,0.9345676241977909,0.0863195964975732,100
1,monash_nn5_weekly,chronos-2,regime_trend,0.02,0.8593709422665942,0.078084439053211,100
1,monash_nn5_weekly,chronos-t5,regime_trend,0.02,0.9367009788898002,0.08639766498207165,100
1,monash_nn5_weekly,chronos-2,regime_trend,0.04,0.8578653881120368,0.07812585260175368,100
1,monash_nn5_weekly,chronos-t5,regime_trend,0.04,0.9342298634213273,0.08637965334376276,100
1,monash_nn5_weekly,chronos-2,regime_trend,0.06,0.8622531621352381,0.0782870305348044,100
1,monash_nn5_weekly,chronos-t5,regime_trend,0.06,0.9392748138776587,0.08662280988764673,100
1,monash_nn5_weekly,chronos-2,regime_trend,0.09,0.8622998665065396,0.0782287260465725,100
1,monash_nn5_weekly,chronos-t5,regime_trend,0.09,0.9460387659012003,0.0868011807064735,100
1,monash_nn5_weekly,chronos-2,regime_trend,0.13,0.8619762396949853,0.07831106158441088,100
1,monash_nn5_weekly,chronos-t5,regime_trend,0.13,0.9345251460313676,0.08641140057139603,100
1,monash_nn5_weekly,chronos-2,regime_trend,0.18,0.8727098370503046,0.07934610525393054,100
1,monash_nn5_weekly,chronos-t5,regime_trend,0.18,0.9527086010722777,0.08884689458227973,100
1,monash_nn5_weekly,chronos-2,regime_trend,0.25,0.8582589134692832,0.07806172395705105,100
1,monash_nn5_weekly,chronos-t5,regime_trend,0.25,0.9394983949340409,0.08657883372618888,100
1,monash_tourism_monthly,chronos-2,clean,0.0,1.3430131286102536,0.06909977408430708,100
1,monash_tourism_monthly,chronos-t5,clean,0.0,1.8047984473996008,0.09545792498455835,100
1,monash_tourism_monthly,chronos-2,regime_trend,0.01,1.3403794829961435,0.06891020945598242,100
1,monash_tourism_monthly,chronos-t5,regime_trend,0.01,1.8195369929194583,0.09583779209337884,100
1,monash_tourism_monthly,chronos-2,regime_trend,0.02,1.3435951676943971,0.06967875960955433,100
1,monash_tourism_monthly,chronos-t5,regime_trend,0.02,1.8108357170724818,0.09572248645654663,100
1,monash_tourism_monthly,chronos-2,regime_trend,0.04,1.343578547224162,0.06881304851833005,100
1,monash_tourism_monthly,chronos-t5,regime_trend,0.04,1.8499690384328895,0.09671257061308809,100
1,monash_tourism_monthly,chronos-2,regime_trend,0.06,1.3624313441497846,0.07051676145643751,100
1,monash_tourism_monthly,chronos-t5,regime_trend,0.06,1.8185365006794898,0.09520130615123894,100
1,monash_tourism_monthly,chronos-2,regime_trend,0.09,1.377294300496416,0.07197870658901956,100
1,monash_tourism_monthly,chronos-t5,regime_trend,0.09,1.8440557936327173,0.0983068772764027,100
1,monash_tourism_monthly,chronos-2,regime_trend,0.13,1.376281388332241,0.07204563857326174,100
1,monash_tourism_monthly,chronos-t5,regime_trend,0.13,1.8538803774789316,0.09682621440985002,100
1,monash_tourism_monthly,chronos-2,regime_trend,0.18,1.4457664302819035,0.07959786540716085,100
1,monash_tourism_monthly,chronos-t5,regime_trend,0.18,1.8981251743866672,0.11372799954883323,100
1,monash_tourism_monthly,chronos-2,regime_trend,0.25,1.5506002576036353,0.09000347712167932,100
1,monash_tourism_monthly,chronos-t5,regime_trend,0.25,1.9936629363613572,0.1128560652373714,100
1,monash_tourism_quarterly,chronos-2,clean,0.0,1.5904319369414341,0.07053812492950641,100
1,monash_tourism_quarterly,chronos-t5,clean,0.0,1.7124200613958953,0.08037115570594315,100
1,monash_tourism_quarterly,chronos-2,regime_trend,0.01,1.5925573649395475,0.07086910136064489,100
1,monash_tourism_quarterly,chronos-t5,regime_trend,0.01,1.752810123251023,0.08181176920255215,100
1,monash_tourism_quarterly,chronos-2,regime_trend,0.02,1.5854444451891465,0.07108288415745109,100
1,monash_tourism_quarterly,chronos-t5,regime_trend,0.02,1.7487340424250588,0.08038255496775205,100
1,monash_tourism_quarterly,chronos-2,regime_trend,0.04,1.605979108873949,0.07019795730758545,100
1,monash_tourism_quarterly,chronos-t5,regime_trend,0.04,1.761865775454279,0.08118703761565224,100
1,monash_tourism_quarterly,chronos-2,regime_trend,0.06,1.6065682638674204,0.07353401859692871,100
1,monash_tourism_quarterly,chronos-t5,regime_trend,0.06,1.7173545838623716,0.08386708483837216,100
1,monash_tourism_quarterly,chronos-2,regime_trend,0.09,1.6015732345500038,0.07149369481183039,100
1,monash_tourism_quarterly,chronos-t5,regime_trend,0.09,1.738838455960634,0.0756362879642371,100
1,monash_tourism_quarterly,chronos-2,regime_trend,0.13,1.6515736513125945,0.08000300667799858,100
1,monash_tourism_quarterly,chronos-t5,regime_trend,0.13,1.762852994097949,0.09015730585372767,100
1,monash_tourism_quarterly,chronos-2,regime_trend,0.18,1.7294686661927938,0.08809789792165962,100
1,monash_tourism_quarterly,chronos-t5,regime_trend,0.18,1.8478996134528143,0.10139887807794365,100
1,monash_tourism_quarterly,chronos-2,regime_trend,0.25,1.8311729758222117,0.08512506282181377,100
1,monash_tourism_quarterly,chronos-t5,regime_trend,0.25,1.9791626367315025,0.09426854123935707,100
1,monash_tourism_yearly,chronos-2,clean,0.0,3.5704327729167913,0.16546482529220838,100
1,monash_tourism_yearly,chronos-t5,clean,0.0,3.946960149549127,0.2034639774743393,100
1,monash_tourism_yearly,chronos-2,regime_trend,0.01,3.575000992969436,0.1655887916096077,100
1,monash_tourism_yearly,chronos-t5,regime_trend,0.01,3.949324562281707,0.20262058001280334,100
1,monash_tourism_yearly,chronos-2,regime_trend,0.02,3.580014133125596,0.16488635103899385,100
1,monash_tourism_yearly,chronos-t5,regime_trend,0.02,3.9599512376781627,0.20004005721236673,100
1,monash_tourism_yearly,chronos-2,regime_trend,0.04,3.5589814211713473,0.16351974362487315,100
1,monash_tourism_yearly,chronos-t5,regime_trend,0.04,3.9499867629756475,0.20010880825058444,100
1,monash_tourism_yearly,chronos-2,regime_trend,0.06,3.6105734251447696,0.16408915066253763,100
1,monash_tourism_yearly,chronos-t5,regime_trend,0.06,3.971523831853159,0.19204196966786646,100
1,monash_tourism_yearly,chronos-2,regime_trend,0.09,3.6306137341666793,0.1627717037072156,100
1,monash_tourism_yearly,chronos-t5,regime_trend,0.09,3.9439310694721494,0.1888055909314255,100
1,monash_tourism_yearly,chronos-2,regime_trend,0.13,3.620365850576802,0.17138968845072944,100
1,monash_tourism_yearly,chronos-t5,regime_trend,0.13,3.9576070415131257,0.18960912606719182,100
1,monash_tourism_yearly,chronos-2,regime_trend,0.18,3.614174684311357,0.17242236057786603,100
1,monash_tourism_yearly,chronos-t5,regime_trend,0.18,3.9293269598762555,0.19474423743959388,100
1,monash_tourism_yearly,chronos-2,regime_trend,0.25,3.728142705295818,0.17611575298252075,100
1,monash_tourism_yearly,chronos-t5,regime_trend,0.25,4.09541807035196,0.19365363147456785,100
1,monash_traffic,chronos-2,clean,0.0,0.8271235376076017,0.2736839843613832,100
1,monash_traffic,chronos-t5,clean,0.0,0.8216134085683118,0.2819226652646958,100
1,monash_traffic,chronos-2,regime_trend,0.01,0.829659442269792,0.27417268855711524,100
1,monash_traffic,chronos-t5,regime_trend,0.01,0.8301890495642129,0.2879626351920108,100
1,monash_traffic,chronos-2,regime_trend,0.02,0.8233037831958374,0.27268077485873365,100
1,monash_traffic,chronos-t5,regime_trend,0.02,0.8205608822603216,0.2830401500358035,100
1,monash_traffic,chronos-2,regime_trend,0.04,0.8307110829183986,0.2751420000338653,100
1,monash_traffic,chronos-t5,regime_trend,0.04,0.8286903187458676,0.28578905934329735,100
1,monash_traffic,chronos-2,regime_trend,0.06,0.8451968494588478,0.2794906866655793,100
1,monash_traffic,chronos-t5,regime_trend,0.06,0.8491569934855352,0.28813450164864984,100
1,monash_traffic,chronos-2,regime_trend,0.09,0.8810586612233703,0.2861851978488336,100
1,monash_traffic,chronos-t5,regime_trend,0.09,0.8807452998085727,0.29454997488694884,100
1,monash_traffic,chronos-2,regime_trend,0.13,0.9379947657590524,0.30223998051330636,100
1,monash_traffic,chronos-t5,regime_trend,0.13,0.933160587134834,0.307482420893457,100
1,monash_traffic,chronos-2,regime_trend,0.18,0.9902846719631888,0.30963418317499997,100
1,monash_traffic,chronos-t5,regime_trend,0.18,0.9789919267714106,0.3161904228929627,100
1,monash_traffic,chronos-2,regime_trend,0.25,1.0755272026249663,0.338365960317869,100
1,monash_traffic,chronos-t5,regime_trend,0.25,1.0749515780917323,0.3529101429793406,100
1,monash_weather,chronos-2,clean,0.0,0.9775839384301249,0.12512084985369903,100
1,monash_weather,chronos-t5,clean,0.0,1.078029983833665,0.1451518384210959,100
1,monash_weather,chronos-2,regime_trend,0.01,0.9814414435275003,0.12540525111760598,100
1,monash_weather,chronos-t5,regime_trend,0.01,1.080388636536464,0.14618537007359114,100
1,monash_weather,chronos-2,regime_trend,0.02,0.9834757395118823,0.125918473065322,100
1,monash_weather,chronos-t5,regime_trend,0.02,1.0818113102806266,0.14745241351524965,100
1,monash_weather,chronos-2,regime_trend,0.04,0.9946888967128559,0.1285662750147845,100
1,monash_weather,chronos-t5,regime_trend,0.04,1.0918853787119511,0.14934119479583993,100
1,monash_weather,chronos-2,regime_trend,0.06,1.004938412123991,0.13059247140930325,100
1,monash_weather,chronos-t5,regime_trend,0.06,1.0749979011660404,0.15015331062664178,100
1,monash_weather,chronos-2,regime_trend,0.09,1.0330223235431648,0.13585158509257175,100
1,monash_weather,chronos-t5,regime_trend,0.09,1.086090775441381,0.15221696448516145,100
1,monash_weather,chronos-2,regime_trend,0.13,1.0577921220161175,0.14269014757770032,100
1,monash_weather,chronos-t5,regime_trend,0.13,1.141119505073236,0.1614436630882975,100
1,monash_weather,chronos-2,regime_trend,0.18,1.089972061153,0.15069552186817828,100
1,monash_weather,chronos-t5,regime_trend,0.18,1.1892520124488137,0.1688255897984929,100
1,monash_weather,chronos-2,regime_trend,0.25,1.1830626963736233,0.17077116989700628,100
1,monash_weather,chronos-t5,regime_trend,0.25,1.2477738155886948,0.18621123693662886,100
2,monash_australian_electricity,chronos-2,clean,0.0,0.6271804180014168,0.030672134058366392,5
2,monash_australian_electricity,chronos-t5,clean,0.0,1.1239121449882667,0.06558439215655776,5
2,monash_australian_electricity,chronos-2,regime_trend,0.01,0.6159168632437755,0.03044030241736508,5
2,monash_australian_electricity,chronos-t5,regime_trend,0.01,1.1496152410918363,0.06677259739814818,5
2,monash_australian_electricity,chronos-2,regime_trend,0.02,0.6340683446948141,0.031107694386901523,5
2,monash_australian_electricity,chronos-t5,regime_trend,0.02,1.1724387765142597,0.06648369323827567,5
2,monash_australian_electricity,chronos-2,regime_trend,0.04,0.6275449068391179,0.02989660663653665,5
2,monash_australian_electricity,chronos-t5,regime_trend,0.04,1.0948228832397873,0.06655905548592043,5
2,monash_australian_electricity,chronos-2,regime_trend,0.06,0.669303364834929,0.032254243945134445,5
2,monash_australian_electricity,chronos-t5,regime_trend,0.06,1.2709079130149668,0.07615483355331085,5
2,monash_australian_electricity,chronos-2,regime_trend,0.09,0.6948121862341604,0.03672249257901841,5
2,monash_australian_electricity,chronos-t5,regime_trend,0.09,1.1962126232241816,0.06727180949981265,5
2,monash_australian_electricity,chronos-2,regime_trend,0.13,0.9044362841846751,0.042614735817083894,5
2,monash_australian_electricity,chronos-t5,regime_trend,0.13,1.2454288793261716,0.07779990529391968,5
2,monash_australian_electricity,chronos-2,regime_trend,0.18,1.0400754298353996,0.04983087307859795,5
2,monash_australian_electricity,chronos-t5,regime_trend,0.18,1.3899151785001331,0.08549443616571634,5
2,monash_australian_electricity,chronos-2,regime_trend,0.25,0.9957763838834891,0.052774516042117706,5
2,monash_australian_electricity,chronos-t5,regime_trend,0.25,1.4095233376568879,0.08982605292519451,5
2,monash_cif_2016,chronos-2,clean,0.0,0.9366922139796068,0.011260000608145472,72
2,monash_cif_2016,chronos-t5,clean,0.0,1.006516284474616,0.015502326229382017,72
2,monash_cif_2016,chronos-2,regime_trend,0.01,0.9369862491574233,0.010325694630352376,72
2,monash_cif_2016,chronos-t5,regime_trend,0.01,0.9989921525686186,0.012120313419852652,72
2,monash_cif_2016,chronos-2,regime_trend,0.02,0.9370723171016052,0.01409776668472124,72
2,monash_cif_2016,chronos-t5,regime_trend,0.02,1.0106169395765,0.018138567746025954,72
2,monash_cif_2016,chronos-2,regime_trend,0.04,0.9431631460173698,0.017726894310529758,72
2,monash_cif_2016,chronos-t5,regime_trend,0.04,1.003316924440546,0.011683973344691052,72
2,monash_cif_2016,chronos-2,regime_trend,0.06,0.9492032133419852,0.023307638291035132,72
2,monash_cif_2016,chronos-t5,regime_trend,0.06,1.0130584881790894,0.012856146514666574,72
2,monash_cif_2016,chronos-2,regime_trend,0.09,0.9999944415258173,0.03178308718847936,72
2,monash_cif_2016,chronos-t5,regime_trend,0.09,1.0325558010020766,0.018427213961860155,72
2,monash_cif_2016,chronos-2,regime_trend,0.13,1.016410008859216,0.03708217081442354,72
2,monash_cif_2016,chronos-t5,regime_trend,0.13,1.0509411870308187,0.039495497241240234,72
2,monash_cif_2016,chronos-2,regime_trend,0.18,1.042848355671651,0.055821276183013614,72
2,monash_cif_2016,chronos-t5,regime_trend,0.18,1.1051419851174327,0.034123178454496444,72
2,monash_cif_2016,chronos-2,regime_trend,0.25,1.1067509416111805,0.06808148425188297,72
2,monash_cif_2016,chronos-t5,regime_trend,0.25,1.1960572172899928,0.051660300304582324,72
2,monash_car_parts,chronos-2,clean,0.0,0.894274873223502,1.0267238668417118,100
2,monash_car_parts,chronos-t5,clean,0.0,0.9342777473363588,1.0958056115690562,100
2,monash_car_parts,chronos-2,regime_trend,0.01,0.8951421576634082,1.0281281099198807,100
2,monash_car_parts,chronos-t5,regime_trend,0.01,0.9216422782362226,1.0293615308136819,100
2,monash_car_parts,chronos-2,regime_trend,0.02,0.8958784089006613,1.0274504447763642,100
2,monash_car_parts,chronos-t5,regime_trend,0.02,0.9110917404932121,1.0076359991734145,100
2,monash_car_parts,chronos-2,regime_trend,0.04,0.9050218219164698,1.0368452280177864,100
2,monash_car_parts,chronos-t5,regime_trend,0.04,0.9541022029891613,1.0722133831601162,100
2,monash_car_parts,chronos-2,regime_trend,0.06,0.9133444982085874,1.0479831228292946,100
2,monash_car_parts,chronos-t5,regime_trend,0.06,0.9708944249983712,1.0959646976081592,100
2,monash_car_parts,chronos-2,regime_trend,0.09,0.9290776424883008,1.0691673806857223,100
2,monash_car_parts,chronos-t5,regime_trend,0.09,1.0489887193476226,1.1570755437282623,100
2,monash_car_parts,chronos-2,regime_trend,0.13,0.9621522613924719,1.1043916829741827,100
2,monash_car_parts,chronos-t5,regime_trend,0.13,1.065220173411377,1.2039417119753846,100
2,monash_car_parts,chronos-2,regime_trend,0.18,1.024136280600245,1.1730012919774282,100
2,monash_car_parts,chronos-t5,regime_trend,0.18,1.152920696921889,1.3748521868033672,100
2,monash_car_parts,chronos-2,regime_trend,0.25,1.113996899096061,1.278447635332481,100
2,monash_car_parts,chronos-t5,regime_trend,0.25,1.357018441190034,1.5908075387513543,100
2,monash_covid_deaths,chronos-2,clean,0.0,43.033524543394854,0.027007980152812278,100
2,monash_covid_deaths,chronos-t5,clean,0.0,50.64871801535297,0.04566989202948332,100
2,monash_covid_deaths,chronos-2,regime_trend,0.01,43.11531982239313,0.025759935047411846,100
2,monash_covid_deaths,chronos-t5,regime_trend,0.01,50.851390883867865,0.04327004232616237,100
2,monash_covid_deaths,chronos-2,regime_trend,0.02,43.10605243040452,0.035093412505445204,100
2,monash_covid_deaths,chronos-t5,regime_trend,0.02,51.441096758004235,0.05554501828965029,100
2,monash_covid_deaths,chronos-2,regime_trend,0.04,43.94147554033336,0.03983369338118739,100
2,monash_covid_deaths,chronos-t5,regime_trend,0.04,52.65299750362061,0.06203454545828693,100
2,monash_covid_deaths,chronos-2,regime_trend,0.06,43.1290533622551,0.03769713803459535,100
2,monash_covid_deaths,chronos-t5,regime_trend,0.06,51.9223843078947,0.04663639038890488,100
2,monash_covid_deaths,chronos-2,regime_trend,0.09,45.94257128761593,0.0636619861510002,100
2,monash_covid_deaths,chronos-t5,regime_trend,0.09,54.01416605598165,0.07503632155935959,100
2,monash_covid_deaths,chronos-2,regime_trend,0.13,47.68558599463233,0.07414768509034071,100
2,monash_covid_deaths,chronos-t5,regime_trend,0.13,55.124567832979814,0.0671100788801874,100
2,monash_covid_deaths,chronos-2,regime_trend,0.18,52.26812040446918,0.09558841837535495,100
2,monash_covid_deaths,chronos-t5,regime_trend,0.18,59.198081122666494,0.1250285718627845,100
2,monash_covid_deaths,chronos-2,regime_trend,0.25,58.06093527764644,0.12464633752773452,100
2,monash_covid_deaths,chronos-t5,regime_trend,0.25,64.89850777019488,0.13557286242320196,100
2,dominick,chronos-2,clean,0.0,0.8295138231556268,0.24857655709519688,100
2,dominick,chronos-t5,clean,0.0,0.7894598181419168,0.26186693572828657,100
2,dominick,chronos-2,regime_trend,0.01,0.8336571937737467,0.24920238766173897,100
2,dominick,chronos-t5,regime_trend,0.01,0.8417340850014238,0.26720911111036716,100
2,dominick,chronos-2,regime_trend,0.02,0.833568428817851,0.2499068955391771,100
2,dominick,chronos-t5,regime_trend,0.02,0.8887134484861505,0.2755920380260921,100
2,dominick,chronos-2,regime_trend,0.04,0.86215000619547,0.25572900590216335,100
2,dominick,chronos-t5,regime_trend,0.04,0.8379810738189878,0.2786074053819709,100
2,dominick,chronos-2,regime_trend,0.06,0.9135052401026155,0.26733768811339215,100
2,dominick,chronos-t5,regime_trend,0.06,0.9035878725185327,0.3050401586732645,100
2,dominick,chronos-2,regime_trend,0.09,0.9498493874718601,0.2779413670215193,100
2,dominick,chronos-t5,regime_trend,0.09,0.9966113169466436,0.3092150510534062,100
2,dominick,chronos-2,regime_trend,0.13,1.0381369840680834,0.30201322918975776,100
2,dominick,chronos-t5,regime_trend,0.13,1.0411475910714818,0.33347481490892367,100
2,dominick,chronos-2,regime_trend,0.18,1.1131990196072423,0.3204924196805889,100
2,dominick,chronos-t5,regime_trend,0.18,1.0940861199771152,0.3528948891039339,100
2,dominick,chronos-2,regime_trend,0.25,1.292327076655753,0.36935543816186733,100
2,dominick,chronos-t5,regime_trend,0.25,1.2257638739810144,0.3973945227986015,100
2,ercot,chronos-2,clean,0.0,0.8417995516641943,0.02604302222263971,8
2,ercot,chronos-t5,clean,0.0,0.590129416435134,0.01615848222454339,8
2,ercot,chronos-2,regime_trend,0.01,0.8375822069210264,0.025860209258742602,8
2,ercot,chronos-t5,regime_trend,0.01,0.5695023800762257,0.01565504080592362,8
2,ercot,chronos-2,regime_trend,0.02,0.8500604722531899,0.027369960651499783,8
2,ercot,chronos-t5,regime_trend,0.02,0.5842995200314444,0.01511162802937905,8
2,ercot,chronos-2,regime_trend,0.04,0.7642534260702639,0.02356847437324618,8
2,ercot,chronos-t5,regime_trend,0.04,0.5809602225535702,0.01679395353196752,8
2,ercot,chronos-2,regime_trend,0.06,0.8368727220388813,0.02512498981356448,8
2,ercot,chronos-t5,regime_trend,0.06,0.5557990111369705,0.0172617300616411,8
2,ercot,chronos-2,regime_trend,0.09,1.0840281461802506,0.02988047549422616,8
2,ercot,chronos-t5,regime_trend,0.09,0.7150634058463573,0.018495890043571637,8
2,ercot,chronos-2,regime_trend,0.13,0.9992307185459633,0.023511270011068792,8
2,ercot,chronos-t5,regime_trend,0.13,0.8064926974177581,0.023112912266319532,8
2,ercot,chronos-2,regime_trend,0.18,1.0930418783595977,0.04433017657343868,8
2,ercot,chronos-t5,regime_trend,0.18,0.7355824036905485,0.02187649588972747,8
2,ercot,chronos-2,regime_trend,0.25,1.1262065060065303,0.037746119496612246,8
2,ercot,chronos-t5,regime_trend,0.25,1.0514050246964481,0.032469975240232506,8
2,exchange_rate,chronos-2,clean,0.0,1.816427573959804,0.011831282159531213,8
2,exchange_rate,chronos-t5,clean,0.0,2.0055468821482716,0.014973430134166025,8
2,exchange_rate,chronos-2,regime_trend,0.01,2.0595394610264766,0.01177494741730569,8
2,exchange_rate,chronos-t5,regime_trend,0.01,1.9808513581576424,0.014431732791911726,8
2,exchange_rate,chronos-2,regime_trend,0.02,2.264865773718451,0.012427557714802716,8
2,exchange_rate,chronos-t5,regime_trend,0.02,2.0538914851545935,0.014301080286529128,8
2,exchange_rate,chronos-2,regime_trend,0.04,2.07736544201349,0.013155595113979667,8
2,exchange_rate,chronos-t5,regime_trend,0.04,2.1251722525978227,0.014441059713595057,8
2,exchange_rate,chronos-2,regime_trend,0.06,2.0899969976757125,0.011479785035016116,8
2,exchange_rate,chronos-t5,regime_trend,0.06,1.8529120839957542,0.012183125166283433,8
2,exchange_rate,chronos-2,regime_trend,0.09,3.8508974841333705,0.0157449523704459,8
2,exchange_rate,chronos-t5,regime_trend,0.09,4.062554118702025,0.017629938626143385,8
2,exchange_rate,chronos-2,regime_trend,0.13,3.9665206759559553,0.02277520375989172,8
2,exchange_rate,chronos-t5,regime_trend,0.13,4.201746842749281,0.023467128591148533,8
2,exchange_rate,chronos-2,regime_trend,0.18,7.0441805175000125,0.02712773331325032,8
2,exchange_rate,chronos-t5,regime_trend,0.18,7.1570790907008295,0.029631519093305733,8
2,exchange_rate,chronos-2,regime_trend,0.25,8.318047725323162,0.03734807882181228,8
2,exchange_rate,chronos-t5,regime_trend,0.25,8.160287370353334,0.034901282657193694,8
2,monash_fred_md,chronos-2,clean,0.0,0.4532046285633289,0.02010413991667694,100
2,monash_fred_md,chronos-t5,clean,0.0,0.427867472255334,0.01694340741383009,100
2,monash_fred_md,chronos-2,regime_trend,0.01,0.45331167421350715,0.019221936540425116,100
2,monash_fred_md,chronos-t5,regime_trend,0.01,0.46519746456042355,0.017728609327752515,100
2,monash_fred_md,chronos-2,regime_trend,0.02,0.493076921728719,0.01962578061392584,100
2,monash_fred_md,chronos-t5,regime_trend,0.02,0.5100348771972372,0.01683213419784466,100
2,monash_fred_md,chronos-2,regime_trend,0.04,0.6513639644028608,0.023405428110495678,100
2,monash_fred_md,chronos-t5,regime_trend,0.04,0.6760809459910009,0.023862000629996397,100
2,monash_fred_md,chronos-2,regime_trend,0.06,0.810508855786418,0.022871043824841963,100
2,monash_fred_md,chronos-t5,regime_trend,0.06,0.7800134447249523,0.018659263676975475,100
2,monash_fred_md,chronos-2,regime_trend,0.09,1.0555755987356479,0.031869154275154944,100
2,monash_fred_md,chronos-t5,regime_trend,0.09,1.081736069127232,0.02958866649995549,100
2,monash_fred_md,chronos-2,regime_trend,0.13,1.4624000127030834,0.04031843881868023,100
2,monash_fred_md,chronos-t5,regime_trend,0.13,1.4751781349714903,0.039057723081130286,100
2,monash_fred_md,chronos-2,regime_trend,0.18,1.9284671125155592,0.04822596458403101,100
2,monash_fred_md,chronos-t5,regime_trend,0.18,1.9954008152698082,0.04760345357305741,100
2,monash_fred_md,chronos-2,regime_trend,0.25,2.7193653407476197,0.0634828337596102,100
2,monash_fred_md,chronos-t5,regime_trend,0.25,2.7361370739543287,0.06566114749580021,100
2,monash_hospital,chronos-2,clean,0.0,0.7870107936415635,0.061281917662917254,100
2,monash_hospital,chronos-t5,clean,0.0,0.8473987894250309,0.06636948039133085,100
2,monash_hospital,chronos-2,regime_trend,0.01,0.7876984610783867,0.06130406590255969,100
2,monash_hospital,chronos-t5,regime_trend,0.01,0.8466618078007064,0.0667828014413763,100
2,monash_hospital,chronos-2,regime_trend,0.02,0.788394020097925,0.061067757819428053,100
2,monash_hospital,chronos-t5,regime_trend,0.02,0.8616436237246154,0.06707113816129563,100
2,monash_hospital,chronos-2,regime_trend,0.04,0.7907801205936718,0.06257693785463297,100
2,monash_hospital,chronos-t5,regime_trend,0.04,0.8390940951017573,0.06817768030220867,100
2,monash_hospital,chronos-2,regime_trend,0.06,0.790944903199991,0.06271316595434472,100
2,monash_hospital,chronos-t5,regime_trend,0.06,0.8363844430838557,0.06786019625866907,100
2,monash_hospital,chronos-2,regime_trend,0.09,0.7960733173844896,0.06381244207522387,100
2,monash_hospital,chronos-t5,regime_trend,0.09,0.8466100890264786,0.06889338434533256,100
2,monash_hospital,chronos-2,regime_trend,0.13,0.7992453726619599,0.06629185585982038,100
2,monash_hospital,chronos-t5,regime_trend,0.13,0.8358779238456779,0.06868089649758385,100
2,monash_hospital,chronos-2,regime_trend,0.18,0.8231320334101551,0.06889383541473584,100
2,monash_hospital,chronos-t5,regime_trend,0.18,0.8596885541563902,0.07168657496352265,100
2,monash_hospital,chronos-2,regime_trend,0.25,0.8048889897098886,0.06737233421012274,100
2,monash_hospital,chronos-t5,regime_trend,0.25,0.8416349041931417,0.06985863703403844,100
2,monash_m1_monthly,chronos-2,clean,0.0,1.0252822007023978,0.27221328295504754,100
2,monash_m1_monthly,chronos-t5,clean,0.0,1.1522915325453502,0.1844654587416395,100
2,monash_m1_monthly,chronos-2,regime_trend,0.01,1.023879016912799,0.27100675149581627,100
2,monash_m1_monthly,chronos-t5,regime_trend,0.01,1.1436261646095365,0.18187017891743157,100
2,monash_m1_monthly,chronos-2,regime_trend,0.02,1.0238321060038786,0.2709356126468153,100
2,monash_m1_monthly,chronos-t5,regime_trend,0.02,1.1574035811114733,0.1859656347150369,100
2,monash_m1_monthly,chronos-2,regime_trend,0.04,1.0359646048213984,0.27567433376033706,100
2,monash_m1_monthly,chronos-t5,regime_trend,0.04,1.1707277345473162,0.1943785199340082,100
2,monash_m1_monthly,chronos-2,regime_trend,0.06,1.027768311640742,0.2755435711348551,100
2,monash_m1_monthly,chronos-t5,regime_trend,0.06,1.157143415015091,0.18487546982381844,100
2,monash_m1_monthly,chronos-2,regime_trend,0.09,1.014863609780812,0.2634264722700863,100
2,monash_m1_monthly,chronos-t5,regime_trend,0.09,1.1461719469212055,0.1872360816832262,100
2,monash_m1_monthly,chronos-2,regime_trend,0.13,1.0297513458241863,0.28007128852502916,100
2,monash_m1_monthly,chronos-t5,regime_trend,0.13,1.1618299206377116,0.19101614207410098,100
2,monash_m1_monthly,chronos-2,regime_trend,0.18,1.055245950405318,0.2628612475670831,100
2,monash_m1_monthly,chronos-t5,regime_trend,0.18,1.1513848258172812,0.19646136335664643,100
2,monash_m1_monthly,chronos-2,regime_trend,0.25,1.1317372724257238,0.2579990378558037,100
2,monash_m1_monthly,chronos-t5,regime_trend,0.25,1.2154294887149142,0.1966348543447505,100
2,monash_m1_quarterly,chronos-2,clean,0.0,1.5766614979688591,0.07952721348399153,100
2,monash_m1_quarterly,chronos-t5,clean,0.0,1.76231167146434,0.09888932977930749,100
2,monash_m1_quarterly,chronos-2,regime_trend,0.01,1.5782222527540837,0.07999565416314863,100
2,monash_m1_quarterly,chronos-t5,regime_trend,0.01,1.7590147890350254,0.0984292728815569,100
2,monash_m1_quarterly,chronos-2,regime_trend,0.02,1.5901481461140359,0.07909958466939465,100
2,monash_m1_quarterly,chronos-t5,regime_trend,0.02,1.7716304452795304,0.09797816802929823,100
2,monash_m1_quarterly,chronos-2,regime_trend,0.04,1.5826354363564656,0.07914823405330969,100
2,monash_m1_quarterly,chronos-t5,regime_trend,0.04,1.7585456094038656,0.09507619626798171,100
2,monash_m1_quarterly,chronos-2,regime_trend,0.06,1.5822466271086204,0.08052265411271832,100
2,monash_m1_quarterly,chronos-t5,regime_trend,0.06,1.7304251642296253,0.10621586820784752,100
2,monash_m1_quarterly,chronos-2,regime_trend,0.09,1.6005883915673058,0.08034462580407933,100
2,monash_m1_quarterly,chronos-t5,regime_trend,0.09,1.738897932644231,0.10857768324107403,100
2,monash_m1_quarterly,chronos-2,regime_trend,0.13,1.6485920375804612,0.08332669818889302,100
2,monash_m1_quarterly,chronos-t5,regime_trend,0.13,1.8087936895386185,0.11194957572485882,100
2,monash_m1_quarterly,chronos-2,regime_trend,0.18,1.7830377957407515,0.0768327262445316,100
2,monash_m1_quarterly,chronos-t5,regime_trend,0.18,1.950063752161869,0.08601735828885007,100
2,monash_m1_quarterly,chronos-2,regime_trend,0.25,1.8280560583698775,0.09004485867632694,100
2,monash_m1_quarterly,chronos-t5,regime_trend,0.25,1.8906202228444386,0.11046197386112516,100
2,monash_m1_yearly,chronos-2,clean,0.0,3.637927031199332,0.07096940204212351,100
2,monash_m1_yearly,chronos-t5,clean,0.0,4.8881433720229355,0.09447796327690816,100
2,monash_m1_yearly,chronos-2,regime_trend,0.01,3.635014291087717,0.07085537236936616,100
2,monash_m1_yearly,chronos-t5,regime_trend,0.01,4.8884875781342645,0.0963504098672744,100
2,monash_m1_yearly,chronos-2,regime_trend,0.02,3.657018907209515,0.07294882865179593,100
2,monash_m1_yearly,chronos-t5,regime_trend,0.02,4.901827516376567,0.104867441007825,100
2,monash_m1_yearly,chronos-2,regime_trend,0.04,3.6806220030668086,0.07038170434458219,100
2,monash_m1_yearly,chronos-t5,regime_trend,0.04,4.956597707471692,0.08820049523023092,100
2,monash_m1_yearly,chronos-2,regime_trend,0.06,3.645920256152291,0.07275701827939757,100
2,monash_m1_yearly,chronos-t5,regime_trend,0.06,5.007068722986506,0.11686345872761253,100
2,monash_m1_yearly,chronos-2,regime_trend,0.09,3.6428692095430657,0.07057701609490857,100
2,monash_m1_yearly,chronos-t5,regime_trend,0.09,4.984423152304773,0.10172810208425861,100
2,monash_m1_yearly,chronos-2,regime_trend,0.13,3.5916307408501718,0.07761542775193665,100
2,monash_m1_yearly,chronos-t5,regime_trend,0.13,4.900021219245019,0.1025211225487647,100
2,monash_m1_yearly,chronos-2,regime_trend,0.18,3.5820712686177876,0.07898936685363188,100
2,monash_m1_yearly,chronos-t5,regime_trend,0.18,4.916632590013899,0.11605386446016823,100
2,monash_m1_yearly,chronos-2,regime_trend,0.25,3.9424202239876887,0.07143747965459639,100
2,monash_m1_yearly,chronos-t5,regime_trend,0.25,5.1471638293438655,0.07447162033289154,100
2,monash_m3_monthly,chronos-2,clean,0.0,0.811635633079432,0.08901184204854988,100
2,monash_m3_monthly,chronos-t5,clean,0.0,0.8306611370085272,0.09180431282613696,100
2,monash_m3_monthly,chronos-2,regime_trend,0.01,0.812766465871429,0.08914063313204869,100
2,monash_m3_monthly,chronos-t5,regime_trend,0.01,0.8370975976696081,0.09231605111449899,100
2,monash_m3_monthly,chronos-2,regime_trend,0.02,0.8196062154578976,0.08927210246368898,100
2,monash_m3_monthly,chronos-t5,regime_trend,0.02,0.8330230342111509,0.09206939749725072,100
2,monash_m3_monthly,chronos-2,regime_trend,0.04,0.8185026522753865,0.08947679167983764,100
2,monash_m3_monthly,chronos-t5,regime_trend,0.04,0.8284824906744158,0.09154903206635148,100
2,monash_m3_monthly,chronos-2,regime_trend,0.06,0.8207115190417239,0.0888187594646565,100
2,monash_m3_monthly,chronos-t5,regime_trend,0.06,0.840830490828152,0.09313099338176298,100
2,monash_m3_monthly,chronos-2,regime_trend,0.09,0.8345850806183889,0.09057242611605767,100
2,monash_m3_monthly,chronos-t5,regime_trend,0.09,0.8491008776277891,0.09483543518611255,100
2,monash_m3_monthly,chronos-2,regime_trend,0.13,0.8785604175963225,0.09284695176652798,100
2,monash_m3_monthly,chronos-t5,regime_trend,0.13,0.8775434441140698,0.0941344312825639,100
2,monash_m3_monthly,chronos-2,regime_trend,0.18,0.9207336415797976,0.09599500974817171,100
2,monash_m3_monthly,chronos-t5,regime_trend,0.18,0.9131049917443339,0.09905929055014716,100
2,monash_m3_monthly,chronos-2,regime_trend,0.25,1.0641551044167954,0.10300184966246201,100
2,monash_m3_monthly,chronos-t5,regime_trend,0.25,1.065251848670344,0.10516881619194535,100
2,monash_m3_quarterly,chronos-2,clean,0.0,1.2542640597019636,0.07384750980066322,100
2,monash_m3_quarterly,chronos-t5,clean,0.0,1.3430482252381102,0.07994968601530622,100
2,monash_m3_quarterly,chronos-2,regime_trend,0.01,1.2560273097362655,0.07380123247416602,100
2,monash_m3_quarterly,chronos-t5,regime_trend,0.01,1.3338025994803295,0.07984008072822164,100
2,monash_m3_quarterly,chronos-2,regime_trend,0.02,1.2420444026686033,0.07337341341642639,100
2,monash_m3_quarterly,chronos-t5,regime_trend,0.02,1.320489181147422,0.07932541445561545,100
2,monash_m3_quarterly,chronos-2,regime_trend,0.04,1.2548840025178254,0.07376228161877389,100
2,monash_m3_quarterly,chronos-t5,regime_trend,0.04,1.3478440843657369,0.07973501303523155,100
2,monash_m3_quarterly,chronos-2,regime_trend,0.06,1.2816074283142007,0.0755413219052571,100
2,monash_m3_quarterly,chronos-t5,regime_trend,0.06,1.379344213233128,0.08185587859092672,100
2,monash_m3_quarterly,chronos-2,regime_trend,0.09,1.2449167298462744,0.07367121482510591,100
2,monash_m3_quarterly,chronos-t5,regime_trend,0.09,1.3490432092669113,0.08093857003427639,100
2,monash_m3_quarterly,chronos-2,regime_trend,0.13,1.3284096230842533,0.07768627991944135,100
2,monash_m3_quarterly,chronos-t5,regime_trend,0.13,1.405417060493479,0.08373634722351588,100
2,monash_m3_quarterly,chronos-2,regime_trend,0.18,1.3677662164742748,0.07898956930844771,100
2,monash_m3_quarterly,chronos-t5,regime_trend,0.18,1.4268809789948467,0.08570338922792552,100
2,monash_m3_quarterly,chronos-2,regime_trend,0.25,1.4363677370110957,0.08323154557427587,100
2,monash_m3_quarterly,chronos-t5,regime_trend,0.25,1.4835151540898397,0.08955411476912224,100
2,monash_m3_yearly,chronos-2,clean,0.0,3.0132092403527664,0.14670256385058947,100
2,monash_m3_yearly,chronos-t5,clean,0.0,3.6143229556511582,0.16170070422475177,100
2,monash_m3_yearly,chronos-2,regime_trend,0.01,3.023415655998689,0.14707681001179188,100
2,monash_m3_yearly,chronos-t5,regime_trend,0.01,3.646286745228211,0.16183162919728217,100
2,monash_m3_yearly,chronos-2,regime_trend,0.02,3.0214456919990247,0.14684318969485444,100
2,monash_m3_yearly,chronos-t5,regime_trend,0.02,3.6375495043716093,0.16350602124825267,100
2,monash_m3_yearly,chronos-2,regime_trend,0.04,3.0748529778370637,0.1493838884053093,100
2,monash_m3_yearly,chronos-t5,regime_trend,0.04,3.5985044487705267,0.16093558506577846,100
2,monash_m3_yearly,chronos-2,regime_trend,0.06,3.126793244605326,0.15022805747498977,100
2,monash_m3_yearly,chronos-t5,regime_trend,0.06,3.62279842929981,0.1639040793688933,100
2,monash_m3_yearly,chronos-2,regime_trend,0.09,3.085888317261863,0.14960082065433122,100
2,monash_m3_yearly,chronos-t5,regime_trend,0.09,3.5096120339109675,0.1587416785496093,100
2,monash_m3_yearly,chronos-2,regime_trend,0.13,3.1686289425461984,0.15024079373408036,100
2,monash_m3_yearly,chronos-t5,regime_trend,0.13,3.6393014156574743,0.16023023756182941,100
2,monash_m3_yearly,chronos-2,regime_trend,0.18,3.3837968516755166,0.15856425487797898,100
2,monash_m3_yearly,chronos-t5,regime_trend,0.18,3.8997040995741563,0.17067741192735944,100
2,monash_m3_yearly,chronos-2,regime_trend,0.25,3.4297444675324855,0.15768729652140667,100
2,monash_m3_yearly,chronos-t5,regime_trend,0.25,3.8300206138477764,0.16915037886472695,100
2,m4_quarterly,chronos-2,clean,0.0,1.1058863737967675,0.07350590730709108,100
2,m4_quarterly,chronos-t5,clean,0.0,1.151341465241016,0.07586913130873835,100
2,m4_quarterly,chronos-2,regime_trend,0.01,1.1132851913871997,0.07371347336487911,100
2,m4_quarterly,chronos-t5,regime_trend,0.01,1.1521545422458843,0.07593112995290664,100
2,m4_quarterly,chronos-2,regime_trend,0.02,1.110890327672352,0.07416301011093422,100
2,m4_quarterly,chronos-t5,regime_trend,0.02,1.1788871758975332,0.07573597513249751,100
2,m4_quarterly,chronos-2,regime_trend,0.04,1.1325928782766548,0.07485700238708676,100
2,m4_quarterly,chronos-t5,regime_trend,0.04,1.179353536555461,0.07866980177405845,100
2,m4_quarterly,chronos-2,regime_trend,0.06,1.1691545747315697,0.07471555570636969,100
2,m4_quarterly,chronos-t5,regime_trend,0.06,1.2138158893226687,0.07881621127291762,100
2,m4_quarterly,chronos-2,regime_trend,0.09,1.174729947590862,0.07760779013237745,100
2,m4_quarterly,chronos-t5,regime_trend,0.09,1.2408944021130335,0.08211849827948392,100
2,m4_quarterly,chronos-2,regime_trend,0.13,1.206344119868247,0.07826042021236027,100
2,m4_quarterly,chronos-t5,regime_trend,0.13,1.2792315834352896,0.08222051399211662,100
2,m4_quarterly,chronos-2,regime_trend,0.18,1.2859738657813458,0.08051008827414677,100
2,m4_quarterly,chronos-t5,regime_trend,0.18,1.3219228816994972,0.0819047239519208,100
2,m4_quarterly,chronos-2,regime_trend,0.25,1.5716488594726337,0.09263896081398308,100
2,m4_quarterly,chronos-t5,regime_trend,0.25,1.6158427419443582,0.09761508226867166,100
2,m4_yearly,chronos-2,clean,0.0,3.003324720876421,0.11662203541969743,100
2,m4_yearly,chronos-t5,clean,0.0,3.6600454327492042,0.14319400273286906,100
2,m4_yearly,chronos-2,regime_trend,0.01,3.018443455590352,0.1171454290602486,100
2,m4_yearly,chronos-t5,regime_trend,0.01,3.6193468535154976,0.14246411520867144,100
2,m4_yearly,chronos-2,regime_trend,0.02,3.0014526262182026,0.11737539316621302,100
2,m4_yearly,chronos-t5,regime_trend,0.02,3.688661206972761,0.14361053009087738,100
2,m4_yearly,chronos-2,regime_trend,0.04,3.011192539302148,0.11641250840469973,100
2,m4_yearly,chronos-t5,regime_trend,0.04,3.6872213056396714,0.1434716558838075,100
2,m4_yearly,chronos-2,regime_trend,0.06,3.0507537279626833,0.11707928618953077,100
2,m4_yearly,chronos-t5,regime_trend,0.06,3.731537020355542,0.14351667091915057,100
2,m4_yearly,chronos-2,regime_trend,0.09,3.0919521355650508,0.1177795934269035,100
2,m4_yearly,chronos-t5,regime_trend,0.09,3.6964761335118026,0.14205581181906424,100
2,m4_yearly,chronos-2,regime_trend,0.13,3.0721037530107536,0.11972928298142,100
2,m4_yearly,chronos-t5,regime_trend,0.13,3.6836108833682806,0.1466773353599062,100
2,m4_yearly,chronos-2,regime_trend,0.18,3.53589711349474,0.12692358600147466,100
2,m4_yearly,chronos-t5,regime_trend,0.18,4.102248402486876,0.1542409865545544,100
2,m4_yearly,chronos-2,regime_trend,0.25,3.997760357796578,0.13789510057220433,100
2,m4_yearly,chronos-t5,regime_trend,0.25,4.358200771058555,0.1551258794048865,100
2,m5,chronos-2,clean,0.0,0.8902796015181903,0.5276950502475531,100
2,m5,chronos-t5,clean,0.0,0.9166725389602469,0.5674313269320713,100
2,m5,chronos-2,regime_trend,0.01,0.8899019764967326,0.5270022622728195,100
2,m5,chronos-t5,regime_trend,0.01,0.9578072858554292,0.5764482165276764,100
2,m5,chronos-2,regime_trend,0.02,0.8916735521735664,0.5288226579307969,100
2,m5,chronos-t5,regime_trend,0.02,1.0375638303833996,0.6021648811150259,100
2,m5,chronos-2,regime_trend,0.04,0.8946806974025584,0.529604484379823,100
2,m5,chronos-t5,regime_trend,0.04,1.0184847247931452,0.5989445344577898,100
2,m5,chronos-2,regime_trend,0.06,0.907332753351173,0.5347050425488669,100
2,m5,chronos-t5,regime_trend,0.06,1.0407657930944159,0.6115435028952436,100
2,m5,chronos-2,regime_trend,0.09,0.9235685939987887,0.5332349615768613,100
2,m5,chronos-t5,regime_trend,0.09,1.0120821082015563,0.627453229137816,100
2,m5,chronos-2,regime_trend,0.13,0.9621331121470653,0.5485647487175016,100
2,m5,chronos-t5,regime_trend,0.13,1.0469612398718824,0.6185541723257325,100
2,m5,chronos-2,regime_trend,0.18,1.0174679287405397,0.5700932918578324,100
2,m5,chronos-t5,regime_trend,0.18,1.0776551252541748,0.623927444098721,100
2,m5,chronos-2,regime_trend,0.25,1.0792856177226753,0.5866887909383579,100
2,m5,chronos-t5,regime_trend,0.25,1.0834291614336755,0.6286589272782254,100
2,nn5,chronos-2,clean,0.0,0.5565058217844888,0.14566301635161222,100
2,nn5,chronos-t5,clean,0.0,0.6000159933410386,0.1650447363959824,100
2,nn5,chronos-2,regime_trend,0.01,0.5569773035567227,0.14567263250742848,100
2,nn5,chronos-t5,regime_trend,0.01,0.6000685124798424,0.16549978975826476,100
2,nn5,chronos-2,regime_trend,0.02,0.5568590904726368,0.14577281920049462,100
2,nn5,chronos-t5,regime_trend,0.02,0.5935926786612051,0.16285727579274267,100
2,nn5,chronos-2,regime_trend,0.04,0.5584521855671354,0.14600481271229782,100
2,nn5,chronos-t5,regime_trend,0.04,0.5958476908315486,0.1637456158524303,100
2,nn5,chronos-2,regime_trend,0.06,0.5594297504775876,0.14653335054100552,100
2,nn5,chronos-t5,regime_trend,0.06,0.5954952906198566,0.16366951218224182,100
2,nn5,chronos-2,regime_trend,0.09,0.5605536303792843,0.14658516344312306,100
2,nn5,chronos-t5,regime_trend,0.09,0.6015018378676885,0.16535677812230948,100
2,nn5,chronos-2,regime_trend,0.13,0.5637647670574241,0.14773595180875676,100
2,nn5,chronos-t5,regime_trend,0.13,0.5941049387491574,0.16409029875888945,100
2,nn5,chronos-2,regime_trend,0.18,0.5766661424238081,0.15077333055162237,100
2,nn5,chronos-t5,regime_trend,0.18,0.6047807336830433,0.16639374611657148,100
2,nn5,chronos-2,regime_trend,0.25,0.5965132241293948,0.15597389704804848,100
2,nn5,chronos-t5,regime_trend,0.25,0.617651052648802,0.1710733286829026,100
2,monash_nn5_weekly,chronos-2,clean,0.0,0.85885852195396,0.07810001991339675,100
2,monash_nn5_weekly,chronos-t5,clean,0.0,0.9418119094482781,0.0873005607174508,100
2,monash_nn5_weekly,chronos-2,regime_trend,0.01,0.8598816511859334,0.07813787624843689,100
2,monash_nn5_weekly,chronos-t5,regime_trend,0.01,0.9430047885700614,0.08730247238740897,100
2,monash_nn5_weekly,chronos-2,regime_trend,0.02,0.8579373227013241,0.0780346338785229,100
2,monash_nn5_weekly,chronos-t5,regime_trend,0.02,0.9367656907290376,0.08713364586097329,100
2,monash_nn5_weekly,chronos-2,regime_trend,0.04,0.860931289769841,0.07836873371024,100
2,monash_nn5_weekly,chronos-t5,regime_trend,0.04,0.9439523574632471,0.08739000961522586,100
2,monash_nn5_weekly,chronos-2,regime_trend,0.06,0.8605410586264367,0.07813705434224508,100
2,monash_nn5_weekly,chronos-t5,regime_trend,0.06,0.9433995019590239,0.08739406022670045,100
2,monash_nn5_weekly,chronos-2,regime_trend,0.09,0.8656240685232962,0.07850794723955666,100
2,monash_nn5_weekly,chronos-t5,regime_trend,0.09,0.950207414167121,0.08759924850247597,100
2,monash_nn5_weekly,chronos-2,regime_trend,0.13,0.8618298719588791,0.0786558228240023,100
2,monash_nn5_weekly,chronos-t5,regime_trend,0.13,0.9471362804438701,0.08767789030596009,100
2,monash_nn5_weekly,chronos-2,regime_trend,0.18,0.868263731791398,0.07882141089889924,100
2,monash_nn5_weekly,chronos-t5,regime_trend,0.18,0.9458642165551531,0.08682984047548749,100
2,monash_nn5_weekly,chronos-2,regime_trend,0.25,0.8864382354939928,0.08030349694797473,100
2,monash_nn5_weekly,chronos-t5,regime_trend,0.25,0.9726181055550717,0.09059125078507682,100
2,monash_tourism_monthly,chronos-2,clean,0.0,1.3430131286102536,0.06909977408430708,100
2,monash_tourism_monthly,chronos-t5,clean,0.0,1.7935620067719764,0.09479131508975674,100
2,monash_tourism_monthly,chronos-2,regime_trend,0.01,1.3418136565328591,0.06926244038787231,100
2,monash_tourism_monthly,chronos-t5,regime_trend,0.01,1.8012681171107223,0.09586552562418219,100
2,monash_tourism_monthly,chronos-2,regime_trend,0.02,1.3442331526386597,0.06958162276938112,100
2,monash_tourism_monthly,chronos-t5,regime_trend,0.02,1.7988510829926148,0.09340678135862023,100
2,monash_tourism_monthly,chronos-2,regime_trend,0.04,1.3414127987379099,0.06984728078898732,100
2,monash_tourism_monthly,chronos-t5,regime_trend,0.04,1.7885703563595075,0.09536067947168402,100
2,monash_tourism_monthly,chronos-2,regime_trend,0.06,1.3579007261013958,0.07064453259333354,100
2,monash_tourism_monthly,chronos-t5,regime_trend,0.06,1.8175915230233461,0.09521813237912405,100
2,monash_tourism_monthly,chronos-2,regime_trend,0.09,1.3785560801814989,0.07349337218771829,100
2,monash_tourism_monthly,chronos-t5,regime_trend,0.09,1.8190668607379745,0.09900094928697625,100
2,monash_tourism_monthly,chronos-2,regime_trend,0.13,1.4054351287815408,0.07582143073216575,100
2,monash_tourism_monthly,chronos-t5,regime_trend,0.13,1.845633765556123,0.10715487137135347,100
2,monash_tourism_monthly,chronos-2,regime_trend,0.18,1.4502862807106212,0.08322998005897009,100
2,monash_tourism_monthly,chronos-t5,regime_trend,0.18,1.8583459651309715,0.1030148967403,100
2,monash_tourism_monthly,chronos-2,regime_trend,0.25,1.5135113281810617,0.08485633540412335,100
2,monash_tourism_monthly,chronos-t5,regime_trend,0.25,1.9449405148395666,0.1202336555461902,100
2,monash_tourism_quarterly,chronos-2,clean,0.0,1.5904319369414341,0.07053812492950641,100
2,monash_tourism_quarterly,chronos-t5,clean,0.0,1.7504306874546842,0.07897634837601752,100
2,monash_tourism_quarterly,chronos-2,regime_trend,0.01,1.5893257817392419,0.07051577395401325,100
2,monash_tourism_quarterly,chronos-t5,regime_trend,0.01,1.7610906345180095,0.08090231708356521,100
2,monash_tourism_quarterly,chronos-2,regime_trend,0.02,1.5878037480400786,0.07020772572104825,100
2,monash_tourism_quarterly,chronos-t5,regime_trend,0.02,1.7373219470894228,0.07964003209430955,100
2,monash_tourism_quarterly,chronos-2,regime_trend,0.04,1.6112181941036006,0.07227099694309709,100
2,monash_tourism_quarterly,chronos-t5,regime_trend,0.04,1.766626231408795,0.0778762466663678,100
2,monash_tourism_quarterly,chronos-2,regime_trend,0.06,1.5706671275333304,0.06939279841937579,100
2,monash_tourism_quarterly,chronos-t5,regime_trend,0.06,1.7102260681922334,0.07737977124289207,100
2,monash_tourism_quarterly,chronos-2,regime_trend,0.09,1.641342823395273,0.07650398065989243,100
2,monash_tourism_quarterly,chronos-t5,regime_trend,0.09,1.771274115401227,0.08462662902093396,100
2,monash_tourism_quarterly,chronos-2,regime_trend,0.13,1.6221558399537943,0.07021782484435003,100
2,monash_tourism_quarterly,chronos-t5,regime_trend,0.13,1.7891972197044725,0.07979737334652909,100
2,monash_tourism_quarterly,chronos-2,regime_trend,0.18,1.7452808429667277,0.08595120419707997,100
2,monash_tourism_quarterly,chronos-t5,regime_trend,0.18,1.8486697086540804,0.0827711617997934,100
2,monash_tourism_quarterly,chronos-2,regime_trend,0.25,1.8709952553691034,0.08877402628955111,100
2,monash_tourism_quarterly,chronos-t5,regime_trend,0.25,1.9711317536304318,0.08042044852265233,100
2,monash_tourism_yearly,chronos-2,clean,0.0,3.5704327729167913,0.16546482529220838,100
2,monash_tourism_yearly,chronos-t5,clean,0.0,3.936152370690512,0.2050591187673575,100
2,monash_tourism_yearly,chronos-2,regime_trend,0.01,3.57138655196738,0.16543836495147754,100
2,monash_tourism_yearly,chronos-t5,regime_trend,0.01,3.9204773613587873,0.20540885793277136,100
2,monash_tourism_yearly,chronos-2,regime_trend,0.02,3.5752638756820145,0.16632453781496834,100
2,monash_tourism_yearly,chronos-t5,regime_trend,0.02,3.9642268267543286,0.2226786075437069,100
2,monash_tourism_yearly,chronos-2,regime_trend,0.04,3.563823758921467,0.16565721023087085,100
2,monash_tourism_yearly,chronos-t5,regime_trend,0.04,3.9461212462679067,0.20358673573141017,100
2,monash_tourism_yearly,chronos-2,regime_trend,0.06,3.581262133069724,0.1640722280985683,100
2,monash_tourism_yearly,chronos-t5,regime_trend,0.06,3.9393853284975324,0.1958320830302126,100
2,monash_tourism_yearly,chronos-2,regime_trend,0.09,3.5886224123037365,0.1694946599871645,100
2,monash_tourism_yearly,chronos-t5,regime_trend,0.09,3.903245600097006,0.20445797703794863,100
2,monash_tourism_yearly,chronos-2,regime_trend,0.13,3.6713488995265062,0.16213847161006023,100
2,monash_tourism_yearly,chronos-t5,regime_trend,0.13,3.941657461072474,0.19193085101476387,100
2,monash_tourism_yearly,chronos-2,regime_trend,0.18,3.654212678495894,0.15958449086016643,100
2,monash_tourism_yearly,chronos-t5,regime_trend,0.18,3.9870655736028944,0.19013899407132284,100
2,monash_tourism_yearly,chronos-2,regime_trend,0.25,3.8042878501678,0.17821357770558174,100
2,monash_tourism_yearly,chronos-t5,regime_trend,0.25,4.136875779591303,0.21183367980290688,100
2,monash_traffic,chronos-2,clean,0.0,0.8271235376076017,0.2736839843613832,100
2,monash_traffic,chronos-t5,clean,0.0,0.8160766380565383,0.28036386007284686,100
2,monash_traffic,chronos-2,regime_trend,0.01,0.8273519823250394,0.27380882510550797,100
2,monash_traffic,chronos-t5,regime_trend,0.01,0.8289056805700727,0.2859569917522948,100
2,monash_traffic,chronos-2,regime_trend,0.02,0.8316402114202427,0.2749253253289426,100
2,monash_traffic,chronos-t5,regime_trend,0.02,0.841103546357246,0.2890873331073661,100
2,monash_traffic,chronos-2,regime_trend,0.04,0.8328331632902237,0.2760317828238325,100
2,monash_traffic,chronos-t5,regime_trend,0.04,0.8312266782736711,0.2865202747706833,100
2,monash_traffic,chronos-2,regime_trend,0.06,0.8748726213847511,0.28562962139669534,100
2,monash_traffic,chronos-t5,regime_trend,0.06,0.8822666489191042,0.29318523919745054,100
2,monash_traffic,chronos-2,regime_trend,0.09,0.8889032606892497,0.28714637871437043,100
2,monash_traffic,chronos-t5,regime_trend,0.09,0.8801136609690394,0.2948487096965359,100
2,monash_traffic,chronos-2,regime_trend,0.13,0.9316502113861428,0.2978611121333206,100
2,monash_traffic,chronos-t5,regime_trend,0.13,0.9353777692739501,0.30492969510070195,100
2,monash_traffic,chronos-2,regime_trend,0.18,0.9668699021598877,0.3093964878114826,100
2,monash_traffic,chronos-t5,regime_trend,0.18,0.9503970641785399,0.31237428986125315,100
2,monash_traffic,chronos-2,regime_trend,0.25,1.165985973687785,0.36891332727114834,100
2,monash_traffic,chronos-t5,regime_trend,0.25,1.1447383292583233,0.37595816945092,100
2,monash_weather,chronos-2,clean,0.0,0.9775839384301249,0.12512084985369903,100
2,monash_weather,chronos-t5,clean,0.0,1.0082126969768732,0.1447345434448121,100
2,monash_weather,chronos-2,regime_trend,0.01,0.9804183692659745,0.12547724446059513,100
2,monash_weather,chronos-t5,regime_trend,0.01,1.0112162064489285,0.14682404826783893,100
2,monash_weather,chronos-2,regime_trend,0.02,0.9847801371696207,0.12650882227641025,100
2,monash_weather,chronos-t5,regime_trend,0.02,1.0189397969603153,0.148202852741595,100
2,monash_weather,chronos-2,regime_trend,0.04,0.991679995258581,0.12744246261574144,100
2,monash_weather,chronos-t5,regime_trend,0.04,1.02089747093595,0.14899729025490605,100
2,monash_weather,chronos-2,regime_trend,0.06,1.0081565705568638,0.13080812880786793,100
2,monash_weather,chronos-t5,regime_trend,0.06,1.0624107380031715,0.1507774444312135,100
2,monash_weather,chronos-2,regime_trend,0.09,1.0295013081756346,0.13610720459609915,100
2,monash_weather,chronos-t5,regime_trend,0.09,1.1096782937884309,0.15628141552933922,100
2,monash_weather,chronos-2,regime_trend,0.13,1.0537405564604045,0.14146189663220216,100
2,monash_weather,chronos-t5,regime_trend,0.13,1.1182832427085905,0.16345912445635047,100
2,monash_weather,chronos-2,regime_trend,0.18,1.1241826237011827,0.15675109370414572,100
2,monash_weather,chronos-t5,regime_trend,0.18,1.21475171352023,0.17452526614541172,100
2,monash_weather,chronos-2,regime_trend,0.25,1.1838160688499288,0.17273665776681105,100
2,monash_weather,chronos-t5,regime_trend,0.25,1.291211935775962,0.19106910742691213,100
3,monash_australian_electricity,chronos-2,clean,0.0,0.6271804180014168,0.030672134058366392,5
3,monash_australian_electricity,chronos-t5,clean,0.0,1.3547706249109244,0.07520130070570943,5
3,monash_australian_electricity,chronos-2,regime_trend,0.01,0.6402849136209781,0.03103608401126642,5
3,monash_australian_electricity,chronos-t5,regime_trend,0.01,1.2884971241906276,0.07631812680462306,5
3,monash_australian_electricity,chronos-2,regime_trend,0.02,0.602042542354855,0.029835272060091185,5
3,monash_australian_electricity,chronos-t5,regime_trend,0.02,1.3179757230361724,0.07959560954264777,5
3,monash_australian_electricity,chronos-2,regime_trend,0.04,0.6243547357579484,0.029868065723280633,5
3,monash_australian_electricity,chronos-t5,regime_trend,0.04,1.2803159916145532,0.07486094768096829,5
3,monash_australian_electricity,chronos-2,regime_trend,0.06,0.70038883504744,0.03263522854905144,5
3,monash_australian_electricity,chronos-t5,regime_trend,0.06,1.3761716080458484,0.08138770677421207,5
3,monash_australian_electricity,chronos-2,regime_trend,0.09,0.6744472355665028,0.03427237028568015,5
3,monash_australian_electricity,chronos-t5,regime_trend,0.09,1.4093602943235788,0.08274391980649982,5
3,monash_australian_electricity,chronos-2,regime_trend,0.13,0.8128112333034404,0.04209448233055654,5
3,monash_australian_electricity,chronos-t5,regime_trend,0.13,1.0328083112311757,0.06086511902305742,5
3,monash_australian_electricity,chronos-2,regime_trend,0.18,0.8709986810289558,0.04425808085804474,5
3,monash_australian_electricity,chronos-t5,regime_trend,0.18,1.5323446115174932,0.10140226966784899,5
3,monash_australian_electricity,chronos-2,regime_trend,0.25,0.9957763838834891,0.052774516042117706,5
3,monash_australian_electricity,chronos-t5,regime_trend,0.25,1.3477788791738237,0.08980152800904571,5
3,monash_cif_2016,chronos-2,clean,0.0,0.9366922139796068,0.011260000608145472,72
3,monash_cif_2016,chronos-t5,clean,0.0,0.9886009617746289,0.013292816150331017,72
3,monash_cif_2016,chronos-2,regime_trend,0.01,0.9368512688778957,0.013112644270682934,72
3,monash_cif_2016,chronos-t5,regime_trend,0.01,0.9884591257260013,0.013045525231500037,72
3,monash_cif_2016,chronos-2,regime_trend,0.02,0.9397193841440944,0.013067231525479141,72
3,monash_cif_2016,chronos-t5,regime_trend,0.02,1.0042423204852915,0.01262807904000012,72
3,monash_cif_2016,chronos-2,regime_trend,0.04,0.9404005512066297,0.017675605052510535,72
3,monash_cif_2016,chronos-t5,regime_trend,0.04,0.9939780990569399,0.013253450660418902,72
3,monash_cif_2016,chronos-2,regime_trend,0.06,0.9461703982308547,0.019270665241402717,72
3,monash_cif_2016,chronos-t5,regime_trend,0.06,1.0080369615262965,0.024895261681697707,72
3,monash_cif_2016,chronos-2,regime_trend,0.09,0.9945236684127094,0.027205143648782546,72
3,monash_cif_2016,chronos-t5,regime_trend,0.09,1.0435417982235762,0.029938571402231138,72
3,monash_cif_2016,chronos-2,regime_trend,0.13,1.0040907738311777,0.04117514350867282,72
3,monash_cif_2016,chronos-t5,regime_trend,0.13,1.015361308035479,0.024110423631501104,72
3,monash_cif_2016,chronos-2,regime_trend,0.18,1.020176647641998,0.05531159818580349,72
3,monash_cif_2016,chronos-t5,regime_trend,0.18,1.0547073216510974,0.03444336460714419,72
3,monash_cif_2016,chronos-2,regime_trend,0.25,1.0685347570588786,0.0733519368166737,72
3,monash_cif_2016,chronos-t5,regime_trend,0.25,1.102909242072491,0.03992315954587587,72
3,monash_car_parts,chronos-2,clean,0.0,0.894274873223502,1.0267238668417118,100
3,monash_car_parts,chronos-t5,clean,0.0,0.9295560412626811,1.0944139478218193,100
3,monash_car_parts,chronos-2,regime_trend,0.01,0.8948922650079983,1.0282078680294444,100
3,monash_car_parts,chronos-t5,regime_trend,0.01,0.913655758028327,1.0208535875528812,100
3,monash_car_parts,chronos-2,regime_trend,0.02,0.8959870606842761,1.0294541649430236,100
3,monash_car_parts,chronos-t5,regime_trend,0.02,0.9137515335600523,1.014037413118532,100
3,monash_car_parts,chronos-2,regime_trend,0.04,0.9011498015475541,1.0357669564732428,100
3,monash_car_parts,chronos-t5,regime_trend,0.04,0.9248385079859579,1.03248181034911,100
3,monash_car_parts,chronos-2,regime_trend,0.06,0.9159228384802873,1.0499624210222325,100
3,monash_car_parts,chronos-t5,regime_trend,0.06,1.0291164784445037,1.143372811962944,100
3,monash_car_parts,chronos-2,regime_trend,0.09,0.9254573342063291,1.053708677900375,100
3,monash_car_parts,chronos-t5,regime_trend,0.09,1.0337259570845048,1.1237874880000478,100
3,monash_car_parts,chronos-2,regime_trend,0.13,0.9615759360634228,1.1000093183436146,100
3,monash_car_parts,chronos-t5,regime_trend,0.13,1.0883778087664842,1.2611308994239967,100
3,monash_car_parts,chronos-2,regime_trend,0.18,1.0185516800417984,1.1797137506855333,100
3,monash_car_parts,chronos-t5,regime_trend,0.18,1.1941191152145945,1.4258254253395166,100
3,monash_car_parts,chronos-2,regime_trend,0.25,1.1174372494827334,1.2419368596360236,100
3,monash_car_parts,chronos-t5,regime_trend,0.25,1.3314369779400992,1.4933094709805357,100
3,monash_covid_deaths,chronos-2,clean,0.0,43.033524543394854,0.027007980152812278,100
3,monash_covid_deaths,chronos-t5,clean,0.0,50.73362761654871,0.050689161696923064,100
3,monash_covid_deaths,chronos-2,regime_trend,0.01,43.16544958072946,0.025322711609464504,100
3,monash_covid_deaths,chronos-t5,regime_trend,0.01,51.114973225260755,0.041927895879620064,100
3,monash_covid_deaths,chronos-2,regime_trend,0.02,42.95216820789417,0.03251000083363121,100
3,monash_covid_deaths,chronos-t5,regime_trend,0.02,50.97224559194782,0.0505410855742716,100
3,monash_covid_deaths,chronos-2,regime_trend,0.04,43.95042590906659,0.04397167524010634,100
3,monash_covid_deaths,chronos-t5,regime_trend,0.04,52.31778332547061,0.06274312831016024,100
3,monash_covid_deaths,chronos-2,regime_trend,0.06,44.02172134949162,0.042428104128187656,100
3,monash_covid_deaths,chronos-t5,regime_trend,0.06,52.719540123400655,0.049882664391772226,100
3,monash_covid_deaths,chronos-2,regime_trend,0.09,46.4797388315907,0.057220428426210036,100
3,monash_covid_deaths,chronos-t5,regime_trend,0.09,54.6081035493653,0.054788629860319106,100
3,monash_covid_deaths,chronos-2,regime_trend,0.13,47.6491102430236,0.07643093982852901,100
3,monash_covid_deaths,chronos-t5,regime_trend,0.13,55.92432505988536,0.06815896026224436,100
3,monash_covid_deaths,chronos-2,regime_trend,0.18,51.89442852437568,0.09982132271319387,100
3,monash_covid_deaths,chronos-t5,regime_trend,0.18,60.89452322596977,0.1251501426351532,100
3,monash_covid_deaths,chronos-2,regime_trend,0.25,54.99364532330599,0.12875404616249897,100
3,monash_covid_deaths,chronos-t5,regime_trend,0.25,62.498133113687004,0.1500218653624839,100
3,dominick,chronos-2,clean,0.0,0.8295138231556268,0.24857655709519688,100
3,dominick,chronos-t5,clean,0.0,0.7802533885328738,0.25761833141619506,100
3,dominick,chronos-2,regime_trend,0.01,0.830617006039764,0.24885836306021622,100
3,dominick,chronos-t5,regime_trend,0.01,0.8402394586740036,0.2694689610357743,100
3,dominick,chronos-2,regime_trend,0.02,0.83501623348838,0.25038177366252456,100
3,dominick,chronos-t5,regime_trend,0.02,0.8745862749251286,0.2739544301866938,100
3,dominick,chronos-2,regime_trend,0.04,0.8581990399760554,0.2550062903675811,100
3,dominick,chronos-t5,regime_trend,0.04,0.896572521026787,0.28519576787135276,100
3,dominick,chronos-2,regime_trend,0.06,0.9077140485434524,0.26604185982331885,100
3,dominick,chronos-t5,regime_trend,0.06,0.9034187625419728,0.31108584913010984,100
3,dominick,chronos-2,regime_trend,0.09,0.9661030452901056,0.2816472846223754,100
3,dominick,chronos-t5,regime_trend,0.09,1.0149196872009667,0.3106976995802821,100
3,dominick,chronos-2,regime_trend,0.13,1.0573470580165862,0.30417845333989263,100
3,dominick,chronos-t5,regime_trend,0.13,1.0044475813951994,0.3227522270986199,100
3,dominick,chronos-2,regime_trend,0.18,1.1307819972441857,0.322796554033095,100
3,dominick,chronos-t5,regime_trend,0.18,1.1113102618437776,0.35015381811907687,100
3,dominick,chronos-2,regime_trend,0.25,1.2575568818077358,0.36557984336248944,100
3,dominick,chronos-t5,regime_trend,0.25,1.248094749941322,0.3882499691693271,100
3,ercot,chronos-2,clean,0.0,0.8417995516641943,0.02604302222263971,8
3,ercot,chronos-t5,clean,0.0,0.6038444665396613,0.015400947842446817,8
3,ercot,chronos-2,regime_trend,0.01,0.8436848223351626,0.02610142367693078,8
3,ercot,chronos-t5,regime_trend,0.01,0.577827961427652,0.01493457434489965,8
3,ercot,chronos-2,regime_trend,0.02,0.8528236644991395,0.025479841839342605,8
3,ercot,chronos-t5,regime_trend,0.02,0.6193136222889661,0.0160109483549434,8
3,ercot,chronos-2,regime_trend,0.04,0.8842899610489123,0.02676529723390343,8
3,ercot,chronos-t5,regime_trend,0.04,0.651317052406649,0.014830785984765508,8
3,ercot,chronos-2,regime_trend,0.06,1.039515160529215,0.03184353348284737,8
3,ercot,chronos-t5,regime_trend,0.06,0.6848216159820284,0.01707461924673601,8
3,ercot,chronos-2,regime_trend,0.09,0.9920294195865033,0.031682092350418675,8
3,ercot,chronos-t5,regime_trend,0.09,0.7318781199538805,0.016702208922649547,8
3,ercot,chronos-2,regime_trend,0.13,1.1460225389632874,0.029572871737813693,8
3,ercot,chronos-t5,regime_trend,0.13,0.7741447069771202,0.020236039906639067,8
3,ercot,chronos-2,regime_trend,0.18,0.9325921475010933,0.024370742261885202,8
3,ercot,chronos-t5,regime_trend,0.18,0.7748088447861097,0.023898860806380744,8
3,ercot,chronos-2,regime_trend,0.25,1.2415921079606693,0.04466613618085279,8
3,ercot,chronos-t5,regime_trend,0.25,1.1064694258061125,0.033339157427612065,8
3,exchange_rate,chronos-2,clean,0.0,1.816427573959804,0.011831282159531213,8
3,exchange_rate,chronos-t5,clean,0.0,2.1966565104402576,0.016143964343842652,8
3,exchange_rate,chronos-2,regime_trend,0.01,1.7349453986065575,0.01213317190807412,8
3,exchange_rate,chronos-t5,regime_trend,0.01,2.0179859337023975,0.015586768056554226,8
3,exchange_rate,chronos-2,regime_trend,0.02,2.182321311388018,0.01318231570157247,8
3,exchange_rate,chronos-t5,regime_trend,0.02,2.2838277017244573,0.01539542446888826,8
3,exchange_rate,chronos-2,regime_trend,0.04,2.0268239753415496,0.013209342695246718,8
3,exchange_rate,chronos-t5,regime_trend,0.04,2.213467264382958,0.018561028934183314,8
3,exchange_rate,chronos-2,regime_trend,0.06,2.5460884718580927,0.015144207279797964,8
3,exchange_rate,chronos-t5,regime_trend,0.06,2.4279422089501606,0.01793954800326272,8
3,exchange_rate,chronos-2,regime_trend,0.09,2.8807257305129905,0.01249090016738915,8
3,exchange_rate,chronos-t5,regime_trend,0.09,2.8210207454971536,0.014891392129530624,8
3,exchange_rate,chronos-2,regime_trend,0.13,4.75079824502971,0.025953227800240095,8
3,exchange_rate,chronos-t5,regime_trend,0.13,4.803786187535551,0.027116742962969755,8
3,exchange_rate,chronos-2,regime_trend,0.18,6.582403915616206,0.0296684458584945,8
3,exchange_rate,chronos-t5,regime_trend,0.18,6.859723227806264,0.03330947909295724,8
3,exchange_rate,chronos-2,regime_trend,0.25,8.268050770889083,0.035903626866716894,8
3,exchange_rate,chronos-t5,regime_trend,0.25,8.264662049178433,0.03983092733227957,8
3,monash_fred_md,chronos-2,clean,0.0,0.4532046285633289,0.02010413991667694,100
3,monash_fred_md,chronos-t5,clean,0.0,0.4312534044732423,0.01347143426312163,100
3,monash_fred_md,chronos-2,regime_trend,0.01,0.45856093557602806,0.01948660548653619,100
3,monash_fred_md,chronos-t5,regime_trend,0.01,0.4708177232647151,0.013503937565570192,100
3,monash_fred_md,chronos-2,regime_trend,0.02,0.5183159822108826,0.021266182328682798,100
3,monash_fred_md,chronos-t5,regime_trend,0.02,0.5105548805578511,0.0174936438860301,100
3,monash_fred_md,chronos-2,regime_trend,0.04,0.6170611987964966,0.020816340007580862,100
3,monash_fred_md,chronos-t5,regime_trend,0.04,0.6181565163193388,0.014094697567359205,100
3,monash_fred_md,chronos-2,regime_trend,0.06,0.8201819912069508,0.02196890460636787,100
3,monash_fred_md,chronos-t5,regime_trend,0.06,0.8577372453841182,0.018106426374804113,100
3,monash_fred_md,chronos-2,regime_trend,0.09,1.0597612248144435,0.02401137856992809,100
3,monash_fred_md,chronos-t5,regime_trend,0.09,1.1147796884783108,0.021557707715820815,100
3,monash_fred_md,chronos-2,regime_trend,0.13,1.4694207630410085,0.030871832551403935,100
3,monash_fred_md,chronos-t5,regime_trend,0.13,1.474194435602697,0.02612820881818632,100
3,monash_fred_md,chronos-2,regime_trend,0.18,1.9702758556359132,0.04238521259538484,100
3,monash_fred_md,chronos-t5,regime_trend,0.18,1.980133571954788,0.03806890225861646,100
3,monash_fred_md,chronos-2,regime_trend,0.25,2.72120152838634,0.05702893798557129,100
3,monash_fred_md,chronos-t5,regime_trend,0.25,2.720403392324715,0.05179821162786423,100
3,monash_hospital,chronos-2,clean,0.0,0.7870107936415635,0.061281917662917254,100
3,monash_hospital,chronos-t5,clean,0.0,0.8380871920408511,0.06750327125477268,100
3,monash_hospital,chronos-2,regime_trend,0.01,0.7862606401666924,0.06126791361901777,100
3,monash_hospital,chronos-t5,regime_trend,0.01,0.8447328411332704,0.06789233426940672,100
3,monash_hospital,chronos-2,regime_trend,0.02,0.7870819044318789,0.06175172857533387,100
3,monash_hospital,chronos-t5,regime_trend,0.02,0.8411348989706666,0.06770761273095194,100
3,monash_hospital,chronos-2,regime_trend,0.04,0.7896196335191373,0.06253386863049715,100
3,monash_hospital,chronos-t5,regime_trend,0.04,0.8302503758034588,0.06817407524868661,100
3,monash_hospital,chronos-2,regime_trend,0.06,0.7855532942844136,0.06068352555468876,100
3,monash_hospital,chronos-t5,regime_trend,0.06,0.8314144531999724,0.0676434580649081,100
3,monash_hospital,chronos-2,regime_trend,0.09,0.7873544405612155,0.06358798842949123,100
3,monash_hospital,chronos-t5,regime_trend,0.09,0.8087543455204947,0.06764832017416089,100
3,monash_hospital,chronos-2,regime_trend,0.13,0.7925986894386563,0.06463242770654558,100
3,monash_hospital,chronos-t5,regime_trend,0.13,0.8266915600765656,0.06854395264356888,100
3,monash_hospital,chronos-2,regime_trend,0.18,0.7932111395599486,0.06528576709072603,100
3,monash_hospital,chronos-t5,regime_trend,0.18,0.8282427379449535,0.06883720087298242,100
3,monash_hospital,chronos-2,regime_trend,0.25,0.7964072586286713,0.06798363020822916,100
3,monash_hospital,chronos-t5,regime_trend,0.25,0.81515256521807,0.06900874295903184,100
3,monash_m1_monthly,chronos-2,clean,0.0,1.0252822007023978,0.27221328295504754,100
3,monash_m1_monthly,chronos-t5,clean,0.0,1.1486790327780196,0.1917302197195143,100
3,monash_m1_monthly,chronos-2,regime_trend,0.01,1.0278387885663525,0.27285166418281004,100
3,monash_m1_monthly,chronos-t5,regime_trend,0.01,1.1313353245703575,0.18891690047410234,100
3,monash_m1_monthly,chronos-2,regime_trend,0.02,1.0230572324043652,0.2737355414556119,100
3,monash_m1_monthly,chronos-t5,regime_trend,0.02,1.142809328225742,0.19177892589562007,100
3,monash_m1_monthly,chronos-2,regime_trend,0.04,1.0192314489837717,0.26983214602425226,100
3,monash_m1_monthly,chronos-t5,regime_trend,0.04,1.1419407442134,0.2012939038090345,100
3,monash_m1_monthly,chronos-2,regime_trend,0.06,1.0267035565183646,0.2687673583440244,100
3,monash_m1_monthly,chronos-t5,regime_trend,0.06,1.153473206497584,0.1989555701210432,100
3,monash_m1_monthly,chronos-2,regime_trend,0.09,1.0164719661366555,0.26434317170398436,100
3,monash_m1_monthly,chronos-t5,regime_trend,0.09,1.1289596380082045,0.19141890522181673,100
3,monash_m1_monthly,chronos-2,regime_trend,0.13,1.0488909739532328,0.26905577407352,100
3,monash_m1_monthly,chronos-t5,regime_trend,0.13,1.1469093308802563,0.1881267572326113,100
3,monash_m1_monthly,chronos-2,regime_trend,0.18,1.0519636551828524,0.2886168239372942,100
3,monash_m1_monthly,chronos-t5,regime_trend,0.18,1.1538068108187665,0.20643354344414544,100
3,monash_m1_monthly,chronos-2,regime_trend,0.25,1.0141072468333823,0.2579430543451215,100
3,monash_m1_monthly,chronos-t5,regime_trend,0.25,1.1332749984509543,0.19639148452589775,100
3,monash_m1_quarterly,chronos-2,clean,0.0,1.5766614979688591,0.07952721348399153,100
3,monash_m1_quarterly,chronos-t5,clean,0.0,1.788606283231385,0.09999113600450919,100
3,monash_m1_quarterly,chronos-2,regime_trend,0.01,1.5758954935640852,0.0800262557749508,100
3,monash_m1_quarterly,chronos-t5,regime_trend,0.01,1.7930249368873947,0.102909954981877,100
3,monash_m1_quarterly,chronos-2,regime_trend,0.02,1.584499286894922,0.08070515306252296,100
3,monash_m1_quarterly,chronos-t5,regime_trend,0.02,1.7852545748217994,0.10326293716184548,100
3,monash_m1_quarterly,chronos-2,regime_trend,0.04,1.6037988006589372,0.08152849786438628,100
3,monash_m1_quarterly,chronos-t5,regime_trend,0.04,1.8321113875724833,0.10206525297017502,100
3,monash_m1_quarterly,chronos-2,regime_trend,0.06,1.5933199440822137,0.07831276921418967,100
3,monash_m1_quarterly,chronos-t5,regime_trend,0.06,1.8096983900768493,0.10258807888356855,100
3,monash_m1_quarterly,chronos-2,regime_trend,0.09,1.6388282067244615,0.07941764181501326,100
3,monash_m1_quarterly,chronos-t5,regime_trend,0.09,1.8270301395777306,0.09165280060586739,100
3,monash_m1_quarterly,chronos-2,regime_trend,0.13,1.6295835606185387,0.0748737817973723,100
3,monash_m1_quarterly,chronos-t5,regime_trend,0.13,1.7756056361647132,0.09311058132451135,100
3,monash_m1_quarterly,chronos-2,regime_trend,0.18,1.8118264698335782,0.09067936506022231,100
3,monash_m1_quarterly,chronos-t5,regime_trend,0.18,1.9736953053265853,0.11653597801339981,100
3,monash_m1_quarterly,chronos-2,regime_trend,0.25,1.7589946208097778,0.07312342276853409,100
3,monash_m1_quarterly,chronos-t5,regime_trend,0.25,1.8872554574391365,0.08932133090448806,100
3,monash_m1_yearly,chronos-2,clean,0.0,3.637927031199332,0.07096940204212351,100
3,monash_m1_yearly,chronos-t5,clean,0.0,4.823545795122051,0.07595260901075239,100
3,monash_m1_yearly,chronos-2,regime_trend,0.01,3.62989067762972,0.07141608679339986,100
3,monash_m1_yearly,chronos-t5,regime_trend,0.01,4.808086209693823,0.07498664646517103,100
3,monash_m1_yearly,chronos-2,regime_trend,0.02,3.636801793538428,0.07225328897901769,100
3,monash_m1_yearly,chronos-t5,regime_trend,0.02,4.832171966554527,0.08141766056096542,100
3,monash_m1_yearly,chronos-2,regime_trend,0.04,3.631234335119393,0.07262511404617138,100
3,monash_m1_yearly,chronos-t5,regime_trend,0.04,4.887960253806887,0.08203071888138073,100
3,monash_m1_yearly,chronos-2,regime_trend,0.06,3.6089833044645845,0.07252376307608106,100
3,monash_m1_yearly,chronos-t5,regime_trend,0.06,4.840131661186048,0.08265848385414773,100
3,monash_m1_yearly,chronos-2,regime_trend,0.09,3.7578385850898455,0.07515832006263706,100
3,monash_m1_yearly,chronos-t5,regime_trend,0.09,4.964057004883465,0.08752931413836672,100
3,monash_m1_yearly,chronos-2,regime_trend,0.13,3.685431174933148,0.07766301290116634,100
3,monash_m1_yearly,chronos-t5,regime_trend,0.13,4.878010936542344,0.09226772335860685,100
3,monash_m1_yearly,chronos-2,regime_trend,0.18,3.779485857775353,0.0698913116700127,100
3,monash_m1_yearly,chronos-t5,regime_trend,0.18,4.886708495859734,0.0794252041640306,100
3,monash_m1_yearly,chronos-2,regime_trend,0.25,3.646665746943519,0.0843419962361589,100
3,monash_m1_yearly,chronos-t5,regime_trend,0.25,4.684351748376443,0.08637048658862284,100
3,monash_m3_monthly,chronos-2,clean,0.0,0.811635633079432,0.08901184204854988,100
3,monash_m3_monthly,chronos-t5,clean,0.0,0.8150714385681976,0.09131791894402103,100
3,monash_m3_monthly,chronos-2,regime_trend,0.01,0.8100029803881628,0.08892531619507431,100
3,monash_m3_monthly,chronos-t5,regime_trend,0.01,0.8207609065927866,0.09219352767983835,100
3,monash_m3_monthly,chronos-2,regime_trend,0.02,0.8054623293532732,0.0890976894448817,100
3,monash_m3_monthly,chronos-t5,regime_trend,0.02,0.8250101535563232,0.0910730437276566,100
3,monash_m3_monthly,chronos-2,regime_trend,0.04,0.8188145470684387,0.0894690299781686,100
3,monash_m3_monthly,chronos-t5,regime_trend,0.04,0.8553860662674967,0.09460842664911867,100
3,monash_m3_monthly,chronos-2,regime_trend,0.06,0.8258256882656679,0.08969981550760821,100
3,monash_m3_monthly,chronos-t5,regime_trend,0.06,0.855881865481247,0.09251023470031734,100
3,monash_m3_monthly,chronos-2,regime_trend,0.09,0.8285395910058897,0.08941474972471279,100
3,monash_m3_monthly,chronos-t5,regime_trend,0.09,0.8369508231729929,0.09294712291287063,100
3,monash_m3_monthly,chronos-2,regime_trend,0.13,0.8729329386595917,0.09206333800461333,100
3,monash_m3_monthly,chronos-t5,regime_trend,0.13,0.8454976958061661,0.09396137740403393,100
3,monash_m3_monthly,chronos-2,regime_trend,0.18,0.9370536409006225,0.09747054514770098,100
3,monash_m3_monthly,chronos-t5,regime_trend,0.18,0.9630479421949634,0.10202508385290192,100
3,monash_m3_monthly,chronos-2,regime_trend,0.25,1.0028155741793583,0.1003158280647919,100
3,monash_m3_monthly,chronos-t5,regime_trend,0.25,0.9722514792756425,0.09953899013569242,100
3,monash_m3_quarterly,chronos-2,clean,0.0,1.2542640597019636,0.07384750980066322,100
3,monash_m3_quarterly,chronos-t5,clean,0.0,1.3449826637286066,0.08044743909076209,100
3,monash_m3_quarterly,chronos-2,regime_trend,0.01,1.2526083945502748,0.0738298705665373,100
3,monash_m3_quarterly,chronos-t5,regime_trend,0.01,1.3576128877611184,0.08082724920282751,100
3,monash_m3_quarterly,chronos-2,regime_trend,0.02,1.2568207827363043,0.0740800156987646,100
3,monash_m3_quarterly,chronos-t5,regime_trend,0.02,1.3432539253976454,0.08066668871307495,100
3,monash_m3_quarterly,chronos-2,regime_trend,0.04,1.265963618237681,0.07411638310832312,100
3,monash_m3_quarterly,chronos-t5,regime_trend,0.04,1.3675284364615476,0.08037993568254174,100
3,monash_m3_quarterly,chronos-2,regime_trend,0.06,1.2513920502740883,0.0732425071786769,100
3,monash_m3_quarterly,chronos-t5,regime_trend,0.06,1.371719982736338,0.080752987721521,100
3,monash_m3_quarterly,chronos-2,regime_trend,0.09,1.291298590782676,0.07550891584011431,100
3,monash_m3_quarterly,chronos-t5,regime_trend,0.09,1.3790964085878517,0.08189016897852548,100
3,monash_m3_quarterly,chronos-2,regime_trend,0.13,1.3208057068291668,0.0759853521576985,100
3,monash_m3_quarterly,chronos-t5,regime_trend,0.13,1.4440784990470843,0.08362910564860654,100
3,monash_m3_quarterly,chronos-2,regime_trend,0.18,1.3655557104069735,0.07920534431334897,100
3,monash_m3_quarterly,chronos-t5,regime_trend,0.18,1.444044132973791,0.0875067321906195,100
3,monash_m3_quarterly,chronos-2,regime_trend,0.25,1.4789932098274199,0.08343429323328531,100
3,monash_m3_quarterly,chronos-t5,regime_trend,0.25,1.5286113405485782,0.08967742017149921,100
3,monash_m3_yearly,chronos-2,clean,0.0,3.0132092403527664,0.14670256385058947,100
3,monash_m3_yearly,chronos-t5,clean,0.0,3.6216888884414833,0.16363054950874786,100
3,monash_m3_yearly,chronos-2,regime_trend,0.01,3.0130763748723357,0.1467806626603187,100
3,monash_m3_yearly,chronos-t5,regime_trend,0.01,3.594687208356892,0.16262465005402202,100
3,monash_m3_yearly,chronos-2,regime_trend,0.02,3.0256088609287883,0.1473413961294518,100
3,monash_m3_yearly,chronos-t5,regime_trend,0.02,3.5852082236676113,0.16216473890231453,100
3,monash_m3_yearly,chronos-2,regime_trend,0.04,3.0476308018886002,0.14824113303472666,100
3,monash_m3_yearly,chronos-t5,regime_trend,0.04,3.651349708779999,0.16343895869561373,100
3,monash_m3_yearly,chronos-2,regime_trend,0.06,3.04352783594501,0.14899631610348285,100
3,monash_m3_yearly,chronos-t5,regime_trend,0.06,3.5704201257344934,0.16213149354855583,100
3,monash_m3_yearly,chronos-2,regime_trend,0.09,3.1160844025199896,0.14978333413819192,100
3,monash_m3_yearly,chronos-t5,regime_trend,0.09,3.6018737892671426,0.1609807663385282,100
3,monash_m3_yearly,chronos-2,regime_trend,0.13,3.108383821132534,0.14925399551241406,100
3,monash_m3_yearly,chronos-t5,regime_trend,0.13,3.560740509658912,0.1588872473083115,100
3,monash_m3_yearly,chronos-2,regime_trend,0.18,3.2281577293167407,0.15236088956635863,100
3,monash_m3_yearly,chronos-t5,regime_trend,0.18,3.729525861956302,0.16509074409576802,100
3,monash_m3_yearly,chronos-2,regime_trend,0.25,3.4336759099861243,0.15723501997193512,100
3,monash_m3_yearly,chronos-t5,regime_trend,0.25,3.891006565822817,0.17095261533966977,100
3,m4_quarterly,chronos-2,clean,0.0,1.1058863737967675,0.07350590730709108,100
3,m4_quarterly,chronos-t5,clean,0.0,1.1581052109990417,0.0773551725837553,100
3,m4_quarterly,chronos-2,regime_trend,0.01,1.1159938751388332,0.07385045634216453,100
3,m4_quarterly,chronos-t5,regime_trend,0.01,1.1801360774731189,0.07686168083622086,100
3,m4_quarterly,chronos-2,regime_trend,0.02,1.1025316920654946,0.0735679122712871,100
3,m4_quarterly,chronos-t5,regime_trend,0.02,1.154933784862007,0.07566418250471844,100
3,m4_quarterly,chronos-2,regime_trend,0.04,1.107656491185129,0.07387921832308869,100
3,m4_quarterly,chronos-t5,regime_trend,0.04,1.1906555145300397,0.07895175720267894,100
3,m4_quarterly,chronos-2,regime_trend,0.06,1.151179575409835,0.0750371053715511,100
3,m4_quarterly,chronos-t5,regime_trend,0.06,1.2086227729334391,0.07824150977067315,100
3,m4_quarterly,chronos-2,regime_trend,0.09,1.2036130524930413,0.07650358626408266,100
3,m4_quarterly,chronos-t5,regime_trend,0.09,1.2755391362487518,0.08184654951738377,100
3,m4_quarterly,chronos-2,regime_trend,0.13,1.271254430154677,0.08115387890497848,100
3,m4_quarterly,chronos-t5,regime_trend,0.13,1.3344901357626253,0.08504982209474908,100
3,m4_quarterly,chronos-2,regime_trend,0.18,1.342940572103875,0.08208374517355158,100
3,m4_quarterly,chronos-t5,regime_trend,0.18,1.3986508376615445,0.08296852132006939,100
3,m4_quarterly,chronos-2,regime_trend,0.25,1.585070040629294,0.0943142803288959,100
3,m4_quarterly,chronos-t5,regime_trend,0.25,1.536049132128734,0.0937594418943542,100
3,m4_yearly,chronos-2,clean,0.0,3.003324720876421,0.11662203541969743,100
3,m4_yearly,chronos-t5,clean,0.0,3.529473569174229,0.1379362281424307,100
3,m4_yearly,chronos-2,regime_trend,0.01,3.014692239336061,0.11689997788925381,100
3,m4_yearly,chronos-t5,regime_trend,0.01,3.502434447602973,0.13687041689148494,100
3,m4_yearly,chronos-2,regime_trend,0.02,3.0035029549311814,0.11657283730559335,100
3,m4_yearly,chronos-t5,regime_trend,0.02,3.557910194831927,0.13936305697084073,100
3,m4_yearly,chronos-2,regime_trend,0.04,3.0695123635402894,0.11835661683731696,100
3,m4_yearly,chronos-t5,regime_trend,0.04,3.6263754938047956,0.13930831679362668,100
3,m4_yearly,chronos-2,regime_trend,0.06,3.0429103732234086,0.11834014009484574,100
3,m4_yearly,chronos-t5,regime_trend,0.06,3.6489924755983765,0.1397934227640359,100
3,m4_yearly,chronos-2,regime_trend,0.09,3.1298089320530305,0.12060522656910165,100
3,m4_yearly,chronos-t5,regime_trend,0.09,3.6353953808497512,0.141056363645507,100
3,m4_yearly,chronos-2,regime_trend,0.13,3.539369765047436,0.13013490453603452,100
3,m4_yearly,chronos-t5,regime_trend,0.13,3.930931975051169,0.15042484717282179,100
3,m4_yearly,chronos-2,regime_trend,0.18,3.624674843067703,0.13131762809212538,100
3,m4_yearly,chronos-t5,regime_trend,0.18,4.135799450980484,0.15887386082727256,100
3,m4_yearly,chronos-2,regime_trend,0.25,3.7952872059397396,0.13076934418127278,100
3,m4_yearly,chronos-t5,regime_trend,0.25,4.340164788774089,0.16036247237771245,100
3,m5,chronos-2,clean,0.0,0.8902796015181903,0.5276950502475531,100
3,m5,chronos-t5,clean,0.0,0.9152554329702737,0.5647185148180599,100
3,m5,chronos-2,regime_trend,0.01,0.8906435277783826,0.5273145275052047,100
3,m5,chronos-t5,regime_trend,0.01,0.9813507292135708,0.5940027152072838,100
3,m5,chronos-2,regime_trend,0.02,0.8899949439632522,0.5270131811904951,100
3,m5,chronos-t5,regime_trend,0.02,1.0494393730114542,0.6116256386570221,100
3,m5,chronos-2,regime_trend,0.04,0.896008961551969,0.5273275888255671,100
3,m5,chronos-t5,regime_trend,0.04,1.0239204011258194,0.6190249421967349,100
3,m5,chronos-2,regime_trend,0.06,0.9058810728957499,0.5333755596292903,100
3,m5,chronos-t5,regime_trend,0.06,1.022237247734979,0.6290165542446654,100
3,m5,chronos-2,regime_trend,0.09,0.9326410211115291,0.5430830714900385,100
3,m5,chronos-t5,regime_trend,0.09,1.004648132279007,0.6243632112036469,100
3,m5,chronos-2,regime_trend,0.13,0.9555025780372823,0.5406854184532776,100
3,m5,chronos-t5,regime_trend,0.13,1.029065832316161,0.606241654982861,100
3,m5,chronos-2,regime_trend,0.18,1.010582986890306,0.5575598177535955,100
3,m5,chronos-t5,regime_trend,0.18,1.0506193107363577,0.6204571309708878,100
3,m5,chronos-2,regime_trend,0.25,1.0877353041664712,0.6012378920655088,100
3,m5,chronos-t5,regime_trend,0.25,1.1179980800712506,0.6758470654790973,100
3,nn5,chronos-2,clean,0.0,0.5565058217844888,0.14566301635161222,100
3,nn5,chronos-t5,clean,0.0,0.6061354766023722,0.16582509942003024,100
3,nn5,chronos-2,regime_trend,0.01,0.5564315691697672,0.14561814328187175,100
3,nn5,chronos-t5,regime_trend,0.01,0.6017837936575449,0.16531668287624077,100
3,nn5,chronos-2,regime_trend,0.02,0.5562129353858929,0.1454845247904551,100
3,nn5,chronos-t5,regime_trend,0.02,0.5977530770540486,0.16493165697658127,100
3,nn5,chronos-2,regime_trend,0.04,0.5571216084539597,0.14577859200492238,100
3,nn5,chronos-t5,regime_trend,0.04,0.5985473523045903,0.16467028782173807,100
3,nn5,chronos-2,regime_trend,0.06,0.5596586277289448,0.1463700968598681,100
3,nn5,chronos-t5,regime_trend,0.06,0.6019821130534475,0.1653231561136329,100
3,nn5,chronos-2,regime_trend,0.09,0.562767705649954,0.14731003600988504,100
3,nn5,chronos-t5,regime_trend,0.09,0.5984701303035977,0.1647356978153146,100
3,nn5,chronos-2,regime_trend,0.13,0.5641914585008987,0.14746277808453231,100
3,nn5,chronos-t5,regime_trend,0.13,0.5918699243902698,0.16376100107810132,100
3,nn5,chronos-2,regime_trend,0.18,0.5769063337960928,0.1511461666795017,100
3,nn5,chronos-t5,regime_trend,0.18,0.5975743444876451,0.16441952063731502,100
3,nn5,chronos-2,regime_trend,0.25,0.5961597320351799,0.1560864321935186,100
3,nn5,chronos-t5,regime_trend,0.25,0.6145999839449003,0.16923707360866214,100
3,monash_nn5_weekly,chronos-2,clean,0.0,0.85885852195396,0.07810001991339675,100
3,monash_nn5_weekly,chronos-t5,clean,0.0,0.9317544038071133,0.08646755932363669,100
3,monash_nn5_weekly,chronos-2,regime_trend,0.01,0.8583040842400729,0.07809185668511641,100
3,monash_nn5_weekly,chronos-t5,regime_trend,0.01,0.9291320952482249,0.08652408584426717,100
3,monash_nn5_weekly,chronos-2,regime_trend,0.02,0.8587987421612919,0.07812920636294268,100
3,monash_nn5_weekly,chronos-t5,regime_trend,0.02,0.9270589189966748,0.0861787975125937,100
3,monash_nn5_weekly,chronos-2,regime_trend,0.04,0.8588297292520424,0.07808465410843292,100
3,monash_nn5_weekly,chronos-t5,regime_trend,0.04,0.9325334461679279,0.08656036914029976,100
3,monash_nn5_weekly,chronos-2,regime_trend,0.06,0.859764219969724,0.07821707395952902,100
3,monash_nn5_weekly,chronos-t5,regime_trend,0.06,0.9339209845481737,0.08652657839310672,100
3,monash_nn5_weekly,chronos-2,regime_trend,0.09,0.8583868897244361,0.07809041363594023,100
3,monash_nn5_weekly,chronos-t5,regime_trend,0.09,0.9218097657442132,0.08614469059589104,100
3,monash_nn5_weekly,chronos-2,regime_trend,0.13,0.8645461260097109,0.07861538987164995,100
3,monash_nn5_weekly,chronos-t5,regime_trend,0.13,0.9309052134296472,0.0870090703998075,100
3,monash_nn5_weekly,chronos-2,regime_trend,0.18,0.8623139407019167,0.0779574916032382,100
3,monash_nn5_weekly,chronos-t5,regime_trend,0.18,0.9287754644285627,0.08591849207203324,100
3,monash_nn5_weekly,chronos-2,regime_trend,0.25,0.8695857281632309,0.07936649035888564,100
3,monash_nn5_weekly,chronos-t5,regime_trend,0.25,0.9276506792295653,0.08589772056902874,100
3,monash_tourism_monthly,chronos-2,clean,0.0,1.3430131286102536,0.06909977408430708,100
3,monash_tourism_monthly,chronos-t5,clean,0.0,1.8051369685502838,0.09647651554413017,100
3,monash_tourism_monthly,chronos-2,regime_trend,0.01,1.34066801487751,0.06908756818417355,100
3,monash_tourism_monthly,chronos-t5,regime_trend,0.01,1.813878590375276,0.09654272420426505,100
3,monash_tourism_monthly,chronos-2,regime_trend,0.02,1.3419500862794431,0.06871017645507466,100
3,monash_tourism_monthly,chronos-t5,regime_trend,0.02,1.812458728863732,0.09909916042279408,100
3,monash_tourism_monthly,chronos-2,regime_trend,0.04,1.3539384008174618,0.06991167435528188,100
3,monash_tourism_monthly,chronos-t5,regime_trend,0.04,1.8305204666369916,0.10103317589160163,100
3,monash_tourism_monthly,chronos-2,regime_trend,0.06,1.3281918798489183,0.06845119685844775,100
3,monash_tourism_monthly,chronos-t5,regime_trend,0.06,1.8086315725852746,0.0956608168021824,100
3,monash_tourism_monthly,chronos-2,regime_trend,0.09,1.3288971241564536,0.06776646033463757,100
3,monash_tourism_monthly,chronos-t5,regime_trend,0.09,1.8155508079250964,0.10617526331852817,100
3,monash_tourism_monthly,chronos-2,regime_trend,0.13,1.4283138308753545,0.07829975987085509,100
3,monash_tourism_monthly,chronos-t5,regime_trend,0.13,1.8606572056034527,0.10435181630318516,100
3,monash_tourism_monthly,chronos-2,regime_trend,0.18,1.3430873895584197,0.0756634108427309,100
3,monash_tourism_monthly,chronos-t5,regime_trend,0.18,1.8175641182063782,0.10254860077174033,100
3,monash_tourism_monthly,chronos-2,regime_trend,0.25,1.6005812568794646,0.09547712736514652,100
3,monash_tourism_monthly,chronos-t5,regime_trend,0.25,1.9470013799271564,0.11349555713767431,100
3,monash_tourism_quarterly,chronos-2,clean,0.0,1.5904319369414341,0.07053812492950641,100
3,monash_tourism_quarterly,chronos-t5,clean,0.0,1.7206499430180093,0.07650739574266475,100
3,monash_tourism_quarterly,chronos-2,regime_trend,0.01,1.5892622825831735,0.07017719719557096,100
3,monash_tourism_quarterly,chronos-t5,regime_trend,0.01,1.748014975755194,0.0789379574543194,100
3,monash_tourism_quarterly,chronos-2,regime_trend,0.02,1.5919743115818679,0.07125727007048141,100
3,monash_tourism_quarterly,chronos-t5,regime_trend,0.02,1.7213714149603931,0.07507711366244635,100
3,monash_tourism_quarterly,chronos-2,regime_trend,0.04,1.588004912697332,0.07031233399862065,100
3,monash_tourism_quarterly,chronos-t5,regime_trend,0.04,1.7229870380153298,0.07491343832995177,100
3,monash_tourism_quarterly,chronos-2,regime_trend,0.06,1.628051920442726,0.07047715240427659,100
3,monash_tourism_quarterly,chronos-t5,regime_trend,0.06,1.7030652709866763,0.07633713044690332,100
3,monash_tourism_quarterly,chronos-2,regime_trend,0.09,1.6097979611438449,0.07739373202422299,100
3,monash_tourism_quarterly,chronos-t5,regime_trend,0.09,1.6931306888234707,0.08124445301136224,100
3,monash_tourism_quarterly,chronos-2,regime_trend,0.13,1.6805936550395233,0.07491328997180541,100
3,monash_tourism_quarterly,chronos-t5,regime_trend,0.13,1.8381832710041794,0.07690057198099373,100
3,monash_tourism_quarterly,chronos-2,regime_trend,0.18,1.6926510967649961,0.08291327419814111,100
3,monash_tourism_quarterly,chronos-t5,regime_trend,0.18,1.8316796737343752,0.09290460539079813,100
3,monash_tourism_quarterly,chronos-2,regime_trend,0.25,1.788896869758663,0.07812427977089098,100
3,monash_tourism_quarterly,chronos-t5,regime_trend,0.25,1.942799342166491,0.08198223386378174,100
3,monash_tourism_yearly,chronos-2,clean,0.0,3.5704327729167913,0.16546482529220838,100
3,monash_tourism_yearly,chronos-t5,clean,0.0,3.969176114023335,0.22389626929547035,100
3,monash_tourism_yearly,chronos-2,regime_trend,0.01,3.572554860621243,0.16542682441593792,100
3,monash_tourism_yearly,chronos-t5,regime_trend,0.01,3.944976245221129,0.22519849391298286,100
3,monash_tourism_yearly,chronos-2,regime_trend,0.02,3.5576102168290076,0.16521812163504654,100
3,monash_tourism_yearly,chronos-t5,regime_trend,0.02,3.9698864039835953,0.22486811711179389,100
3,monash_tourism_yearly,chronos-2,regime_trend,0.04,3.5614064384493362,0.16612387436979784,100
3,monash_tourism_yearly,chronos-t5,regime_trend,0.04,3.947188640686505,0.21531139622200154,100
3,monash_tourism_yearly,chronos-2,regime_trend,0.06,3.6158087799766063,0.16474377457870004,100
3,monash_tourism_yearly,chronos-t5,regime_trend,0.06,4.003969106407574,0.21632639937155781,100
3,monash_tourism_yearly,chronos-2,regime_trend,0.09,3.586181060088111,0.16805148274755533,100
3,monash_tourism_yearly,chronos-t5,regime_trend,0.09,3.9257995300006963,0.2198544856569293,100
3,monash_tourism_yearly,chronos-2,regime_trend,0.13,3.610559889079509,0.16937651143875304,100
3,monash_tourism_yearly,chronos-t5,regime_trend,0.13,4.016195934352879,0.2052240171858398,100
3,monash_tourism_yearly,chronos-2,regime_trend,0.18,3.6922613015617403,0.16312759232675644,100
3,monash_tourism_yearly,chronos-t5,regime_trend,0.18,4.013178367431339,0.2220594058775821,100
3,monash_tourism_yearly,chronos-2,regime_trend,0.25,3.702960480699253,0.16117115081042635,100
3,monash_tourism_yearly,chronos-t5,regime_trend,0.25,3.961322133904565,0.214046937595596,100
3,monash_traffic,chronos-2,clean,0.0,0.8271235376076017,0.2736839843613832,100
3,monash_traffic,chronos-t5,clean,0.0,0.8164206544661762,0.2847577724421275,100
3,monash_traffic,chronos-2,regime_trend,0.01,0.8294729492860097,0.2741916158244384,100
3,monash_traffic,chronos-t5,regime_trend,0.01,0.8345378832233544,0.28611884014888644,100
3,monash_traffic,chronos-2,regime_trend,0.02,0.8340140801378345,0.2743827240442776,100
3,monash_traffic,chronos-t5,regime_trend,0.02,0.8335253251940195,0.2852777872059097,100
3,monash_traffic,chronos-2,regime_trend,0.04,0.8392814115503372,0.27789701353889323,100
3,monash_traffic,chronos-t5,regime_trend,0.04,0.8457194086574803,0.28782153186614745,100
3,monash_traffic,chronos-2,regime_trend,0.06,0.8428584847183168,0.2783301363288524,100
3,monash_traffic,chronos-t5,regime_trend,0.06,0.8400418120994259,0.28846384739759734,100
3,monash_traffic,chronos-2,regime_trend,0.09,0.8660832875757116,0.28474969233368874,100
3,monash_traffic,chronos-t5,regime_trend,0.09,0.8713171005288348,0.2892419898601884,100
3,monash_traffic,chronos-2,regime_trend,0.13,0.9877209575204139,0.3132111719191145,100
3,monash_traffic,chronos-t5,regime_trend,0.13,0.9925223509337072,0.3134916238008406,100
3,monash_traffic,chronos-2,regime_trend,0.18,0.9956491536525668,0.32130062075707944,100
3,monash_traffic,chronos-t5,regime_trend,0.18,0.9852714386042112,0.32458220557075335,100
3,monash_traffic,chronos-2,regime_trend,0.25,1.0909600829820791,0.3433823381155393,100
3,monash_traffic,chronos-t5,regime_trend,0.25,1.0542484967969208,0.34705262736399467,100
3,monash_weather,chronos-2,clean,0.0,0.9775839384301249,0.12512084985369903,100
3,monash_weather,chronos-t5,clean,0.0,1.0414143068397272,0.14619750074743998,100
3,monash_weather,chronos-2,regime_trend,0.01,0.9817475735295083,0.12542748021398606,100
3,monash_weather,chronos-t5,regime_trend,0.01,1.03633703063761,0.14662160829230433,100
3,monash_weather,chronos-2,regime_trend,0.02,0.9856397919227751,0.12635392896428724,100
3,monash_weather,chronos-t5,regime_trend,0.02,1.0433499203234906,0.1486237328825222,100
3,monash_weather,chronos-2,regime_trend,0.04,0.9924281958086522,0.12780245238681792,100
3,monash_weather,chronos-t5,regime_trend,0.04,1.0495652408101181,0.15007547834632762,100
3,monash_weather,chronos-2,regime_trend,0.06,1.0095013575107197,0.13074181339895935,100
3,monash_weather,chronos-t5,regime_trend,0.06,1.042072725770896,0.1500612338123071,100
3,monash_weather,chronos-2,regime_trend,0.09,1.0308244601643028,0.13631532740990832,100
3,monash_weather,chronos-t5,regime_trend,0.09,1.0740351836433917,0.15685156374498718,100
3,monash_weather,chronos-2,regime_trend,0.13,1.056457427235898,0.1427953379416291,100
3,monash_weather,chronos-t5,regime_trend,0.13,1.0949769450773663,0.16186875676171322,100
3,monash_weather,chronos-2,regime_trend,0.18,1.1250162668811592,0.15552814839872878,100
3,monash_weather,chronos-t5,regime_trend,0.18,1.1435820713352796,0.1726896193760101,100
3,monash_weather,chronos-2,regime_trend,0.25,1.1788033022766595,0.16993454440393116,100
3,monash_weather,chronos-t5,regime_trend,0.25,1.186293301746881,0.1807125777866629,100
