seed,dataset,model,family,severity,MASE,WQL,n_series
1,monash_australian_electricity,chronos-2,clean,0.0,0.6271804180014168,0.030672134058366392,5
1,monash_australian_electricity,chronos-t5,clean,0.0,1.2351202924396794,0.07077585268548575,5
1,monash_australian_electricity,chronos-2,spikes_intensity,1.0,0.5104977263237384,0.026666759024556994,5
1,monash_australian_electricity,chronos-t5,spikes_intensity,1.0,1.0153731541431084,0.0575425771547924,5
1,monash_australian_electricity,chronos-2,spikes_intensity,2.0,0.6318513157935802,0.03227994319195962,5
1,monash_australian_electricity,chronos-t5,spikes_intensity,2.0,1.1182008615925212,0.06276672211548436,5
1,monash_australian_electricity,chronos-2,spikes_intensity,4.0,0.702850401268054,0.037810248509693466,5
1,monash_australian_electricity,chronos-t5,spikes_intensity,4.0,1.1639147948653783,0.06874511763698295,5
1,monash_australian_electricity,chronos-2,spikes_intensity,6.0,0.7590736155518136,0.037682000451172516,5
1,monash_australian_electricity,chronos-t5,spikes_intensity,6.0,2.9187851696608442,0.2832510811651128,5
1,monash_australian_electricity,chronos-2,spikes_intensity,8.0,0.7842991608099067,0.039110678052513725,5
1,monash_australian_electricity,chronos-t5,spikes_intensity,8.0,9.899968448597955,0.6250283864388199,5
1,monash_australian_electricity,chronos-2,spikes_intensity,12.0,0.8224390553746738,0.03821504981963374,5
1,monash_australian_electricity,chronos-t5,spikes_intensity,12.0,1.335061909834871,0.0884014310027398,5
1,monash_australian_electricity,chronos-2,spikes_intensity,16.0,0.8169278777044338,0.03836255099816427,5
1,monash_australian_electricity,chronos-t5,spikes_intensity,16.0,1.0998594192797486,0.08884986771684783,5
1,monash_australian_electricity,chronos-2,spikes_intensity,20.0,0.9418896102472871,0.05001524078744661,5
1,monash_australian_electricity,chronos-t5,spikes_intensity,20.0,1.1546562931042315,0.06299710772344243,5
1,monash_australian_electricity,chronos-2,spikes_intensity,30.0,1.0318379773313848,0.05154212983641707,5
1,monash_australian_electricity,chronos-t5,spikes_intensity,30.0,1.0407618220100663,0.05551621656648817,5
1,monash_australian_electricity,chronos-2,spikes_intensity,40.0,1.5972323839611093,0.07645618564049976,5
1,monash_australian_electricity,chronos-t5,spikes_intensity,40.0,1.1800462123761108,0.0646110719996478,5
1,monash_australian_electricity,chronos-2,spikes_density,0.01,0.6683431593910691,0.03408429596248203,5
1,monash_australian_electricity,chronos-t5,spikes_density,0.01,1.0650324908755648,0.06542315821021945,5
1,monash_australian_electricity,chronos-2,spikes_density,0.02,0.6318521636417763,0.03123368979986891,5
1,monash_australian_electricity,chronos-t5,spikes_density,0.02,1.0967911147004556,0.0660592401920841,5
1,monash_australian_electricity,chronos-2,spikes_density,0.05,1.1076604356503255,0.05452472810755768,5
1,monash_australian_electricity,chronos-t5,spikes_density,0.05,1.0726171360753731,0.08148577076368252,5
1,monash_australian_electricity,chronos-2,spikes_density,0.08,1.3466992216235305,0.062237525889715234,5
1,monash_australian_electricity,chronos-t5,spikes_density,0.08,1.0577668436111092,0.0763069075255342,5
1,monash_australian_electricity,chronos-2,spikes_density,0.12,1.3575591236472548,0.08069452626706085,5
1,monash_australian_electricity,chronos-t5,spikes_density,0.12,1.3055015458467654,0.08444498567483881,5
1,monash_australian_electricity,chronos-2,spikes_density,0.16,1.6738707601866116,0.12613063823458867,5
1,monash_australian_electricity,chronos-t5,spikes_density,0.16,1.1123080473835434,0.09140847664430866,5
1,monash_australian_electricity,chronos-2,spikes_density,0.2,1.6996172565200602,0.14259495502079725,5
1,monash_australian_electricity,chronos-t5,spikes_density,0.2,1.497574614026354,0.10451344334493715,5
1,monash_australian_electricity,chronos-2,spikes_density,0.3,1.834220013197305,0.288944114805775,5
1,monash_australian_electricity,chronos-t5,spikes_density,0.3,2.841094491184437,0.25366833115156506,5
1,monash_australian_electricity,chronos-2,spikes_density,0.4,2.0960184941318887,0.5912301642077152,5
1,monash_australian_electricity,chronos-t5,spikes_density,0.4,1.3668966938315867,0.14865792391773267,5
1,monash_cif_2016,chronos-2,clean,0.0,0.9366922139796068,0.011260000608145472,72
1,monash_cif_2016,chronos-t5,clean,0.0,0.992070958270815,0.017714431213233836,72
1,monash_cif_2016,chronos-2,spikes_intensity,1.0,0.9792396700284604,0.011405585346691664,72
1,monash_cif_2016,chronos-t5,spikes_intensity,1.0,1.1162451198727974,0.012106514615545082,72
1,monash_cif_2016,chronos-2,spikes_intensity,2.0,0.9776891827511575,0.01850318593035681,72
1,monash_cif_2016,chronos-t5,spikes_intensity,2.0,1.116109444652673,0.012626499962487532,72
1,monash_cif_2016,chronos-2,spikes_intensity,4.0,0.9947454775026368,0.013947668962602596,72
1,monash_cif_2016,chronos-t5,spikes_intensity,4.0,1.170864763835947,0.012206323511432053,72
1,monash_cif_2016,chronos-2,spikes_intensity,6.0,1.0221531315129966,0.010284242888788495,72
1,monash_cif_2016,chronos-t5,spikes_intensity,6.0,1.2014281444336612,0.01575437259363897,72
1,monash_cif_2016,chronos-2,spikes_intensity,8.0,1.0489658478547146,0.04479037211343825,72
1,monash_cif_2016,chronos-t5,spikes_intensity,8.0,1.232047985826662,0.025761060250505157,72
1,monash_cif_2016,chronos-2,spikes_intensity,12.0,1.1217588438470547,0.3624527528223056,72
1,monash_cif_2016,chronos-t5,spikes_intensity,12.0,1.1339560638913602,0.01352621711713624,72
1,monash_cif_2016,chronos-2,spikes_intensity,16.0,1.1813378879712815,0.018852855088814666,72
1,monash_cif_2016,chronos-t5,spikes_intensity,16.0,1.2927488353814112,0.022893694655430497,72
1,monash_cif_2016,chronos-2,spikes_intensity,20.0,1.1784855987363247,0.021476300276012456,72
1,monash_cif_2016,chronos-t5,spikes_intensity,20.0,1.0859189349539842,0.012526139216859142,72
1,monash_cif_2016,chronos-2,spikes_intensity,30.0,1.2403807331813321,0.05557413542717964,72
1,monash_cif_2016,chronos-t5,spikes_intensity,30.0,1.0920463191772567,0.012584455622964723,72
1,monash_cif_2016,chronos-2,spikes_intensity,40.0,1.3442065541256494,0.028320198010943463,72
1,monash_cif_2016,chronos-t5,spikes_intensity,40.0,1.1462302232731896,0.01430877488543412,72
1,monash_cif_2016,chronos-2,spikes_density,0.01,0.9073585074954295,0.04228039507538798,72
1,monash_cif_2016,chronos-t5,spikes_density,0.01,1.042754810213954,0.012542545912262405,72
1,monash_cif_2016,chronos-2,spikes_density,0.02,1.3636116878716138,0.012591777612078987,72
1,monash_cif_2016,chronos-t5,spikes_density,0.02,1.1415761156925563,0.01332886440114525,72
1,monash_cif_2016,chronos-2,spikes_density,0.05,1.1705324506766086,0.043458411780884276,72
1,monash_cif_2016,chronos-t5,spikes_density,0.05,1.1115647076076343,0.013269284369876214,72
1,monash_cif_2016,chronos-2,spikes_density,0.08,1.394552173104577,0.017504761649706407,72
1,monash_cif_2016,chronos-t5,spikes_density,0.08,1.1180093373032132,0.012234314642822772,72
1,monash_cif_2016,chronos-2,spikes_density,0.12,1.6019457793579457,0.07621645818548203,72
1,monash_cif_2016,chronos-t5,spikes_density,0.12,1.1565716921544413,0.029248437998216928,72
1,monash_cif_2016,chronos-2,spikes_density,0.16,2.0783135790721925,0.20649987854292665,72
1,monash_cif_2016,chronos-t5,spikes_density,0.16,1.448646816578461,0.018448926836051198,72
1,monash_cif_2016,chronos-2,spikes_density,0.2,2.526727254739848,0.1993343581526096,72
1,monash_cif_2016,chronos-t5,spikes_density,0.2,1.501201588056996,0.018544718279724592,72
1,monash_cif_2016,chronos-2,spikes_density,0.3,2.7867951704229452,0.2722204385712184,72
1,monash_cif_2016,chronos-t5,spikes_density,0.3,1.9333535026144606,0.02488428589802743,72
1,monash_cif_2016,chronos-2,spikes_density,0.4,3.3971734599035943,0.4702621011091621,72
1,monash_cif_2016,chronos-t5,spikes_density,0.4,3.5664028033583524,0.22367687120338292,72
1,monash_car_parts,chronos-2,clean,0.0,0.894274873223502,1.0267238668417118,100
1,monash_car_parts,chronos-t5,clean,0.0,0.9278086532382319,1.0887049027681621,100
1,monash_car_parts,chronos-2,spikes_intensity,1.0,0.9271319192008329,1.0514299245295087,100
1,monash_car_parts,chronos-t5,spikes_intensity,1.0,0.9290685165638961,1.0590541747492868,100
1,monash_car_parts,chronos-2,spikes_intensity,2.0,0.9465649618623595,1.1137785163469307,100
1,monash_car_parts,chronos-t5,spikes_intensity,2.0,0.9290606268140038,1.0953032378348122,100
1,monash_car_parts,chronos-2,spikes_intensity,4.0,0.9219669298682466,1.1310946966751967,100
1,monash_car_parts,chronos-t5,spikes_intensity,4.0,0.9436210203725421,1.1318127609342497,100
1,monash_car_parts,chronos-2,spikes_intensity,6.0,0.9474221008784907,1.2267047565237785,100
1,monash_car_parts,chronos-t5,spikes_intensity,6.0,0.9516452165848134,1.1476587371808373,100
1,monash_car_parts,chronos-2,spikes_intensity,8.0,0.9723477445835594,1.273196017676585,100
1,monash_car_parts,chronos-t5,spikes_intensity,8.0,0.921291711606373,1.1110818580146449,100
1,monash_car_parts,chronos-2,spikes_intensity,12.0,1.0044685529456534,1.2919296002361773,100
1,monash_car_parts,chronos-t5,spikes_intensity,12.0,0.903259106131173,1.0507885840783926,100
1,monash_car_parts,chronos-2,spikes_intensity,16.0,0.9988168770969761,1.4308394462099694,100
1,monash_car_parts,chronos-t5,spikes_intensity,16.0,0.9215378202682297,1.1355639430103495,100
1,monash_car_parts,chronos-2,spikes_intensity,20.0,1.04363326368569,1.357840576607271,100
1,monash_car_parts,chronos-t5,spikes_intensity,20.0,0.9270191726284771,1.1235134459741907,100
1,monash_car_parts,chronos-2,spikes_intensity,30.0,1.1006449957679973,1.531647699815605,100
1,monash_car_parts,chronos-t5,spikes_intensity,30.0,0.9163710511530482,1.1263575435629778,100
1,monash_car_parts,chronos-2,spikes_intensity,40.0,1.4770129562439462,2.429925964295667,100
1,monash_car_parts,chronos-t5,spikes_intensity,40.0,0.9174211430865495,1.14470567636428,100
1,monash_car_parts,chronos-2,spikes_density,0.01,1.1778299741295712,1.7449062582420962,100
1,monash_car_parts,chronos-t5,spikes_density,0.01,0.9036200550535908,1.0809427856570177,100
1,monash_car_parts,chronos-2,spikes_density,0.02,0.9780267252854054,1.1376719177752832,100
1,monash_car_parts,chronos-t5,spikes_density,0.02,0.9168940016284675,1.0776995520310815,100
1,monash_car_parts,chronos-2,spikes_density,0.05,1.081778434695729,1.357909372144013,100
1,monash_car_parts,chronos-t5,spikes_density,0.05,0.9049375500185213,1.0879088350857928,100
1,monash_car_parts,chronos-2,spikes_density,0.08,1.1407633936267159,1.776969957404142,100
1,monash_car_parts,chronos-t5,spikes_density,0.08,0.9130283339575885,1.109871846113694,100
1,monash_car_parts,chronos-2,spikes_density,0.12,1.251237489577683,2.2508993003890327,100
1,monash_car_parts,chronos-t5,spikes_density,0.12,0.9076909013930415,1.1255633637894096,100
1,monash_car_parts,chronos-2,spikes_density,0.16,1.2752152100330219,2.530144070529832,100
1,monash_car_parts,chronos-t5,spikes_density,0.16,0.9008289657262515,1.196453183196007,100
1,monash_car_parts,chronos-2,spikes_density,0.2,1.3909623510006066,3.5926556843211017,100
1,monash_car_parts,chronos-t5,spikes_density,0.2,0.9678824839172999,1.1649716210106515,100
1,monash_car_parts,chronos-2,spikes_density,0.3,2.4208688818651756,6.827017159889501,100
1,monash_car_parts,chronos-t5,spikes_density,0.3,0.9118443060926382,1.2608823077372049,100
1,monash_car_parts,chronos-2,spikes_density,0.4,4.973263808722183,11.787302485131326,100
1,monash_car_parts,chronos-t5,spikes_density,0.4,0.9962921722301313,1.9453753253478068,100
1,monash_covid_deaths,chronos-2,clean,0.0,43.033524543394854,0.027007980152812278,100
1,monash_covid_deaths,chronos-t5,clean,0.0,51.029100707053985,0.047865729798931445,100
1,monash_covid_deaths,chronos-2,spikes_intensity,1.0,46.83882373960232,0.03212674131988755,100
1,monash_covid_deaths,chronos-t5,spikes_intensity,1.0,57.37069977529283,0.08619377065543692,100
1,monash_covid_deaths,chronos-2,spikes_intensity,2.0,48.02015767061957,0.040161434792678016,100
1,monash_covid_deaths,chronos-t5,spikes_intensity,2.0,63.42101869290822,0.06067252055016963,100
1,monash_covid_deaths,chronos-2,spikes_intensity,4.0,45.79640937038969,0.033101062597441916,100
1,monash_covid_deaths,chronos-t5,spikes_intensity,4.0,58.4629200204504,0.07441259602219205,100
1,monash_covid_deaths,chronos-2,spikes_intensity,6.0,47.74969677278966,0.05345187606409919,100
1,monash_covid_deaths,chronos-t5,spikes_intensity,6.0,62.569511657359676,0.3322801583833088,100
1,monash_covid_deaths,chronos-2,spikes_intensity,8.0,47.38743901578774,0.06141774534057493,100
1,monash_covid_deaths,chronos-t5,spikes_intensity,8.0,56.61532649270028,0.14888087228499536,100
1,monash_covid_deaths,chronos-2,spikes_intensity,12.0,46.4812776146592,0.05654158406805892,100
1,monash_covid_deaths,chronos-t5,spikes_intensity,12.0,52.546385929737305,0.05464693938925766,100
1,monash_covid_deaths,chronos-2,spikes_intensity,16.0,48.00986975565762,0.0657193047186622,100
1,monash_covid_deaths,chronos-t5,spikes_intensity,16.0,51.59858336013193,0.06335489819906587,100
1,monash_covid_deaths,chronos-2,spikes_intensity,20.0,53.53876944321374,0.20189086762837566,100
1,monash_covid_deaths,chronos-t5,spikes_intensity,20.0,51.72654004840165,0.051214997902784415,100
1,monash_covid_deaths,chronos-2,spikes_intensity,30.0,53.578841006641554,0.04841574407555689,100
1,monash_covid_deaths,chronos-t5,spikes_intensity,30.0,51.50949689781862,0.04486128251633233,100
1,monash_covid_deaths,chronos-2,spikes_intensity,40.0,54.905863008605856,0.07361863752210232,100
1,monash_covid_deaths,chronos-t5,spikes_intensity,40.0,50.021527865673754,0.04385305488080937,100
1,monash_covid_deaths,chronos-2,spikes_density,0.01,42.39335774556478,0.032607297155728715,100
1,monash_covid_deaths,chronos-t5,spikes_density,0.01,50.258476206214624,0.039046748453888176,100
1,monash_covid_deaths,chronos-2,spikes_density,0.02,44.72166530297432,0.0451152471118923,100
1,monash_covid_deaths,chronos-t5,spikes_density,0.02,51.64424830924737,0.048695737424670815,100
1,monash_covid_deaths,chronos-2,spikes_density,0.05,53.48231734490738,0.09573604657842805,100
1,monash_covid_deaths,chronos-t5,spikes_density,0.05,51.87696305504125,0.03944731711328295,100
1,monash_covid_deaths,chronos-2,spikes_density,0.08,59.19673911005787,0.12664382558180518,100
1,monash_covid_deaths,chronos-t5,spikes_density,0.08,58.755723742035066,0.060656358945491234,100
1,monash_covid_deaths,chronos-2,spikes_density,0.12,61.72884517213902,0.09570599382154903,100
1,monash_covid_deaths,chronos-t5,spikes_density,0.12,56.35138497724015,0.05267241914072421,100
1,monash_covid_deaths,chronos-2,spikes_density,0.16,72.59397252431084,0.23373967741853693,100
1,monash_covid_deaths,chronos-t5,spikes_density,0.16,57.692141912697,0.06797414296996998,100
1,monash_covid_deaths,chronos-2,spikes_density,0.2,90.95435014901864,0.39349279554548144,100
1,monash_covid_deaths,chronos-t5,spikes_density,0.2,55.87330141956324,0.10915845310918283,100
1,monash_covid_deaths,chronos-2,spikes_density,0.3,120.20350763035675,0.8311803313307737,100
1,monash_covid_deaths,chronos-t5,spikes_density,0.3,62.99498532597848,0.09409343081969639,100
1,monash_covid_deaths,chronos-2,spikes_density,0.4,135.21308730534088,1.0249389054049418,100
1,monash_covid_deaths,chronos-t5,spikes_density,0.4,102.53254021703462,0.6813884028865829,100
1,dominick,chronos-2,clean,0.0,0.8295138231556268,0.24857655709519688,100
1,dominick,chronos-t5,clean,0.0,0.8092148443255169,0.25540229064750997,100
1,dominick,chronos-2,spikes_intensity,1.0,0.8734434291940099,0.2614436743058169,100
1,dominick,chronos-t5,spikes_intensity,1.0,0.8481985989958075,0.2644822245386278,100
1,dominick,chronos-2,spikes_intensity,2.0,0.8804494938731388,0.26255982624896923,100
1,dominick,chronos-t5,spikes_intensity,2.0,0.9146277647837551,0.275386702537035,100
1,dominick,chronos-2,spikes_intensity,4.0,1.1753006101994692,0.3058445084059135,100
1,dominick,chronos-t5,spikes_intensity,4.0,1.0585730597663534,0.28651991710089036,100
1,dominick,chronos-2,spikes_intensity,6.0,0.9019970685588299,0.2769540209389423,100
1,dominick,chronos-t5,spikes_intensity,6.0,0.8326676829285498,0.2674559904437708,100
1,dominick,chronos-2,spikes_intensity,8.0,0.9227297070178163,0.2811480032430372,100
1,dominick,chronos-t5,spikes_intensity,8.0,0.8513214901683949,0.28073616552555003,100
1,dominick,chronos-2,spikes_intensity,12.0,0.9007330723398025,0.2792736460616212,100
1,dominick,chronos-t5,spikes_intensity,12.0,0.8235360943909649,0.26312208220533617,100
1,dominick,chronos-2,spikes_intensity,16.0,0.9169773405692158,0.30717319040241037,100
1,dominick,chronos-t5,spikes_intensity,16.0,0.8255674113885724,0.26477915927040047,100
1,dominick,chronos-2,spikes_intensity,20.0,1.048137314413235,0.3139873050422835,100
1,dominick,chronos-t5,spikes_intensity,20.0,0.8116593252891141,0.25383065608834515,100
1,dominick,chronos-2,spikes_intensity,30.0,0.9934955102840201,0.3131689719287871,100
1,dominick,chronos-t5,spikes_intensity,30.0,0.8159495309793614,0.2751360707426774,100
1,dominick,chronos-2,spikes_intensity,40.0,0.9955606023627236,0.3183699237889525,100
1,dominick,chronos-t5,spikes_intensity,40.0,0.7432925703188797,0.28668479567850913,100
1,dominick,chronos-2,spikes_density,0.01,0.856421177153882,0.2570584329027616,100
1,dominick,chronos-t5,spikes_density,0.01,0.8506568185312696,0.26519564842111737,100
1,dominick,chronos-2,spikes_density,0.02,0.8701696384411616,0.27019274264809795,100
1,dominick,chronos-t5,spikes_density,0.02,0.8355556274812934,0.26613012536633435,100
1,dominick,chronos-2,spikes_density,0.05,0.9969959990922541,0.31403764872807555,100
1,dominick,chronos-t5,spikes_density,0.05,0.8811742150417272,0.27412142365551045,100
1,dominick,chronos-2,spikes_density,0.08,1.0556425518763075,0.3394720783312127,100
1,dominick,chronos-t5,spikes_density,0.08,0.8065891279459529,0.3031900694718162,100
1,dominick,chronos-2,spikes_density,0.12,1.2712384415231894,0.44633896609206325,100
1,dominick,chronos-t5,spikes_density,0.12,0.8514862366961115,0.30918303779946543,100
1,dominick,chronos-2,spikes_density,0.16,1.5156690934212191,0.5750347738436113,100
1,dominick,chronos-t5,spikes_density,0.16,0.8955644737021092,0.34163655423214867,100
1,dominick,chronos-2,spikes_density,0.2,1.8559782937636355,0.6904414937359993,100
1,dominick,chronos-t5,spikes_density,0.2,0.8674133046055735,0.31464798729616894,100
1,dominick,chronos-2,spikes_density,0.3,2.337632755509946,1.1755308615889635,100
1,dominick,chronos-t5,spikes_density,0.3,0.8826084895693476,0.3232190931799477,100
1,dominick,chronos-2,spikes_density,0.4,3.3173984017388425,2.139342886136572,100
1,dominick,chronos-t5,spikes_density,0.4,1.4291657194585403,0.4362560327466789,100
1,ercot,chronos-2,clean,0.0,0.8417995516641943,0.02604302222263971,8
1,ercot,chronos-t5,clean,0.0,0.5712387073465397,0.015413922974700154,8
1,ercot,chronos-2,spikes_intensity,1.0,0.8079716333261535,0.024610744126899713,8
1,ercot,chronos-t5,spikes_intensity,1.0,0.7079943411567121,0.025680179325019453,8
1,ercot,chronos-2,spikes_intensity,2.0,0.8121865504576027,0.02465554737052534,8
1,ercot,chronos-t5,spikes_intensity,2.0,0.8477784793670521,0.025267208704168577,8
1,ercot,chronos-2,spikes_intensity,4.0,0.801930055064252,0.024048586686055487,8
1,ercot,chronos-t5,spikes_intensity,4.0,0.5603278643436375,0.01749371035455369,8
1,ercot,chronos-2,spikes_intensity,6.0,0.9032730887157298,0.027436848276118142,8
1,ercot,chronos-t5,spikes_intensity,6.0,0.7808407305052937,0.028172470048368994,8
1,ercot,chronos-2,spikes_intensity,8.0,0.8214905949154158,0.025722962589514627,8
1,ercot,chronos-t5,spikes_intensity,8.0,1.1331829481611717,0.07669916053389403,8
1,ercot,chronos-2,spikes_intensity,12.0,0.881582662873036,0.028191229381851115,8
1,ercot,chronos-t5,spikes_intensity,12.0,0.7765453028057698,0.06455725774568885,8
1,ercot,chronos-2,spikes_intensity,16.0,0.9495596252746203,0.02833478779783117,8
1,ercot,chronos-t5,spikes_intensity,16.0,2.4019284208649334,0.11626485358150535,8
1,ercot,chronos-2,spikes_intensity,20.0,1.0420706330073217,0.030410802732834155,8
1,ercot,chronos-t5,spikes_intensity,20.0,1.069512782160064,0.07264537340170113,8
1,ercot,chronos-2,spikes_intensity,30.0,1.301128017344504,0.037281018234542634,8
1,ercot,chronos-t5,spikes_intensity,30.0,0.7254977642183427,0.02558699932848819,8
1,ercot,chronos-2,spikes_intensity,40.0,1.4611396338370561,0.04722894722626151,8
1,ercot,chronos-t5,spikes_intensity,40.0,0.6577434277515896,0.022895733057996297,8
1,ercot,chronos-2,spikes_density,0.01,0.8017477250677221,0.02488626972209353,8
1,ercot,chronos-t5,spikes_density,0.01,0.6535697390267388,0.018674468331861635,8
1,ercot,chronos-2,spikes_density,0.02,0.8865730785718487,0.026385670425976473,8
1,ercot,chronos-t5,spikes_density,0.02,0.5642622584307614,0.02221088254030175,8
1,ercot,chronos-2,spikes_density,0.05,1.1556120187710086,0.03586338898506317,8
1,ercot,chronos-t5,spikes_density,0.05,1.0217339641341077,0.08228270105749412,8
1,ercot,chronos-2,spikes_density,0.08,1.302465583624744,0.040059782894333616,8
1,ercot,chronos-t5,spikes_density,0.08,4.389406203650455,0.16667700859158438,8
1,ercot,chronos-2,spikes_density,0.12,1.9787569307291006,0.06615044492438094,8
1,ercot,chronos-t5,spikes_density,0.12,4.079723729284882,0.2000463078310397,8
1,ercot,chronos-2,spikes_density,0.16,2.910460065161859,0.09287717671090545,8
1,ercot,chronos-t5,spikes_density,0.16,3.105999658439407,0.14611759505361788,8
1,ercot,chronos-2,spikes_density,0.2,3.4612055014565932,0.13182377586172292,8
1,ercot,chronos-t5,spikes_density,0.2,1.5551203605169315,0.08820649798592066,8
1,ercot,chronos-2,spikes_density,0.3,4.214929030212843,0.2110810360090643,8
1,ercot,chronos-t5,spikes_density,0.3,1.561597098735253,0.06798734809541034,8
1,ercot,chronos-2,spikes_density,0.4,4.803400333780846,0.38533575791981717,8
1,ercot,chronos-t5,spikes_density,0.4,5.3377809761521915,0.20125272693912336,8
1,exchange_rate,chronos-2,clean,0.0,1.816427573959804,0.011831282159531213,8
1,exchange_rate,chronos-t5,clean,0.0,2.1051456080790114,0.012312062402220863,8
1,exchange_rate,chronos-2,spikes_intensity,1.0,1.8189201615754618,0.009408413610350268,8
1,exchange_rate,chronos-t5,spikes_intensity,1.0,2.6889423529726764,0.015135340953101047,8
1,exchange_rate,chronos-2,spikes_intensity,2.0,1.838606995846949,0.011437976720991476,8
1,exchange_rate,chronos-t5,spikes_intensity,2.0,2.207326396156968,0.01196175317760511,8
1,exchange_rate,chronos-2,spikes_intensity,4.0,1.792183073785001,0.011781801946796337,8
1,exchange_rate,chronos-t5,spikes_intensity,4.0,2.0255849079517847,0.014617370348475652,8
1,exchange_rate,chronos-2,spikes_intensity,6.0,2.311373638336694,0.01272685061481153,8
1,exchange_rate,chronos-t5,spikes_intensity,6.0,1.835059538005941,0.019543429084917654,8
1,exchange_rate,chronos-2,spikes_intensity,8.0,2.8314046812032827,0.011879243931174238,8
1,exchange_rate,chronos-t5,spikes_intensity,8.0,2.4655852814138246,0.029640808854663265,8
1,exchange_rate,chronos-2,spikes_intensity,12.0,3.2660425000182784,0.015029090301506568,8
1,exchange_rate,chronos-t5,spikes_intensity,12.0,2.114741103505435,0.02525557887059077,8
1,exchange_rate,chronos-2,spikes_intensity,16.0,3.2726098197587694,0.015386650917198298,8
1,exchange_rate,chronos-t5,spikes_intensity,16.0,5.494872673404844,0.08317676487861342,8
1,exchange_rate,chronos-2,spikes_intensity,20.0,3.676137282853395,0.013231336585530072,8
1,exchange_rate,chronos-t5,spikes_intensity,20.0,15.271961971367197,0.1910748433850955,8
1,exchange_rate,chronos-2,spikes_intensity,30.0,3.9149888703190925,0.018605506939056448,8
1,exchange_rate,chronos-t5,spikes_intensity,30.0,2.245164929709661,0.014381068329205363,8
1,exchange_rate,chronos-2,spikes_intensity,40.0,4.29614236244362,0.017635212257976308,8
1,exchange_rate,chronos-t5,spikes_intensity,40.0,1.603421283259425,0.010998176920865006,8
1,exchange_rate,chronos-2,spikes_density,0.01,2.008393354229579,0.01180761258864731,8
1,exchange_rate,chronos-t5,spikes_density,0.01,2.3239871285106206,0.014556570115737586,8
1,exchange_rate,chronos-2,spikes_density,0.02,2.752805609034768,0.011401428156807995,8
1,exchange_rate,chronos-t5,spikes_density,0.02,1.7668103814286833,0.013537304940234925,8
1,exchange_rate,chronos-2,spikes_density,0.05,3.3103143005229057,0.014557528967692215,8
1,exchange_rate,chronos-t5,spikes_density,0.05,1.6265268616517108,0.016128254151518348,8
1,exchange_rate,chronos-2,spikes_density,0.08,3.2392906863405786,0.02046806988286568,8
1,exchange_rate,chronos-t5,spikes_density,0.08,1.8022120060927016,0.03436396711548242,8
1,exchange_rate,chronos-2,spikes_density,0.12,11.291497040192457,0.029295969289473225,8
1,exchange_rate,chronos-t5,spikes_density,0.12,73.74155676670196,0.4789527438862336,8
1,exchange_rate,chronos-2,spikes_density,0.16,9.540666740637198,0.03867160972577517,8
1,exchange_rate,chronos-t5,spikes_density,0.16,144.15189787310368,0.4154367117466429,8
1,exchange_rate,chronos-2,spikes_density,0.2,13.474526475833265,0.08151985665484375,8
1,exchange_rate,chronos-t5,spikes_density,0.2,20.210694527826977,0.44325393989308753,8
1,exchange_rate,chronos-2,spikes_density,0.3,14.926059882667426,0.19443626788399362,8
1,exchange_rate,chronos-t5,spikes_density,0.3,1.9601516941724768,0.048108212287235795,8
1,exchange_rate,chronos-2,spikes_density,0.4,12.948167454395582,0.385816486823101,8
1,exchange_rate,chronos-t5,spikes_density,0.4,30.39650834392481,0.16687806196070717,8
1,monash_fred_md,chronos-2,clean,0.0,0.4532046285633289,0.02010413991667694,100
1,monash_fred_md,chronos-t5,clean,0.0,0.4218845561714114,0.016003771733888037,100
1,monash_fred_md,chronos-2,spikes_intensity,1.0,0.6232580446641313,0.022431428544669438,100
1,monash_fred_md,chronos-t5,spikes_intensity,1.0,0.6902084634851382,0.0157719618247546,100
1,monash_fred_md,chronos-2,spikes_intensity,2.0,0.6469914207854379,0.02464663057549037,100
1,monash_fred_md,chronos-t5,spikes_intensity,2.0,0.5888051316245204,0.022048954417455472,100
1,monash_fred_md,chronos-2,spikes_intensity,4.0,0.7029335947409369,0.02722180890495845,100
1,monash_fred_md,chronos-t5,spikes_intensity,4.0,0.49440735599298546,0.022121165112840548,100
1,monash_fred_md,chronos-2,spikes_intensity,6.0,0.7472151659046781,0.029382881979932534,100
1,monash_fred_md,chronos-t5,spikes_intensity,6.0,0.8334349690823657,0.028822262970936777,100
1,monash_fred_md,chronos-2,spikes_intensity,8.0,0.7004683461405355,0.03211216655996828,100
1,monash_fred_md,chronos-t5,spikes_intensity,8.0,1.9907624457159334,0.03499109099503444,100
1,monash_fred_md,chronos-2,spikes_intensity,12.0,0.7745722393514751,0.04275840324202537,100
1,monash_fred_md,chronos-t5,spikes_intensity,12.0,1.9121017782308005,0.026287823596417525,100
1,monash_fred_md,chronos-2,spikes_intensity,16.0,0.9027135984734529,0.030285138040541917,100
1,monash_fred_md,chronos-t5,spikes_intensity,16.0,0.7248135701267802,0.0205615735511377,100
1,monash_fred_md,chronos-2,spikes_intensity,20.0,0.9536281370351671,0.03301756049953026,100
1,monash_fred_md,chronos-t5,spikes_intensity,20.0,0.9248775320003115,0.021697753560705035,100
1,monash_fred_md,chronos-2,spikes_intensity,30.0,1.2558891206483713,0.03791682992570325,100
1,monash_fred_md,chronos-t5,spikes_intensity,30.0,0.4888294468772957,0.023893055524331255,100
1,monash_fred_md,chronos-2,spikes_intensity,40.0,1.220030261975357,0.03966204143479156,100
1,monash_fred_md,chronos-t5,spikes_intensity,40.0,0.5297101936988259,0.02243483403315883,100
1,monash_fred_md,chronos-2,spikes_density,0.01,0.6779809240861087,0.021732925177531972,100
1,monash_fred_md,chronos-t5,spikes_density,0.01,0.4428626932352685,0.017618664384430348,100
1,monash_fred_md,chronos-2,spikes_density,0.02,0.6668709868708217,0.02108273290819508,100
1,monash_fred_md,chronos-t5,spikes_density,0.02,0.6793564880989003,0.023347764182731576,100
1,monash_fred_md,chronos-2,spikes_density,0.05,1.01537193596406,0.04770919101046803,100
1,monash_fred_md,chronos-t5,spikes_density,0.05,1.3603327274658394,0.028710038472937842,100
1,monash_fred_md,chronos-2,spikes_density,0.08,1.176607325470147,0.04427245953829227,100
1,monash_fred_md,chronos-t5,spikes_density,0.08,1.8211409024537306,0.027936737428518075,100
1,monash_fred_md,chronos-2,spikes_density,0.12,1.4954437853326177,0.07779809057702666,100
1,monash_fred_md,chronos-t5,spikes_density,0.12,3.1524852792411675,0.029259234839176345,100
1,monash_fred_md,chronos-2,spikes_density,0.16,1.8423553557173076,0.12065726690643655,100
1,monash_fred_md,chronos-t5,spikes_density,0.16,2.8976065615221462,0.0669512622882941,100
1,monash_fred_md,chronos-2,spikes_density,0.2,2.729072833399074,0.1244230303605762,100
1,monash_fred_md,chronos-t5,spikes_density,0.2,3.2901624633344464,0.043907585697839625,100
1,monash_fred_md,chronos-2,spikes_density,0.3,8.479497553938067,0.32809720253394864,100
1,monash_fred_md,chronos-t5,spikes_density,0.3,3.3681045287637428,0.08852882352404144,100
1,monash_fred_md,chronos-2,spikes_density,0.4,11.432304151476238,0.5920049377792749,100
1,monash_fred_md,chronos-t5,spikes_density,0.4,33.08416679356123,0.4080767672335581,100
1,monash_hospital,chronos-2,clean,0.0,0.7870107936415635,0.061281917662917254,100
1,monash_hospital,chronos-t5,clean,0.0,0.8368099757027945,0.06626061619188243,100
1,monash_hospital,chronos-2,spikes_intensity,1.0,0.8001294696847498,0.06699139016615104,100
1,monash_hospital,chronos-t5,spikes_intensity,1.0,0.8379683013406716,0.06933790222873805,100
1,monash_hospital,chronos-2,spikes_intensity,2.0,0.8064956533198673,0.06623701502238091,100
1,monash_hospital,chronos-t5,spikes_intensity,2.0,0.8588787778414657,0.06987202260597333,100
1,monash_hospital,chronos-2,spikes_intensity,4.0,0.797451318343328,0.06438242365215852,100
1,monash_hospital,chronos-t5,spikes_intensity,4.0,0.8293323823329007,0.06698617450917582,100
1,monash_hospital,chronos-2,spikes_intensity,6.0,0.7995715114184812,0.06808251018369568,100
1,monash_hospital,chronos-t5,spikes_intensity,6.0,0.903182947272137,0.07405327675857547,100
1,monash_hospital,chronos-2,spikes_intensity,8.0,0.7938907823084387,0.06315278613832326,100
1,monash_hospital,chronos-t5,spikes_intensity,8.0,0.8248604492716991,0.0667985127372517,100
1,monash_hospital,chronos-2,spikes_intensity,12.0,0.8038633853290874,0.07497763541062413,100
1,monash_hospital,chronos-t5,spikes_intensity,12.0,0.8460014305844848,0.06748113285037287,100
1,monash_hospital,chronos-2,spikes_intensity,16.0,0.8390243410706653,0.06845634465214018,100
1,monash_hospital,chronos-t5,spikes_intensity,16.0,0.8228499791829819,0.06620500455691669,100
1,monash_hospital,chronos-2,spikes_intensity,20.0,0.8959800604433376,0.07572093403623383,100
1,monash_hospital,chronos-t5,spikes_intensity,20.0,0.8301609153849464,0.06835063873685188,100
1,monash_hospital,chronos-2,spikes_intensity,30.0,0.8476446512496091,0.07473742165917116,100
1,monash_hospital,chronos-t5,spikes_intensity,30.0,0.8529917597826769,0.06874423268290493,100
1,monash_hospital,chronos-2,spikes_intensity,40.0,0.8629796661750035,0.09291130658465796,100
1,monash_hospital,chronos-t5,spikes_intensity,40.0,0.8418740695212171,0.06583427264627092,100
1,monash_hospital,chronos-2,spikes_density,0.01,0.7905396601700064,0.06296800909766256,100
1,monash_hospital,chronos-t5,spikes_density,0.01,0.8407014455618598,0.06402551317729917,100
1,monash_hospital,chronos-2,spikes_density,0.02,0.7830447081303272,0.06134857317524453,100
1,monash_hospital,chronos-t5,spikes_density,0.02,0.8422781156065045,0.0646554011326887,100
1,monash_hospital,chronos-2,spikes_density,0.05,0.8366525169158294,0.07546169082757959,100
1,monash_hospital,chronos-t5,spikes_density,0.05,0.8458986973303045,0.06851668495093592,100
1,monash_hospital,chronos-2,spikes_density,0.08,0.8539121174532737,0.08312839595205006,100
1,monash_hospital,chronos-t5,spikes_density,0.08,0.8473341803493791,0.06841026548883725,100
1,monash_hospital,chronos-2,spikes_density,0.12,0.9100672959943671,0.10145660179208943,100
1,monash_hospital,chronos-t5,spikes_density,0.12,0.8149319165939651,0.06589607392620857,100
1,monash_hospital,chronos-2,spikes_density,0.16,0.9576669441973074,0.124742194191475,100
1,monash_hospital,chronos-t5,spikes_density,0.16,0.8634727727952697,0.07299554323377341,100
1,monash_hospital,chronos-2,spikes_density,0.2,0.9886413159485676,0.15558545668147827,100
1,monash_hospital,chronos-t5,spikes_density,0.2,0.8427420410762291,0.07916282367397054,100
1,monash_hospital,chronos-2,spikes_density,0.3,1.319626730784626,0.27517508729976536,100
1,monash_hospital,chronos-t5,spikes_density,0.3,0.9223557922587978,0.09844950180840581,100
1,monash_hospital,chronos-2,spikes_density,0.4,1.967004568542574,0.45225118999298797,100
1,monash_hospital,chronos-t5,spikes_density,0.4,2.134216821013841,0.3166352090396459,100
1,monash_m1_monthly,chronos-2,clean,0.0,1.0252822007023978,0.27221328295504754,100
1,monash_m1_monthly,chronos-t5,clean,0.0,1.1516468268682487,0.18440826126024026,100
1,monash_m1_monthly,chronos-2,spikes_intensity,1.0,1.0382577428864033,0.2534952864785434,100
1,monash_m1_monthly,chronos-t5,spikes_intensity,1.0,1.1675922741974,0.19919216924363553,100
1,monash_m1_monthly,chronos-2,spikes_intensity,2.0,1.0790834248543477,0.2329648868936945,100
1,monash_m1_monthly,chronos-t5,spikes_intensity,2.0,1.2131673538293717,0.18597779622372554,100
1,monash_m1_monthly,chronos-2,spikes_intensity,4.0,1.1056823577402946,0.25408404958087555,100
1,monash_m1_monthly,chronos-t5,spikes_intensity,4.0,1.2089025512625675,0.23790245001866758,100
1,monash_m1_monthly,chronos-2,spikes_intensity,6.0,1.1325249488151834,0.2586978316234919,100
1,monash_m1_monthly,chronos-t5,spikes_intensity,6.0,1.3016914819987306,0.2236468638690908,100
1,monash_m1_monthly,chronos-2,spikes_intensity,8.0,1.125741525000543,0.23227677156387566,100
1,monash_m1_monthly,chronos-t5,spikes_intensity,8.0,1.2198945388019522,0.2043867568695818,100
1,monash_m1_monthly,chronos-2,spikes_intensity,12.0,1.3009889967994737,0.2536599778872205,100
1,monash_m1_monthly,chronos-t5,spikes_intensity,12.0,1.2153501466300465,0.23608416478879476,100
1,monash_m1_monthly,chronos-2,spikes_intensity,16.0,1.1346258705453716,0.2299872539806312,100
1,monash_m1_monthly,chronos-t5,spikes_intensity,16.0,1.1614011796165118,0.2044206183498918,100
1,monash_m1_monthly,chronos-2,spikes_intensity,20.0,1.415723240358646,0.25510054944847294,100
1,monash_m1_monthly,chronos-t5,spikes_intensity,20.0,1.1651192029814277,0.2107793797033594,100
1,monash_m1_monthly,chronos-2,spikes_intensity,30.0,1.2492853244963191,0.23712718034567568,100
1,monash_m1_monthly,chronos-t5,spikes_intensity,30.0,1.1555688338095964,0.20035759665934774,100
1,monash_m1_monthly,chronos-2,spikes_intensity,40.0,1.2648942884110448,0.3844817723805109,100
1,monash_m1_monthly,chronos-t5,spikes_intensity,40.0,1.1481482528100024,0.19566343233904446,100
1,monash_m1_monthly,chronos-2,spikes_density,0.01,1.060755443936975,0.23039241877539407,100
1,monash_m1_monthly,chronos-t5,spikes_density,0.01,1.2474739229936742,0.20167279748863473,100
1,monash_m1_monthly,chronos-2,spikes_density,0.02,1.0585424339691527,0.2433214883287228,100
1,monash_m1_monthly,chronos-t5,spikes_density,0.02,1.183303917144031,0.19536868265135757,100
1,monash_m1_monthly,chronos-2,spikes_density,0.05,1.2596178803253164,0.24268819636614547,100
1,monash_m1_monthly,chronos-t5,spikes_density,0.05,1.2213274373108092,0.21292646891587863,100
1,monash_m1_monthly,chronos-2,spikes_density,0.08,1.2264958294042585,0.30761302666316137,100
1,monash_m1_monthly,chronos-t5,spikes_density,0.08,1.5724910867798547,0.6748943738059405,100
1,monash_m1_monthly,chronos-2,spikes_density,0.12,1.4550921837387811,0.28493815889030844,100
1,monash_m1_monthly,chronos-t5,spikes_density,0.12,1.2542173165446802,0.20147662474606629,100
1,monash_m1_monthly,chronos-2,spikes_density,0.16,1.7397157296949228,0.3938408219255776,100
1,monash_m1_monthly,chronos-t5,spikes_density,0.16,1.5437706198866592,0.21102547653634204,100
1,monash_m1_monthly,chronos-2,spikes_density,0.2,1.9217913392988648,0.4016771957752068,100
1,monash_m1_monthly,chronos-t5,spikes_density,0.2,1.3650227031100004,0.2285195744731574,100
1,monash_m1_monthly,chronos-2,spikes_density,0.3,2.3882730251316286,1.1002619375631,100
1,monash_m1_monthly,chronos-t5,spikes_density,0.3,1.5074986766462104,0.2911899823932419,100
1,monash_m1_monthly,chronos-2,spikes_density,0.4,3.2436324454006655,1.1646585699245184,100
1,monash_m1_monthly,chronos-t5,spikes_density,0.4,3.1762093978868102,0.3112738681356161,100
1,monash_m1_quarterly,chronos-2,clean,0.0,1.5766614979688591,0.07952721348399153,100
1,monash_m1_quarterly,chronos-t5,clean,0.0,1.762670262288231,0.10089561893706252,100
1,monash_m1_quarterly,chronos-2,spikes_intensity,1.0,1.7548440599200978,0.079227769742869,100
1,monash_m1_quarterly,chronos-t5,spikes_intensity,1.0,1.9603613453633408,0.0998485045700691,100
1,monash_m1_quarterly,chronos-2,spikes_intensity,2.0,1.8561178905578333,0.08503708861883147,100
1,monash_m1_quarterly,chronos-t5,spikes_intensity,2.0,2.057270237436805,0.0936600384052215,100
1,monash_m1_quarterly,chronos-2,spikes_intensity,4.0,1.8799088357106064,0.08148917784863889,100
1,monash_m1_quarterly,chronos-t5,spikes_intensity,4.0,2.1978847273937263,0.09526911829164415,100
1,monash_m1_quarterly,chronos-2,spikes_intensity,6.0,1.7491460397405227,0.09121668601264771,100
1,monash_m1_quarterly,chronos-t5,spikes_intensity,6.0,1.8626671261026269,0.08421030067307263,100
1,monash_m1_quarterly,chronos-2,spikes_intensity,8.0,1.964765575983472,0.0790977361529219,100
1,monash_m1_quarterly,chronos-t5,spikes_intensity,8.0,2.3361747488821947,0.09283037873142085,100
1,monash_m1_quarterly,chronos-2,spikes_intensity,12.0,1.8561246831968197,0.09216735347905808,100
1,monash_m1_quarterly,chronos-t5,spikes_intensity,12.0,1.7598724017485758,0.0922917408543122,100
1,monash_m1_quarterly,chronos-2,spikes_intensity,16.0,2.3732919002328834,0.09971913326012459,100
1,monash_m1_quarterly,chronos-t5,spikes_intensity,16.0,2.0000606909542338,0.0878349325474514,100
1,monash_m1_quarterly,chronos-2,spikes_intensity,20.0,1.9329092357257291,0.10400130453368031,100
1,monash_m1_quarterly,chronos-t5,spikes_intensity,20.0,1.7304609922547747,0.09240833503636953,100
1,monash_m1_quarterly,chronos-2,spikes_intensity,30.0,2.93552061706024,0.10888007840140179,100
1,monash_m1_quarterly,chronos-t5,spikes_intensity,30.0,2.1154960785321695,0.09162366908530421,100
1,monash_m1_quarterly,chronos-2,spikes_intensity,40.0,3.419727225886552,0.11143293682933655,100
1,monash_m1_quarterly,chronos-t5,spikes_intensity,40.0,2.5772362872176497,0.10289943227674597,100
1,monash_m1_quarterly,chronos-2,spikes_density,0.01,1.7868850217138947,0.08395003342152822,100
1,monash_m1_quarterly,chronos-t5,spikes_density,0.01,2.039057046388756,0.09535838880565223,100
1,monash_m1_quarterly,chronos-2,spikes_density,0.02,1.998435604849655,0.1599846585070389,100
1,monash_m1_quarterly,chronos-t5,spikes_density,0.02,3.6702834611736965,0.17541087025795424,100
1,monash_m1_quarterly,chronos-2,spikes_density,0.05,2.0439246248067713,0.08704986447277321,100
1,monash_m1_quarterly,chronos-t5,spikes_density,0.05,1.7687892931627303,0.08295296400041491,100
1,monash_m1_quarterly,chronos-2,spikes_density,0.08,2.426341659715396,0.1345386318567636,100
1,monash_m1_quarterly,chronos-t5,spikes_density,0.08,1.7470517055355845,0.10725589926099269,100
1,monash_m1_quarterly,chronos-2,spikes_density,0.12,2.4063884718206676,0.1824758366200349,100
1,monash_m1_quarterly,chronos-t5,spikes_density,0.12,1.7403152914513242,0.10259025501817595,100
1,monash_m1_quarterly,chronos-2,spikes_density,0.16,3.5066360386182964,0.16362479836076305,100
1,monash_m1_quarterly,chronos-t5,spikes_density,0.16,2.0731475768723278,0.10171205637494923,100
1,monash_m1_quarterly,chronos-2,spikes_density,0.2,4.052389947408387,0.21986068730625385,100
1,monash_m1_quarterly,chronos-t5,spikes_density,0.2,2.7446069272271574,0.10991364974036658,100
1,monash_m1_quarterly,chronos-2,spikes_density,0.3,4.997878846631491,0.3635875853305674,100
1,monash_m1_quarterly,chronos-t5,spikes_density,0.3,2.9089174867131042,0.1151236105092161,100
1,monash_m1_quarterly,chronos-2,spikes_density,0.4,7.227916022138718,0.4479788104562103,100
1,monash_m1_quarterly,chronos-t5,spikes_density,0.4,5.099138127915747,0.176718161204363,100
1,monash_m1_yearly,chronos-2,clean,0.0,3.637927031199332,0.07096940204212351,100
1,monash_m1_yearly,chronos-t5,clean,0.0,4.892145086756286,0.07591765936732309,100
1,monash_m1_yearly,chronos-2,spikes_intensity,1.0,4.437066175018011,0.07489925336405004,100
1,monash_m1_yearly,chronos-t5,spikes_intensity,1.0,5.126580590008206,0.10573541115867305,100
1,monash_m1_yearly,chronos-2,spikes_intensity,2.0,4.782041305500955,0.0860981381857715,100
1,monash_m1_yearly,chronos-t5,spikes_intensity,2.0,5.419677640774576,0.21117801822883217,100
1,monash_m1_yearly,chronos-2,spikes_intensity,4.0,4.9709785353023195,0.09489290486185613,100
1,monash_m1_yearly,chronos-t5,spikes_intensity,4.0,5.727355616503761,0.1075967302070321,100
1,monash_m1_yearly,chronos-2,spikes_intensity,6.0,4.7651884795137915,0.0849563389064444,100
1,monash_m1_yearly,chronos-t5,spikes_intensity,6.0,5.734103056636366,0.09909277998495426,100
1,monash_m1_yearly,chronos-2,spikes_intensity,8.0,4.873616776713561,0.0732013867000126,100
1,monash_m1_yearly,chronos-t5,spikes_intensity,8.0,5.4513181780284325,0.10211143657625528,100
1,monash_m1_yearly,chronos-2,spikes_intensity,12.0,5.760118071606054,0.17895181818855488,100
1,monash_m1_yearly,chronos-t5,spikes_intensity,12.0,6.763185014898482,0.11150442609706619,100
1,monash_m1_yearly,chronos-2,spikes_intensity,16.0,5.6644273781361845,0.336475061081341,100
1,monash_m1_yearly,chronos-t5,spikes_intensity,16.0,5.676027842168945,0.1068468310926865,100
1,monash_m1_yearly,chronos-2,spikes_intensity,20.0,5.095972377599705,0.12441791043573976,100
1,monash_m1_yearly,chronos-t5,spikes_intensity,20.0,5.4286565576415535,0.07489369213424851,100
1,monash_m1_yearly,chronos-2,spikes_intensity,30.0,6.265273825545306,0.08330628646507496,100
1,monash_m1_yearly,chronos-t5,spikes_intensity,30.0,5.886680318272325,0.10000962664172952,100
1,monash_m1_yearly,chronos-2,spikes_intensity,40.0,7.169568810407709,0.18081680421404817,100
1,monash_m1_yearly,chronos-t5,spikes_intensity,40.0,5.82230694522716,0.08570611313177562,100
1,monash_m1_yearly,chronos-2,spikes_density,0.01,5.043547926369398,0.08090516159665781,100
1,monash_m1_yearly,chronos-t5,spikes_density,0.01,5.173756372533916,0.08199940681407578,100
1,monash_m1_yearly,chronos-2,spikes_density,0.02,5.713527246481702,0.10747255051733938,100
1,monash_m1_yearly,chronos-t5,spikes_density,0.02,6.398738882768201,0.08500749926648339,100
1,monash_m1_yearly,chronos-2,spikes_density,0.05,5.68974197744046,0.06159579784648433,100
1,monash_m1_yearly,chronos-t5,spikes_density,0.05,6.48621833125843,0.09994867642688583,100
1,monash_m1_yearly,chronos-2,spikes_density,0.08,7.716517286414241,0.4550028392189403,100
1,monash_m1_yearly,chronos-t5,spikes_density,0.08,8.738920661949285,0.9254374358937447,100
1,monash_m1_yearly,chronos-2,spikes_density,0.12,8.118186866525866,0.30518462716721245,100
1,monash_m1_yearly,chronos-t5,spikes_density,0.12,5.725425458830482,0.10253501070461318,100
1,monash_m1_yearly,chronos-2,spikes_density,0.16,8.01749046527534,0.24757268264083143,100
1,monash_m1_yearly,chronos-t5,spikes_density,0.16,6.921172299388479,0.08013661462181404,100
1,monash_m1_yearly,chronos-2,spikes_density,0.2,9.120628746229679,0.415079382270503,100
1,monash_m1_yearly,chronos-t5,spikes_density,0.2,5.780390321477627,0.09152495318955181,100
1,monash_m1_yearly,chronos-2,spikes_density,0.3,11.831957458422922,0.6445073907071304,100
1,monash_m1_yearly,chronos-t5,spikes_density,0.3,6.788673251659707,0.28680469499067185,100
1,monash_m1_yearly,chronos-2,spikes_density,0.4,15.408375237232061,0.8460675151961022,100
1,monash_m1_yearly,chronos-t5,spikes_density,0.4,9.902241159616405,0.30519165188290565,100
1,monash_m3_monthly,chronos-2,clean,0.0,0.811635633079432,0.08901184204854988,100
1,monash_m3_monthly,chronos-t5,clean,0.0,0.8336913098884566,0.09309821568682108,100
1,monash_m3_monthly,chronos-2,spikes_intensity,1.0,0.8886403212782249,0.09549425695813084,100
1,monash_m3_monthly,chronos-t5,spikes_intensity,1.0,0.9298028758223758,0.1026863093660703,100
1,monash_m3_monthly,chronos-2,spikes_intensity,2.0,0.9003799601561766,0.09677117796963197,100
1,monash_m3_monthly,chronos-t5,spikes_intensity,2.0,0.9156139053506761,0.10088247554960895,100
1,monash_m3_monthly,chronos-2,spikes_intensity,4.0,0.922750358203674,0.09967240349482998,100
1,monash_m3_monthly,chronos-t5,spikes_intensity,4.0,1.1005827090941367,0.11031134005523167,100
1,monash_m3_monthly,chronos-2,spikes_intensity,6.0,0.884287600686836,0.09650216262274358,100
1,monash_m3_monthly,chronos-t5,spikes_intensity,6.0,0.913849164505634,0.09846021751351701,100
1,monash_m3_monthly,chronos-2,spikes_intensity,8.0,0.9574364133897131,0.10565899343157698,100
1,monash_m3_monthly,chronos-t5,spikes_intensity,8.0,0.9422686535981608,0.10247873453221716,100
1,monash_m3_monthly,chronos-2,spikes_intensity,12.0,1.0505221961212963,0.11085647604899167,100
1,monash_m3_monthly,chronos-t5,spikes_intensity,12.0,1.350170137640635,0.10919817493300815,100
1,monash_m3_monthly,chronos-2,spikes_intensity,16.0,1.0395068349846914,0.1231490029690554,100
1,monash_m3_monthly,chronos-t5,spikes_intensity,16.0,0.8659095368278776,0.09540553127245668,100
1,monash_m3_monthly,chronos-2,spikes_intensity,20.0,0.9975004742363172,0.10706546387065935,100
1,monash_m3_monthly,chronos-t5,spikes_intensity,20.0,0.8705575813528939,0.09740411797509438,100
1,monash_m3_monthly,chronos-2,spikes_intensity,30.0,1.1474666911424694,0.12212236541135169,100
1,monash_m3_monthly,chronos-t5,spikes_intensity,30.0,1.3127572255835644,0.11561188680350602,100
1,monash_m3_monthly,chronos-2,spikes_intensity,40.0,1.2619218009380049,0.126982744598325,100
1,monash_m3_monthly,chronos-t5,spikes_intensity,40.0,0.8791897159222668,0.09729226247910522,100
1,monash_m3_monthly,chronos-2,spikes_density,0.01,1.133824288465826,0.11739534808569181,100
1,monash_m3_monthly,chronos-t5,spikes_density,0.01,0.843761330366655,0.09250831300279955,100
1,monash_m3_monthly,chronos-2,spikes_density,0.02,0.9690215467742879,0.1114381575400508,100
1,monash_m3_monthly,chronos-t5,spikes_density,0.02,0.8938084138853408,0.09743150157271331,100
1,monash_m3_monthly,chronos-2,spikes_density,0.05,1.0471865089824235,0.11290949063762201,100
1,monash_m3_monthly,chronos-t5,spikes_density,0.05,0.9200252257011984,0.09932773148676027,100
1,monash_m3_monthly,chronos-2,spikes_density,0.08,1.1202367637691426,0.12153533511612727,100
1,monash_m3_monthly,chronos-t5,spikes_density,0.08,0.896694261325832,0.09891598520287324,100
1,monash_m3_monthly,chronos-2,spikes_density,0.12,1.3128992072693664,0.1659206002902981,100
1,monash_m3_monthly,chronos-t5,spikes_density,0.12,1.1353548847712351,0.11491319873739887,100
1,monash_m3_monthly,chronos-2,spikes_density,0.16,1.6169608633681642,0.2109679062602073,100
1,monash_m3_monthly,chronos-t5,spikes_density,0.16,1.2636010063172454,0.12640076592104907,100
1,monash_m3_monthly,chronos-2,spikes_density,0.2,1.9827615541142938,0.2718754426817076,100
1,monash_m3_monthly,chronos-t5,spikes_density,0.2,1.1292626981513174,0.13079887742772522,100
1,monash_m3_monthly,chronos-2,spikes_density,0.3,2.332702101036114,0.42069221478283614,100
1,monash_m3_monthly,chronos-t5,spikes_density,0.3,1.5818982539787072,0.1634059102293351,100
1,monash_m3_monthly,chronos-2,spikes_density,0.4,3.344098859456215,0.7201589825833898,100
1,monash_m3_monthly,chronos-t5,spikes_density,0.4,4.107488724988039,0.3136699815406244,100
1,monash_m3_quarterly,chronos-2,clean,0.0,1.2542640597019636,0.07384750980066322,100
1,monash_m3_quarterly,chronos-t5,clean,0.0,1.3704702167460743,0.08130982480072382,100
1,monash_m3_quarterly,chronos-2,spikes_intensity,1.0,1.345892550744323,0.07886551749145258,100
1,monash_m3_quarterly,chronos-t5,spikes_intensity,1.0,1.477522204168775,0.08275808312264211,100
1,monash_m3_quarterly,chronos-2,spikes_intensity,2.0,1.4334892890330246,0.08358971040927082,100
1,monash_m3_quarterly,chronos-t5,spikes_intensity,2.0,1.6474390044702625,0.09228481698786595,100
1,monash_m3_quarterly,chronos-2,spikes_intensity,4.0,1.675824186103327,0.09297988280648467,100
1,monash_m3_quarterly,chronos-t5,spikes_intensity,4.0,1.7008696108838484,0.10071413397773911,100
1,monash_m3_quarterly,chronos-2,spikes_intensity,6.0,1.8418960106310334,0.10088175917234829,100
1,monash_m3_quarterly,chronos-t5,spikes_intensity,6.0,1.929694914540716,0.10242155491303799,100
1,monash_m3_quarterly,chronos-2,spikes_intensity,8.0,1.719497975402548,0.09553117117403837,100
1,monash_m3_quarterly,chronos-t5,spikes_intensity,8.0,2.349160211631424,0.1226680769685849,100
1,monash_m3_quarterly,chronos-2,spikes_intensity,12.0,2.199675187342603,0.11058911180763081,100
1,monash_m3_quarterly,chronos-t5,spikes_intensity,12.0,2.214400057660333,0.10940414089299745,100
1,monash_m3_quarterly,chronos-2,spikes_intensity,16.0,1.9099121305206543,0.13456747264956245,100
1,monash_m3_quarterly,chronos-t5,spikes_intensity,16.0,2.1127336121083555,0.12136058070000419,100
1,monash_m3_quarterly,chronos-2,spikes_intensity,20.0,1.698983965408572,0.10626415827662627,100
1,monash_m3_quarterly,chronos-t5,spikes_intensity,20.0,1.734748682598958,0.09043056468373449,100
1,monash_m3_quarterly,chronos-2,spikes_intensity,30.0,2.1468889132155566,0.13569527420602287,100
1,monash_m3_quarterly,chronos-t5,spikes_intensity,30.0,2.8950266487516,0.12164413825024514,100
1,monash_m3_quarterly,chronos-2,spikes_intensity,40.0,2.0611409978268966,0.17280933030805093,100
1,monash_m3_quarterly,chronos-t5,spikes_intensity,40.0,1.5862497762407093,0.08310371144764683,100
1,monash_m3_quarterly,chronos-2,spikes_density,0.01,1.6054613470514636,0.09589339991231396,100
1,monash_m3_quarterly,chronos-t5,spikes_density,0.01,1.7146850463163827,0.09072306842240264,100
1,monash_m3_quarterly,chronos-2,spikes_density,0.02,1.9036094816552511,0.106292307048984,100
1,monash_m3_quarterly,chronos-t5,spikes_density,0.02,2.7391156106556966,0.1139488449293464,100
1,monash_m3_quarterly,chronos-2,spikes_density,0.05,1.935414028961775,0.13060707805039584,100
1,monash_m3_quarterly,chronos-t5,spikes_density,0.05,1.9324276975733574,0.11139401874413049,100
1,monash_m3_quarterly,chronos-2,spikes_density,0.08,1.8320552376767438,0.12365549374519845,100
1,monash_m3_quarterly,chronos-t5,spikes_density,0.08,1.570994656733767,0.08548917068770573,100
1,monash_m3_quarterly,chronos-2,spikes_density,0.12,2.445566066366217,0.17216663466318566,100
1,monash_m3_quarterly,chronos-t5,spikes_density,0.12,3.0910652547626296,0.1617624618933125,100
1,monash_m3_quarterly,chronos-2,spikes_density,0.16,2.8630216334927616,0.1875629945304175,100
1,monash_m3_quarterly,chronos-t5,spikes_density,0.16,1.716187539355212,0.09509577893661719,100
1,monash_m3_quarterly,chronos-2,spikes_density,0.2,3.5782143644621063,0.2523688444025593,100
1,monash_m3_quarterly,chronos-t5,spikes_density,0.2,2.155414130904657,0.12209665973480026,100
1,monash_m3_quarterly,chronos-2,spikes_density,0.3,5.3011779511404304,0.42996061020643045,100
1,monash_m3_quarterly,chronos-t5,spikes_density,0.3,3.952045996009315,0.20270552549297316,100
1,monash_m3_quarterly,chronos-2,spikes_density,0.4,7.112851054480671,0.6467805751933768,100
1,monash_m3_quarterly,chronos-t5,spikes_density,0.4,4.645279803859338,0.237355740170471,100
1,monash_m3_yearly,chronos-2,clean,0.0,3.0132092403527664,0.14670256385058947,100
1,monash_m3_yearly,chronos-t5,clean,0.0,3.5624616395047783,0.16021827417695378,100
1,monash_m3_yearly,chronos-2,spikes_intensity,1.0,3.6935487409322505,0.1712232023933936,100
1,monash_m3_yearly,chronos-t5,spikes_intensity,1.0,3.9566745076647005,0.17464737492253712,100
1,monash_m3_yearly,chronos-2,spikes_intensity,2.0,3.1981331661906864,0.1502657198789059,100
1,monash_m3_yearly,chronos-t5,spikes_intensity,2.0,3.6822884824697826,0.16556762711253153,100
1,monash_m3_yearly,chronos-2,spikes_intensity,4.0,3.6788084948010527,0.16205977816951694,100
1,monash_m3_yearly,chronos-t5,spikes_intensity,4.0,4.362095516046631,0.18739949605685932,100
1,monash_m3_yearly,chronos-2,spikes_intensity,6.0,3.899989072371094,0.16193992797786205,100
1,monash_m3_yearly,chronos-t5,spikes_intensity,6.0,4.430428606455691,0.1802318435355404,100
1,monash_m3_yearly,chronos-2,spikes_intensity,8.0,3.5950139522321796,0.15595549960255445,100
1,monash_m3_yearly,chronos-t5,spikes_intensity,8.0,4.391965703039655,0.1850297082228217,100
1,monash_m3_yearly,chronos-2,spikes_intensity,12.0,4.808827705414985,0.19275332678563023,100
1,monash_m3_yearly,chronos-t5,spikes_intensity,12.0,5.9907173777093305,0.2556073194144205,100
1,monash_m3_yearly,chronos-2,spikes_intensity,16.0,4.731927974773177,0.19768406724522633,100
1,monash_m3_yearly,chronos-t5,spikes_intensity,16.0,4.637274394030657,0.1988412959762627,100
1,monash_m3_yearly,chronos-2,spikes_intensity,20.0,4.2326111704699745,0.22655301818400464,100
1,monash_m3_yearly,chronos-t5,spikes_intensity,20.0,5.040363458947827,0.22568113917460833,100
1,monash_m3_yearly,chronos-2,spikes_intensity,30.0,5.165667263689605,0.2577501779252831,100
1,monash_m3_yearly,chronos-t5,spikes_intensity,30.0,8.420211934240973,0.2951714195465679,100
1,monash_m3_yearly,chronos-2,spikes_intensity,40.0,4.291439624735683,0.18741782248488473,100
1,monash_m3_yearly,chronos-t5,spikes_intensity,40.0,3.5550065581891976,0.15219965729070042,100
1,monash_m3_yearly,chronos-2,spikes_density,0.01,3.8302881654983034,0.1737979337992209,100
1,monash_m3_yearly,chronos-t5,spikes_density,0.01,4.161759013310506,0.17637508296755294,100
1,monash_m3_yearly,chronos-2,spikes_density,0.02,4.0050161329262846,0.19465582116533722,100
1,monash_m3_yearly,chronos-t5,spikes_density,0.02,3.568321274011746,0.1738700634612304,100
1,monash_m3_yearly,chronos-2,spikes_density,0.05,4.120439912194254,0.18569793299802567,100
1,monash_m3_yearly,chronos-t5,spikes_density,0.05,4.309445998298717,0.1867393025804197,100
1,monash_m3_yearly,chronos-2,spikes_density,0.08,4.579328133480017,0.22838692156839638,100
1,monash_m3_yearly,chronos-t5,spikes_density,0.08,4.1668463112221765,0.17234223641052446,100
1,monash_m3_yearly,chronos-2,spikes_density,0.12,6.250507520027928,0.29252622201255607,100
1,monash_m3_yearly,chronos-t5,spikes_density,0.12,4.694976332220462,0.19457419597301823,100
1,monash_m3_yearly,chronos-2,spikes_density,0.16,8.493211489068523,0.3906594918736867,100
1,monash_m3_yearly,chronos-t5,spikes_density,0.16,5.19499506938681,0.1964059290841089,100
1,monash_m3_yearly,chronos-2,spikes_density,0.2,9.076821319541905,0.45738327794577216,100
1,monash_m3_yearly,chronos-t5,spikes_density,0.2,4.638792250903228,0.22286159485555096,100
1,monash_m3_yearly,chronos-2,spikes_density,0.3,16.529535703907975,0.7830874361727218,100
1,monash_m3_yearly,chronos-t5,spikes_density,0.3,7.359281513877531,0.29534152086573795,100
1,monash_m3_yearly,chronos-2,spikes_density,0.4,16.038302397044784,0.9457822768664956,100
1,monash_m3_yearly,chronos-t5,spikes_density,0.4,10.324275172583544,0.33608495245402026,100
1,m4_quarterly,chronos-2,clean,0.0,1.1058863737967675,0.07350590730709108,100
1,m4_quarterly,chronos-t5,clean,0.0,1.1645004993191832,0.07642013996145958,100
1,m4_quarterly,chronos-2,spikes_intensity,1.0,1.2906949199211346,0.08785765388237478,100
1,m4_quarterly,chronos-t5,spikes_intensity,1.0,1.2655778828406328,0.08605264103559726,100
1,m4_quarterly,chronos-2,spikes_intensity,2.0,1.261972453935411,0.08659385415720909,100
1,m4_quarterly,chronos-t5,spikes_intensity,2.0,1.2934854856502442,0.08251833364355551,100
1,m4_quarterly,chronos-2,spikes_intensity,4.0,1.1519161038170302,0.07822142099624513,100
1,m4_quarterly,chronos-t5,spikes_intensity,4.0,1.2174177004855538,0.07872699023653867,100
1,m4_quarterly,chronos-2,spikes_intensity,6.0,1.5239613050082688,0.0994717417109825,100
1,m4_quarterly,chronos-t5,spikes_intensity,6.0,1.735803305330352,0.10977264898775503,100
1,m4_quarterly,chronos-2,spikes_intensity,8.0,1.3296176235207986,0.09416045178515156,100
1,m4_quarterly,chronos-t5,spikes_intensity,8.0,1.2899875320374352,0.09492206147295786,100
1,m4_quarterly,chronos-2,spikes_intensity,12.0,1.2535027411444775,0.08453048599235781,100
1,m4_quarterly,chronos-t5,spikes_intensity,12.0,1.2319520078514623,0.08318481025262417,100
1,m4_quarterly,chronos-2,spikes_intensity,16.0,1.317186761749777,0.08762764531399982,100
1,m4_quarterly,chronos-t5,spikes_intensity,16.0,1.2014132805531677,0.0815650750850682,100
1,m4_quarterly,chronos-2,spikes_intensity,20.0,1.4578402933830263,0.09606697592381003,100
1,m4_quarterly,chronos-t5,spikes_intensity,20.0,1.2637399154783777,0.08277858531939508,100
1,m4_quarterly,chronos-2,spikes_intensity,30.0,1.4830469863346178,0.11503719107732217,100
1,m4_quarterly,chronos-t5,spikes_intensity,30.0,1.178616479716638,0.07957409635485063,100
1,m4_quarterly,chronos-2,spikes_intensity,40.0,2.964184530811282,0.1431162235635732,100
1,m4_quarterly,chronos-t5,spikes_intensity,40.0,1.2201498003558742,0.08044106591253629,100
1,m4_quarterly,chronos-2,spikes_density,0.01,1.5247545583281998,0.10695575332247079,100
1,m4_quarterly,chronos-t5,spikes_density,0.01,2.253983299798207,0.2513322233864416,100
1,m4_quarterly,chronos-2,spikes_density,0.02,1.3540816803382336,0.09352571840430117,100
1,m4_quarterly,chronos-t5,spikes_density,0.02,1.212724386523194,0.08395374647588755,100
1,m4_quarterly,chronos-2,spikes_density,0.05,1.4462846989168703,0.0993784231910378,100
1,m4_quarterly,chronos-t5,spikes_density,0.05,1.2065472420331855,0.0812157066130958,100
1,m4_quarterly,chronos-2,spikes_density,0.08,1.5442390286142962,0.1016992815195828,100
1,m4_quarterly,chronos-t5,spikes_density,0.08,1.240557408459196,0.08008770403289661,100
1,m4_quarterly,chronos-2,spikes_density,0.12,2.4082052756742325,0.15651546931919383,100
1,m4_quarterly,chronos-t5,spikes_density,0.12,1.6853493790676175,0.09628094152833637,100
1,m4_quarterly,chronos-2,spikes_density,0.16,3.091792370959321,0.20944553190214374,100
1,m4_quarterly,chronos-t5,spikes_density,0.16,1.3867315816995949,0.10140817888953652,100
1,m4_quarterly,chronos-2,spikes_density,0.2,4.098683104582338,0.28068246088152005,100
1,m4_quarterly,chronos-t5,spikes_density,0.2,1.4270400604805935,0.09565117958766416,100
1,m4_quarterly,chronos-2,spikes_density,0.3,6.331421152880621,0.5082099975442306,100
1,m4_quarterly,chronos-t5,spikes_density,0.3,1.9944102771588093,0.16094481958875986,100
1,m4_quarterly,chronos-2,spikes_density,0.4,8.51365175160042,0.7704865626127247,100
1,m4_quarterly,chronos-t5,spikes_density,0.4,7.171873698102196,0.30805356309016385,100
1,m4_yearly,chronos-2,clean,0.0,3.003324720876421,0.11662203541969743,100
1,m4_yearly,chronos-t5,clean,0.0,3.5809912438732536,0.14044178782510824,100
1,m4_yearly,chronos-2,spikes_intensity,1.0,3.1807660664567616,0.11839274208379583,100
1,m4_yearly,chronos-t5,spikes_intensity,1.0,3.665059164221414,0.14165609466517803,100
1,m4_yearly,chronos-2,spikes_intensity,2.0,3.8594871878270602,0.14853265687629225,100
1,m4_yearly,chronos-t5,spikes_intensity,2.0,4.6569906214929055,0.1854775526477013,100
1,m4_yearly,chronos-2,spikes_intensity,4.0,3.4307048157747175,0.12479074777979446,100
1,m4_yearly,chronos-t5,spikes_intensity,4.0,5.17420628160771,0.1670359718422082,100
1,m4_yearly,chronos-2,spikes_intensity,6.0,3.62617760505017,0.12948962405013995,100
1,m4_yearly,chronos-t5,spikes_intensity,6.0,4.867898591025023,0.16082521361591626,100
1,m4_yearly,chronos-2,spikes_intensity,8.0,3.304560039035219,0.12982867397402656,100
1,m4_yearly,chronos-t5,spikes_intensity,8.0,4.037999567084373,0.1507947750459127,100
1,m4_yearly,chronos-2,spikes_intensity,12.0,4.170670448239186,0.1631719429755546,100
1,m4_yearly,chronos-t5,spikes_intensity,12.0,5.11295641705727,0.17183506210251207,100
1,m4_yearly,chronos-2,spikes_intensity,16.0,3.584044190580264,0.12400250201416044,100
1,m4_yearly,chronos-t5,spikes_intensity,16.0,4.461021083971579,0.13878323606322351,100
1,m4_yearly,chronos-2,spikes_intensity,20.0,5.512683746530883,0.16895294423952034,100
1,m4_yearly,chronos-t5,spikes_intensity,20.0,7.900018873934141,0.19678432505382604,100
1,m4_yearly,chronos-2,spikes_intensity,30.0,4.67562376926023,0.2145852433204553,100
1,m4_yearly,chronos-t5,spikes_intensity,30.0,8.98034487017391,0.3064124608796341,100
1,m4_yearly,chronos-2,spikes_intensity,40.0,4.628958913216068,0.18380268484343773,100
1,m4_yearly,chronos-t5,spikes_intensity,40.0,5.314651618091903,0.2754893762970247,100
1,m4_yearly,chronos-2,spikes_density,0.01,4.529058836519136,0.20791822158820786,100
1,m4_yearly,chronos-t5,spikes_density,0.01,11.344692413559322,0.367260854831435,100
1,m4_yearly,chronos-2,spikes_density,0.02,4.381226321689063,0.15789668350398592,100
1,m4_yearly,chronos-t5,spikes_density,0.02,7.873432842271215,0.21441895097884137,100
1,m4_yearly,chronos-2,spikes_density,0.05,3.7271368481710123,0.1413816258802676,100
1,m4_yearly,chronos-t5,spikes_density,0.05,3.9209376538573633,0.14526377439289473,100
1,m4_yearly,chronos-2,spikes_density,0.08,7.338052710165266,0.22010887090732986,100
1,m4_yearly,chronos-t5,spikes_density,0.08,3.8418821041326185,0.14118274616770166,100
1,m4_yearly,chronos-2,spikes_density,0.12,8.083479887460754,0.2585092286312718,100
1,m4_yearly,chronos-t5,spikes_density,0.12,4.069458247472377,0.13490181755385117,100
1,m4_yearly,chronos-2,spikes_density,0.16,9.549319917863869,0.34996263355841184,100
1,m4_yearly,chronos-t5,spikes_density,0.16,5.657261443275694,0.16104854545583372,100
1,m4_yearly,chronos-2,spikes_density,0.2,12.026214632088001,0.4514082076226542,100
1,m4_yearly,chronos-t5,spikes_density,0.2,4.061026628105973,0.1388792221369275,100
1,m4_yearly,chronos-2,spikes_density,0.3,17.629712022317253,0.6589539690867894,100
1,m4_yearly,chronos-t5,spikes_density,0.3,8.406332444514671,0.2247660251113079,100
1,m4_yearly,chronos-2,spikes_density,0.4,25.550349682483045,0.9791759371014364,100
1,m4_yearly,chronos-t5,spikes_density,0.4,15.675356241388357,0.3592898004345565,100
1,m5,chronos-2,clean,0.0,0.8902796015181903,0.5276950502475531,100
1,m5,chronos-t5,clean,0.0,0.910826665911667,0.5632179002680662,100
1,m5,chronos-2,spikes_intensity,1.0,0.8914131398576716,0.5221591250829191,100
1,m5,chronos-t5,spikes_intensity,1.0,0.9213932486548749,0.582031133168067,100
1,m5,chronos-2,spikes_intensity,2.0,0.8894015707892916,0.5252420038815615,100
1,m5,chronos-t5,spikes_intensity,2.0,0.9330202045870318,0.5983617231583286,100
1,m5,chronos-2,spikes_intensity,4.0,0.8947746774139318,0.5366496160338066,100
1,m5,chronos-t5,spikes_intensity,4.0,0.9209635029240264,0.5528932438534258,100
1,m5,chronos-2,spikes_intensity,6.0,0.9044740305039201,0.5413194435899407,100
1,m5,chronos-t5,spikes_intensity,6.0,0.9090695481382639,0.5804046973923451,100
1,m5,chronos-2,spikes_intensity,8.0,0.8955686115996663,0.5352548448310924,100
1,m5,chronos-t5,spikes_intensity,8.0,0.9269661369121686,0.5966155046192709,100
1,m5,chronos-2,spikes_intensity,12.0,0.9120593765955368,0.5503102523786166,100
1,m5,chronos-t5,spikes_intensity,12.0,0.922715312178786,0.5788941948706561,100
1,m5,chronos-2,spikes_intensity,16.0,0.9154700924149161,0.558348229073978,100
1,m5,chronos-t5,spikes_intensity,16.0,0.9260706293865116,0.5845449448986482,100
1,m5,chronos-2,spikes_intensity,20.0,0.9164199915862669,0.5532889660794476,100
1,m5,chronos-t5,spikes_intensity,20.0,0.9215343326888105,0.5961636634493339,100
1,m5,chronos-2,spikes_intensity,30.0,0.9257130860102346,0.575162131762677,100
1,m5,chronos-t5,spikes_intensity,30.0,0.9251249192512692,0.5797970733873902,100
1,m5,chronos-2,spikes_intensity,40.0,0.9415649943848095,0.5866868702406116,100
1,m5,chronos-t5,spikes_intensity,40.0,0.9155914071897261,0.5811052498978344,100
1,m5,chronos-2,spikes_density,0.01,0.9030389036479293,0.5340705513787005,100
1,m5,chronos-t5,spikes_density,0.01,0.9194469740027184,0.5828686817153792,100
1,m5,chronos-2,spikes_density,0.02,0.9092191827235173,0.5412779527666244,100
1,m5,chronos-t5,spikes_density,0.02,0.9170893973715537,0.5678011168677575,100
1,m5,chronos-2,spikes_density,0.05,0.9196772934744125,0.5572799757723921,100
1,m5,chronos-t5,spikes_density,0.05,0.9047559787005436,0.5648682312369814,100
1,m5,chronos-2,spikes_density,0.08,0.9399944763978767,0.5947511933349882,100
1,m5,chronos-t5,spikes_density,0.08,0.914594652151622,0.578442957571798,100
1,m5,chronos-2,spikes_density,0.12,0.9647585969887554,0.6618206977570101,100
1,m5,chronos-t5,spikes_density,0.12,0.9187684632390363,0.5908860635056423,100
1,m5,chronos-2,spikes_density,0.16,1.0095194626759718,0.7501454117896011,100
1,m5,chronos-t5,spikes_density,0.16,0.9158225857671053,0.6139030810176399,100
1,m5,chronos-2,spikes_density,0.2,1.040219236626618,0.8402543358276185,100
1,m5,chronos-t5,spikes_density,0.2,0.9186293648626493,0.5931230858984571,100
1,m5,chronos-2,spikes_density,0.3,1.104201836415726,1.37162427222363,100
1,m5,chronos-t5,spikes_density,0.3,0.9508078292989356,0.6467207665084556,100
1,m5,chronos-2,spikes_density,0.4,1.158734477228289,2.498362483375973,100
1,m5,chronos-t5,spikes_density,0.4,1.0211418687175375,0.7928348610329433,100
1,nn5,chronos-2,clean,0.0,0.5565058217844888,0.14566301635161222,100
1,nn5,chronos-t5,clean,0.0,0.6014266768446973,0.16549701921978835,100
1,nn5,chronos-2,spikes_intensity,1.0,0.563919279739134,0.14771711423279907,100
1,nn5,chronos-t5,spikes_intensity,1.0,0.6060940140978638,0.16855655206469372,100
1,nn5,chronos-2,spikes_intensity,2.0,0.5685632904772158,0.14826839020438573,100
1,nn5,chronos-t5,spikes_intensity,2.0,0.5979778955926578,0.16381125662168944,100
1,nn5,chronos-2,spikes_intensity,4.0,0.5638042454560506,0.14753869373306094,100
1,nn5,chronos-t5,spikes_intensity,4.0,0.6236302390874936,0.17399863848725042,100
1,nn5,chronos-2,spikes_intensity,6.0,0.5588744219602326,0.14735512396707526,100
1,nn5,chronos-t5,spikes_intensity,6.0,0.610999592382694,0.16659011698135534,100
1,nn5,chronos-2,spikes_intensity,8.0,0.5757393460775856,0.15051163934919026,100
1,nn5,chronos-t5,spikes_intensity,8.0,0.6226268953542671,0.168908165371216,100
1,nn5,chronos-2,spikes_intensity,12.0,0.5640767811387142,0.1492090136466133,100
1,nn5,chronos-t5,spikes_intensity,12.0,0.596958764675403,0.16155666148106054,100
1,nn5,chronos-2,spikes_intensity,16.0,0.5680442066850035,0.14987089800132913,100
1,nn5,chronos-t5,spikes_intensity,16.0,0.5997179699821107,0.16174887390958237,100
1,nn5,chronos-2,spikes_intensity,20.0,0.5806128826340577,0.1538093101107243,100
1,nn5,chronos-t5,spikes_intensity,20.0,0.5966256009075595,0.1609055047670406,100
1,nn5,chronos-2,spikes_intensity,30.0,0.5892656892348099,0.1560105762561142,100
1,nn5,chronos-t5,spikes_intensity,30.0,0.5963445324755132,0.1597752210990903,100
1,nn5,chronos-2,spikes_intensity,40.0,0.6085008129781211,0.16087698771420914,100
1,nn5,chronos-t5,spikes_intensity,40.0,0.5992937597089056,0.1616565776736459,100
1,nn5,chronos-2,spikes_density,0.01,0.5691127623251502,0.14878068476921555,100
1,nn5,chronos-t5,spikes_density,0.01,0.5876921266530384,0.1614696289714549,100
1,nn5,chronos-2,spikes_density,0.02,0.56071095434686,0.14662782667412583,100
1,nn5,chronos-t5,spikes_density,0.02,0.5890250651003668,0.1608408240368512,100
1,nn5,chronos-2,spikes_density,0.05,0.5668271287864257,0.14976023771131847,100
1,nn5,chronos-t5,spikes_density,0.05,0.5901603219332616,0.15888955664651802,100
1,nn5,chronos-2,spikes_density,0.08,0.6605487868294693,0.1796153635641845,100
1,nn5,chronos-t5,spikes_density,0.08,0.6248757892433116,0.1688089681572895,100
1,nn5,chronos-2,spikes_density,0.12,0.8166778556295753,0.23804254002769015,100
1,nn5,chronos-t5,spikes_density,0.12,0.6488408886434608,0.17171024937980942,100
1,nn5,chronos-2,spikes_density,0.16,0.9358744351215111,0.30748456735218305,100
1,nn5,chronos-t5,spikes_density,0.16,0.7382941960566237,0.1962005523813377,100
1,nn5,chronos-2,spikes_density,0.2,1.0000361797897326,0.3532126474705973,100
1,nn5,chronos-t5,spikes_density,0.2,0.7440782544046955,0.19544260137901742,100
1,nn5,chronos-2,spikes_density,0.3,1.0498863319774687,0.5726510072805426,100
1,nn5,chronos-t5,spikes_density,0.3,1.1734381292945584,0.3281886353988829,100
1,nn5,chronos-2,spikes_density,0.4,1.118216277340878,1.0137351726654358,100
1,nn5,chronos-t5,spikes_density,0.4,1.3443504490511926,0.39047751346587223,100
1,monash_nn5_weekly,chronos-2,clean,0.0,0.85885852195396,0.07810001991339675,100
1,monash_nn5_weekly,chronos-t5,clean,0.0,0.940325060548796,0.08671858320994612,100
1,monash_nn5_weekly,chronos-2,spikes_intensity,1.0,0.8623620784507722,0.07821386013474628,100
1,monash_nn5_weekly,chronos-t5,spikes_intensity,1.0,0.9460823193150968,0.08684563020673053,100
1,monash_nn5_weekly,chronos-2,spikes_intensity,2.0,0.8761948840994904,0.07986074129744172,100
1,monash_nn5_weekly,chronos-t5,spikes_intensity,2.0,0.960402025522118,0.08823402155564451,100
1,monash_nn5_weekly,chronos-2,spikes_intensity,4.0,0.9047622509948309,0.08182687718903277,100
1,monash_nn5_weekly,chronos-t5,spikes_intensity,4.0,0.925620122649131,0.08482545270394878,100
1,monash_nn5_weekly,chronos-2,spikes_intensity,6.0,0.8918044300042635,0.08163959860404528,100
1,monash_nn5_weekly,chronos-t5,spikes_intensity,6.0,0.9450207395079318,0.08724569522026264,100
1,monash_nn5_weekly,chronos-2,spikes_intensity,8.0,0.918947729484127,0.08298352745925316,100
1,monash_nn5_weekly,chronos-t5,spikes_intensity,8.0,0.915375432727696,0.08519621443757569,100
1,monash_nn5_weekly,chronos-2,spikes_intensity,12.0,0.9188918052170026,0.08408731075569481,100
1,monash_nn5_weekly,chronos-t5,spikes_intensity,12.0,0.9433431783907587,0.08646717104165408,100
1,monash_nn5_weekly,chronos-2,spikes_intensity,16.0,1.1260236539727728,0.09438858636700596,100
1,monash_nn5_weekly,chronos-t5,spikes_intensity,16.0,0.9208126247377568,0.08468904468943744,100
1,monash_nn5_weekly,chronos-2,spikes_intensity,20.0,0.9184627888484949,0.08549392273634877,100
1,monash_nn5_weekly,chronos-t5,spikes_intensity,20.0,0.9219758257341474,0.08504869889092437,100
1,monash_nn5_weekly,chronos-2,spikes_intensity,30.0,0.9296915989203043,0.09032507176227497,100
1,monash_nn5_weekly,chronos-t5,spikes_intensity,30.0,0.9398619255644411,0.08582329482953513,100
1,monash_nn5_weekly,chronos-2,spikes_intensity,40.0,0.9196240588070643,0.09734951169453715,100
1,monash_nn5_weekly,chronos-t5,spikes_intensity,40.0,0.9365518640845716,0.08583761922475808,100
1,monash_nn5_weekly,chronos-2,spikes_density,0.01,0.8798538272678169,0.08005768352358594,100
1,monash_nn5_weekly,chronos-t5,spikes_density,0.01,0.9481280848217948,0.08746205295400536,100
1,monash_nn5_weekly,chronos-2,spikes_density,0.02,1.011711974029346,0.09447401080155088,100
1,monash_nn5_weekly,chronos-t5,spikes_density,0.02,0.956285871789953,0.08786271590860235,100
1,monash_nn5_weekly,chronos-2,spikes_density,0.05,0.9028820444501894,0.08538915010525987,100
1,monash_nn5_weekly,chronos-t5,spikes_density,0.05,0.9239369455991496,0.08566781881788227,100
1,monash_nn5_weekly,chronos-2,spikes_density,0.08,0.9661618315324513,0.09547841846003487,100
1,monash_nn5_weekly,chronos-t5,spikes_density,0.08,0.9152168691845227,0.084509455589396,100
1,monash_nn5_weekly,chronos-2,spikes_density,0.12,1.017839329956321,0.11157899225328219,100
1,monash_nn5_weekly,chronos-t5,spikes_density,0.12,0.9528453983859273,0.08717691431984856,100
1,monash_nn5_weekly,chronos-2,spikes_density,0.16,1.0784957128049157,0.13887401519190556,100
1,monash_nn5_weekly,chronos-t5,spikes_density,0.16,0.9620880822593126,0.08849870377286949,100
1,monash_nn5_weekly,chronos-2,spikes_density,0.2,1.1696043032320582,0.15499513687690125,100
1,monash_nn5_weekly,chronos-t5,spikes_density,0.2,0.9990118155344879,0.0908538805977795,100
1,monash_nn5_weekly,chronos-2,spikes_density,0.3,1.285046034064181,0.25558380181019746,100
1,monash_nn5_weekly,chronos-t5,spikes_density,0.3,1.2241841464055552,0.11482722575461707,100
1,monash_nn5_weekly,chronos-2,spikes_density,0.4,1.713344262043733,0.4194848947271115,100
1,monash_nn5_weekly,chronos-t5,spikes_density,0.4,2.3892221238636053,0.25544433462490435,100
1,monash_tourism_monthly,chronos-2,clean,0.0,1.3430131286102536,0.06909977408430708,100
1,monash_tourism_monthly,chronos-t5,clean,0.0,1.8047984473996008,0.09545792498455835,100
1,monash_tourism_monthly,chronos-2,spikes_intensity,1.0,1.401503594096262,0.07480717236355323,100
1,monash_tourism_monthly,chronos-t5,spikes_intensity,1.0,1.938633979880872,0.10245167417722435,100
1,monash_tourism_monthly,chronos-2,spikes_intensity,2.0,1.4276031506762126,0.0787505462820428,100
1,monash_tourism_monthly,chronos-t5,spikes_intensity,2.0,2.1354997138854013,0.11362136164502706,100
1,monash_tourism_monthly,chronos-2,spikes_intensity,4.0,1.508684436450996,0.08603468767164281,100
1,monash_tourism_monthly,chronos-t5,spikes_intensity,4.0,2.0712024248193517,0.1116139763009219,100
1,monash_tourism_monthly,chronos-2,spikes_intensity,6.0,1.4828925931899624,0.08647373282618032,100
1,monash_tourism_monthly,chronos-t5,spikes_intensity,6.0,1.9840584682350395,0.10808480778421718,100
1,monash_tourism_monthly,chronos-2,spikes_intensity,8.0,1.564285630217307,0.10172639124939407,100
1,monash_tourism_monthly,chronos-t5,spikes_intensity,8.0,2.0399889830336133,0.10824853191018785,100
1,monash_tourism_monthly,chronos-2,spikes_intensity,12.0,1.5364431896507578,0.09028096724244723,100
1,monash_tourism_monthly,chronos-t5,spikes_intensity,12.0,1.8587506815161567,0.09618442177100789,100
1,monash_tourism_monthly,chronos-2,spikes_intensity,16.0,1.6707371967299811,0.1039661425459053,100
1,monash_tourism_monthly,chronos-t5,spikes_intensity,16.0,1.8471836190840591,0.09691271531598172,100
1,monash_tourism_monthly,chronos-2,spikes_intensity,20.0,1.6725328777484154,0.11065026698202157,100
1,monash_tourism_monthly,chronos-t5,spikes_intensity,20.0,1.8581988014615975,0.09733783588386281,100
1,monash_tourism_monthly,chronos-2,spikes_intensity,30.0,1.7544616623339917,0.10912052728781714,100
1,monash_tourism_monthly,chronos-t5,spikes_intensity,30.0,1.8154585314135383,0.09825823229333401,100
1,monash_tourism_monthly,chronos-2,spikes_intensity,40.0,1.812415116120053,0.11923694342035152,100
1,monash_tourism_monthly,chronos-t5,spikes_intensity,40.0,1.7795011272491013,0.09977080209698047,100
1,monash_tourism_monthly,chronos-2,spikes_density,0.01,1.3678574342658918,0.07275678817233354,100
1,monash_tourism_monthly,chronos-t5,spikes_density,0.01,1.8834347493262862,0.10013754888872226,100
1,monash_tourism_monthly,chronos-2,spikes_density,0.02,1.4585472204389447,0.08023439189297127,100
1,monash_tourism_monthly,chronos-t5,spikes_density,0.02,1.8334935619699535,0.09444775763295614,100
1,monash_tourism_monthly,chronos-2,spikes_density,0.05,1.6084309110924517,0.09907983087280199,100
1,monash_tourism_monthly,chronos-t5,spikes_density,0.05,1.83479173855399,0.09229023357050552,100
1,monash_tourism_monthly,chronos-2,spikes_density,0.08,2.11179139468164,0.14333595595758095,100
1,monash_tourism_monthly,chronos-t5,spikes_density,0.08,1.9659495695349514,0.10076690697751946,100
1,monash_tourism_monthly,chronos-2,spikes_density,0.12,2.6336060227677165,0.21418893707370512,100
1,monash_tourism_monthly,chronos-t5,spikes_density,0.12,1.9629998102719413,0.11673239124306994,100
1,monash_tourism_monthly,chronos-2,spikes_density,0.16,3.2016964113314135,0.284156326394399,100
1,monash_tourism_monthly,chronos-t5,spikes_density,0.16,2.08760411649837,0.1338152451073197,100
1,monash_tourism_monthly,chronos-2,spikes_density,0.2,3.6347697053140275,0.34096280685307534,100
1,monash_tourism_monthly,chronos-t5,spikes_density,0.2,2.5438466797527646,0.16079778441324763,100
1,monash_tourism_monthly,chronos-2,spikes_density,0.3,4.765171386397542,0.5695605714383197,100
1,monash_tourism_monthly,chronos-t5,spikes_density,0.3,4.532501349846742,0.326408771150878,100
1,monash_tourism_monthly,chronos-2,spikes_density,0.4,5.18163129756448,0.7977592746705419,100
1,monash_tourism_monthly,chronos-t5,spikes_density,0.4,7.0780032524743035,0.49966396170240823,100
1,monash_tourism_quarterly,chronos-2,clean,0.0,1.5904319369414341,0.07053812492950641,100
1,monash_tourism_quarterly,chronos-t5,clean,0.0,1.7124200613958953,0.08037115570594315,100
1,monash_tourism_quarterly,chronos-2,spikes_intensity,1.0,1.7256978199481117,0.0900073283601609,100
1,monash_tourism_quarterly,chronos-t5,spikes_intensity,1.0,1.8933001687461424,0.10101288429067735,100
1,monash_tourism_quarterly,chronos-2,spikes_intensity,2.0,1.8065123809664931,0.09248215389409564,100
1,monash_tourism_quarterly,chronos-t5,spikes_intensity,2.0,1.9737875490819061,0.09348046222024282,100
1,monash_tourism_quarterly,chronos-2,spikes_intensity,4.0,2.0364933178049625,0.10041670688246114,100
1,monash_tourism_quarterly,chronos-t5,spikes_intensity,4.0,2.1983723602125043,0.09715765954105,100
1,monash_tourism_quarterly,chronos-2,spikes_intensity,6.0,1.918117211952519,0.11838755059165537,100
1,monash_tourism_quarterly,chronos-t5,spikes_intensity,6.0,2.1307653402691997,0.1200281936384508,100
1,monash_tourism_quarterly,chronos-2,spikes_intensity,8.0,2.4117959008443712,0.10256599351242086,100
1,monash_tourism_quarterly,chronos-t5,spikes_intensity,8.0,2.1782164903007954,0.08514940026095387,100
1,monash_tourism_quarterly,chronos-2,spikes_intensity,12.0,2.071612336342986,0.1130764057070586,100
1,monash_tourism_quarterly,chronos-t5,spikes_intensity,12.0,2.0371223028165506,0.09416429894922344,100
1,monash_tourism_quarterly,chronos-2,spikes_intensity,16.0,2.388802281382929,0.11907882804029134,100
1,monash_tourism_quarterly,chronos-t5,spikes_intensity,16.0,1.8619055439657848,0.0801137028494062,100
1,monash_tourism_quarterly,chronos-2,spikes_intensity,20.0,2.2584235481793264,0.10774452256419846,100
1,monash_tourism_quarterly,chronos-t5,spikes_intensity,20.0,1.7819845356461215,0.08216530707670917,100
1,monash_tourism_quarterly,chronos-2,spikes_intensity,30.0,2.2337487794360658,0.11654388666713568,100
1,monash_tourism_quarterly,chronos-t5,spikes_intensity,30.0,1.81643353051823,0.08021074895219739,100
1,monash_tourism_quarterly,chronos-2,spikes_intensity,40.0,2.7728158061470665,0.20586256617813437,100
1,monash_tourism_quarterly,chronos-t5,spikes_intensity,40.0,1.78399237691853,0.0801524670753092,100
1,monash_tourism_quarterly,chronos-2,spikes_density,0.01,4.2506934743817775,0.1559659396934818,100
1,monash_tourism_quarterly,chronos-t5,spikes_density,0.01,3.266026824094271,0.1784973729908249,100
1,monash_tourism_quarterly,chronos-2,spikes_density,0.02,1.720601375772178,0.07965653228668704,100
1,monash_tourism_quarterly,chronos-t5,spikes_density,0.02,1.8179188355728848,0.0788635414648976,100
1,monash_tourism_quarterly,chronos-2,spikes_density,0.05,2.149889214364199,0.12605603462684162,100
1,monash_tourism_quarterly,chronos-t5,spikes_density,0.05,1.7909417765979676,0.08229056565406766,100
1,monash_tourism_quarterly,chronos-2,spikes_density,0.08,2.626829853701148,0.17476229878822186,100
1,monash_tourism_quarterly,chronos-t5,spikes_density,0.08,1.9311708303864594,0.07464130528853735,100
1,monash_tourism_quarterly,chronos-2,spikes_density,0.12,3.424070610516943,0.2741813205961619,100
1,monash_tourism_quarterly,chronos-t5,spikes_density,0.12,1.8329495408023104,0.08413655943170803,100
1,monash_tourism_quarterly,chronos-2,spikes_density,0.16,4.094202569024133,0.358541882164992,100
1,monash_tourism_quarterly,chronos-t5,spikes_density,0.16,2.2966935010157608,0.10109992974642742,100
1,monash_tourism_quarterly,chronos-2,spikes_density,0.2,4.581881049415511,0.3736159183412956,100
1,monash_tourism_quarterly,chronos-t5,spikes_density,0.2,3.1125663364777343,0.13170110188271145,100
1,monash_tourism_quarterly,chronos-2,spikes_density,0.3,5.745199882818752,0.5346304807489193,100
1,monash_tourism_quarterly,chronos-t5,spikes_density,0.3,4.579481323092888,0.21229319789885423,100
1,monash_tourism_quarterly,chronos-2,spikes_density,0.4,7.54418693410944,0.9140216887288631,100
1,monash_tourism_quarterly,chronos-t5,spikes_density,0.4,7.433395610884579,0.7195765166985265,100
1,monash_tourism_yearly,chronos-2,clean,0.0,3.5704327729167913,0.16546482529220838,100
1,monash_tourism_yearly,chronos-t5,clean,0.0,3.946960149549127,0.2034639774743393,100
1,monash_tourism_yearly,chronos-2,spikes_intensity,1.0,3.5900210991803045,0.1648525247375141,100
1,monash_tourism_yearly,chronos-t5,spikes_intensity,1.0,4.052556181827079,0.1875317739394023,100
1,monash_tourism_yearly,chronos-2,spikes_intensity,2.0,3.459959504745763,0.16340804429038852,100
1,monash_tourism_yearly,chronos-t5,spikes_intensity,2.0,3.96665279743911,0.21894162313629714,100
1,monash_tourism_yearly,chronos-2,spikes_intensity,4.0,3.42001279402351,0.16519778794646228,100
1,monash_tourism_yearly,chronos-t5,spikes_intensity,4.0,4.018035015384822,0.1842451259912132,100
1,monash_tourism_yearly,chronos-2,spikes_intensity,6.0,3.761350341910279,0.14930763264922392,100
1,monash_tourism_yearly,chronos-t5,spikes_intensity,6.0,4.608733483551199,0.19647089282549016,100
1,monash_tourism_yearly,chronos-2,spikes_intensity,8.0,3.544102739295081,0.555403571068265,100
1,monash_tourism_yearly,chronos-t5,spikes_intensity,8.0,4.143645575203679,0.6791156033157284,100
1,monash_tourism_yearly,chronos-2,spikes_intensity,12.0,3.344010087993439,0.15959379138650542,100
1,monash_tourism_yearly,chronos-t5,spikes_intensity,12.0,4.607278314681138,0.21740181232802147,100
1,monash_tourism_yearly,chronos-2,spikes_intensity,16.0,4.693032042588374,0.16975134392109478,100
1,monash_tourism_yearly,chronos-t5,spikes_intensity,16.0,6.049674208792282,0.20327962184150716,100
1,monash_tourism_yearly,chronos-2,spikes_intensity,20.0,4.55967877316125,0.24845430096472126,100
1,monash_tourism_yearly,chronos-t5,spikes_intensity,20.0,5.350976699764958,0.20925771809312307,100
1,monash_tourism_yearly,chronos-2,spikes_intensity,30.0,4.936633136123066,1.2744240501942967,100
1,monash_tourism_yearly,chronos-t5,spikes_intensity,30.0,5.5289814442846525,0.22288117060825108,100
1,monash_tourism_yearly,chronos-2,spikes_intensity,40.0,5.126765969140333,0.29921099026328357,100
1,monash_tourism_yearly,chronos-t5,spikes_intensity,40.0,4.494091985714524,0.3136005436922011,100
1,monash_tourism_yearly,chronos-2,spikes_density,0.01,4.690969833809367,0.18347322420577028,100
1,monash_tourism_yearly,chronos-t5,spikes_density,0.01,5.932104350273496,0.22897052299698512,100
1,monash_tourism_yearly,chronos-2,spikes_density,0.02,3.838043233948188,0.15294695014995852,100
1,monash_tourism_yearly,chronos-t5,spikes_density,0.02,5.586482664383737,0.187331124658791,100
1,monash_tourism_yearly,chronos-2,spikes_density,0.05,4.323351417542322,0.20755824053154948,100
1,monash_tourism_yearly,chronos-t5,spikes_density,0.05,8.8829157494961,0.20677935184664845,100
1,monash_tourism_yearly,chronos-2,spikes_density,0.08,4.690727531991784,0.22396673223272534,100
1,monash_tourism_yearly,chronos-t5,spikes_density,0.08,4.071001764092292,0.19188886929185153,100
1,monash_tourism_yearly,chronos-2,spikes_density,0.12,7.073119992981045,0.24547026756836499,100
1,monash_tourism_yearly,chronos-t5,spikes_density,0.12,4.478130649811688,0.1668133374414418,100
1,monash_tourism_yearly,chronos-2,spikes_density,0.16,7.625585415151009,0.2502754108403252,100
1,monash_tourism_yearly,chronos-t5,spikes_density,0.16,4.711953030559827,0.17703741554117491,100
1,monash_tourism_yearly,chronos-2,spikes_density,0.2,7.940855664155516,0.2625466372104691,100
1,monash_tourism_yearly,chronos-t5,spikes_density,0.2,5.754959352343162,0.19466392186055834,100
1,monash_tourism_yearly,chronos-2,spikes_density,0.3,11.745651450356894,1.0702629143365021,100
1,monash_tourism_yearly,chronos-t5,spikes_density,0.3,6.347573937179909,1.1803022859942522,100
1,monash_tourism_yearly,chronos-2,spikes_density,0.4,14.680922232171097,0.7787696022470904,100
1,monash_tourism_yearly,chronos-t5,spikes_density,0.4,5.33934394519606,0.3714405055792793,100
1,monash_traffic,chronos-2,clean,0.0,0.8271235376076017,0.2736839843613832,100
1,monash_traffic,chronos-t5,clean,0.0,0.8216134085683118,0.2819226652646958,100
1,monash_traffic,chronos-2,spikes_intensity,1.0,0.8173626504901877,0.2646152715347446,100
1,monash_traffic,chronos-t5,spikes_intensity,1.0,0.8291849754647971,0.28050450037017644,100
1,monash_traffic,chronos-2,spikes_intensity,2.0,0.8357273004879261,0.26690076957744807,100
1,monash_traffic,chronos-t5,spikes_intensity,2.0,0.8355983461917401,0.2818505477741195,100
1,monash_traffic,chronos-2,spikes_intensity,4.0,0.8700065998211839,0.2746115769434844,100
1,monash_traffic,chronos-t5,spikes_intensity,4.0,0.8092130142191597,0.2747173761766606,100
1,monash_traffic,chronos-2,spikes_intensity,6.0,0.877246884893204,0.27766162095854957,100
1,monash_traffic,chronos-t5,spikes_intensity,6.0,0.8157862840457255,0.27896737875832645,100
1,monash_traffic,chronos-2,spikes_intensity,8.0,0.8786594428406367,0.27593656681685125,100
1,monash_traffic,chronos-t5,spikes_intensity,8.0,0.836098903705251,0.2798422842947327,100
1,monash_traffic,chronos-2,spikes_intensity,12.0,0.8896069222840488,0.2745038192184077,100
1,monash_traffic,chronos-t5,spikes_intensity,12.0,0.8406334216585264,0.28639321072306845,100
1,monash_traffic,chronos-2,spikes_intensity,16.0,0.9147405587037368,0.29162111339219127,100
1,monash_traffic,chronos-t5,spikes_intensity,16.0,0.8555394830711686,0.2886829375035448,100
1,monash_traffic,chronos-2,spikes_intensity,20.0,0.9340473434324705,0.30039345272446216,100
1,monash_traffic,chronos-t5,spikes_intensity,20.0,0.858728768859825,0.2869337818438123,100
1,monash_traffic,chronos-2,spikes_intensity,30.0,1.0293586053493544,0.31689840570817135,100
1,monash_traffic,chronos-t5,spikes_intensity,30.0,0.8125340779848677,0.2793304438124713,100
1,monash_traffic,chronos-2,spikes_intensity,40.0,1.0790916812861644,0.3257076974092679,100
1,monash_traffic,chronos-t5,spikes_intensity,40.0,0.8222338826186704,0.2809881286969806,100
1,monash_traffic,chronos-2,spikes_density,0.01,0.8368334928768966,0.2763296858039726,100
1,monash_traffic,chronos-t5,spikes_density,0.01,0.8584547964154546,0.2888455573368705,100
1,monash_traffic,chronos-2,spikes_density,0.02,0.8628508879944518,0.28142202692337376,100
1,monash_traffic,chronos-t5,spikes_density,0.02,0.8649193752150272,0.2943178245451167,100
1,monash_traffic,chronos-2,spikes_density,0.05,0.9480528067177079,0.2967673331570773,100
1,monash_traffic,chronos-t5,spikes_density,0.05,0.8445405037700433,0.28488858387743893,100
1,monash_traffic,chronos-2,spikes_density,0.08,1.0850098578451586,0.32311578161457216,100
1,monash_traffic,chronos-t5,spikes_density,0.08,0.8154606380939414,0.2794992940191331,100
1,monash_traffic,chronos-2,spikes_density,0.12,1.3284053590810025,0.3991250233720829,100
1,monash_traffic,chronos-t5,spikes_density,0.12,0.8118059386300498,0.2816004580487743,100
1,monash_traffic,chronos-2,spikes_density,0.16,1.5032442067933858,0.47131951327810445,100
1,monash_traffic,chronos-t5,spikes_density,0.16,0.8447702993172974,0.30253070747074345,100
1,monash_traffic,chronos-2,spikes_density,0.2,1.6554871303709562,0.5674549934631427,100
1,monash_traffic,chronos-t5,spikes_density,0.2,0.8419518540600675,0.3424485391155398,100
1,monash_traffic,chronos-2,spikes_density,0.3,1.8977767994239085,1.0681748074400508,100
1,monash_traffic,chronos-t5,spikes_density,0.3,0.8884395026167954,0.39471924353427196,100
1,monash_traffic,chronos-2,spikes_density,0.4,1.9937887474280305,2.1293837673452165,100
1,monash_traffic,chronos-t5,spikes_density,0.4,1.632956504682115,0.6402251149287982,100
1,monash_weather,chronos-2,clean,0.0,0.9775839384301249,0.12512084985369903,100
1,monash_weather,chronos-t5,clean,0.0,1.078029983833665,0.1451518384210959,100
1,monash_weather,chronos-2,spikes_intensity,1.0,0.9778997721701885,0.1257400309446034,100
1,monash_weather,chronos-t5,spikes_intensity,1.0,1.0486733584580852,0.1465177139685678,100
1,monash_weather,chronos-2,spikes_intensity,2.0,0.9796996170373221,0.12661675360013183,100
1,monash_weather,chronos-t5,spikes_intensity,2.0,1.069556622946879,0.1486141616294181,100
1,monash_weather,chronos-2,spikes_intensity,4.0,0.9743555939539738,0.12769084912252818,100
1,monash_weather,chronos-t5,spikes_intensity,4.0,1.0578890125658185,0.1474510997858024,100
1,monash_weather,chronos-2,spikes_intensity,6.0,0.9808643207103027,0.1288100822648532,100
1,monash_weather,chronos-t5,spikes_intensity,6.0,1.0661044768802956,0.14866158436088261,100
1,monash_weather,chronos-2,spikes_intensity,8.0,0.9879351713905018,0.12949060717137317,100
1,monash_weather,chronos-t5,spikes_intensity,8.0,1.0323045957645045,0.14703800528546956,100
1,monash_weather,chronos-2,spikes_intensity,12.0,0.9850036606493577,0.13119958800042203,100
1,monash_weather,chronos-t5,spikes_intensity,12.0,1.0515208321630773,0.14699915660602816,100
1,monash_weather,chronos-2,spikes_intensity,16.0,0.9887006165864295,0.1313836983961415,100
1,monash_weather,chronos-t5,spikes_intensity,16.0,1.0908186450669555,0.14542681948626085,100
1,monash_weather,chronos-2,spikes_intensity,20.0,0.9848192855492383,0.13157163988001006,100
1,monash_weather,chronos-t5,spikes_intensity,20.0,1.0868094680077927,0.1461734312586236,100
1,monash_weather,chronos-2,spikes_intensity,30.0,1.0009967740427388,0.1356474541532353,100
1,monash_weather,chronos-t5,spikes_intensity,30.0,1.039802116679124,0.14334240480583682,100
1,monash_weather,chronos-2,spikes_intensity,40.0,1.019366894888235,0.1370972483963376,100
1,monash_weather,chronos-t5,spikes_intensity,40.0,1.5443087927204233,0.2813678939156953,100
1,monash_weather,chronos-2,spikes_density,0.01,0.9719798847461588,0.12586799705817456,100
1,monash_weather,chronos-t5,spikes_density,0.01,1.0492865179726807,0.1444066834807468,100
1,monash_weather,chronos-2,spikes_density,0.02,0.9787425766185782,0.1274639432523708,100
1,monash_weather,chronos-t5,spikes_density,0.02,1.0643252133992092,0.14692001850136846,100
1,monash_weather,chronos-2,spikes_density,0.05,0.99668634166976,0.13280008626164264,100
1,monash_weather,chronos-t5,spikes_density,0.05,1.064844866013724,0.1451439756857985,100
1,monash_weather,chronos-2,spikes_density,0.08,1.010794141621464,0.143853817209409,100
1,monash_weather,chronos-t5,spikes_density,0.08,1.0659220313931295,0.1410834846878085,100
1,monash_weather,chronos-2,spikes_density,0.12,1.0607073361937407,0.1796699895323675,100
1,monash_weather,chronos-t5,spikes_density,0.12,1.0713346818354896,0.1483787502333344,100
1,monash_weather,chronos-2,spikes_density,0.16,1.293006996753583,0.27915770266794154,100
1,monash_weather,chronos-t5,spikes_density,0.16,1.0676652582040134,0.1510386572585956,100
1,monash_weather,chronos-2,spikes_density,0.2,1.7933668416123996,0.38867060455101815,100
1,monash_weather,chronos-t5,spikes_density,0.2,1.0948999230112022,0.15267591630391644,100
1,monash_weather,chronos-2,spikes_density,0.3,2.155808764330275,0.7002439301527251,100
1,monash_weather,chronos-t5,spikes_density,0.3,1.2524292314657373,0.18137597038372466,100
1,monash_weather,chronos-2,spikes_density,0.4,2.34654934568789,1.463631587794248,100
1,monash_weather,chronos-t5,spikes_density,0.4,1.6027625395464418,0.3027571848780537,100
2,monash_australian_electricity,chronos-2,clean,0.0,0.6271804180014168,0.030672134058366392,5
2,monash_australian_electricity,chronos-t5,clean,0.0,1.1239121449882667,0.06558439215655776,5
2,monash_australian_electricity,chronos-2,spikes_intensity,1.0,0.6001775362249913,0.029052799130362374,5
2,monash_australian_electricity,chronos-t5,spikes_intensity,1.0,1.173676283648997,0.06698633664856192,5
2,monash_australian_electricity,chronos-2,spikes_intensity,2.0,0.6884209751357965,0.03142040212937709,5
2,monash_australian_electricity,chronos-t5,spikes_intensity,2.0,1.1474062114441037,0.059303593227391954,5
2,monash_australian_electricity,chronos-2,spikes_intensity,4.0,0.6955434632624861,0.03230899766362591,5
2,monash_australian_electricity,chronos-t5,spikes_intensity,4.0,1.237510906049379,0.07299525133917079,5
2,monash_australian_electricity,chronos-2,spikes_intensity,6.0,0.8657297528147868,0.043762194044415365,5
2,monash_australian_electricity,chronos-t5,spikes_intensity,6.0,3.8803133371158993,0.25570628034857584,5
2,monash_australian_electricity,chronos-2,spikes_intensity,8.0,0.7237078380482883,0.039480664623609156,5
2,monash_australian_electricity,chronos-t5,spikes_intensity,8.0,5.857951250148017,0.3157082152992115,5
2,monash_australian_electricity,chronos-2,spikes_intensity,12.0,0.9397793582811462,0.04954175316259602,5
2,monash_australian_electricity,chronos-t5,spikes_intensity,12.0,1.0356441407498767,0.08398719992715459,5
2,monash_australian_electricity,chronos-2,spikes_intensity,16.0,0.9629374060446886,0.044154889497704186,5
2,monash_australian_electricity,chronos-t5,spikes_intensity,16.0,1.224422935664181,0.11120070934755523,5
2,monash_australian_electricity,chronos-2,spikes_intensity,20.0,1.1239722465943986,0.05476076486329487,5
2,monash_australian_electricity,chronos-t5,spikes_intensity,20.0,1.2431628861663717,0.07851133447919308,5
2,monash_australian_electricity,chronos-2,spikes_intensity,30.0,1.2615343219414257,0.05791698492766081,5
2,monash_australian_electricity,chronos-t5,spikes_intensity,30.0,0.9407811688260433,0.05274129756927386,5
2,monash_australian_electricity,chronos-2,spikes_intensity,40.0,1.2457983549393954,0.0657919926218853,5
2,monash_australian_electricity,chronos-t5,spikes_intensity,40.0,1.0691964414768151,0.05835413616993723,5
2,monash_australian_electricity,chronos-2,spikes_density,0.01,0.6930056267801975,0.034998078722487766,5
2,monash_australian_electricity,chronos-t5,spikes_density,0.01,1.1197884523473982,0.06754576493620074,5
2,monash_australian_electricity,chronos-2,spikes_density,0.02,0.8083282616164382,0.03643710476242931,5
2,monash_australian_electricity,chronos-t5,spikes_density,0.02,1.075259464447282,0.06407388871072543,5
2,monash_australian_electricity,chronos-2,spikes_density,0.05,1.0732038650098892,0.053585175798351724,5
2,monash_australian_electricity,chronos-t5,spikes_density,0.05,1.223874713209465,0.08192028785829628,5
2,monash_australian_electricity,chronos-2,spikes_density,0.08,1.2893189179636784,0.06596370394535411,5
2,monash_australian_electricity,chronos-t5,spikes_density,0.08,0.95270720376379,0.06616533388268203,5
2,monash_australian_electricity,chronos-2,spikes_density,0.12,1.627225606959885,0.09579522300541952,5
2,monash_australian_electricity,chronos-t5,spikes_density,0.12,1.0132285030119486,0.0667764446672286,5
2,monash_australian_electricity,chronos-2,spikes_density,0.16,1.74521991770418,0.125027792962753,5
2,monash_australian_electricity,chronos-t5,spikes_density,0.16,1.208873391287885,0.08801444111517379,5
2,monash_australian_electricity,chronos-2,spikes_density,0.2,1.714765952706214,0.15015598730478563,5
2,monash_australian_electricity,chronos-t5,spikes_density,0.2,1.3279578791289162,0.08223914123151106,5
2,monash_australian_electricity,chronos-2,spikes_density,0.3,1.9301298294015408,0.307819129999471,5
2,monash_australian_electricity,chronos-t5,spikes_density,0.3,1.3196069934155072,0.11955582381336284,5
2,monash_australian_electricity,chronos-2,spikes_density,0.4,1.9116367734444277,0.6233512640830925,5
2,monash_australian_electricity,chronos-t5,spikes_density,0.4,4.98944668090777,0.3529278623837484,5
2,monash_cif_2016,chronos-2,clean,0.0,0.9366922139796068,0.011260000608145472,72
2,monash_cif_2016,chronos-t5,clean,0.0,1.006516284474616,0.015502326229382017,72
2,monash_cif_2016,chronos-2,spikes_intensity,1.0,0.9754089568082983,0.023441512665637283,72
2,monash_cif_2016,chronos-t5,spikes_intensity,1.0,1.0619456643436362,0.01333973881772698,72
2,monash_cif_2016,chronos-2,spikes_intensity,2.0,0.988621731020812,0.0199010855883604,72
2,monash_cif_2016,chronos-t5,spikes_intensity,2.0,1.1788972477844297,0.015861037447029477,72
2,monash_cif_2016,chronos-2,spikes_intensity,4.0,1.017004503872299,0.05794260837675896,72
2,monash_cif_2016,chronos-t5,spikes_intensity,4.0,1.1298835913304792,0.02142745367316,72
2,monash_cif_2016,chronos-2,spikes_intensity,6.0,1.064062348360216,0.0356175358220463,72
2,monash_cif_2016,chronos-t5,spikes_intensity,6.0,1.200816806933776,0.013347449752806982,72
2,monash_cif_2016,chronos-2,spikes_intensity,8.0,1.094899209322853,0.0130828275921038,72
2,monash_cif_2016,chronos-t5,spikes_intensity,8.0,1.2348424185318962,0.01843688492145353,72
2,monash_cif_2016,chronos-2,spikes_intensity,12.0,1.2242719852198187,0.09104660996953653,72
2,monash_cif_2016,chronos-t5,spikes_intensity,12.0,1.0810676600240823,0.014975617382980113,72
2,monash_cif_2016,chronos-2,spikes_intensity,16.0,1.1668727523450697,0.015398948477289938,72
2,monash_cif_2016,chronos-t5,spikes_intensity,16.0,1.0652649472634677,0.012656169225231904,72
2,monash_cif_2016,chronos-2,spikes_intensity,20.0,1.4919453941704637,0.04238627149228482,72
2,monash_cif_2016,chronos-t5,spikes_intensity,20.0,1.1745239210299747,0.01579318152436399,72
2,monash_cif_2016,chronos-2,spikes_intensity,30.0,1.3370703396283667,0.015804536561028135,72
2,monash_cif_2016,chronos-t5,spikes_intensity,30.0,1.2458679464019065,0.010979330461958751,72
2,monash_cif_2016,chronos-2,spikes_intensity,40.0,1.3830856985312419,0.013121285821749625,72
2,monash_cif_2016,chronos-t5,spikes_intensity,40.0,1.0808368862524236,0.018186604461125785,72
2,monash_cif_2016,chronos-2,spikes_density,0.01,0.9636285951447974,0.009601537232242947,72
2,monash_cif_2016,chronos-t5,spikes_density,0.01,1.0164495499430888,0.013760260970950615,72
2,monash_cif_2016,chronos-2,spikes_density,0.02,0.996508430106479,0.010666149987391745,72
2,monash_cif_2016,chronos-t5,spikes_density,0.02,1.0864309166876784,0.015679868631422504,72
2,monash_cif_2016,chronos-2,spikes_density,0.05,1.6590772940220835,0.07717446496172628,72
2,monash_cif_2016,chronos-t5,spikes_density,0.05,1.117289688521496,0.025465355281758376,72
2,monash_cif_2016,chronos-2,spikes_density,0.08,1.4717935334096925,0.06346771992097494,72
2,monash_cif_2016,chronos-t5,spikes_density,0.08,1.1193565548934983,0.009258725121450399,72
2,monash_cif_2016,chronos-2,spikes_density,0.12,1.7329929186459654,0.06324212548940719,72
2,monash_cif_2016,chronos-t5,spikes_density,0.12,1.2063649669457475,0.02496124792912072,72
2,monash_cif_2016,chronos-2,spikes_density,0.16,2.149206142806518,0.346409175051065,72
2,monash_cif_2016,chronos-t5,spikes_density,0.16,1.2895824129560525,0.06231036859889543,72
2,monash_cif_2016,chronos-2,spikes_density,0.2,2.3899335529695587,0.2032537871613515,72
2,monash_cif_2016,chronos-t5,spikes_density,0.2,1.74772126033991,0.016834863852758147,72
2,monash_cif_2016,chronos-2,spikes_density,0.3,2.809055188396942,0.35399849122512755,72
2,monash_cif_2016,chronos-t5,spikes_density,0.3,1.6499697795555588,0.01897778652424721,72
2,monash_cif_2016,chronos-2,spikes_density,0.4,3.5524872726140955,0.6049140864512511,72
2,monash_cif_2016,chronos-t5,spikes_density,0.4,3.83387511318019,0.11304794554412546,72
2,monash_car_parts,chronos-2,clean,0.0,0.894274873223502,1.0267238668417118,100
2,monash_car_parts,chronos-t5,clean,0.0,0.9342777473363588,1.0958056115690562,100
2,monash_car_parts,chronos-2,spikes_intensity,1.0,0.925435715235862,1.0680688790854052,100
2,monash_car_parts,chronos-t5,spikes_intensity,1.0,0.8977067607175162,1.0185055973735926,100
2,monash_car_parts,chronos-2,spikes_intensity,2.0,0.9673504556496015,1.154940550109603,100
2,monash_car_parts,chronos-t5,spikes_intensity,2.0,0.9321604140060642,1.1071499653375672,100
2,monash_car_parts,chronos-2,spikes_intensity,4.0,0.9418333332379575,1.1379238368441298,100
2,monash_car_parts,chronos-t5,spikes_intensity,4.0,0.9625349534845331,1.138449968878013,100
2,monash_car_parts,chronos-2,spikes_intensity,6.0,0.967170584714751,1.2274157519092652,100
2,monash_car_parts,chronos-t5,spikes_intensity,6.0,0.9505398888503203,1.1769809808603378,100
2,monash_car_parts,chronos-2,spikes_intensity,8.0,1.0267491600326886,1.2558706920532503,100
2,monash_car_parts,chronos-t5,spikes_intensity,8.0,0.9451469987644942,1.1104932952624091,100
2,monash_car_parts,chronos-2,spikes_intensity,12.0,1.1479109848185831,1.5825758639604213,100
2,monash_car_parts,chronos-t5,spikes_intensity,12.0,0.9310968665379828,1.1039440110093302,100
2,monash_car_parts,chronos-2,spikes_intensity,16.0,1.4343319642611956,1.383968445530819,100
2,monash_car_parts,chronos-t5,spikes_intensity,16.0,0.9224893374818935,1.1352792280620028,100
2,monash_car_parts,chronos-2,spikes_intensity,20.0,1.057352474465387,1.2771949426569167,100
2,monash_car_parts,chronos-t5,spikes_intensity,20.0,0.9258556233724049,1.1321853576289047,100
2,monash_car_parts,chronos-2,spikes_intensity,30.0,1.0829375749830787,1.4674222250582754,100
2,monash_car_parts,chronos-t5,spikes_intensity,30.0,0.8998310772301372,1.1624223475372188,100
2,monash_car_parts,chronos-2,spikes_intensity,40.0,1.1157269363221314,1.5679280335360235,100
2,monash_car_parts,chronos-t5,spikes_intensity,40.0,0.913580330200168,1.1547864378437247,100
2,monash_car_parts,chronos-2,spikes_density,0.01,1.0761182615039449,1.3419009545717566,100
2,monash_car_parts,chronos-t5,spikes_density,0.01,0.9160336609951018,1.1369696905851638,100
2,monash_car_parts,chronos-2,spikes_density,0.02,0.9552458834446556,1.1763910663009869,100
2,monash_car_parts,chronos-t5,spikes_density,0.02,0.9178554218188489,1.1133367064124056,100
2,monash_car_parts,chronos-2,spikes_density,0.05,1.0614803356793996,1.3376902400594863,100
2,monash_car_parts,chronos-t5,spikes_density,0.05,0.912403816304482,1.167420785488821,100
2,monash_car_parts,chronos-2,spikes_density,0.08,1.3147753851234136,2.085463088049222,100
2,monash_car_parts,chronos-t5,spikes_density,0.08,0.9113092629897697,1.1739039130592193,100
2,monash_car_parts,chronos-2,spikes_density,0.12,1.4848282339164183,2.89101601328918,100
2,monash_car_parts,chronos-t5,spikes_density,0.12,0.9060885924596808,1.1475781293198102,100
2,monash_car_parts,chronos-2,spikes_density,0.16,1.2790341067272493,2.744789135521657,100
2,monash_car_parts,chronos-t5,spikes_density,0.16,0.9072108448222138,1.1427384397697204,100
2,monash_car_parts,chronos-2,spikes_density,0.2,1.4331641092885277,3.4730972769499084,100
2,monash_car_parts,chronos-t5,spikes_density,0.2,0.8903155922184232,1.1492528780983935,100
2,monash_car_parts,chronos-2,spikes_density,0.3,2.508638511053194,7.668410491890902,100
2,monash_car_parts,chronos-t5,spikes_density,0.3,0.9186800959469115,1.27730267334607,100
2,monash_car_parts,chronos-2,spikes_density,0.4,4.601459970266365,11.15680725991529,100
2,monash_car_parts,chronos-t5,spikes_density,0.4,1.0751399857381083,1.9083187648944677,100
2,monash_covid_deaths,chronos-2,clean,0.0,43.033524543394854,0.027007980152812278,100
2,monash_covid_deaths,chronos-t5,clean,0.0,50.64871801535297,0.04566989202948332,100
2,monash_covid_deaths,chronos-2,spikes_intensity,1.0,47.69768747763162,0.03712976120282438,100
2,monash_covid_deaths,chronos-t5,spikes_intensity,1.0,56.264254709778065,0.08039608151561234,100
2,monash_covid_deaths,chronos-2,spikes_intensity,2.0,44.521152043657544,0.034424955625306376,100
2,monash_covid_deaths,chronos-t5,spikes_intensity,2.0,56.583033875722286,0.06278110355461444,100
2,monash_covid_deaths,chronos-2,spikes_intensity,4.0,46.92070754792095,0.06131274834541104,100
2,monash_covid_deaths,chronos-t5,spikes_intensity,4.0,61.996277126963605,0.07601898866784032,100
2,monash_covid_deaths,chronos-2,spikes_intensity,6.0,46.83937387138285,0.04252183360614879,100
2,monash_covid_deaths,chronos-t5,spikes_intensity,6.0,59.56523323511365,0.05087864306783193,100
2,monash_covid_deaths,chronos-2,spikes_intensity,8.0,47.57138500607235,0.037154702539395755,100
2,monash_covid_deaths,chronos-t5,spikes_intensity,8.0,57.10287281893021,0.08352439945319656,100
2,monash_covid_deaths,chronos-2,spikes_intensity,12.0,49.022458795992215,0.07501380476391023,100
2,monash_covid_deaths,chronos-t5,spikes_intensity,12.0,55.34779634122638,0.08628378923255192,100
2,monash_covid_deaths,chronos-2,spikes_intensity,16.0,51.573144247338796,0.0527241332702355,100
2,monash_covid_deaths,chronos-t5,spikes_intensity,16.0,56.61153766343649,0.04671233398602556,100
2,monash_covid_deaths,chronos-2,spikes_intensity,20.0,48.62212799581215,0.06400989200320437,100
2,monash_covid_deaths,chronos-t5,spikes_intensity,20.0,51.90917250372557,0.04769877871265308,100
2,monash_covid_deaths,chronos-2,spikes_intensity,30.0,52.861080314059215,0.05510791464973635,100
2,monash_covid_deaths,chronos-t5,spikes_intensity,30.0,51.06787269940703,0.04755656490624621,100
2,monash_covid_deaths,chronos-2,spikes_intensity,40.0,54.56376735792264,0.09470262275228075,100
2,monash_covid_deaths,chronos-t5,spikes_intensity,40.0,50.27492868667866,0.0420441091335492,100
2,monash_covid_deaths,chronos-2,spikes_density,0.01,44.99601245125393,0.028192734576996874,100
2,monash_covid_deaths,chronos-t5,spikes_density,0.01,50.9822722704386,0.041202869547493554,100
2,monash_covid_deaths,chronos-2,spikes_density,0.02,43.9423298738732,0.04561288867130167,100
2,monash_covid_deaths,chronos-t5,spikes_density,0.02,52.97023384970392,0.13108615340813576,100
2,monash_covid_deaths,chronos-2,spikes_density,0.05,50.38485356396253,0.06215372116885303,100
2,monash_covid_deaths,chronos-t5,spikes_density,0.05,52.805052061504036,0.04676566839924991,100
2,monash_covid_deaths,chronos-2,spikes_density,0.08,52.347549555599244,0.10981112608389264,100
2,monash_covid_deaths,chronos-t5,spikes_density,0.08,52.740180344732,0.047790642130907925,100
2,monash_covid_deaths,chronos-2,spikes_density,0.12,61.46577074847281,0.17090669089819693,100
2,monash_covid_deaths,chronos-t5,spikes_density,0.12,52.88303359652082,0.04965548005039598,100
2,monash_covid_deaths,chronos-2,spikes_density,0.16,70.8841854337416,0.2563239583359546,100
2,monash_covid_deaths,chronos-t5,spikes_density,0.16,61.76273266249643,0.09831479512617411,100
2,monash_covid_deaths,chronos-2,spikes_density,0.2,81.214000748139,0.29833885134812554,100
2,monash_covid_deaths,chronos-t5,spikes_density,0.2,54.253640145311486,0.0655016880430669,100
2,monash_covid_deaths,chronos-2,spikes_density,0.3,117.31195413034625,0.4399474634570646,100
2,monash_covid_deaths,chronos-t5,spikes_density,0.3,71.0736673905975,0.16168110242339503,100
2,monash_covid_deaths,chronos-2,spikes_density,0.4,135.97325499967604,1.188027965627325,100
2,monash_covid_deaths,chronos-t5,spikes_density,0.4,110.73224734253371,0.1842265083637712,100
2,dominick,chronos-2,clean,0.0,0.8295138231556268,0.24857655709519688,100
2,dominick,chronos-t5,clean,0.0,0.7894598181419168,0.26186693572828657,100
2,dominick,chronos-2,spikes_intensity,1.0,0.8500040855606565,0.2563659161396631,100
2,dominick,chronos-t5,spikes_intensity,1.0,0.7914669382830519,0.26637624320360387,100
2,dominick,chronos-2,spikes_intensity,2.0,0.8703486987981094,0.26290319451008204,100
2,dominick,chronos-t5,spikes_intensity,2.0,0.8933621841287038,0.28429093012893103,100
2,dominick,chronos-2,spikes_intensity,4.0,0.9267078277408558,0.27871971947002117,100
2,dominick,chronos-t5,spikes_intensity,4.0,0.8763661182028674,0.2800419824894138,100
2,dominick,chronos-2,spikes_intensity,6.0,0.9070003067621034,0.27825938902045577,100
2,dominick,chronos-t5,spikes_intensity,6.0,0.861115695064776,0.27427505102231925,100
2,dominick,chronos-2,spikes_intensity,8.0,0.9559570692468856,0.28999102931251736,100
2,dominick,chronos-t5,spikes_intensity,8.0,0.85985587771346,0.28241059395760865,100
2,dominick,chronos-2,spikes_intensity,12.0,0.9351494906597441,0.2931047971047806,100
2,dominick,chronos-t5,spikes_intensity,12.0,0.8430891952637622,0.26702953177815947,100
2,dominick,chronos-2,spikes_intensity,16.0,0.9280072409126894,0.2938035191529209,100
2,dominick,chronos-t5,spikes_intensity,16.0,0.8061018539183524,0.2767557260012715,100
2,dominick,chronos-2,spikes_intensity,20.0,0.9850645918406726,0.31805583919922553,100
2,dominick,chronos-t5,spikes_intensity,20.0,0.8073619594271371,0.26459625862959324,100
2,dominick,chronos-2,spikes_intensity,30.0,1.0215438014422096,0.32149881380636075,100
2,dominick,chronos-t5,spikes_intensity,30.0,0.7850978256469019,0.26732287539628713,100
2,dominick,chronos-2,spikes_intensity,40.0,1.1290460352307834,0.3544676767346543,100
2,dominick,chronos-t5,spikes_intensity,40.0,0.8365915596768326,0.3377917663924161,100
2,dominick,chronos-2,spikes_density,0.01,0.8339882555471703,0.25601420323263674,100
2,dominick,chronos-t5,spikes_density,0.01,0.8408107306160204,0.2808172742577106,100
2,dominick,chronos-2,spikes_density,0.02,0.8829768173795054,0.27137295344572876,100
2,dominick,chronos-t5,spikes_density,0.02,0.8275366936150255,0.2659468283796429,100
2,dominick,chronos-2,spikes_density,0.05,1.1459381844861225,0.32551310826756663,100
2,dominick,chronos-t5,spikes_density,0.05,0.8348245914970647,0.26501515433322775,100
2,dominick,chronos-2,spikes_density,0.08,1.1210004501837973,0.359788807128606,100
2,dominick,chronos-t5,spikes_density,0.08,0.8009413104529262,0.2994987841937928,100
2,dominick,chronos-2,spikes_density,0.12,1.2613040819888532,0.4403290201952513,100
2,dominick,chronos-t5,spikes_density,0.12,0.8498331252639022,0.320823360702144,100
2,dominick,chronos-2,spikes_density,0.16,1.4203837454655175,0.5618664237115747,100
2,dominick,chronos-t5,spikes_density,0.16,0.8746118634962028,0.314428779625319,100
2,dominick,chronos-2,spikes_density,0.2,1.7448938359015682,0.7051887960898003,100
2,dominick,chronos-t5,spikes_density,0.2,0.8954283874250711,0.31846606922764586,100
2,dominick,chronos-2,spikes_density,0.3,2.362467945157799,1.2420283433973252,100
2,dominick,chronos-t5,spikes_density,0.3,1.0330825562763022,0.37127648982497546,100
2,dominick,chronos-2,spikes_density,0.4,2.726535201964779,2.1624279848240833,100
2,dominick,chronos-t5,spikes_density,0.4,1.1536087889513416,0.5530967698784425,100
2,ercot,chronos-2,clean,0.0,0.8417995516641943,0.02604302222263971,8
2,ercot,chronos-t5,clean,0.0,0.590129416435134,0.01615848222454339,8
2,ercot,chronos-2,spikes_intensity,1.0,0.8680992893296865,0.026351825341630872,8
2,ercot,chronos-t5,spikes_intensity,1.0,0.7295457916396954,0.020647597726793462,8
2,ercot,chronos-2,spikes_intensity,2.0,0.8770819672947759,0.024586991716706207,8
2,ercot,chronos-t5,spikes_intensity,2.0,0.800108132990026,0.03001723279660684,8
2,ercot,chronos-2,spikes_intensity,4.0,0.8164217329860962,0.024891969196271846,8
2,ercot,chronos-t5,spikes_intensity,4.0,0.7137041362423463,0.022199133622429496,8
2,ercot,chronos-2,spikes_intensity,6.0,0.8679918961144454,0.025962838403382673,8
2,ercot,chronos-t5,spikes_intensity,6.0,0.7014141339508857,0.025131599542522212,8
2,ercot,chronos-2,spikes_intensity,8.0,0.7886644211938677,0.026099892230991257,8
2,ercot,chronos-t5,spikes_intensity,8.0,0.801381483048479,0.06169835974126788,8
2,ercot,chronos-2,spikes_intensity,12.0,0.8549176179097705,0.02389541843662438,8
2,ercot,chronos-t5,spikes_intensity,12.0,1.1318122390925802,0.07941265537527398,8
2,ercot,chronos-2,spikes_intensity,16.0,1.0252783403982615,0.0284726727654624,8
2,ercot,chronos-t5,spikes_intensity,16.0,2.250490288038259,0.0763368258391447,8
2,ercot,chronos-2,spikes_intensity,20.0,1.0142852703175491,0.028361443128163594,8
2,ercot,chronos-t5,spikes_intensity,20.0,1.4310851808274707,0.07333657892023503,8
2,ercot,chronos-2,spikes_intensity,30.0,1.2880662080466407,0.04114093101327454,8
2,ercot,chronos-t5,spikes_intensity,30.0,0.6604864715178461,0.01994791696670612,8
2,ercot,chronos-2,spikes_intensity,40.0,1.430453423737872,0.03797506597765413,8
2,ercot,chronos-t5,spikes_intensity,40.0,0.6724789298067647,0.022222752277838688,8
2,ercot,chronos-2,spikes_density,0.01,0.7987015738123509,0.024317001236689943,8
2,ercot,chronos-t5,spikes_density,0.01,0.552440354126448,0.01694232539524427,8
2,ercot,chronos-2,spikes_density,0.02,0.9393081040715495,0.025008950820416084,8
2,ercot,chronos-t5,spikes_density,0.02,0.6647980926981478,0.020323112681712316,8
2,ercot,chronos-2,spikes_density,0.05,1.0970203671112324,0.0316506219707863,8
2,ercot,chronos-t5,spikes_density,0.05,1.2551513153125609,0.06609181296314628,8
2,ercot,chronos-2,spikes_density,0.08,1.2341739518557915,0.036564849596674075,8
2,ercot,chronos-t5,spikes_density,0.08,1.0985586889067334,0.12245598921118837,8
2,ercot,chronos-2,spikes_density,0.12,2.1513888917494635,0.07503577330845275,8
2,ercot,chronos-t5,spikes_density,0.12,3.4657508873372684,0.19298233532836964,8
2,ercot,chronos-2,spikes_density,0.16,2.7366474522327273,0.09433727076623022,8
2,ercot,chronos-t5,spikes_density,0.16,4.417281610949445,0.1552765839515225,8
2,ercot,chronos-2,spikes_density,0.2,3.546866218562373,0.15000885975690498,8
2,ercot,chronos-t5,spikes_density,0.2,2.3993696321520463,0.12815446971386105,8
2,ercot,chronos-2,spikes_density,0.3,3.95822881680455,0.23594048746806853,8
2,ercot,chronos-t5,spikes_density,0.3,1.133730386559056,0.05265879651840745,8
2,ercot,chronos-2,spikes_density,0.4,4.374491612325021,0.3949107748214046,8
2,ercot,chronos-t5,spikes_density,0.4,5.608165853117012,0.16575890049553982,8
2,exchange_rate,chronos-2,clean,0.0,1.816427573959804,0.011831282159531213,8
2,exchange_rate,chronos-t5,clean,0.0,2.0055468821482716,0.014973430134166025,8
2,exchange_rate,chronos-2,spikes_intensity,1.0,1.715992532890616,0.010093252016381827,8
2,exchange_rate,chronos-t5,spikes_intensity,1.0,2.498242415367966,0.013634806782249017,8
2,exchange_rate,chronos-2,spikes_intensity,2.0,1.852266312079203,0.01120805957198101,8
2,exchange_rate,chronos-t5,spikes_intensity,2.0,1.8906652023907713,0.012267935380104037,8
2,exchange_rate,chronos-2,spikes_intensity,4.0,2.2583063980705784,0.014128196273450324,8
2,exchange_rate,chronos-t5,spikes_intensity,4.0,2.1849418041828943,0.021546077192520396,8
2,exchange_rate,chronos-2,spikes_intensity,6.0,1.6804037830676755,0.011591205489425556,8
2,exchange_rate,chronos-t5,spikes_intensity,6.0,1.888779300390874,0.01325807458277697,8
2,exchange_rate,chronos-2,spikes_intensity,8.0,1.9123325404448763,0.012935876164214452,8
2,exchange_rate,chronos-t5,spikes_intensity,8.0,1.9927711768396987,0.02285529291504783,8
2,exchange_rate,chronos-2,spikes_intensity,12.0,1.765184322163996,0.011387383993191273,8
2,exchange_rate,chronos-t5,spikes_intensity,12.0,1.647782623164408,0.048006204150162074,8
2,exchange_rate,chronos-2,spikes_intensity,16.0,2.734255248545982,0.011920716530810026,8
2,exchange_rate,chronos-t5,spikes_intensity,16.0,1.9518098675174718,0.025795863735104944,8
2,exchange_rate,chronos-2,spikes_intensity,20.0,3.110347548425524,0.014235228142760403,8
2,exchange_rate,chronos-t5,spikes_intensity,20.0,1.6693143645099804,0.026342750730153866,8
2,exchange_rate,chronos-2,spikes_intensity,30.0,3.0178681423180107,0.011410377936027435,8
2,exchange_rate,chronos-t5,spikes_intensity,30.0,1.4489071007069336,0.009452606699211403,8
2,exchange_rate,chronos-2,spikes_intensity,40.0,5.612688801325929,0.0191435242757383,8
2,exchange_rate,chronos-t5,spikes_intensity,40.0,2.0014416927109275,0.01445921267889336,8
2,exchange_rate,chronos-2,spikes_density,0.01,2.140684338336937,0.011593656481214553,8
2,exchange_rate,chronos-t5,spikes_density,0.01,1.7275088037820003,0.01299495566976816,8
2,exchange_rate,chronos-2,spikes_density,0.02,2.1640849049293425,0.011052427394302039,8
2,exchange_rate,chronos-t5,spikes_density,0.02,1.4913662234268077,0.011731409167744235,8
2,exchange_rate,chronos-2,spikes_density,0.05,1.8572212669269133,0.012124625626624768,8
2,exchange_rate,chronos-t5,spikes_density,0.05,2.7999026909675138,0.07845041124747165,8
2,exchange_rate,chronos-2,spikes_density,0.08,3.794821890878644,0.01637219590926922,8
2,exchange_rate,chronos-t5,spikes_density,0.08,16.92239237079627,0.2471688829431572,8
2,exchange_rate,chronos-2,spikes_density,0.12,8.646765206480149,0.03181856519172751,8
2,exchange_rate,chronos-t5,spikes_density,0.12,19.201658740875306,0.29125712969596784,8
2,exchange_rate,chronos-2,spikes_density,0.16,11.725876968848986,0.044571940583521014,8
2,exchange_rate,chronos-t5,spikes_density,0.16,16.965167092358975,0.19907787135140115,8
2,exchange_rate,chronos-2,spikes_density,0.2,15.366688441076077,0.08896456153727628,8
2,exchange_rate,chronos-t5,spikes_density,0.2,22.010856166477037,0.4488373806337941,8
2,exchange_rate,chronos-2,spikes_density,0.3,12.609195619157697,0.1804219554171049,8
2,exchange_rate,chronos-t5,spikes_density,0.3,287.085343903757,0.09973804559540839,8
2,exchange_rate,chronos-2,spikes_density,0.4,13.447743155638872,0.44077848316758583,8
2,exchange_rate,chronos-t5,spikes_density,0.4,40.70189397478292,0.30226863589093234,8
2,monash_fred_md,chronos-2,clean,0.0,0.4532046285633289,0.02010413991667694,100
2,monash_fred_md,chronos-t5,clean,0.0,0.427867472255334,0.01694340741383009,100
2,monash_fred_md,chronos-2,spikes_intensity,1.0,0.5490208478082382,0.021491170704145184,100
2,monash_fred_md,chronos-t5,spikes_intensity,1.0,0.6251602153253278,0.019586244302180044,100
2,monash_fred_md,chronos-2,spikes_intensity,2.0,0.6517747672186622,0.025981198208976358,100
2,monash_fred_md,chronos-t5,spikes_intensity,2.0,0.5730418486670132,0.018034407962960373,100
2,monash_fred_md,chronos-2,spikes_intensity,4.0,0.7012106169795401,0.030063353147216025,100
2,monash_fred_md,chronos-t5,spikes_intensity,4.0,0.4601651560740128,0.022441388084729702,100
2,monash_fred_md,chronos-2,spikes_intensity,6.0,0.6902446131910659,0.03363114678009332,100
2,monash_fred_md,chronos-t5,spikes_intensity,6.0,1.9749006223027739,0.045128062786750175,100
2,monash_fred_md,chronos-2,spikes_intensity,8.0,0.7290542368520996,0.025326950705367973,100
2,monash_fred_md,chronos-t5,spikes_intensity,8.0,0.8406151718319115,0.027228197568722454,100
2,monash_fred_md,chronos-2,spikes_intensity,12.0,0.7757230231719218,0.03627235451770026,100
2,monash_fred_md,chronos-t5,spikes_intensity,12.0,0.6945152034595738,0.025523190430543363,100
2,monash_fred_md,chronos-2,spikes_intensity,16.0,0.8348114064735164,0.040976694475026464,100
2,monash_fred_md,chronos-t5,spikes_intensity,16.0,1.3803908812031478,0.024800912872653163,100
2,monash_fred_md,chronos-2,spikes_intensity,20.0,0.9270077433763485,0.030763843775832005,100
2,monash_fred_md,chronos-t5,spikes_intensity,20.0,1.0250958777540204,0.021363834391654603,100
2,monash_fred_md,chronos-2,spikes_intensity,30.0,1.1878727590475728,0.10426699453232394,100
2,monash_fred_md,chronos-t5,spikes_intensity,30.0,0.9816401169258592,0.043181617044108625,100
2,monash_fred_md,chronos-2,spikes_intensity,40.0,1.3327621769523563,0.06201752675152693,100
2,monash_fred_md,chronos-t5,spikes_intensity,40.0,0.5153776604696363,0.039722230188770156,100
2,monash_fred_md,chronos-2,spikes_density,0.01,0.5941747819182415,0.02855330750765826,100
2,monash_fred_md,chronos-t5,spikes_density,0.01,0.43829530142951983,0.01782347486790407,100
2,monash_fred_md,chronos-2,spikes_density,0.02,0.6396588252528093,0.053599487202329134,100
2,monash_fred_md,chronos-t5,spikes_density,0.02,0.9774235564894712,0.08297847316993395,100
2,monash_fred_md,chronos-2,spikes_density,0.05,0.853333101072533,0.03404115496272161,100
2,monash_fred_md,chronos-t5,spikes_density,0.05,1.157651232878367,0.029030970727330026,100
2,monash_fred_md,chronos-2,spikes_density,0.08,1.2256645386646852,0.03490502065977286,100
2,monash_fred_md,chronos-t5,spikes_density,0.08,1.2331315579568094,0.034973217362214225,100
2,monash_fred_md,chronos-2,spikes_density,0.12,1.5466031982173862,0.08724705884089806,100
2,monash_fred_md,chronos-t5,spikes_density,0.12,2.0596630073122437,0.027769250168369022,100
2,monash_fred_md,chronos-2,spikes_density,0.16,1.943643621008949,0.14073093729089814,100
2,monash_fred_md,chronos-t5,spikes_density,0.16,3.0707169830228147,0.17599488654888265,100
2,monash_fred_md,chronos-2,spikes_density,0.2,2.537854007492943,0.1569801224385852,100
2,monash_fred_md,chronos-t5,spikes_density,0.2,1.9602345440346274,0.0693028983945086,100
2,monash_fred_md,chronos-2,spikes_density,0.3,7.828062412840724,0.3665382926799424,100
2,monash_fred_md,chronos-t5,spikes_density,0.3,8.916683244551166,0.08032664001530887,100
2,monash_fred_md,chronos-2,spikes_density,0.4,12.104551911944958,0.6474179939675986,100
2,monash_fred_md,chronos-t5,spikes_density,0.4,32.020286564557466,0.5931235320145988,100
2,monash_hospital,chronos-2,clean,0.0,0.7870107936415635,0.061281917662917254,100
2,monash_hospital,chronos-t5,clean,0.0,0.8473987894250309,0.06636948039133085,100
2,monash_hospital,chronos-2,spikes_intensity,1.0,0.7994122723644905,0.06414737611876774,100
2,monash_hospital,chronos-t5,spikes_intensity,1.0,0.8580284541217774,0.06948120692308198,100
2,monash_hospital,chronos-2,spikes_intensity,2.0,0.8079840202966714,0.06686385382147947,100
2,monash_hospital,chronos-t5,spikes_intensity,2.0,0.8731378137729341,0.07244570094036203,100
2,monash_hospital,chronos-2,spikes_intensity,4.0,0.7751098394315041,0.06523253861009291,100
2,monash_hospital,chronos-t5,spikes_intensity,4.0,0.8487426711963212,0.06877701308191504,100
2,monash_hospital,chronos-2,spikes_intensity,6.0,0.8196877033557066,0.0686087115781279,100
2,monash_hospital,chronos-t5,spikes_intensity,6.0,0.8590475360888752,0.06674785696643107,100
2,monash_hospital,chronos-2,spikes_intensity,8.0,0.7940081340579207,0.06591990194436682,100
2,monash_hospital,chronos-t5,spikes_intensity,8.0,0.8275698778009377,0.06687953476954182,100
2,monash_hospital,chronos-2,spikes_intensity,12.0,0.8035460332610519,0.06842488168612702,100
2,monash_hospital,chronos-t5,spikes_intensity,12.0,0.8440521655532262,0.06679896905346717,100
2,monash_hospital,chronos-2,spikes_intensity,16.0,0.8365163044077321,0.07578953288703473,100
2,monash_hospital,chronos-t5,spikes_intensity,16.0,0.8420709399194317,0.06845614833800968,100
2,monash_hospital,chronos-2,spikes_intensity,20.0,0.8514279714258133,0.12012649485771758,100
2,monash_hospital,chronos-t5,spikes_intensity,20.0,0.8690069889628721,0.07277648626348113,100
2,monash_hospital,chronos-2,spikes_intensity,30.0,0.8668049225480055,0.12056582815257329,100
2,monash_hospital,chronos-t5,spikes_intensity,30.0,0.8430410953134575,0.06734685806469314,100
2,monash_hospital,chronos-2,spikes_intensity,40.0,0.8569159603030289,0.07859097598967674,100
2,monash_hospital,chronos-t5,spikes_intensity,40.0,0.832870723541435,0.0656992176804677,100
2,monash_hospital,chronos-2,spikes_density,0.01,0.9906587314996709,0.06912514540230077,100
2,monash_hospital,chronos-t5,spikes_density,0.01,0.8452299917865804,0.06847385670705272,100
2,monash_hospital,chronos-2,spikes_density,0.02,1.1090041737762608,0.0676436936848242,100
2,monash_hospital,chronos-t5,spikes_density,0.02,0.870672598195698,0.06862634816602968,100
2,monash_hospital,chronos-2,spikes_density,0.05,0.8460424206189995,0.06987636671640539,100
2,monash_hospital,chronos-t5,spikes_density,0.05,0.8378270922633906,0.06845097155728859,100
2,monash_hospital,chronos-2,spikes_density,0.08,0.8547653462036798,0.08411220901004265,100
2,monash_hospital,chronos-t5,spikes_density,0.08,0.849457053222681,0.06950985435667596,100
2,monash_hospital,chronos-2,spikes_density,0.12,0.8925729448969226,0.0929111801346633,100
2,monash_hospital,chronos-t5,spikes_density,0.12,0.8474980579842785,0.07063306475098881,100
2,monash_hospital,chronos-2,spikes_density,0.16,0.9132574056473953,0.1381564140713641,100
2,monash_hospital,chronos-t5,spikes_density,0.16,0.8401187269748681,0.07397671252792122,100
2,monash_hospital,chronos-2,spikes_density,0.2,1.0058895635001457,0.15161608485648062,100
2,monash_hospital,chronos-t5,spikes_density,0.2,0.8495775201483452,0.07375504338001067,100
2,monash_hospital,chronos-2,spikes_density,0.3,1.435282085746711,0.30607819646074236,100
2,monash_hospital,chronos-t5,spikes_density,0.3,1.2076223087764875,0.11575692610975225,100
2,monash_hospital,chronos-2,spikes_density,0.4,1.9603446345559588,0.44243008899718184,100
2,monash_hospital,chronos-t5,spikes_density,0.4,1.962400736164456,0.3411109880347772,100
2,monash_m1_monthly,chronos-2,clean,0.0,1.0252822007023978,0.27221328295504754,100
2,monash_m1_monthly,chronos-t5,clean,0.0,1.1522915325453502,0.1844654587416395,100
2,monash_m1_monthly,chronos-2,spikes_intensity,1.0,1.055071946140037,0.2584460641857231,100
2,monash_m1_monthly,chronos-t5,spikes_intensity,1.0,1.2304555176570573,0.19980183832525056,100
2,monash_m1_monthly,chronos-2,spikes_intensity,2.0,1.0741449759568231,0.2542973382827009,100
2,monash_m1_monthly,chronos-t5,spikes_intensity,2.0,1.2190808026028757,0.19258256764364792,100
2,monash_m1_monthly,chronos-2,spikes_intensity,4.0,1.0785878484126383,0.23956846830151834,100
2,monash_m1_monthly,chronos-t5,spikes_intensity,4.0,1.2002182457840394,0.22154343538724197,100
2,monash_m1_monthly,chronos-2,spikes_intensity,6.0,1.130170979955654,0.3054057953024929,100
2,monash_m1_monthly,chronos-t5,spikes_intensity,6.0,1.253924295715752,0.24737897908942122,100
2,monash_m1_monthly,chronos-2,spikes_intensity,8.0,1.1795032267850805,0.2511478783586667,100
2,monash_m1_monthly,chronos-t5,spikes_intensity,8.0,1.241054283108702,0.2404401828507338,100
2,monash_m1_monthly,chronos-2,spikes_intensity,12.0,1.1288419248759416,0.24108517772018626,100
2,monash_m1_monthly,chronos-t5,spikes_intensity,12.0,1.1919322262025218,0.19893733846234085,100
2,monash_m1_monthly,chronos-2,spikes_intensity,16.0,1.1088790965500166,0.26309336296701574,100
2,monash_m1_monthly,chronos-t5,spikes_intensity,16.0,1.1651672984038381,0.1968347246864684,100
2,monash_m1_monthly,chronos-2,spikes_intensity,20.0,1.248004615192599,0.27571625728465476,100
2,monash_m1_monthly,chronos-t5,spikes_intensity,20.0,1.1687678337176148,0.215559965060371,100
2,monash_m1_monthly,chronos-2,spikes_intensity,30.0,1.186649612374418,0.9510289132336853,100
2,monash_m1_monthly,chronos-t5,spikes_intensity,30.0,1.3885473418979688,0.20009134870736295,100
2,monash_m1_monthly,chronos-2,spikes_intensity,40.0,1.2246233719216526,0.6209893956308238,100
2,monash_m1_monthly,chronos-t5,spikes_intensity,40.0,1.128584979825183,0.2031160793802948,100
2,monash_m1_monthly,chronos-2,spikes_density,0.01,1.0520942778470097,0.3937186845301328,100
2,monash_m1_monthly,chronos-t5,spikes_density,0.01,1.2773252927133985,0.2015173164229358,100
2,monash_m1_monthly,chronos-2,spikes_density,0.02,1.1539837708481153,0.24515740295758334,100
2,monash_m1_monthly,chronos-t5,spikes_density,0.02,1.145546686244473,0.18678540600600213,100
2,monash_m1_monthly,chronos-2,spikes_density,0.05,1.1289276618763722,0.2611346857752865,100
2,monash_m1_monthly,chronos-t5,spikes_density,0.05,1.2026404041151761,0.20496124281747266,100
2,monash_m1_monthly,chronos-2,spikes_density,0.08,1.380763336588658,0.3583751816551714,100
2,monash_m1_monthly,chronos-t5,spikes_density,0.08,1.1701127937343856,0.1996075071259621,100
2,monash_m1_monthly,chronos-2,spikes_density,0.12,1.309344767341739,0.28724341741623094,100
2,monash_m1_monthly,chronos-t5,spikes_density,0.12,1.19181714876661,0.20490007400156052,100
2,monash_m1_monthly,chronos-2,spikes_density,0.16,1.5732411359902132,0.32266945186667684,100
2,monash_m1_monthly,chronos-t5,spikes_density,0.16,1.277824167857144,0.22701507611335078,100
2,monash_m1_monthly,chronos-2,spikes_density,0.2,1.8991482077419883,0.3711936606933241,100
2,monash_m1_monthly,chronos-t5,spikes_density,0.2,1.4064144173790694,0.24646197833147765,100
2,monash_m1_monthly,chronos-2,spikes_density,0.3,2.272744041987584,0.7578260027653592,100
2,monash_m1_monthly,chronos-t5,spikes_density,0.3,2.1092254428856445,0.34727366342204324,100
2,monash_m1_monthly,chronos-2,spikes_density,0.4,3.169620320538108,1.3405856093915618,100
2,monash_m1_monthly,chronos-t5,spikes_density,0.4,3.1431402782757445,0.3380603854837578,100
2,monash_m1_quarterly,chronos-2,clean,0.0,1.5766614979688591,0.07952721348399153,100
2,monash_m1_quarterly,chronos-t5,clean,0.0,1.76231167146434,0.09888932977930749,100
2,monash_m1_quarterly,chronos-2,spikes_intensity,1.0,1.7385152458516149,0.08330464768023635,100
2,monash_m1_quarterly,chronos-t5,spikes_intensity,1.0,1.8911957289688706,0.10642727960595227,100
2,monash_m1_quarterly,chronos-2,spikes_intensity,2.0,1.7915600842623922,0.07314717669312724,100
2,monash_m1_quarterly,chronos-t5,spikes_intensity,2.0,2.1011405030160897,0.08809319517643517,100
2,monash_m1_quarterly,chronos-2,spikes_intensity,4.0,1.8967616936809868,0.07790436700532873,100
2,monash_m1_quarterly,chronos-t5,spikes_intensity,4.0,1.93441986504312,0.10041180938220186,100
2,monash_m1_quarterly,chronos-2,spikes_intensity,6.0,1.8736875699792617,0.0707464115447402,100
2,monash_m1_quarterly,chronos-t5,spikes_intensity,6.0,2.4497722151527874,0.10041096883467734,100
2,monash_m1_quarterly,chronos-2,spikes_intensity,8.0,1.7925215314346232,0.08658771016618723,100
2,monash_m1_quarterly,chronos-t5,spikes_intensity,8.0,2.238016728259392,0.09446364995515787,100
2,monash_m1_quarterly,chronos-2,spikes_intensity,12.0,1.8311297464087395,0.08319772321475222,100
2,monash_m1_quarterly,chronos-t5,spikes_intensity,12.0,2.080452278056542,0.10656262145678047,100
2,monash_m1_quarterly,chronos-2,spikes_intensity,16.0,1.9415274597960233,0.0904309828650511,100
2,monash_m1_quarterly,chronos-t5,spikes_intensity,16.0,1.7805774621001047,0.09691972279799946,100
2,monash_m1_quarterly,chronos-2,spikes_intensity,20.0,1.9991107585551493,0.11068132378985722,100
2,monash_m1_quarterly,chronos-t5,spikes_intensity,20.0,1.958689285944525,0.10704350808081659,100
2,monash_m1_quarterly,chronos-2,spikes_intensity,30.0,3.009044073506061,0.09772363851395854,100
2,monash_m1_quarterly,chronos-t5,spikes_intensity,30.0,2.182568609625794,0.10145292218309589,100
2,monash_m1_quarterly,chronos-2,spikes_intensity,40.0,2.31271954309037,0.1162227284514291,100
2,monash_m1_quarterly,chronos-t5,spikes_intensity,40.0,2.1682618817957806,0.10891774458656284,100
2,monash_m1_quarterly,chronos-2,spikes_density,0.01,2.1271893917492606,0.08810740599405066,100
2,monash_m1_quarterly,chronos-t5,spikes_density,0.01,4.063398321866367,0.12143172173720905,100
2,monash_m1_quarterly,chronos-2,spikes_density,0.02,2.296999833020704,0.10250859030400754,100
2,monash_m1_quarterly,chronos-t5,spikes_density,0.02,3.063298365005878,0.11469834009265667,100
2,monash_m1_quarterly,chronos-2,spikes_density,0.05,2.040503128814168,0.12166919606289975,100
2,monash_m1_quarterly,chronos-t5,spikes_density,0.05,1.761774401659634,0.1036807571781413,100
2,monash_m1_quarterly,chronos-2,spikes_density,0.08,2.1672141390669086,0.10372594780410736,100
2,monash_m1_quarterly,chronos-t5,spikes_density,0.08,1.7630434395411674,0.09111361128051934,100
2,monash_m1_quarterly,chronos-2,spikes_density,0.12,2.4664723723865336,0.13704014367319972,100
2,monash_m1_quarterly,chronos-t5,spikes_density,0.12,1.9698596223765423,0.09908268736097359,100
2,monash_m1_quarterly,chronos-2,spikes_density,0.16,3.35244292464814,0.22080799286897632,100
2,monash_m1_quarterly,chronos-t5,spikes_density,0.16,1.9859102680691894,0.1061758808050157,100
2,monash_m1_quarterly,chronos-2,spikes_density,0.2,4.445154670862078,0.3022716565187391,100
2,monash_m1_quarterly,chronos-t5,spikes_density,0.2,2.4402872309767507,0.12126961018447406,100
2,monash_m1_quarterly,chronos-2,spikes_density,0.3,5.548692442544143,0.31037375850807175,100
2,monash_m1_quarterly,chronos-t5,spikes_density,0.3,3.384514158942115,0.10010183466925641,100
2,monash_m1_quarterly,chronos-2,spikes_density,0.4,6.967270665868279,0.544089735039476,100
2,monash_m1_quarterly,chronos-t5,spikes_density,0.4,4.465998335665711,0.22176795814780512,100
2,monash_m1_yearly,chronos-2,clean,0.0,3.637927031199332,0.07096940204212351,100
2,monash_m1_yearly,chronos-t5,clean,0.0,4.8881433720229355,0.09447796327690816,100
2,monash_m1_yearly,chronos-2,spikes_intensity,1.0,4.504367832179255,0.0671534470218554,100
2,monash_m1_yearly,chronos-t5,spikes_intensity,1.0,5.323773026054641,0.10227791103217335,100
2,monash_m1_yearly,chronos-2,spikes_intensity,2.0,4.659788409389754,0.07118711537115184,100
2,monash_m1_yearly,chronos-t5,spikes_intensity,2.0,5.244800679503228,0.09973226519482961,100
2,monash_m1_yearly,chronos-2,spikes_intensity,4.0,4.950153432200613,0.11898710621332483,100
2,monash_m1_yearly,chronos-t5,spikes_intensity,4.0,5.598442572804598,0.12048102361096004,100
2,monash_m1_yearly,chronos-2,spikes_intensity,6.0,4.825476460519653,0.06885009039888984,100
2,monash_m1_yearly,chronos-t5,spikes_intensity,6.0,5.424372974332361,0.08061614996231939,100
2,monash_m1_yearly,chronos-2,spikes_intensity,8.0,4.9049114014905335,0.10987211854180035,100
2,monash_m1_yearly,chronos-t5,spikes_intensity,8.0,5.869932914557829,0.09589321600445583,100
2,monash_m1_yearly,chronos-2,spikes_intensity,12.0,5.417005122662251,0.07968011987606526,100
2,monash_m1_yearly,chronos-t5,spikes_intensity,12.0,6.86561748776901,0.11740421127570771,100
2,monash_m1_yearly,chronos-2,spikes_intensity,16.0,5.185979968186341,0.11156308017035085,100
2,monash_m1_yearly,chronos-t5,spikes_intensity,16.0,6.669994592423063,0.10182958014503002,100
2,monash_m1_yearly,chronos-2,spikes_intensity,20.0,6.239275059770752,0.09848243084821184,100
2,monash_m1_yearly,chronos-t5,spikes_intensity,20.0,7.368008628482261,0.10433148471387882,100
2,monash_m1_yearly,chronos-2,spikes_intensity,30.0,7.0742575839092465,0.2551619167439572,100
2,monash_m1_yearly,chronos-t5,spikes_intensity,30.0,6.930308333911059,0.21383757897610334,100
2,monash_m1_yearly,chronos-2,spikes_intensity,40.0,6.595385854927649,0.7920378875270155,100
2,monash_m1_yearly,chronos-t5,spikes_intensity,40.0,5.309030733552017,0.10063913238135869,100
2,monash_m1_yearly,chronos-2,spikes_density,0.01,6.025635663579055,0.08961285190550333,100
2,monash_m1_yearly,chronos-t5,spikes_density,0.01,5.772508572636411,0.11029381434124254,100
2,monash_m1_yearly,chronos-2,spikes_density,0.02,6.508497055130035,0.07550949980615368,100
2,monash_m1_yearly,chronos-t5,spikes_density,0.02,7.420013107570714,0.09762829056142792,100
2,monash_m1_yearly,chronos-2,spikes_density,0.05,5.740542516226742,0.08423325523679798,100
2,monash_m1_yearly,chronos-t5,spikes_density,0.05,6.008949880675471,0.0888821566126055,100
2,monash_m1_yearly,chronos-2,spikes_density,0.08,7.298498797427113,0.21890947919544315,100
2,monash_m1_yearly,chronos-t5,spikes_density,0.08,8.204762654859705,0.10316608583548148,100
2,monash_m1_yearly,chronos-2,spikes_density,0.12,7.381458295750353,0.2389356828771012,100
2,monash_m1_yearly,chronos-t5,spikes_density,0.12,5.710898423317376,0.08123928885291315,100
2,monash_m1_yearly,chronos-2,spikes_density,0.16,9.32001841039968,0.2572373665457697,100
2,monash_m1_yearly,chronos-t5,spikes_density,0.16,6.520779044531211,0.08761629744481841,100
2,monash_m1_yearly,chronos-2,spikes_density,0.2,9.617966249020958,0.43197878396157796,100
2,monash_m1_yearly,chronos-t5,spikes_density,0.2,8.529006288928274,0.10353417626909711,100
2,monash_m1_yearly,chronos-2,spikes_density,0.3,14.77647699111436,0.5627568778215442,100
2,monash_m1_yearly,chronos-t5,spikes_density,0.3,9.03094526171533,0.09277179699082007,100
2,monash_m1_yearly,chronos-2,spikes_density,0.4,15.876584607946066,1.0250764635779843,100
2,monash_m1_yearly,chronos-t5,spikes_density,0.4,10.12906484586391,0.3014499984042213,100
2,monash_m3_monthly,chronos-2,clean,0.0,0.811635633079432,0.08901184204854988,100
2,monash_m3_monthly,chronos-t5,clean,0.0,0.8306611370085272,0.09180431282613696,100
2,monash_m3_monthly,chronos-2,spikes_intensity,1.0,0.8867494928241008,0.09636843627048926,100
2,monash_m3_monthly,chronos-t5,spikes_intensity,1.0,0.9592428508447026,0.11057435525445952,100
2,monash_m3_monthly,chronos-2,spikes_intensity,2.0,0.9104687265795152,0.09669730942778995,100
2,monash_m3_monthly,chronos-t5,spikes_intensity,2.0,1.001786657572435,0.10390623390726098,100
2,monash_m3_monthly,chronos-2,spikes_intensity,4.0,0.8640454724516278,0.09420319678814597,100
2,monash_m3_monthly,chronos-t5,spikes_intensity,4.0,0.8752646218674404,0.09939339394825568,100
2,monash_m3_monthly,chronos-2,spikes_intensity,6.0,0.9385686941851629,0.09889335556237706,100
2,monash_m3_monthly,chronos-t5,spikes_intensity,6.0,0.9469014515519613,0.10271293827979773,100
2,monash_m3_monthly,chronos-2,spikes_intensity,8.0,0.9763203214789024,0.10976645601075545,100
2,monash_m3_monthly,chronos-t5,spikes_intensity,8.0,0.8947778684983033,0.09874388867792167,100
2,monash_m3_monthly,chronos-2,spikes_intensity,12.0,0.9489141162665252,0.10347992860547268,100
2,monash_m3_monthly,chronos-t5,spikes_intensity,12.0,0.9255867688206245,0.09816313836708687,100
2,monash_m3_monthly,chronos-2,spikes_intensity,16.0,0.9302656241266802,0.10663526272628572,100
2,monash_m3_monthly,chronos-t5,spikes_intensity,16.0,0.8690770480335926,0.09738862899708077,100
2,monash_m3_monthly,chronos-2,spikes_intensity,20.0,1.0517488719001333,0.11542148670861911,100
2,monash_m3_monthly,chronos-t5,spikes_intensity,20.0,0.8849014372877643,0.09622962962837987,100
2,monash_m3_monthly,chronos-2,spikes_intensity,30.0,0.9794173201613403,0.11201759368665876,100
2,monash_m3_monthly,chronos-t5,spikes_intensity,30.0,0.9069906604415736,0.1045956335172837,100
2,monash_m3_monthly,chronos-2,spikes_intensity,40.0,1.1304396076418606,0.13047434359035123,100
2,monash_m3_monthly,chronos-t5,spikes_intensity,40.0,0.8829239232280764,0.09722643897124085,100
2,monash_m3_monthly,chronos-2,spikes_density,0.01,0.83510053142871,0.10172120463058681,100
2,monash_m3_monthly,chronos-t5,spikes_density,0.01,0.8430877654899448,0.0931253710712607,100
2,monash_m3_monthly,chronos-2,spikes_density,0.02,1.067121312240903,0.11660411561998948,100
2,monash_m3_monthly,chronos-t5,spikes_density,0.02,0.9793266466614521,0.1021792210385285,100
2,monash_m3_monthly,chronos-2,spikes_density,0.05,1.005436826137896,0.1091773719241665,100
2,monash_m3_monthly,chronos-t5,spikes_density,0.05,0.8942806671453808,0.09873128878910611,100
2,monash_m3_monthly,chronos-2,spikes_density,0.08,1.1346531946455258,0.14608255856595426,100
2,monash_m3_monthly,chronos-t5,spikes_density,0.08,0.9031373421960065,0.10355385295194991,100
2,monash_m3_monthly,chronos-2,spikes_density,0.12,1.1716483108555833,0.15555782050653486,100
2,monash_m3_monthly,chronos-t5,spikes_density,0.12,0.9350493147152118,0.11174564156456442,100
2,monash_m3_monthly,chronos-2,spikes_density,0.16,1.6344744059361274,0.1998706662218832,100
2,monash_m3_monthly,chronos-t5,spikes_density,0.16,1.2869924332950624,0.12587604963349747,100
2,monash_m3_monthly,chronos-2,spikes_density,0.2,1.9706721343848261,0.27117350964654463,100
2,monash_m3_monthly,chronos-t5,spikes_density,0.2,1.1916760521615084,0.13373675939110816,100
2,monash_m3_monthly,chronos-2,spikes_density,0.3,2.402094773339935,0.4056862673916346,100
2,monash_m3_monthly,chronos-t5,spikes_density,0.3,1.9312809279948042,0.1617667902316882,100
2,monash_m3_monthly,chronos-2,spikes_density,0.4,3.1332354309033903,0.6774560959612091,100
2,monash_m3_monthly,chronos-t5,spikes_density,0.4,3.6562822479687243,0.30220663590360325,100
2,monash_m3_quarterly,chronos-2,clean,0.0,1.2542640597019636,0.07384750980066322,100
2,monash_m3_quarterly,chronos-t5,clean,0.0,1.3430482252381102,0.07994968601530622,100
2,monash_m3_quarterly,chronos-2,spikes_intensity,1.0,1.3786331824115419,0.07918295263565092,100
2,monash_m3_quarterly,chronos-t5,spikes_intensity,1.0,1.4347349583667144,0.08359486408674072,100
2,monash_m3_quarterly,chronos-2,spikes_intensity,2.0,1.579672259039766,0.08952540646427183,100
2,monash_m3_quarterly,chronos-t5,spikes_intensity,2.0,1.5881338776636955,0.09162933045986013,100
2,monash_m3_quarterly,chronos-2,spikes_intensity,4.0,1.6139428467292956,0.09758289117500209,100
2,monash_m3_quarterly,chronos-t5,spikes_intensity,4.0,1.63845313922765,0.10639376618823,100
2,monash_m3_quarterly,chronos-2,spikes_intensity,6.0,1.4902749872089505,0.08845768167486917,100
2,monash_m3_quarterly,chronos-t5,spikes_intensity,6.0,1.6089444571512308,0.09569778758737922,100
2,monash_m3_quarterly,chronos-2,spikes_intensity,8.0,1.475346153970973,0.08597056970944833,100
2,monash_m3_quarterly,chronos-t5,spikes_intensity,8.0,1.476766483674847,0.08344536993598864,100
2,monash_m3_quarterly,chronos-2,spikes_intensity,12.0,1.5373351110956515,0.09737979508470825,100
2,monash_m3_quarterly,chronos-t5,spikes_intensity,12.0,1.4322086704493984,0.08475663704093295,100
2,monash_m3_quarterly,chronos-2,spikes_intensity,16.0,2.6868442690895606,0.11597179072176386,100
2,monash_m3_quarterly,chronos-t5,spikes_intensity,16.0,3.0207253324943015,0.13058021039822254,100
2,monash_m3_quarterly,chronos-2,spikes_intensity,20.0,1.7048209490178547,0.11731984518263713,100
2,monash_m3_quarterly,chronos-t5,spikes_intensity,20.0,1.9541565760071131,0.11307872444887034,100
2,monash_m3_quarterly,chronos-2,spikes_intensity,30.0,1.9726322730606818,0.12173552359263207,100
2,monash_m3_quarterly,chronos-t5,spikes_intensity,30.0,2.2386749410549736,0.08858393006789941,100
2,monash_m3_quarterly,chronos-2,spikes_intensity,40.0,1.667832437422354,0.11558392149749583,100
2,monash_m3_quarterly,chronos-t5,spikes_intensity,40.0,1.3792717706644873,0.07909324393742694,100
2,monash_m3_quarterly,chronos-2,spikes_density,0.01,1.3613267671236724,0.08220010460195266,100
2,monash_m3_quarterly,chronos-t5,spikes_density,0.01,1.5188822587270676,0.0846935918939956,100
2,monash_m3_quarterly,chronos-2,spikes_density,0.02,1.4245102828444232,0.08792140883667068,100
2,monash_m3_quarterly,chronos-t5,spikes_density,0.02,1.4041574790584204,0.08379573181840196,100
2,monash_m3_quarterly,chronos-2,spikes_density,0.05,1.6184481008629077,0.10305013339198092,100
2,monash_m3_quarterly,chronos-t5,spikes_density,0.05,1.4219872130887854,0.084840402959008,100
2,monash_m3_quarterly,chronos-2,spikes_density,0.08,2.170164054585596,0.14407404987515346,100
2,monash_m3_quarterly,chronos-t5,spikes_density,0.08,1.7316413265199322,0.08805275778902649,100
2,monash_m3_quarterly,chronos-2,spikes_density,0.12,2.661059607978556,0.18895500484478625,100
2,monash_m3_quarterly,chronos-t5,spikes_density,0.12,1.5764332516412287,0.0908650840081026,100
2,monash_m3_quarterly,chronos-2,spikes_density,0.16,3.5183026651130915,0.21557088456244033,100
2,monash_m3_quarterly,chronos-t5,spikes_density,0.16,3.3826773300684807,0.1294208664505695,100
2,monash_m3_quarterly,chronos-2,spikes_density,0.2,4.053292473643962,0.2757423210948447,100
2,monash_m3_quarterly,chronos-t5,spikes_density,0.2,2.2918204562303983,0.11851206897048765,100
2,monash_m3_quarterly,chronos-2,spikes_density,0.3,5.431847929197834,0.4401956351758635,100
2,monash_m3_quarterly,chronos-t5,spikes_density,0.3,3.3898241506101847,0.17608415132295271,100
2,monash_m3_quarterly,chronos-2,spikes_density,0.4,6.798076329421324,0.6375950542491614,100
2,monash_m3_quarterly,chronos-t5,spikes_density,0.4,5.7341209011402805,0.27535857669603403,100
2,monash_m3_yearly,chronos-2,clean,0.0,3.0132092403527664,0.14670256385058947,100
2,monash_m3_yearly,chronos-t5,clean,0.0,3.6143229556511582,0.16170070422475177,100
2,monash_m3_yearly,chronos-2,spikes_intensity,1.0,3.3820234237406908,0.15835444672376195,100
2,monash_m3_yearly,chronos-t5,spikes_intensity,1.0,3.686378438047421,0.16280343425361596,100
2,monash_m3_yearly,chronos-2,spikes_intensity,2.0,4.0989866895626,0.1773167263713688,100
2,monash_m3_yearly,chronos-t5,spikes_intensity,2.0,4.4661882597301865,0.19823486621350528,100
2,monash_m3_yearly,chronos-2,spikes_intensity,4.0,3.8912187359592707,0.1750773142164041,100
2,monash_m3_yearly,chronos-t5,spikes_intensity,4.0,4.340993216549081,0.2005398366733546,100
2,monash_m3_yearly,chronos-2,spikes_intensity,6.0,3.845799021250164,0.15687848107192826,100
2,monash_m3_yearly,chronos-t5,spikes_intensity,6.0,4.848571820721819,0.17634518258691634,100
2,monash_m3_yearly,chronos-2,spikes_intensity,8.0,4.342258965194435,0.2846842067540226,100
2,monash_m3_yearly,chronos-t5,spikes_intensity,8.0,4.568283634571384,0.23705777807651232,100
2,monash_m3_yearly,chronos-2,spikes_intensity,12.0,3.9687823581599075,0.21775788768000723,100
2,monash_m3_yearly,chronos-t5,spikes_intensity,12.0,4.6664570107693475,0.1966305127781288,100
2,monash_m3_yearly,chronos-2,spikes_intensity,16.0,3.5985276935515738,0.1586587775177032,100
2,monash_m3_yearly,chronos-t5,spikes_intensity,16.0,3.8999675269787226,0.17417756094438033,100
2,monash_m3_yearly,chronos-2,spikes_intensity,20.0,4.786393288543899,0.22346817678479994,100
2,monash_m3_yearly,chronos-t5,spikes_intensity,20.0,4.9684640417743715,0.21924559205769528,100
2,monash_m3_yearly,chronos-2,spikes_intensity,30.0,4.562014261941534,0.20523600878452422,100
2,monash_m3_yearly,chronos-t5,spikes_intensity,30.0,5.096158501927,0.17353630926879796,100
2,monash_m3_yearly,chronos-2,spikes_intensity,40.0,5.339099745899232,0.2497056585012315,100
2,monash_m3_yearly,chronos-t5,spikes_intensity,40.0,5.723552825238679,0.19939623818732324,100
2,monash_m3_yearly,chronos-2,spikes_density,0.01,3.5866078702549515,0.16392373893278703,100
2,monash_m3_yearly,chronos-t5,spikes_density,0.01,3.655993255631338,0.1596309320559239,100
2,monash_m3_yearly,chronos-2,spikes_density,0.02,4.227602617983184,0.18278759393525978,100
2,monash_m3_yearly,chronos-t5,spikes_density,0.02,6.955207424913154,0.30256787806337787,100
2,monash_m3_yearly,chronos-2,spikes_density,0.05,5.134437683101667,0.21697453164460417,100
2,monash_m3_yearly,chronos-t5,spikes_density,0.05,5.868684991046,0.21591545656472277,100
2,monash_m3_yearly,chronos-2,spikes_density,0.08,4.324176393071368,0.20119932966068046,100
2,monash_m3_yearly,chronos-t5,spikes_density,0.08,3.9067463593725673,0.1654273576928554,100
2,monash_m3_yearly,chronos-2,spikes_density,0.12,7.091706186757386,0.3265014179922673,100
2,monash_m3_yearly,chronos-t5,spikes_density,0.12,3.8111490358208404,0.16228645675748396,100
2,monash_m3_yearly,chronos-2,spikes_density,0.16,7.007567849600519,0.3578194122507006,100
2,monash_m3_yearly,chronos-t5,spikes_density,0.16,3.8135546393033914,0.16489058259625947,100
2,monash_m3_yearly,chronos-2,spikes_density,0.2,7.424023774661198,0.4111605485227751,100
2,monash_m3_yearly,chronos-t5,spikes_density,0.2,4.719521461451784,0.1767797221345004,100
2,monash_m3_yearly,chronos-2,spikes_density,0.3,10.437753816269053,0.646259207457081,100
2,monash_m3_yearly,chronos-t5,spikes_density,0.3,5.922202220683023,0.23538640772299932,100
2,monash_m3_yearly,chronos-2,spikes_density,0.4,14.421495945434817,0.9287276049054738,100
2,monash_m3_yearly,chronos-t5,spikes_density,0.4,8.294930083136318,0.33795447045776444,100
2,m4_quarterly,chronos-2,clean,0.0,1.1058863737967675,0.07350590730709108,100
2,m4_quarterly,chronos-t5,clean,0.0,1.151341465241016,0.07586913130873835,100
2,m4_quarterly,chronos-2,spikes_intensity,1.0,1.2412156397081056,0.08071091001060388,100
2,m4_quarterly,chronos-t5,spikes_intensity,1.0,1.286832935071482,0.0802489743447223,100
2,m4_quarterly,chronos-2,spikes_intensity,2.0,1.2296958603138128,0.07842561620676597,100
2,m4_quarterly,chronos-t5,spikes_intensity,2.0,1.2833229885852535,0.08441159032806494,100
2,m4_quarterly,chronos-2,spikes_intensity,4.0,1.2857466073255386,0.08123961607284172,100
2,m4_quarterly,chronos-t5,spikes_intensity,4.0,1.8719751017630295,0.09037754245536564,100
2,m4_quarterly,chronos-2,spikes_intensity,6.0,1.3193079897105502,0.0830749457617113,100
2,m4_quarterly,chronos-t5,spikes_intensity,6.0,1.3736434317245447,0.08698679989117039,100
2,m4_quarterly,chronos-2,spikes_intensity,8.0,1.3554784996868745,0.08485184369657463,100
2,m4_quarterly,chronos-t5,spikes_intensity,8.0,1.2419767279941942,0.07970240291966475,100
2,m4_quarterly,chronos-2,spikes_intensity,12.0,1.3138408441683618,0.08423881129752214,100
2,m4_quarterly,chronos-t5,spikes_intensity,12.0,1.183424372450384,0.07709723713273157,100
2,m4_quarterly,chronos-2,spikes_intensity,16.0,3.5716126383847997,0.16120573202578037,100
2,m4_quarterly,chronos-t5,spikes_intensity,16.0,1.467360605702423,0.09326317626935415,100
2,m4_quarterly,chronos-2,spikes_intensity,20.0,1.596239741963521,0.16177206766700727,100
2,m4_quarterly,chronos-t5,spikes_intensity,20.0,1.2222706245545438,0.07899162961053982,100
2,m4_quarterly,chronos-2,spikes_intensity,30.0,1.9406575560620707,0.11380998783697044,100
2,m4_quarterly,chronos-t5,spikes_intensity,30.0,1.7628577729973367,0.10487364659848376,100
2,m4_quarterly,chronos-2,spikes_intensity,40.0,1.6818725368514975,0.11421291053315225,100
2,m4_quarterly,chronos-t5,spikes_intensity,40.0,1.2232385703578261,0.08253987222619767,100
2,m4_quarterly,chronos-2,spikes_density,0.01,2.001461468692072,0.10787601238509183,100
2,m4_quarterly,chronos-t5,spikes_density,0.01,1.7566639876261128,0.08769164253624201,100
2,m4_quarterly,chronos-2,spikes_density,0.02,1.7866243036286056,0.1026415701820762,100
2,m4_quarterly,chronos-t5,spikes_density,0.02,1.644113059245361,0.0846439190670713,100
2,m4_quarterly,chronos-2,spikes_density,0.05,1.4589902440429563,0.09705617346378242,100
2,m4_quarterly,chronos-t5,spikes_density,0.05,1.2213637520852996,0.0823745700394626,100
2,m4_quarterly,chronos-2,spikes_density,0.08,1.8343417921816718,0.13340842719408794,100
2,m4_quarterly,chronos-t5,spikes_density,0.08,1.4595309137814008,0.0989164475233893,100
2,m4_quarterly,chronos-2,spikes_density,0.12,2.10116196300615,0.15698047854844313,100
2,m4_quarterly,chronos-t5,spikes_density,0.12,1.5339196520407097,0.0835617706168792,100
2,m4_quarterly,chronos-2,spikes_density,0.16,2.6883250837696537,0.19273446206083675,100
2,m4_quarterly,chronos-t5,spikes_density,0.16,1.6422599438157135,0.09292036822467348,100
2,m4_quarterly,chronos-2,spikes_density,0.2,3.9720939533338133,0.3012983303243033,100
2,m4_quarterly,chronos-t5,spikes_density,0.2,1.7821221078592082,0.11420014239886246,100
2,m4_quarterly,chronos-2,spikes_density,0.3,5.660450017812838,0.4845714294877591,100
2,m4_quarterly,chronos-t5,spikes_density,0.3,2.6869991134830946,0.16575998121981061,100
2,m4_quarterly,chronos-2,spikes_density,0.4,7.63296836539154,0.7629615172213464,100
2,m4_quarterly,chronos-t5,spikes_density,0.4,5.030303776454863,0.2878690021474588,100
2,m4_yearly,chronos-2,clean,0.0,3.003324720876421,0.11662203541969743,100
2,m4_yearly,chronos-t5,clean,0.0,3.6600454327492042,0.14319400273286906,100
2,m4_yearly,chronos-2,spikes_intensity,1.0,3.4865638490509734,0.12475932874640648,100
2,m4_yearly,chronos-t5,spikes_intensity,1.0,3.789102860441426,0.14485588480393796,100
2,m4_yearly,chronos-2,spikes_intensity,2.0,3.178538362852146,0.11884526276898283,100
2,m4_yearly,chronos-t5,spikes_intensity,2.0,4.0424256410802375,0.14509258107578743,100
2,m4_yearly,chronos-2,spikes_intensity,4.0,3.7993649825890543,0.13379407814809824,100
2,m4_yearly,chronos-t5,spikes_intensity,4.0,4.392400791523496,0.15079610621122405,100
2,m4_yearly,chronos-2,spikes_intensity,6.0,4.133895401214641,0.14461702984393363,100
2,m4_yearly,chronos-t5,spikes_intensity,6.0,4.982104096525552,0.18206910661931702,100
2,m4_yearly,chronos-2,spikes_intensity,8.0,3.6922392515799607,0.1307156033593242,100
2,m4_yearly,chronos-t5,spikes_intensity,8.0,6.275368452436566,0.20854397521305057,100
2,m4_yearly,chronos-2,spikes_intensity,12.0,4.050982717436004,0.14543983170843464,100
2,m4_yearly,chronos-t5,spikes_intensity,12.0,4.554813949983615,0.17030172459484313,100
2,m4_yearly,chronos-2,spikes_intensity,16.0,4.415506590444082,0.1710375403445981,100
2,m4_yearly,chronos-t5,spikes_intensity,16.0,4.876468741671391,0.21653434692467793,100
2,m4_yearly,chronos-2,spikes_intensity,20.0,4.289991358859196,0.16335418170297367,100
2,m4_yearly,chronos-t5,spikes_intensity,20.0,5.871841630202841,0.22597280162091168,100
2,m4_yearly,chronos-2,spikes_intensity,30.0,4.1511881621297455,0.15674420661569202,100
2,m4_yearly,chronos-t5,spikes_intensity,30.0,12.560652656664098,0.1815371374473383,100
2,m4_yearly,chronos-2,spikes_intensity,40.0,4.868057674149861,0.19520292646923115,100
2,m4_yearly,chronos-t5,spikes_intensity,40.0,7.113346058999532,0.1949180706131918,100
2,m4_yearly,chronos-2,spikes_density,0.01,4.283589152750202,0.15901615023487783,100
2,m4_yearly,chronos-t5,spikes_density,0.01,8.298367561951993,0.2049093218004216,100
2,m4_yearly,chronos-2,spikes_density,0.02,4.867972206206138,0.22032174016067885,100
2,m4_yearly,chronos-t5,spikes_density,0.02,11.557880819629048,0.43990417352101,100
2,m4_yearly,chronos-2,spikes_density,0.05,4.267559176355318,0.14980471951424323,100
2,m4_yearly,chronos-t5,spikes_density,0.05,4.435312202245069,0.16689362297638638,100
2,m4_yearly,chronos-2,spikes_density,0.08,5.550438294816895,0.21973173972444246,100
2,m4_yearly,chronos-t5,spikes_density,0.08,4.878657252830299,0.16658160340291314,100
2,m4_yearly,chronos-2,spikes_density,0.12,7.054033138377626,0.24438694046823203,100
2,m4_yearly,chronos-t5,spikes_density,0.12,4.117508164677347,0.13981849377888544,100
2,m4_yearly,chronos-2,spikes_density,0.16,10.362944419851384,0.3798475910026172,100
2,m4_yearly,chronos-t5,spikes_density,0.16,4.850782800046897,0.1442089735018407,100
2,m4_yearly,chronos-2,spikes_density,0.2,12.941734435235313,0.4659508948347207,100
2,m4_yearly,chronos-t5,spikes_density,0.2,5.510693149890467,0.1669591380728785,100
2,m4_yearly,chronos-2,spikes_density,0.3,13.784069445771602,0.6942816237193169,100
2,m4_yearly,chronos-t5,spikes_density,0.3,6.026127458863644,0.237504121909531,100
2,m4_yearly,chronos-2,spikes_density,0.4,22.994502217130666,1.008278255103062,100
2,m4_yearly,chronos-t5,spikes_density,0.4,10.994194741576012,0.37598548835453255,100
2,m5,chronos-2,clean,0.0,0.8902796015181903,0.5276950502475531,100
2,m5,chronos-t5,clean,0.0,0.9166725389602469,0.5674313269320713,100
2,m5,chronos-2,spikes_intensity,1.0,0.8923327613579018,0.5267569979135518,100
2,m5,chronos-t5,spikes_intensity,1.0,0.9284150312142782,0.5801017858662793,100
2,m5,chronos-2,spikes_intensity,2.0,0.8937761240094448,0.525084495226502,100
2,m5,chronos-t5,spikes_intensity,2.0,0.9199026748777106,0.5805962430243755,100
2,m5,chronos-2,spikes_intensity,4.0,0.8920264733521672,0.5279640300127199,100
2,m5,chronos-t5,spikes_intensity,4.0,0.9504895618084268,0.5751285653585777,100
2,m5,chronos-2,spikes_intensity,6.0,0.9040701149351098,0.5429148534684664,100
2,m5,chronos-t5,spikes_intensity,6.0,0.9321052361735035,0.6059554434241633,100
2,m5,chronos-2,spikes_intensity,8.0,0.8998672158215584,0.5435466781777604,100
2,m5,chronos-t5,spikes_intensity,8.0,0.9159302961054209,0.5728571684619487,100
2,m5,chronos-2,spikes_intensity,12.0,0.9125604272174904,0.5463817592437166,100
2,m5,chronos-t5,spikes_intensity,12.0,0.9351889418674119,0.5731741093220322,100
2,m5,chronos-2,spikes_intensity,16.0,0.9121956923070489,0.5567406528116349,100
2,m5,chronos-t5,spikes_intensity,16.0,0.9242778636547792,0.5766037397817991,100
2,m5,chronos-2,spikes_intensity,20.0,0.9150019352891018,0.5562790354500778,100
2,m5,chronos-t5,spikes_intensity,20.0,0.9048665537734499,0.5771642675883601,100
2,m5,chronos-2,spikes_intensity,30.0,0.9314128960083391,0.5773729933223211,100
2,m5,chronos-t5,spikes_intensity,30.0,0.9150449049517793,0.5861725669521722,100
2,m5,chronos-2,spikes_intensity,40.0,0.9339933464496617,0.5859576961715222,100
2,m5,chronos-t5,spikes_intensity,40.0,0.9075723049041042,0.5706614148585464,100
2,m5,chronos-2,spikes_density,0.01,0.9024210285733799,0.5330339752626175,100
2,m5,chronos-t5,spikes_density,0.01,0.9147650042009428,0.5653671023386919,100
2,m5,chronos-2,spikes_density,0.02,0.900382059732224,0.535272623464725,100
2,m5,chronos-t5,spikes_density,0.02,0.9155956867648654,0.571880253968208,100
2,m5,chronos-2,spikes_density,0.05,0.922866666415727,0.5617088917962728,100
2,m5,chronos-t5,spikes_density,0.05,0.9300556217799845,0.6025591910009245,100
2,m5,chronos-2,spikes_density,0.08,0.9345014526580545,0.5925230823848805,100
2,m5,chronos-t5,spikes_density,0.08,0.9236722440942057,0.5764711671845058,100
2,m5,chronos-2,spikes_density,0.12,0.9736899443119582,0.6592836185601939,100
2,m5,chronos-t5,spikes_density,0.12,0.9210353492169642,0.5828910608902822,100
2,m5,chronos-2,spikes_density,0.16,1.011955323251852,0.7486869243198399,100
2,m5,chronos-t5,spikes_density,0.16,0.91407388501088,0.6048395996077969,100
2,m5,chronos-2,spikes_density,0.2,1.0488266980993564,0.855438755704454,100
2,m5,chronos-t5,spikes_density,0.2,0.9100984263343732,0.5864563965335752,100
2,m5,chronos-2,spikes_density,0.3,1.122538554637159,1.3818379489456425,100
2,m5,chronos-t5,spikes_density,0.3,0.9197250886098671,0.6217089561182872,100
2,m5,chronos-2,spikes_density,0.4,1.2063262129574628,2.699623297371956,100
2,m5,chronos-t5,spikes_density,0.4,1.030775291633284,0.7795900070142785,100
2,nn5,chronos-2,clean,0.0,0.5565058217844888,0.14566301635161222,100
2,nn5,chronos-t5,clean,0.0,0.6000159933410386,0.1650447363959824,100
2,nn5,chronos-2,spikes_intensity,1.0,0.5675742741744235,0.1482534914476193,100
2,nn5,chronos-t5,spikes_intensity,1.0,0.5772142114321427,0.15916963608440934,100
2,nn5,chronos-2,spikes_intensity,2.0,0.5718555415720613,0.1488778098752643,100
2,nn5,chronos-t5,spikes_intensity,2.0,0.596348251994344,0.16591422136183023,100
2,nn5,chronos-2,spikes_intensity,4.0,0.5636306401346661,0.1476761401233749,100
2,nn5,chronos-t5,spikes_intensity,4.0,0.609960657168842,0.16890950097251262,100
2,nn5,chronos-2,spikes_intensity,6.0,0.5678168057858001,0.14820458957373703,100
2,nn5,chronos-t5,spikes_intensity,6.0,0.6093359719427074,0.16640578812793455,100
2,nn5,chronos-2,spikes_intensity,8.0,0.5738219085158918,0.1499003579767627,100
2,nn5,chronos-t5,spikes_intensity,8.0,0.6068516959039245,0.16462792791717062,100
2,nn5,chronos-2,spikes_intensity,12.0,0.5630048861886214,0.1483198394940868,100
2,nn5,chronos-t5,spikes_intensity,12.0,0.5915668165853645,0.16056751111500212,100
2,nn5,chronos-2,spikes_intensity,16.0,0.5702570860500386,0.1498783818288553,100
2,nn5,chronos-t5,spikes_intensity,16.0,0.611097112177722,0.1629635305086475,100
2,nn5,chronos-2,spikes_intensity,20.0,0.5661002769592826,0.14920867758283618,100
2,nn5,chronos-t5,spikes_intensity,20.0,0.6086230222899447,0.16510379486973045,100
2,nn5,chronos-2,spikes_intensity,30.0,0.5862468225512661,0.15510929113254632,100
2,nn5,chronos-t5,spikes_intensity,30.0,0.603380334265918,0.1625818880883861,100
2,nn5,chronos-2,spikes_intensity,40.0,0.6098607840158229,0.16301444904073625,100
2,nn5,chronos-t5,spikes_intensity,40.0,0.5970656350363979,0.15921984733135755,100
2,nn5,chronos-2,spikes_density,0.01,0.5620251300883786,0.1472755543137472,100
2,nn5,chronos-t5,spikes_density,0.01,0.5879325819288246,0.16173934494478687,100
2,nn5,chronos-2,spikes_density,0.02,0.5580445295653654,0.14658429606686266,100
2,nn5,chronos-t5,spikes_density,0.02,0.5946557919926242,0.16208639685001291,100
2,nn5,chronos-2,spikes_density,0.05,0.5709459907708399,0.1505854294347039,100
2,nn5,chronos-t5,spikes_density,0.05,0.5941633488586325,0.16245698148077317,100
2,nn5,chronos-2,spikes_density,0.08,0.6552900189034357,0.17946375649887508,100
2,nn5,chronos-t5,spikes_density,0.08,0.6114034522447428,0.16222894541312913,100
2,nn5,chronos-2,spikes_density,0.12,0.8511826894619194,0.2506525512747905,100
2,nn5,chronos-t5,spikes_density,0.12,0.6293867321318984,0.16695775987937206,100
2,nn5,chronos-2,spikes_density,0.16,0.9367086702821111,0.30462141413926386,100
2,nn5,chronos-t5,spikes_density,0.16,0.6997188833177544,0.1864737459565722,100
2,nn5,chronos-2,spikes_density,0.2,0.9957248101967996,0.3676328414544074,100
2,nn5,chronos-t5,spikes_density,0.2,0.7898718416730598,0.21361206276557443,100
2,nn5,chronos-2,spikes_density,0.3,1.0514690051962834,0.5703490295901159,100
2,nn5,chronos-t5,spikes_density,0.3,1.011050823673408,0.2908753127730234,100
2,nn5,chronos-2,spikes_density,0.4,1.0937222890646898,1.0193963775966666,100
2,nn5,chronos-t5,spikes_density,0.4,1.0933270240294493,0.3305738279468093,100
2,monash_nn5_weekly,chronos-2,clean,0.0,0.85885852195396,0.07810001991339675,100
2,monash_nn5_weekly,chronos-t5,clean,0.0,0.9418119094482781,0.0873005607174508,100
2,monash_nn5_weekly,chronos-2,spikes_intensity,1.0,0.8573171632477549,0.07800717532698118,100
2,monash_nn5_weekly,chronos-t5,spikes_intensity,1.0,0.9434550008324547,0.08709560631518395,100
2,monash_nn5_weekly,chronos-2,spikes_intensity,2.0,0.9030196123478521,0.08196449788128517,100
2,monash_nn5_weekly,chronos-t5,spikes_intensity,2.0,0.9547476964575261,0.08804331071251147,100
2,monash_nn5_weekly,chronos-2,spikes_intensity,4.0,0.884144632376374,0.08043890521362443,100
2,monash_nn5_weekly,chronos-t5,spikes_intensity,4.0,0.9762076375850296,0.09054041622134196,100
2,monash_nn5_weekly,chronos-2,spikes_intensity,6.0,0.9174879847782236,0.08325129275925926,100
2,monash_nn5_weekly,chronos-t5,spikes_intensity,6.0,0.922704416555484,0.08568906772686156,100
2,monash_nn5_weekly,chronos-2,spikes_intensity,8.0,0.9187613579977907,0.08352600230560449,100
2,monash_nn5_weekly,chronos-t5,spikes_intensity,8.0,0.9217201375679568,0.0858595045547418,100
2,monash_nn5_weekly,chronos-2,spikes_intensity,12.0,0.9224670944565699,0.08502350421287258,100
2,monash_nn5_weekly,chronos-t5,spikes_intensity,12.0,0.9304038969847571,0.0861480552319811,100
2,monash_nn5_weekly,chronos-2,spikes_intensity,16.0,0.9622680936391315,0.08873087129313083,100
2,monash_nn5_weekly,chronos-t5,spikes_intensity,16.0,0.9281893820678454,0.0856066003963215,100
2,monash_nn5_weekly,chronos-2,spikes_intensity,20.0,0.9024205320995108,0.08534110427942593,100
2,monash_nn5_weekly,chronos-t5,spikes_intensity,20.0,0.9418010970174171,0.08682389992982677,100
2,monash_nn5_weekly,chronos-2,spikes_intensity,30.0,0.9662645839815874,0.09097544397480162,100
2,monash_nn5_weekly,chronos-t5,spikes_intensity,30.0,0.9354705646349476,0.08531811034478502,100
2,monash_nn5_weekly,chronos-2,spikes_intensity,40.0,0.9188560929518326,0.08844643384222801,100
2,monash_nn5_weekly,chronos-t5,spikes_intensity,40.0,0.9549330353820793,0.08678928434570596,100
2,monash_nn5_weekly,chronos-2,spikes_density,0.01,1.021947973536346,0.09448690408099325,100
2,monash_nn5_weekly,chronos-t5,spikes_density,0.01,0.9529488892166872,0.08777038190393667,100
2,monash_nn5_weekly,chronos-2,spikes_density,0.02,0.9445906062779355,0.087874227232242,100
2,monash_nn5_weekly,chronos-t5,spikes_density,0.02,0.9349192753959408,0.08683169776938134,100
2,monash_nn5_weekly,chronos-2,spikes_density,0.05,0.929868558497626,0.08898907309429246,100
2,monash_nn5_weekly,chronos-t5,spikes_density,0.05,0.9173514462381391,0.08552930586306833,100
2,monash_nn5_weekly,chronos-2,spikes_density,0.08,0.9696632502569668,0.09422329560825661,100
2,monash_nn5_weekly,chronos-t5,spikes_density,0.08,0.9165252023588109,0.08496794132290086,100
2,monash_nn5_weekly,chronos-2,spikes_density,0.12,1.0395081911603656,0.11691711793783477,100
2,monash_nn5_weekly,chronos-t5,spikes_density,0.12,0.9670973476860917,0.08750083503370644,100
2,monash_nn5_weekly,chronos-2,spikes_density,0.16,1.115464989426373,0.12736266621697653,100
2,monash_nn5_weekly,chronos-t5,spikes_density,0.16,0.9733844482487146,0.08819836366775247,100
2,monash_nn5_weekly,chronos-2,spikes_density,0.2,1.1318773787220977,0.15872821872080786,100
2,monash_nn5_weekly,chronos-t5,spikes_density,0.2,0.9637998109652375,0.08814630627080877,100
2,monash_nn5_weekly,chronos-2,spikes_density,0.3,1.238297262488631,0.24352639001671714,100
2,monash_nn5_weekly,chronos-t5,spikes_density,0.3,1.0442772113455143,0.10514319487315874,100
2,monash_nn5_weekly,chronos-2,spikes_density,0.4,1.9273504442756804,0.43319951006269086,100
2,monash_nn5_weekly,chronos-t5,spikes_density,0.4,2.2272490843739354,0.22862158772969193,100
2,monash_tourism_monthly,chronos-2,clean,0.0,1.3430131286102536,0.06909977408430708,100
2,monash_tourism_monthly,chronos-t5,clean,0.0,1.7935620067719764,0.09479131508975674,100
2,monash_tourism_monthly,chronos-2,spikes_intensity,1.0,1.3919370129069013,0.07531975037155399,100
2,monash_tourism_monthly,chronos-t5,spikes_intensity,1.0,1.8521519709579501,0.102732007147977,100
2,monash_tourism_monthly,chronos-2,spikes_intensity,2.0,1.4112622165377042,0.07935340616359705,100
2,monash_tourism_monthly,chronos-t5,spikes_intensity,2.0,1.9898143266881607,0.10839853232675105,100
2,monash_tourism_monthly,chronos-2,spikes_intensity,4.0,1.5007235074126457,0.08688456231791654,100
2,monash_tourism_monthly,chronos-t5,spikes_intensity,4.0,2.043458918767555,0.1139166764306336,100
2,monash_tourism_monthly,chronos-2,spikes_intensity,6.0,1.510005816317672,0.08644564628906234,100
2,monash_tourism_monthly,chronos-t5,spikes_intensity,6.0,2.109485527555625,0.11990670609892749,100
2,monash_tourism_monthly,chronos-2,spikes_intensity,8.0,1.528636296275427,0.09260009266950807,100
2,monash_tourism_monthly,chronos-t5,spikes_intensity,8.0,1.9283672075085876,0.10426598175376725,100
2,monash_tourism_monthly,chronos-2,spikes_intensity,12.0,1.5828110114308165,0.09403477730349238,100
2,monash_tourism_monthly,chronos-t5,spikes_intensity,12.0,1.9594643080718408,0.10379443565288209,100
2,monash_tourism_monthly,chronos-2,spikes_intensity,16.0,1.6919162145397302,0.11044344013924944,100
2,monash_tourism_monthly,chronos-t5,spikes_intensity,16.0,1.8424950104618067,0.10802005196208991,100
2,monash_tourism_monthly,chronos-2,spikes_intensity,20.0,1.7253417077133508,0.1121629361295783,100
2,monash_tourism_monthly,chronos-t5,spikes_intensity,20.0,1.8803466794545973,0.09956760630896756,100
2,monash_tourism_monthly,chronos-2,spikes_intensity,30.0,1.8348680057734525,0.10922537108489866,100
2,monash_tourism_monthly,chronos-t5,spikes_intensity,30.0,1.8673820102714869,0.09882156191153732,100
2,monash_tourism_monthly,chronos-2,spikes_intensity,40.0,1.967070271243906,0.13134719171363335,100
2,monash_tourism_monthly,chronos-t5,spikes_intensity,40.0,1.8004140502085029,0.09775947308063378,100
2,monash_tourism_monthly,chronos-2,spikes_density,0.01,1.354315620955084,0.07297295234108797,100
2,monash_tourism_monthly,chronos-t5,spikes_density,0.01,1.8326649775434116,0.09623300054172904,100
2,monash_tourism_monthly,chronos-2,spikes_density,0.02,1.462365553703836,0.08039801017262266,100
2,monash_tourism_monthly,chronos-t5,spikes_density,0.02,1.8354764962415295,0.0958723110330965,100
2,monash_tourism_monthly,chronos-2,spikes_density,0.05,1.6654820581175374,0.09775750371285628,100
2,monash_tourism_monthly,chronos-t5,spikes_density,0.05,1.8332010582801923,0.09234696812969963,100
2,monash_tourism_monthly,chronos-2,spikes_density,0.08,2.174698972488686,0.15677292103405002,100
2,monash_tourism_monthly,chronos-t5,spikes_density,0.08,1.897269406359979,0.10271719063903222,100
2,monash_tourism_monthly,chronos-2,spikes_density,0.12,2.6818497222898245,0.19934250954382637,100
2,monash_tourism_monthly,chronos-t5,spikes_density,0.12,2.0975841955374026,0.11369279206105297,100
2,monash_tourism_monthly,chronos-2,spikes_density,0.16,3.0847128416919762,0.27819280121816076,100
2,monash_tourism_monthly,chronos-t5,spikes_density,0.16,2.131777113910352,0.1264806307040432,100
2,monash_tourism_monthly,chronos-2,spikes_density,0.2,3.622728241490967,0.36750852302590525,100
2,monash_tourism_monthly,chronos-t5,spikes_density,0.2,2.8579102001760064,0.1729148012216801,100
2,monash_tourism_monthly,chronos-2,spikes_density,0.3,4.623516409437079,0.5463598471452789,100
2,monash_tourism_monthly,chronos-t5,spikes_density,0.3,4.719676712730778,0.3897900674607083,100
2,monash_tourism_monthly,chronos-2,spikes_density,0.4,4.836369375669943,0.8562810089934947,100
2,monash_tourism_monthly,chronos-t5,spikes_density,0.4,6.814927657657216,0.604587364829202,100
2,monash_tourism_quarterly,chronos-2,clean,0.0,1.5904319369414341,0.07053812492950641,100
2,monash_tourism_quarterly,chronos-t5,clean,0.0,1.7504306874546842,0.07897634837601752,100
2,monash_tourism_quarterly,chronos-2,spikes_intensity,1.0,1.7632771625840726,0.07832641608392657,100
2,monash_tourism_quarterly,chronos-t5,spikes_intensity,1.0,1.8631980946135673,0.0816623754312653,100
2,monash_tourism_quarterly,chronos-2,spikes_intensity,2.0,1.8309470766007683,0.08459125519157085,100
2,monash_tourism_quarterly,chronos-t5,spikes_intensity,2.0,2.144644968132643,0.09723529474968469,100
2,monash_tourism_quarterly,chronos-2,spikes_intensity,4.0,1.789504154094212,0.08789698680835552,100
2,monash_tourism_quarterly,chronos-t5,spikes_intensity,4.0,1.9630204124507964,0.08949140605395106,100
2,monash_tourism_quarterly,chronos-2,spikes_intensity,6.0,1.8738286638487194,0.09431686724969884,100
2,monash_tourism_quarterly,chronos-t5,spikes_intensity,6.0,2.0815347018609565,0.08621802871268207,100
2,monash_tourism_quarterly,chronos-2,spikes_intensity,8.0,2.180854434231902,0.12322120203268666,100
2,monash_tourism_quarterly,chronos-t5,spikes_intensity,8.0,2.0277236033428436,0.10386341321091903,100
2,monash_tourism_quarterly,chronos-2,spikes_intensity,12.0,2.075692813405182,0.10893760714886203,100
2,monash_tourism_quarterly,chronos-t5,spikes_intensity,12.0,1.9859233718191902,0.09945516227456608,100
2,monash_tourism_quarterly,chronos-2,spikes_intensity,16.0,2.0772785355204486,0.11312055449098218,100
2,monash_tourism_quarterly,chronos-t5,spikes_intensity,16.0,1.8777433676768993,0.08063578517818706,100
2,monash_tourism_quarterly,chronos-2,spikes_intensity,20.0,2.2429442583368893,0.12285116839009547,100
2,monash_tourism_quarterly,chronos-t5,spikes_intensity,20.0,1.8601677895806694,0.0830409898947922,100
2,monash_tourism_quarterly,chronos-2,spikes_intensity,30.0,2.670464049048568,0.12286172348307775,100
2,monash_tourism_quarterly,chronos-t5,spikes_intensity,30.0,1.7266061286306047,0.07786310936661574,100
2,monash_tourism_quarterly,chronos-2,spikes_intensity,40.0,2.8204211163103348,0.14817214953774432,100
2,monash_tourism_quarterly,chronos-t5,spikes_intensity,40.0,1.8175959272881363,0.07732091811073875,100
2,monash_tourism_quarterly,chronos-2,spikes_density,0.01,1.6440104893297975,0.08143394503868995,100
2,monash_tourism_quarterly,chronos-t5,spikes_density,0.01,1.8851553095284503,0.09961287543253496,100
2,monash_tourism_quarterly,chronos-2,spikes_density,0.02,2.0180912833421556,0.10454686726219443,100
2,monash_tourism_quarterly,chronos-t5,spikes_density,0.02,2.465460399038794,0.14987938078572186,100
2,monash_tourism_quarterly,chronos-2,spikes_density,0.05,2.2080163866293763,0.09291329504421743,100
2,monash_tourism_quarterly,chronos-t5,spikes_density,0.05,1.7597207353610325,0.07463216856431415,100
2,monash_tourism_quarterly,chronos-2,spikes_density,0.08,2.9025972095597066,0.18637579804554802,100
2,monash_tourism_quarterly,chronos-t5,spikes_density,0.08,1.8665973370302027,0.08371264662526004,100
2,monash_tourism_quarterly,chronos-2,spikes_density,0.12,3.169779480948391,0.2967917828751798,100
2,monash_tourism_quarterly,chronos-t5,spikes_density,0.12,1.9955991524950856,0.10257424873261817,100
2,monash_tourism_quarterly,chronos-2,spikes_density,0.16,4.268882136151579,0.37293895703902263,100
2,monash_tourism_quarterly,chronos-t5,spikes_density,0.16,2.8004389784497126,0.18070760181530907,100
2,monash_tourism_quarterly,chronos-2,spikes_density,0.2,4.66143692154801,0.37693436893303367,100
2,monash_tourism_quarterly,chronos-t5,spikes_density,0.2,2.419349722466706,0.09853514050732753,100
2,monash_tourism_quarterly,chronos-2,spikes_density,0.3,5.893346400866178,0.6586451863499944,100
2,monash_tourism_quarterly,chronos-t5,spikes_density,0.3,4.3258440803784515,0.18820088447401656,100
2,monash_tourism_quarterly,chronos-2,spikes_density,0.4,7.371022002212465,0.9654953735945964,100
2,monash_tourism_quarterly,chronos-t5,spikes_density,0.4,8.769372919274328,0.6333200699576556,100
2,monash_tourism_yearly,chronos-2,clean,0.0,3.5704327729167913,0.16546482529220838,100
2,monash_tourism_yearly,chronos-t5,clean,0.0,3.936152370690512,0.2050591187673575,100
2,monash_tourism_yearly,chronos-2,spikes_intensity,1.0,3.415937498770633,0.16577611966149772,100
2,monash_tourism_yearly,chronos-t5,spikes_intensity,1.0,3.9729234223867125,0.2214354246448397,100
2,monash_tourism_yearly,chronos-2,spikes_intensity,2.0,3.522985452163934,0.24363672028361227,100
2,monash_tourism_yearly,chronos-t5,spikes_intensity,2.0,4.362621189547831,0.30082734571817554,100
2,monash_tourism_yearly,chronos-2,spikes_intensity,4.0,3.0928195122459257,0.14868871760752916,100
2,monash_tourism_yearly,chronos-t5,spikes_intensity,4.0,3.9233944893827286,0.2070964193263155,100
2,monash_tourism_yearly,chronos-2,spikes_intensity,6.0,3.475120546259754,0.15780887950586614,100
2,monash_tourism_yearly,chronos-t5,spikes_intensity,6.0,4.63443419146515,0.23934166290118547,100
2,monash_tourism_yearly,chronos-2,spikes_intensity,8.0,3.3564223602343293,0.174335424949524,100
2,monash_tourism_yearly,chronos-t5,spikes_intensity,8.0,3.90107626248353,0.209504556852554,100
2,monash_tourism_yearly,chronos-2,spikes_intensity,12.0,3.722131252376605,0.16472717980066953,100
2,monash_tourism_yearly,chronos-t5,spikes_intensity,12.0,4.032636943589169,0.22117981185235452,100
2,monash_tourism_yearly,chronos-2,spikes_intensity,16.0,4.480011386987013,0.8179851171747553,100
2,monash_tourism_yearly,chronos-t5,spikes_intensity,16.0,6.085926107783795,1.0133276594420442,100
2,monash_tourism_yearly,chronos-2,spikes_intensity,20.0,3.3987736592167903,0.1740236702958752,100
2,monash_tourism_yearly,chronos-t5,spikes_intensity,20.0,3.9834150834693585,0.19295252490040046,100
2,monash_tourism_yearly,chronos-2,spikes_intensity,30.0,3.781283038442631,0.15391100242446198,100
2,monash_tourism_yearly,chronos-t5,spikes_intensity,30.0,5.209173639173441,0.23465279541795267,100
2,monash_tourism_yearly,chronos-2,spikes_intensity,40.0,4.779521371744902,0.1861717075328945,100
2,monash_tourism_yearly,chronos-t5,spikes_intensity,40.0,7.440381083260635,0.18762312824336813,100
2,monash_tourism_yearly,chronos-2,spikes_density,0.01,4.4306902970231254,0.2784557192975758,100
2,monash_tourism_yearly,chronos-t5,spikes_density,0.01,4.293917368396142,0.21715803317394022,100
2,monash_tourism_yearly,chronos-2,spikes_density,0.02,4.228940081580757,1.0315045294538614,100
2,monash_tourism_yearly,chronos-t5,spikes_density,0.02,5.376035561098154,1.297000324158465,100
2,monash_tourism_yearly,chronos-2,spikes_density,0.05,4.129105491689757,0.16577113672812926,100
2,monash_tourism_yearly,chronos-t5,spikes_density,0.05,4.037059178698573,0.20812777072019692,100
2,monash_tourism_yearly,chronos-2,spikes_density,0.08,4.917478434084416,0.1792331509573297,100
2,monash_tourism_yearly,chronos-t5,spikes_density,0.08,5.127575799294595,0.2161229032360982,100
2,monash_tourism_yearly,chronos-2,spikes_density,0.12,5.43788820458838,0.2272455503248506,100
2,monash_tourism_yearly,chronos-t5,spikes_density,0.12,4.545191895299373,0.18601431894227496,100
2,monash_tourism_yearly,chronos-2,spikes_density,0.16,7.120455780812401,1.011086137795476,100
2,monash_tourism_yearly,chronos-t5,spikes_density,0.16,4.381440808170416,1.24676566903259,100
2,monash_tourism_yearly,chronos-2,spikes_density,0.2,9.850148785297304,1.0646564395221059,100
2,monash_tourism_yearly,chronos-t5,spikes_density,0.2,4.271950769028754,1.2499955460071055,100
2,monash_tourism_yearly,chronos-2,spikes_density,0.3,8.324501768675782,0.46678135570704676,100
2,monash_tourism_yearly,chronos-t5,spikes_density,0.3,4.248589495382589,0.2304600751716965,100
2,monash_tourism_yearly,chronos-2,spikes_density,0.4,15.147926051257407,0.995116437243635,100
2,monash_tourism_yearly,chronos-t5,spikes_density,0.4,5.183165240815365,0.7149239614511949,100
2,monash_traffic,chronos-2,clean,0.0,0.8271235376076017,0.2736839843613832,100
2,monash_traffic,chronos-t5,clean,0.0,0.8160766380565383,0.28036386007284686,100
2,monash_traffic,chronos-2,spikes_intensity,1.0,0.8213232096125404,0.2639048770860273,100
2,monash_traffic,chronos-t5,spikes_intensity,1.0,0.8327349656206041,0.28077028439382573,100
2,monash_traffic,chronos-2,spikes_intensity,2.0,0.8347782071263464,0.2661845609516084,100
2,monash_traffic,chronos-t5,spikes_intensity,2.0,0.8021736841759673,0.2757829145616062,100
2,monash_traffic,chronos-2,spikes_intensity,4.0,0.856336548417876,0.2692501453943794,100
2,monash_traffic,chronos-t5,spikes_intensity,4.0,0.8226939755240532,0.2831266246342961,100
2,monash_traffic,chronos-2,spikes_intensity,6.0,0.8706139063762002,0.27653351897333317,100
2,monash_traffic,chronos-t5,spikes_intensity,6.0,0.8192331482391191,0.2766521229137224,100
2,monash_traffic,chronos-2,spikes_intensity,8.0,0.8864205512540341,0.2800650135813767,100
2,monash_traffic,chronos-t5,spikes_intensity,8.0,0.8412818148041609,0.2806203409116413,100
2,monash_traffic,chronos-2,spikes_intensity,12.0,0.9016958373003295,0.2813038436443524,100
2,monash_traffic,chronos-t5,spikes_intensity,12.0,0.8610300101999467,0.29002138254940363,100
2,monash_traffic,chronos-2,spikes_intensity,16.0,0.9156014947179753,0.29245236240348454,100
2,monash_traffic,chronos-t5,spikes_intensity,16.0,0.8512596535271637,0.2893665763151795,100
2,monash_traffic,chronos-2,spikes_intensity,20.0,0.9484143442845779,0.29735672957159587,100
2,monash_traffic,chronos-t5,spikes_intensity,20.0,0.8530647410140895,0.2837437218737258,100
2,monash_traffic,chronos-2,spikes_intensity,30.0,1.0352057774881323,0.320909627709993,100
2,monash_traffic,chronos-t5,spikes_intensity,30.0,0.8308343671172302,0.28207106987795105,100
2,monash_traffic,chronos-2,spikes_intensity,40.0,1.0847316129588391,0.3270208068265999,100
2,monash_traffic,chronos-t5,spikes_intensity,40.0,0.8448950643580831,0.28227145164073664,100
2,monash_traffic,chronos-2,spikes_density,0.01,0.8367177894832967,0.27595935552323064,100
2,monash_traffic,chronos-t5,spikes_density,0.01,0.8559510943026237,0.29160695955377836,100
2,monash_traffic,chronos-2,spikes_density,0.02,0.8410042387270487,0.2753032376463877,100
2,monash_traffic,chronos-t5,spikes_density,0.02,1.1308262476464426,0.40172692537831317,100
2,monash_traffic,chronos-2,spikes_density,0.05,0.9366651204300389,0.29533731768300026,100
2,monash_traffic,chronos-t5,spikes_density,0.05,0.8429268803359276,0.28635121977905625,100
2,monash_traffic,chronos-2,spikes_density,0.08,1.0888917163329714,0.33119025781543615,100
2,monash_traffic,chronos-t5,spikes_density,0.08,0.831062793219891,0.27405896499359245,100
2,monash_traffic,chronos-2,spikes_density,0.12,1.3483397503408507,0.4171217110929676,100
2,monash_traffic,chronos-t5,spikes_density,0.12,0.8203980699036175,0.2784895826480811,100
2,monash_traffic,chronos-2,spikes_density,0.16,1.5324949014635487,0.47924794353693145,100
2,monash_traffic,chronos-t5,spikes_density,0.16,0.8468351935570402,0.3018606193325452,100
2,monash_traffic,chronos-2,spikes_density,0.2,1.6708043246899498,0.5726415256472344,100
2,monash_traffic,chronos-t5,spikes_density,0.2,0.8250411875080486,0.344453408708876,100
2,monash_traffic,chronos-2,spikes_density,0.3,1.899573325906626,1.0818839523242287,100
2,monash_traffic,chronos-t5,spikes_density,0.3,0.8906244621799809,0.40068622213441063,100
2,monash_traffic,chronos-2,spikes_density,0.4,1.9940859501650372,2.0973449787336755,100
2,monash_traffic,chronos-t5,spikes_density,0.4,1.5997431483864937,0.6053333940390709,100
2,monash_weather,chronos-2,clean,0.0,0.9775839384301249,0.12512084985369903,100
2,monash_weather,chronos-t5,clean,0.0,1.0082126969768732,0.1447345434448121,100
2,monash_weather,chronos-2,spikes_intensity,1.0,0.9794406371460589,0.12612363412847194,100
2,monash_weather,chronos-t5,spikes_intensity,1.0,1.0332521777082848,0.14348840223528736,100
2,monash_weather,chronos-2,spikes_intensity,2.0,0.9777675585619355,0.12685526326439234,100
2,monash_weather,chronos-t5,spikes_intensity,2.0,1.083217043272548,0.1479420930409793,100
2,monash_weather,chronos-2,spikes_intensity,4.0,0.9783627579647131,0.12815434827942998,100
2,monash_weather,chronos-t5,spikes_intensity,4.0,1.0615601273251531,0.15025875486375848,100
2,monash_weather,chronos-2,spikes_intensity,6.0,0.9743019259585095,0.12819544409291925,100
2,monash_weather,chronos-t5,spikes_intensity,6.0,1.0876363676704963,0.15160376395359582,100
2,monash_weather,chronos-2,spikes_intensity,8.0,0.9797993856598388,0.12982570470973245,100
2,monash_weather,chronos-t5,spikes_intensity,8.0,1.026371356568972,0.14761415028256206,100
2,monash_weather,chronos-2,spikes_intensity,12.0,0.9786206512145257,0.1300857423951947,100
2,monash_weather,chronos-t5,spikes_intensity,12.0,1.0586832845834386,0.14629243090454325,100
2,monash_weather,chronos-2,spikes_intensity,16.0,0.9836349462799372,0.13105668889196537,100
2,monash_weather,chronos-t5,spikes_intensity,16.0,1.0762804541736672,0.1473767973798569,100
2,monash_weather,chronos-2,spikes_intensity,20.0,0.9854605400825097,0.13219952521699482,100
2,monash_weather,chronos-t5,spikes_intensity,20.0,1.0366629496535908,0.14539923708072924,100
2,monash_weather,chronos-2,spikes_intensity,30.0,0.9980769686145045,0.13425754225063127,100
2,monash_weather,chronos-t5,spikes_intensity,30.0,0.9977234050510886,0.1418353052926828,100
2,monash_weather,chronos-2,spikes_intensity,40.0,1.0215173752359508,0.1376068236015298,100
2,monash_weather,chronos-t5,spikes_intensity,40.0,1.0244650929178,0.1508730572064444,100
2,monash_weather,chronos-2,spikes_density,0.01,0.9773993896783624,0.1259423827372981,100
2,monash_weather,chronos-t5,spikes_density,0.01,1.0489270405213933,0.14732419292763116,100
2,monash_weather,chronos-2,spikes_density,0.02,0.9777927182853358,0.12671914989715632,100
2,monash_weather,chronos-t5,spikes_density,0.02,1.0585063344464751,0.14711892783021116,100
2,monash_weather,chronos-2,spikes_density,0.05,0.9864423717885709,0.1319352705586155,100
2,monash_weather,chronos-t5,spikes_density,0.05,1.0469506980408305,0.1435150554193963,100
2,monash_weather,chronos-2,spikes_density,0.08,1.0185967138612857,0.14476822677810391,100
2,monash_weather,chronos-t5,spikes_density,0.08,1.0259854124305388,0.14262257908180162,100
2,monash_weather,chronos-2,spikes_density,0.12,1.084453256655724,0.1796056181923779,100
2,monash_weather,chronos-t5,spikes_density,0.12,1.0658240413327758,0.14409834187996462,100
2,monash_weather,chronos-2,spikes_density,0.16,1.390515437773597,0.27223105792468644,100
2,monash_weather,chronos-t5,spikes_density,0.16,1.0633484222943155,0.14869850044901567,100
2,monash_weather,chronos-2,spikes_density,0.2,1.694792225163661,0.3896540645553728,100
2,monash_weather,chronos-t5,spikes_density,0.2,1.140670578010476,0.15349402981756585,100
2,monash_weather,chronos-2,spikes_density,0.3,2.2482104737737707,0.7157750696892758,100
2,monash_weather,chronos-t5,spikes_density,0.3,1.101488090000714,0.18969810537863357,100
2,monash_weather,chronos-2,spikes_density,0.4,2.3457467650604915,1.4420295545488466,100
2,monash_weather,chronos-t5,spikes_density,0.4,2.3866583649517663,0.32839311181915115,100
3,monash_australian_electricity,chronos-2,clean,0.0,0.6271804180014168,0.030672134058366392,5
3,monash_australian_electricity,chronos-t5,clean,0.0,1.3547706249109244,0.07520130070570943,5
3,monash_australian_electricity,chronos-2,spikes_intensity,1.0,0.6252691140358043,0.030276897799238606,5
3,monash_australian_electricity,chronos-t5,spikes_intensity,1.0,1.2145794577973497,0.07066269912390868,5
3,monash_australian_electricity,chronos-2,spikes_intensity,2.0,0.5847977095198801,0.029900916166439837,5
3,monash_australian_electricity,chronos-t5,spikes_intensity,2.0,1.0304674267752074,0.06605283921176441,5
3,monash_australian_electricity,chronos-2,spikes_intensity,4.0,0.6888420504293161,0.032335658654042504,5
3,monash_australian_electricity,chronos-t5,spikes_intensity,4.0,1.1991686312363508,0.07390223675692381,5
3,monash_australian_electricity,chronos-2,spikes_intensity,6.0,0.7261561024462087,0.03652988948405424,5
3,monash_australian_electricity,chronos-t5,spikes_intensity,6.0,1.8996588724769894,0.15186824066180732,5
3,monash_australian_electricity,chronos-2,spikes_intensity,8.0,0.7636802888435797,0.041169781922448294,5
3,monash_australian_electricity,chronos-t5,spikes_intensity,8.0,12.668864308450399,0.6665798453589568,5
3,monash_australian_electricity,chronos-2,spikes_intensity,12.0,0.9432922993111179,0.04389452413379544,5
3,monash_australian_electricity,chronos-t5,spikes_intensity,12.0,2.475464306549602,0.18520747582359937,5
3,monash_australian_electricity,chronos-2,spikes_intensity,16.0,0.8947755850719188,0.03930382242974895,5
3,monash_australian_electricity,chronos-t5,spikes_intensity,16.0,1.0656275478675696,0.07021447683799058,5
3,monash_australian_electricity,chronos-2,spikes_intensity,20.0,0.9998265702351564,0.05116757531890959,5
3,monash_australian_electricity,chronos-t5,spikes_intensity,20.0,1.0152773242961255,0.05966131948721978,5
3,monash_australian_electricity,chronos-2,spikes_intensity,30.0,1.1541988715450207,0.04988270991120189,5
3,monash_australian_electricity,chronos-t5,spikes_intensity,30.0,1.0172133918623532,0.05432620147693432,5
3,monash_australian_electricity,chronos-2,spikes_intensity,40.0,1.41766043185426,0.06530921304503681,5
3,monash_australian_electricity,chronos-t5,spikes_intensity,40.0,0.9709222034570448,0.062224270914710424,5
3,monash_australian_electricity,chronos-2,spikes_density,0.01,0.6878796008790855,0.03147992625119505,5
3,monash_australian_electricity,chronos-t5,spikes_density,0.01,1.0529900602834645,0.06282261173239417,5
3,monash_australian_electricity,chronos-2,spikes_density,0.02,0.7338945931677295,0.03513824657618819,5
3,monash_australian_electricity,chronos-t5,spikes_density,0.02,1.04366058429404,0.057221119363041924,5
3,monash_australian_electricity,chronos-2,spikes_density,0.05,1.0686168100027205,0.05227167603560262,5
3,monash_australian_electricity,chronos-t5,spikes_density,0.05,1.049563691456511,0.0650827799882357,5
3,monash_australian_electricity,chronos-2,spikes_density,0.08,1.2900364855757942,0.06896496042478056,5
3,monash_australian_electricity,chronos-t5,spikes_density,0.08,0.8706540112736221,0.059791029969056025,5
3,monash_australian_electricity,chronos-2,spikes_density,0.12,1.441528027849523,0.0815496354741936,5
3,monash_australian_electricity,chronos-t5,spikes_density,0.12,1.1578223030958625,0.06949436802129033,5
3,monash_australian_electricity,chronos-2,spikes_density,0.16,1.830674608229338,0.12623879171445773,5
3,monash_australian_electricity,chronos-t5,spikes_density,0.16,1.097148391237927,0.06951244108738527,5
3,monash_australian_electricity,chronos-2,spikes_density,0.2,1.859606432018271,0.14433603828983216,5
3,monash_australian_electricity,chronos-t5,spikes_density,0.2,1.0591530434850722,0.0684065084591994,5
3,monash_australian_electricity,chronos-2,spikes_density,0.3,1.8657340015947868,0.3359145604958211,5
3,monash_australian_electricity,chronos-t5,spikes_density,0.3,1.3744592346980995,0.11438323078839427,5
3,monash_australian_electricity,chronos-2,spikes_density,0.4,2.0430635502703836,0.5504281455331951,5
3,monash_australian_electricity,chronos-t5,spikes_density,0.4,1.8531075796446859,0.1645844585492066,5
3,monash_cif_2016,chronos-2,clean,0.0,0.9366922139796068,0.011260000608145472,72
3,monash_cif_2016,chronos-t5,clean,0.0,0.9886009617746289,0.013292816150331017,72
3,monash_cif_2016,chronos-2,spikes_intensity,1.0,0.9531214736051508,0.012387543853025831,72
3,monash_cif_2016,chronos-t5,spikes_intensity,1.0,1.070376842450786,0.020190650109712115,72
3,monash_cif_2016,chronos-2,spikes_intensity,2.0,0.9748991586491973,0.021806262886384813,72
3,monash_cif_2016,chronos-t5,spikes_intensity,2.0,1.1313448561145787,0.015846061311469126,72
3,monash_cif_2016,chronos-2,spikes_intensity,4.0,1.1741287086111756,0.33044144232596345,72
3,monash_cif_2016,chronos-t5,spikes_intensity,4.0,1.2838284401028035,0.3721638815786952,72
3,monash_cif_2016,chronos-2,spikes_intensity,6.0,1.1073629397705556,0.01869028461795646,72
3,monash_cif_2016,chronos-t5,spikes_intensity,6.0,1.2484617131769908,0.024720340583086132,72
3,monash_cif_2016,chronos-2,spikes_intensity,8.0,1.044864109302676,0.009541521027314372,72
3,monash_cif_2016,chronos-t5,spikes_intensity,8.0,1.100338456286765,0.013677517378525015,72
3,monash_cif_2016,chronos-2,spikes_intensity,12.0,1.091447133095024,0.015251187979701613,72
3,monash_cif_2016,chronos-t5,spikes_intensity,12.0,1.0684319642062465,0.012974779880675196,72
3,monash_cif_2016,chronos-2,spikes_intensity,16.0,1.1974015571366852,0.06834169293985301,72
3,monash_cif_2016,chronos-t5,spikes_intensity,16.0,1.0997001987372517,0.02063423451405344,72
3,monash_cif_2016,chronos-2,spikes_intensity,20.0,1.175643457469022,0.04447190089113562,72
3,monash_cif_2016,chronos-t5,spikes_intensity,20.0,1.0837099091663882,0.012736729244946322,72
3,monash_cif_2016,chronos-2,spikes_intensity,30.0,1.1899460653160832,0.016587613083757575,72
3,monash_cif_2016,chronos-t5,spikes_intensity,30.0,1.0931439867998665,0.013163710962391599,72
3,monash_cif_2016,chronos-2,spikes_intensity,40.0,1.427117187257898,0.08754882772499892,72
3,monash_cif_2016,chronos-t5,spikes_intensity,40.0,1.0920780855457226,0.012071179659006918,72
3,monash_cif_2016,chronos-2,spikes_density,0.01,0.9222403685249319,0.010479279176495195,72
3,monash_cif_2016,chronos-t5,spikes_density,0.01,1.030719730986763,0.013007085297147213,72
3,monash_cif_2016,chronos-2,spikes_density,0.02,0.9448104298771326,0.028610134431014584,72
3,monash_cif_2016,chronos-t5,spikes_density,0.02,1.018344867113736,0.018820059951337523,72
3,monash_cif_2016,chronos-2,spikes_density,0.05,1.2869933809041019,0.06060671969373758,72
3,monash_cif_2016,chronos-t5,spikes_density,0.05,1.3671013934195542,0.056000895717473416,72
3,monash_cif_2016,chronos-2,spikes_density,0.08,1.3271557789986415,0.10128389311783541,72
3,monash_cif_2016,chronos-t5,spikes_density,0.08,1.1691221775256693,0.011659972453983302,72
3,monash_cif_2016,chronos-2,spikes_density,0.12,1.6742627446169251,0.027677406919830186,72
3,monash_cif_2016,chronos-t5,spikes_density,0.12,1.3302207291681203,0.01799953667374366,72
3,monash_cif_2016,chronos-2,spikes_density,0.16,2.0708393751955327,0.26339435298096386,72
3,monash_cif_2016,chronos-t5,spikes_density,0.16,1.3438992047850051,0.03204113977748582,72
3,monash_cif_2016,chronos-2,spikes_density,0.2,2.3847288040347743,0.2989367972568602,72
3,monash_cif_2016,chronos-t5,spikes_density,0.2,1.5074937825026933,0.0397586639368916,72
3,monash_cif_2016,chronos-2,spikes_density,0.3,2.8763595365759103,0.2726270052702155,72
3,monash_cif_2016,chronos-t5,spikes_density,0.3,2.0045603780893595,0.024544236045051498,72
3,monash_cif_2016,chronos-2,spikes_density,0.4,3.718499135788284,0.7634638334622316,72
3,monash_cif_2016,chronos-t5,spikes_density,0.4,3.6059335339926344,0.06794629646840808,72
3,monash_car_parts,chronos-2,clean,0.0,0.894274873223502,1.0267238668417118,100
3,monash_car_parts,chronos-t5,clean,0.0,0.9295560412626811,1.0944139478218193,100
3,monash_car_parts,chronos-2,spikes_intensity,1.0,0.9111289677711695,1.0390041899497489,100
3,monash_car_parts,chronos-t5,spikes_intensity,1.0,0.9135108295342308,1.049176440475262,100
3,monash_car_parts,chronos-2,spikes_intensity,2.0,0.9332200534952977,1.1243660535126498,100
3,monash_car_parts,chronos-t5,spikes_intensity,2.0,0.9313681385053905,1.135275986390833,100
3,monash_car_parts,chronos-2,spikes_intensity,4.0,0.9528223476794472,1.1520583189712432,100
3,monash_car_parts,chronos-t5,spikes_intensity,4.0,0.9407793384318227,1.1650957941029505,100
3,monash_car_parts,chronos-2,spikes_intensity,6.0,0.9576045195608143,1.224177520975421,100
3,monash_car_parts,chronos-t5,spikes_intensity,6.0,0.9454735983126145,1.1429915693274977,100
3,monash_car_parts,chronos-2,spikes_intensity,8.0,1.0908236697626694,1.36135514042165,100
3,monash_car_parts,chronos-t5,spikes_intensity,8.0,0.9334901588130281,1.1515016021558044,100
3,monash_car_parts,chronos-2,spikes_intensity,12.0,1.0101185430542368,1.3274565134898273,100
3,monash_car_parts,chronos-t5,spikes_intensity,12.0,0.9373484261883736,1.1258603354119896,100
3,monash_car_parts,chronos-2,spikes_intensity,16.0,1.020680135595155,1.289598454369439,100
3,monash_car_parts,chronos-t5,spikes_intensity,16.0,0.9220084288921494,1.0943918313971421,100
3,monash_car_parts,chronos-2,spikes_intensity,20.0,1.0305518730894463,1.7241507160912777,100
3,monash_car_parts,chronos-t5,spikes_intensity,20.0,0.9295663368401355,1.113546672622438,100
3,monash_car_parts,chronos-2,spikes_intensity,30.0,1.1309273182162063,1.9962553125796931,100
3,monash_car_parts,chronos-t5,spikes_intensity,30.0,0.912877480700483,1.184891215148444,100
3,monash_car_parts,chronos-2,spikes_intensity,40.0,1.089251057759279,1.582135721165748,100
3,monash_car_parts,chronos-t5,spikes_intensity,40.0,0.9137183662444067,1.1874494969149945,100
3,monash_car_parts,chronos-2,spikes_density,0.01,1.01894917949445,1.1940946368756729,100
3,monash_car_parts,chronos-t5,spikes_density,0.01,0.9299306303079651,1.0931300151211565,100
3,monash_car_parts,chronos-2,spikes_density,0.02,1.0035631512893601,1.426862499357188,100
3,monash_car_parts,chronos-t5,spikes_density,0.02,0.9196719767005772,1.102612557077701,100
3,monash_car_parts,chronos-2,spikes_density,0.05,1.0301998073393148,1.3369239691329342,100
3,monash_car_parts,chronos-t5,spikes_density,0.05,0.9138269038559325,1.1069937388753528,100
3,monash_car_parts,chronos-2,spikes_density,0.08,1.0742095099893396,1.6814990469069109,100
3,monash_car_parts,chronos-t5,spikes_density,0.08,0.8946973023756858,1.0436973533801872,100
3,monash_car_parts,chronos-2,spikes_density,0.12,1.226642932220093,2.2216891003061576,100
3,monash_car_parts,chronos-t5,spikes_density,0.12,0.9304892362919581,1.1659108445182549,100
3,monash_car_parts,chronos-2,spikes_density,0.16,1.3503243928943858,2.6993343688867273,100
3,monash_car_parts,chronos-t5,spikes_density,0.16,0.8985317061329033,1.2144978617838802,100
3,monash_car_parts,chronos-2,spikes_density,0.2,1.4773249191379891,3.580029193324224,100
3,monash_car_parts,chronos-t5,spikes_density,0.2,0.9084799398654952,1.1955293894876553,100
3,monash_car_parts,chronos-2,spikes_density,0.3,2.91020921818342,6.872172151592831,100
3,monash_car_parts,chronos-t5,spikes_density,0.3,0.9002074659314742,1.291424075778798,100
3,monash_car_parts,chronos-2,spikes_density,0.4,5.138311430442353,11.618770552783124,100
3,monash_car_parts,chronos-t5,spikes_density,0.4,0.9269488904838769,1.7835919659311585,100
3,monash_covid_deaths,chronos-2,clean,0.0,43.033524543394854,0.027007980152812278,100
3,monash_covid_deaths,chronos-t5,clean,0.0,50.73362761654871,0.050689161696923064,100
3,monash_covid_deaths,chronos-2,spikes_intensity,1.0,47.2959341196252,0.039759601104253,100
3,monash_covid_deaths,chronos-t5,spikes_intensity,1.0,59.242619574281264,0.09822304334331074,100
3,monash_covid_deaths,chronos-2,spikes_intensity,2.0,47.77160948181283,0.02924195967873077,100
3,monash_covid_deaths,chronos-t5,spikes_intensity,2.0,57.75231869049759,0.058545641290615014,100
3,monash_covid_deaths,chronos-2,spikes_intensity,4.0,45.448874500912865,0.03220146776909912,100
3,monash_covid_deaths,chronos-t5,spikes_intensity,4.0,56.507270383308985,0.06804147563856365,100
3,monash_covid_deaths,chronos-2,spikes_intensity,6.0,44.106536358189295,0.03815483070082632,100
3,monash_covid_deaths,chronos-t5,spikes_intensity,6.0,55.869004757689176,0.05036281967696285,100
3,monash_covid_deaths,chronos-2,spikes_intensity,8.0,49.3091725364454,0.06834543429885258,100
3,monash_covid_deaths,chronos-t5,spikes_intensity,8.0,54.488300520687176,0.05164513405390251,100
3,monash_covid_deaths,chronos-2,spikes_intensity,12.0,50.61570559253459,0.05728537359693726,100
3,monash_covid_deaths,chronos-t5,spikes_intensity,12.0,49.793792072692135,0.04608085483093522,100
3,monash_covid_deaths,chronos-2,spikes_intensity,16.0,48.833144712185934,0.060147857927338136,100
3,monash_covid_deaths,chronos-t5,spikes_intensity,16.0,52.01691087696833,0.04637090777204594,100
3,monash_covid_deaths,chronos-2,spikes_intensity,20.0,46.85262770330934,0.10718759459721543,100
3,monash_covid_deaths,chronos-t5,spikes_intensity,20.0,50.99099143101021,0.04974863986651123,100
3,monash_covid_deaths,chronos-2,spikes_intensity,30.0,49.98430779630988,0.06444767827508079,100
3,monash_covid_deaths,chronos-t5,spikes_intensity,30.0,50.05704313730748,0.05134552592527307,100
3,monash_covid_deaths,chronos-2,spikes_intensity,40.0,57.11994981978077,0.08751582776618055,100
3,monash_covid_deaths,chronos-t5,spikes_intensity,40.0,50.82763425161235,0.05533358615754385,100
3,monash_covid_deaths,chronos-2,spikes_density,0.01,50.344608237207645,0.029725845866217255,100
3,monash_covid_deaths,chronos-t5,spikes_density,0.01,55.30575631452199,0.04777283128535662,100
3,monash_covid_deaths,chronos-2,spikes_density,0.02,43.466132930817615,0.04299329832610419,100
3,monash_covid_deaths,chronos-t5,spikes_density,0.02,50.156671513562834,0.04605654831527463,100
3,monash_covid_deaths,chronos-2,spikes_density,0.05,51.52707572869601,0.05447236242748702,100
3,monash_covid_deaths,chronos-t5,spikes_density,0.05,52.063915803431094,0.04545153173243466,100
3,monash_covid_deaths,chronos-2,spikes_density,0.08,50.69354181543291,0.078257025663657,100
3,monash_covid_deaths,chronos-t5,spikes_density,0.08,51.89602580981339,0.05398422017508898,100
3,monash_covid_deaths,chronos-2,spikes_density,0.12,65.88930397648096,0.18681437922864916,100
3,monash_covid_deaths,chronos-t5,spikes_density,0.12,54.27354766636196,0.070476791771218,100
3,monash_covid_deaths,chronos-2,spikes_density,0.16,74.47609040464171,0.22479712141790842,100
3,monash_covid_deaths,chronos-t5,spikes_density,0.16,56.941040064039875,0.04313327296053693,100
3,monash_covid_deaths,chronos-2,spikes_density,0.2,81.2544121271561,0.23024497777814112,100
3,monash_covid_deaths,chronos-t5,spikes_density,0.2,61.15932553625916,0.16096531732713348,100
3,monash_covid_deaths,chronos-2,spikes_density,0.3,126.05678385666553,0.8405134839186155,100
3,monash_covid_deaths,chronos-t5,spikes_density,0.3,59.96431348352986,0.07414424490658747,100
3,monash_covid_deaths,chronos-2,spikes_density,0.4,135.32354831105928,1.1696151626918754,100
3,monash_covid_deaths,chronos-t5,spikes_density,0.4,75.30444498192844,0.23267585833408966,100
3,dominick,chronos-2,clean,0.0,0.8295138231556268,0.24857655709519688,100
3,dominick,chronos-t5,clean,0.0,0.7802533885328738,0.25761833141619506,100
3,dominick,chronos-2,spikes_intensity,1.0,0.8378696678095391,0.25803056707976574,100
3,dominick,chronos-t5,spikes_intensity,1.0,0.8058817946208731,0.25877502966112786,100
3,dominick,chronos-2,spikes_intensity,2.0,0.8807453763245969,0.26832296217746443,100
3,dominick,chronos-t5,spikes_intensity,2.0,0.8141230207647743,0.2663521445246132,100
3,dominick,chronos-2,spikes_intensity,4.0,0.9162386119281558,0.27316154356352823,100
3,dominick,chronos-t5,spikes_intensity,4.0,0.7203663963128067,0.25993791442979036,100
3,dominick,chronos-2,spikes_intensity,6.0,0.9037644796413932,0.27344622906073546,100
3,dominick,chronos-t5,spikes_intensity,6.0,0.7427502551574654,0.2686396094917202,100
3,dominick,chronos-2,spikes_intensity,8.0,0.8932563332704048,0.27731562135950827,100
3,dominick,chronos-t5,spikes_intensity,8.0,0.8532305602321375,0.27446975609924734,100
3,dominick,chronos-2,spikes_intensity,12.0,0.9426506774858424,0.29725335136751735,100
3,dominick,chronos-t5,spikes_intensity,12.0,0.8087423937541532,0.2664641088665392,100
3,dominick,chronos-2,spikes_intensity,16.0,0.9840635180422018,0.31401470757827954,100
3,dominick,chronos-t5,spikes_intensity,16.0,0.822171153149333,0.2614394840471542,100
3,dominick,chronos-2,spikes_intensity,20.0,0.9481071400287158,0.3016764985631285,100
3,dominick,chronos-t5,spikes_intensity,20.0,0.8016000945825339,0.2570880764992885,100
3,dominick,chronos-2,spikes_intensity,30.0,0.9775494218047411,0.33094364462639203,100
3,dominick,chronos-t5,spikes_intensity,30.0,0.7699670083242058,0.26737118025805295,100
3,dominick,chronos-2,spikes_intensity,40.0,1.0809071055452344,0.3435262515475886,100
3,dominick,chronos-t5,spikes_intensity,40.0,0.8378659516775275,0.2795317770196578,100
3,dominick,chronos-2,spikes_density,0.01,0.8268252714668677,0.252123880728117,100
3,dominick,chronos-t5,spikes_density,0.01,0.7920818438526486,0.25256499029066853,100
3,dominick,chronos-2,spikes_density,0.02,0.9032107029594115,0.26998752094266676,100
3,dominick,chronos-t5,spikes_density,0.02,0.7873822289238771,0.2586582260763867,100
3,dominick,chronos-2,spikes_density,0.05,0.965713256135993,0.30925365821484774,100
3,dominick,chronos-t5,spikes_density,0.05,0.7318393748540879,0.2520301772200035,100
3,dominick,chronos-2,spikes_density,0.08,0.9845896892213452,0.3216876599609415,100
3,dominick,chronos-t5,spikes_density,0.08,0.7890222459469277,0.2690107071591538,100
3,dominick,chronos-2,spikes_density,0.12,1.2611107022416423,0.4412925614114352,100
3,dominick,chronos-t5,spikes_density,0.12,0.8374479364819299,0.3267046723343951,100
3,dominick,chronos-2,spikes_density,0.16,1.4587695212232779,0.5579226727954946,100
3,dominick,chronos-t5,spikes_density,0.16,0.8471818206793529,0.29295723669027895,100
3,dominick,chronos-2,spikes_density,0.2,1.6506108814903837,0.6493757234611619,100
3,dominick,chronos-t5,spikes_density,0.2,0.8387446917056016,0.2807246164235167,100
3,dominick,chronos-2,spikes_density,0.3,2.617789613851029,1.2388592763320014,100
3,dominick,chronos-t5,spikes_density,0.3,0.8942038800860544,0.36674370726038025,100
3,dominick,chronos-2,spikes_density,0.4,2.923070139460392,2.086834049116543,100
3,dominick,chronos-t5,spikes_density,0.4,1.0696719874177445,0.44674256348303665,100
3,ercot,chronos-2,clean,0.0,0.8417995516641943,0.02604302222263971,8
3,ercot,chronos-t5,clean,0.0,0.6038444665396613,0.015400947842446817,8
3,ercot,chronos-2,spikes_intensity,1.0,0.805806889862068,0.02435536586220675,8
3,ercot,chronos-t5,spikes_intensity,1.0,0.838865031950622,0.028077538679571284,8
3,ercot,chronos-2,spikes_intensity,2.0,0.8193090813967762,0.024136746452977056,8
3,ercot,chronos-t5,spikes_intensity,2.0,0.614556433616272,0.017345877869822293,8
3,ercot,chronos-2,spikes_intensity,4.0,0.8855233469840247,0.025444263927262588,8
3,ercot,chronos-t5,spikes_intensity,4.0,0.6278389705091806,0.01816842537140179,8
3,ercot,chronos-2,spikes_intensity,6.0,0.8337408034781203,0.02744654694967656,8
3,ercot,chronos-t5,spikes_intensity,6.0,0.7367377654129307,0.02774337825624852,8
3,ercot,chronos-2,spikes_intensity,8.0,0.876572332917038,0.025807121168958558,8
3,ercot,chronos-t5,spikes_intensity,8.0,0.9706048517342639,0.03868593944546965,8
3,ercot,chronos-2,spikes_intensity,12.0,0.9168372607689537,0.027124677992202244,8
3,ercot,chronos-t5,spikes_intensity,12.0,1.0483194153198714,0.11563064711325971,8
3,ercot,chronos-2,spikes_intensity,16.0,0.9409849876197728,0.028538271828192557,8
3,ercot,chronos-t5,spikes_intensity,16.0,2.1015745757445656,0.0741665228640182,8
3,ercot,chronos-2,spikes_intensity,20.0,1.137399222486434,0.030633570149103968,8
3,ercot,chronos-t5,spikes_intensity,20.0,1.4515078408902322,0.08424000612476801,8
3,ercot,chronos-2,spikes_intensity,30.0,1.1495235573516907,0.03417055847881422,8
3,ercot,chronos-t5,spikes_intensity,30.0,0.7181696397528663,0.024436483365060283,8
3,ercot,chronos-2,spikes_intensity,40.0,1.6052888193494665,0.048468693751707204,8
3,ercot,chronos-t5,spikes_intensity,40.0,0.6683384211269295,0.024784171398535504,8
3,ercot,chronos-2,spikes_density,0.01,0.7858721297747545,0.0232916649491809,8
3,ercot,chronos-t5,spikes_density,0.01,0.598461257043164,0.014909066545426203,8
3,ercot,chronos-2,spikes_density,0.02,0.7507656893231068,0.02491296076326782,8
3,ercot,chronos-t5,spikes_density,0.02,0.6337906911913977,0.022203554415660413,8
3,ercot,chronos-2,spikes_density,0.05,1.0221113464996356,0.029407262494548916,8
3,ercot,chronos-t5,spikes_density,0.05,5.449588019774406,0.1991295606300186,8
3,ercot,chronos-2,spikes_density,0.08,1.3973537430151073,0.04190745092009465,8
3,ercot,chronos-t5,spikes_density,0.08,11.250512632431393,0.17503181535489332,8
3,ercot,chronos-2,spikes_density,0.12,1.7992556431026865,0.046486001839085266,8
3,ercot,chronos-t5,spikes_density,0.12,10.281829209068976,0.14738593376011766,8
3,ercot,chronos-2,spikes_density,0.16,2.7684312872868637,0.0919946723251477,8
3,ercot,chronos-t5,spikes_density,0.16,6.6486742446503735,0.17755003910632805,8
3,ercot,chronos-2,spikes_density,0.2,3.4057172904175075,0.1334910621382918,8
3,ercot,chronos-t5,spikes_density,0.2,3.9083211942092677,0.10632867039201216,8
3,ercot,chronos-2,spikes_density,0.3,4.089874976534715,0.24514587940671578,8
3,ercot,chronos-t5,spikes_density,0.3,1.3966591287095824,0.06247687633957896,8
3,ercot,chronos-2,spikes_density,0.4,4.744058640596281,0.3600678369167974,8
3,ercot,chronos-t5,spikes_density,0.4,17.44318402236794,0.26934715569955664,8
3,exchange_rate,chronos-2,clean,0.0,1.816427573959804,0.011831282159531213,8
3,exchange_rate,chronos-t5,clean,0.0,2.1966565104402576,0.016143964343842652,8
3,exchange_rate,chronos-2,spikes_intensity,1.0,1.8137376569593726,0.010165985333688211,8
3,exchange_rate,chronos-t5,spikes_intensity,1.0,2.038155245192406,0.013591759257206947,8
3,exchange_rate,chronos-2,spikes_intensity,2.0,2.249192643764809,0.011198179386696313,8
3,exchange_rate,chronos-t5,spikes_intensity,2.0,2.185188488141191,0.015069555834063799,8
3,exchange_rate,chronos-2,spikes_intensity,4.0,1.5144110888208333,0.010600331719962375,8
3,exchange_rate,chronos-t5,spikes_intensity,4.0,3.387369874788055,0.01968856945166256,8
3,exchange_rate,chronos-2,spikes_intensity,6.0,1.619133754052412,0.011575683048157119,8
3,exchange_rate,chronos-t5,spikes_intensity,6.0,1.9836979106302133,0.039046699316554766,8
3,exchange_rate,chronos-2,spikes_intensity,8.0,2.645920700090686,0.012092765592702085,8
3,exchange_rate,chronos-t5,spikes_intensity,8.0,2.6480010672060152,0.02720523479555943,8
3,exchange_rate,chronos-2,spikes_intensity,12.0,3.5408369585632196,0.014445634355480602,8
3,exchange_rate,chronos-t5,spikes_intensity,12.0,4.288159987171998,0.06948010149034826,8
3,exchange_rate,chronos-2,spikes_intensity,16.0,2.6103746463187227,0.011290871500773236,8
3,exchange_rate,chronos-t5,spikes_intensity,16.0,9.194989439293089,0.12672803417083164,8
3,exchange_rate,chronos-2,spikes_intensity,20.0,4.052779101348516,0.012788027433915215,8
3,exchange_rate,chronos-t5,spikes_intensity,20.0,7.400489276870293,0.11786873717586586,8
3,exchange_rate,chronos-2,spikes_intensity,30.0,3.588830482835623,0.015903819530380846,8
3,exchange_rate,chronos-t5,spikes_intensity,30.0,1.9801329490401718,0.01276897347357785,8
3,exchange_rate,chronos-2,spikes_intensity,40.0,6.089677843506782,0.03299450724261601,8
3,exchange_rate,chronos-t5,spikes_intensity,40.0,2.1085932952372617,0.014001997314995688,8
3,exchange_rate,chronos-2,spikes_density,0.01,1.691807834370342,0.01121395633337736,8
3,exchange_rate,chronos-t5,spikes_density,0.01,1.9652083721992655,0.016796309978573704,8
3,exchange_rate,chronos-2,spikes_density,0.02,2.0401780089404307,0.009438403307237699,8
3,exchange_rate,chronos-t5,spikes_density,0.02,2.329231856970722,0.014234903975249085,8
3,exchange_rate,chronos-2,spikes_density,0.05,3.498580590601494,0.015701455832059296,8
3,exchange_rate,chronos-t5,spikes_density,0.05,16.610237084613413,0.19234487405922734,8
3,exchange_rate,chronos-2,spikes_density,0.08,7.166603248839222,0.021179633215342195,8
3,exchange_rate,chronos-t5,spikes_density,0.08,1.5210707095436715,0.030272020317135877,8
3,exchange_rate,chronos-2,spikes_density,0.12,9.214525255137453,0.032620361953733586,8
3,exchange_rate,chronos-t5,spikes_density,0.12,74.18349748970621,0.11506496400823002,8
3,exchange_rate,chronos-2,spikes_density,0.16,9.667580824324757,0.05205781995887123,8
3,exchange_rate,chronos-t5,spikes_density,0.16,122.27070354389961,0.42157469129965097,8
3,exchange_rate,chronos-2,spikes_density,0.2,13.853854533071532,0.08974215816328816,8
3,exchange_rate,chronos-t5,spikes_density,0.2,21.795115303465312,0.4594234711480186,8
3,exchange_rate,chronos-2,spikes_density,0.3,15.901289135312217,0.1892119342114714,8
3,exchange_rate,chronos-t5,spikes_density,0.3,20.67462611786944,0.07536583307344646,8
3,exchange_rate,chronos-2,spikes_density,0.4,17.361550082598338,0.42275063035942867,8
3,exchange_rate,chronos-t5,spikes_density,0.4,14.244714221846225,0.13496152465660385,8
3,monash_fred_md,chronos-2,clean,0.0,0.4532046285633289,0.02010413991667694,100
3,monash_fred_md,chronos-t5,clean,0.0,0.4312534044732423,0.01347143426312163,100
3,monash_fred_md,chronos-2,spikes_intensity,1.0,0.5547900410624705,0.019568520734439186,100
3,monash_fred_md,chronos-t5,spikes_intensity,1.0,0.48664805711002146,0.014278524787785475,100
3,monash_fred_md,chronos-2,spikes_intensity,2.0,0.6345385462155961,0.023662964128612466,100
3,monash_fred_md,chronos-t5,spikes_intensity,2.0,0.5018254346771149,0.016721557804970328,100
3,monash_fred_md,chronos-2,spikes_intensity,4.0,0.6596789279116283,0.024665964521190395,100
3,monash_fred_md,chronos-t5,spikes_intensity,4.0,0.990469676106951,0.020788336498170575,100
3,monash_fred_md,chronos-2,spikes_intensity,6.0,0.7958789757694266,0.025651074428573572,100
3,monash_fred_md,chronos-t5,spikes_intensity,6.0,1.3892413206128065,0.031925154315869425,100
3,monash_fred_md,chronos-2,spikes_intensity,8.0,0.7198252157914449,0.03491230070070221,100
3,monash_fred_md,chronos-t5,spikes_intensity,8.0,1.5081586374789338,0.06071219038986517,100
3,monash_fred_md,chronos-2,spikes_intensity,12.0,0.8315426887415592,0.03371758337707215,100
3,monash_fred_md,chronos-t5,spikes_intensity,12.0,1.9608037924061243,0.03868882841939126,100
3,monash_fred_md,chronos-2,spikes_intensity,16.0,0.8370541641612147,0.033889868543710705,100
3,monash_fred_md,chronos-t5,spikes_intensity,16.0,1.0507264240626804,0.023382048466880332,100
3,monash_fred_md,chronos-2,spikes_intensity,20.0,0.9573201797464238,0.04008865622461487,100
3,monash_fred_md,chronos-t5,spikes_intensity,20.0,1.16422175352785,0.024157130749749275,100
3,monash_fred_md,chronos-2,spikes_intensity,30.0,1.0188839266011238,0.056706299718865066,100
3,monash_fred_md,chronos-t5,spikes_intensity,30.0,0.48817393422027466,0.028093120166192753,100
3,monash_fred_md,chronos-2,spikes_intensity,40.0,1.2479623672932758,0.047536100538159716,100
3,monash_fred_md,chronos-t5,spikes_intensity,40.0,0.5015569467485227,0.02602024959911698,100
3,monash_fred_md,chronos-2,spikes_density,0.01,0.5934619164957242,0.020061838373300323,100
3,monash_fred_md,chronos-t5,spikes_density,0.01,1.236907249725838,0.0358369282188804,100
3,monash_fred_md,chronos-2,spikes_density,0.02,0.6989829489790357,0.026977851187724403,100
3,monash_fred_md,chronos-t5,spikes_density,0.02,0.4277351099499062,0.01977760901674028,100
3,monash_fred_md,chronos-2,spikes_density,0.05,0.9201939611120813,0.04900475530872331,100
3,monash_fred_md,chronos-t5,spikes_density,0.05,1.0842999225025005,0.03297314792601225,100
3,monash_fred_md,chronos-2,spikes_density,0.08,1.3032024180338306,0.03153200049241142,100
3,monash_fred_md,chronos-t5,spikes_density,0.08,1.209783741601062,0.02640563150112964,100
3,monash_fred_md,chronos-2,spikes_density,0.12,1.5135440205703408,0.05581379178459987,100
3,monash_fred_md,chronos-t5,spikes_density,0.12,2.0433590728720485,0.026137279426599772,100
3,monash_fred_md,chronos-2,spikes_density,0.16,2.0391402915777332,0.08191659465889917,100
3,monash_fred_md,chronos-t5,spikes_density,0.16,6.831824328812804,0.09477615993396155,100
3,monash_fred_md,chronos-2,spikes_density,0.2,2.8027830904183086,0.14409431926799965,100
3,monash_fred_md,chronos-t5,spikes_density,0.2,3.4589147789788117,0.05689988012478217,100
3,monash_fred_md,chronos-2,spikes_density,0.3,7.840477710164526,0.3113055999952775,100
3,monash_fred_md,chronos-t5,spikes_density,0.3,9.645799794596112,0.13870617956009443,100
3,monash_fred_md,chronos-2,spikes_density,0.4,11.683275695094695,0.6070400920619551,100
3,monash_fred_md,chronos-t5,spikes_density,0.4,44.19306665422585,0.48457723254982593,100
3,monash_hospital,chronos-2,clean,0.0,0.7870107936415635,0.061281917662917254,100
3,monash_hospital,chronos-t5,clean,0.0,0.8380871920408511,0.06750327125477268,100
3,monash_hospital,chronos-2,spikes_intensity,1.0,0.7985235230201411,0.0646637793179934,100
3,monash_hospital,chronos-t5,spikes_intensity,1.0,0.8541017475631791,0.06953268994179401,100
3,monash_hospital,chronos-2,spikes_intensity,2.0,0.8058643753202374,0.06889842251526325,100
3,monash_hospital,chronos-t5,spikes_intensity,2.0,0.8476529154231378,0.07123822490442867,100
3,monash_hospital,chronos-2,spikes_intensity,4.0,0.8124908908230358,0.06975758055780587,100
3,monash_hospital,chronos-t5,spikes_intensity,4.0,0.8507625524950216,0.07125318232543804,100
3,monash_hospital,chronos-2,spikes_intensity,6.0,0.790428447164385,0.06632109502274765,100
3,monash_hospital,chronos-t5,spikes_intensity,6.0,0.8494310156319588,0.07032556759844741,100
3,monash_hospital,chronos-2,spikes_intensity,8.0,0.8104605886457639,0.06528950876039313,100
3,monash_hospital,chronos-t5,spikes_intensity,8.0,0.8303998704993997,0.06656235140002238,100
3,monash_hospital,chronos-2,spikes_intensity,12.0,0.7975438851285782,0.0665635537065467,100
3,monash_hospital,chronos-t5,spikes_intensity,12.0,0.832411337796122,0.06595639542939401,100
3,monash_hospital,chronos-2,spikes_intensity,16.0,0.7958904752465547,0.07105318415368082,100
3,monash_hospital,chronos-t5,spikes_intensity,16.0,0.8212496746683792,0.06474396099885273,100
3,monash_hospital,chronos-2,spikes_intensity,20.0,0.8243250225112825,0.07294587408686869,100
3,monash_hospital,chronos-t5,spikes_intensity,20.0,0.8214543372935332,0.06618916306261359,100
3,monash_hospital,chronos-2,spikes_intensity,30.0,0.8359949783165335,0.08465864757741431,100
3,monash_hospital,chronos-t5,spikes_intensity,30.0,0.8462705040333454,0.06876828542843007,100
3,monash_hospital,chronos-2,spikes_intensity,40.0,0.8204092157049561,0.07352939360512208,100
3,monash_hospital,chronos-t5,spikes_intensity,40.0,0.8403596593315805,0.06889996361569223,100
3,monash_hospital,chronos-2,spikes_density,0.01,0.8858925323510789,0.06646962797013804,100
3,monash_hospital,chronos-t5,spikes_density,0.01,0.8509863037453026,0.06773377671688344,100
3,monash_hospital,chronos-2,spikes_density,0.02,0.7687987457368101,0.059344281810564586,100
3,monash_hospital,chronos-t5,spikes_density,0.02,0.839775836754272,0.06631990412166683,100
3,monash_hospital,chronos-2,spikes_density,0.05,0.8242292200079998,0.07293685347719513,100
3,monash_hospital,chronos-t5,spikes_density,0.05,0.8578661298151877,0.06950273285571042,100
3,monash_hospital,chronos-2,spikes_density,0.08,0.8620835700134076,0.07971134540649927,100
3,monash_hospital,chronos-t5,spikes_density,0.08,0.8511283147116471,0.06841010991991554,100
3,monash_hospital,chronos-2,spikes_density,0.12,0.8723846288224912,0.08960491435624988,100
3,monash_hospital,chronos-t5,spikes_density,0.12,0.8392707842933792,0.06697978540658768,100
3,monash_hospital,chronos-2,spikes_density,0.16,0.9583622561517539,0.12187437267693173,100
3,monash_hospital,chronos-t5,spikes_density,0.16,0.8557481725874923,0.07192745177718164,100
3,monash_hospital,chronos-2,spikes_density,0.2,0.9973275679393834,0.15334652333097465,100
3,monash_hospital,chronos-t5,spikes_density,0.2,0.8514243683112193,0.07353117978707148,100
3,monash_hospital,chronos-2,spikes_density,0.3,1.2148491330959674,0.27544580060652935,100
3,monash_hospital,chronos-t5,spikes_density,0.3,0.9022429810513339,0.08873712880640082,100
3,monash_hospital,chronos-2,spikes_density,0.4,1.834040480191278,0.43677654596035803,100
3,monash_hospital,chronos-t5,spikes_density,0.4,1.5916835071630586,0.2335044919615603,100
3,monash_m1_monthly,chronos-2,clean,0.0,1.0252822007023978,0.27221328295504754,100
3,monash_m1_monthly,chronos-t5,clean,0.0,1.1486790327780196,0.1917302197195143,100
3,monash_m1_monthly,chronos-2,spikes_intensity,1.0,1.0385624384837435,0.2802160058147465,100
3,monash_m1_monthly,chronos-t5,spikes_intensity,1.0,1.12831769267273,0.1966501166779511,100
3,monash_m1_monthly,chronos-2,spikes_intensity,2.0,1.0612145941778395,0.2470159840792149,100
3,monash_m1_monthly,chronos-t5,spikes_intensity,2.0,1.269001742491021,0.20617490210330247,100
3,monash_m1_monthly,chronos-2,spikes_intensity,4.0,1.080995973660585,0.26101434528067163,100
3,monash_m1_monthly,chronos-t5,spikes_intensity,4.0,1.223519400822078,0.2314517089051654,100
3,monash_m1_monthly,chronos-2,spikes_intensity,6.0,1.1184602606357497,0.2588756212112384,100
3,monash_m1_monthly,chronos-t5,spikes_intensity,6.0,1.1922069439631373,0.24861866603203803,100
3,monash_m1_monthly,chronos-2,spikes_intensity,8.0,1.1231213820102952,0.2393352776469339,100
3,monash_m1_monthly,chronos-t5,spikes_intensity,8.0,1.2546292292689496,0.21335218962462,100
3,monash_m1_monthly,chronos-2,spikes_intensity,12.0,1.1699852745308155,0.22099477670623074,100
3,monash_m1_monthly,chronos-t5,spikes_intensity,12.0,1.1265402989172733,0.19167803098630937,100
3,monash_m1_monthly,chronos-2,spikes_intensity,16.0,1.2350352821062522,0.2689684554186829,100
3,monash_m1_monthly,chronos-t5,spikes_intensity,16.0,1.389660633322707,0.2115877469825012,100
3,monash_m1_monthly,chronos-2,spikes_intensity,20.0,1.3862881539817884,0.21769620113320717,100
3,monash_m1_monthly,chronos-t5,spikes_intensity,20.0,1.3062821158814408,0.19890234463687795,100
3,monash_m1_monthly,chronos-2,spikes_intensity,30.0,1.1790683895961158,0.27658231351024176,100
3,monash_m1_monthly,chronos-t5,spikes_intensity,30.0,1.164964136721023,0.18096193967201837,100
3,monash_m1_monthly,chronos-2,spikes_intensity,40.0,1.2147920726342802,0.2525421884144474,100
3,monash_m1_monthly,chronos-t5,spikes_intensity,40.0,1.1596352957399256,0.19848238965127493,100
3,monash_m1_monthly,chronos-2,spikes_density,0.01,1.0771346194074578,0.27871293688536797,100
3,monash_m1_monthly,chronos-t5,spikes_density,0.01,1.152923784126096,0.19382318043039826,100
3,monash_m1_monthly,chronos-2,spikes_density,0.02,1.0958982304855567,0.21948701382436284,100
3,monash_m1_monthly,chronos-t5,spikes_density,0.02,1.2475242989170536,0.1929701211678333,100
3,monash_m1_monthly,chronos-2,spikes_density,0.05,1.9584542075916935,0.2952915422198171,100
3,monash_m1_monthly,chronos-t5,spikes_density,0.05,1.1744417940700054,0.20380077453107728,100
3,monash_m1_monthly,chronos-2,spikes_density,0.08,1.213982095999125,0.2854023715544481,100
3,monash_m1_monthly,chronos-t5,spikes_density,0.08,1.1714818526745958,0.21312273239104076,100
3,monash_m1_monthly,chronos-2,spikes_density,0.12,1.3192665389629308,0.2806320273646803,100
3,monash_m1_monthly,chronos-t5,spikes_density,0.12,1.2129324238852075,0.1938714903362311,100
3,monash_m1_monthly,chronos-2,spikes_density,0.16,1.5494111137178779,0.3079926455741556,100
3,monash_m1_monthly,chronos-t5,spikes_density,0.16,1.2099923700418371,0.22694082401103843,100
3,monash_m1_monthly,chronos-2,spikes_density,0.2,1.954234110514824,0.3671618429029867,100
3,monash_m1_monthly,chronos-t5,spikes_density,0.2,1.362431043569827,0.25921817252432605,100
3,monash_m1_monthly,chronos-2,spikes_density,0.3,2.314283485177302,0.7211874864877847,100
3,monash_m1_monthly,chronos-t5,spikes_density,0.3,2.101440793695697,0.2786772745301384,100
3,monash_m1_monthly,chronos-2,spikes_density,0.4,3.485839070748789,1.226490605444328,100
3,monash_m1_monthly,chronos-t5,spikes_density,0.4,2.9917385479524197,0.410855210562066,100
3,monash_m1_quarterly,chronos-2,clean,0.0,1.5766614979688591,0.07952721348399153,100
3,monash_m1_quarterly,chronos-t5,clean,0.0,1.788606283231385,0.09999113600450919,100
3,monash_m1_quarterly,chronos-2,spikes_intensity,1.0,1.7513468459218717,0.08246671705291898,100
3,monash_m1_quarterly,chronos-t5,spikes_intensity,1.0,1.9394591983607794,0.11371700464512553,100
3,monash_m1_quarterly,chronos-2,spikes_intensity,2.0,1.7348720804539621,0.086745799306638,100
3,monash_m1_quarterly,chronos-t5,spikes_intensity,2.0,1.8542761696594108,0.11764970949299819,100
3,monash_m1_quarterly,chronos-2,spikes_intensity,4.0,1.8256281682509092,0.08227797408071248,100
3,monash_m1_quarterly,chronos-t5,spikes_intensity,4.0,1.8690599706134594,0.1126453642777024,100
3,monash_m1_quarterly,chronos-2,spikes_intensity,6.0,1.8321635445322573,0.09315832740336044,100
3,monash_m1_quarterly,chronos-t5,spikes_intensity,6.0,2.0752139946004933,0.09829364622878292,100
3,monash_m1_quarterly,chronos-2,spikes_intensity,8.0,1.807468562043609,0.08619444458221547,100
3,monash_m1_quarterly,chronos-t5,spikes_intensity,8.0,1.8511942499832952,0.08892078159880262,100
3,monash_m1_quarterly,chronos-2,spikes_intensity,12.0,1.791294927436553,0.08639185806707377,100
3,monash_m1_quarterly,chronos-t5,spikes_intensity,12.0,1.751054954885517,0.0968076009299499,100
3,monash_m1_quarterly,chronos-2,spikes_intensity,16.0,1.9930239410223047,0.08368334844812053,100
3,monash_m1_quarterly,chronos-t5,spikes_intensity,16.0,1.7632831020297135,0.09814188890802857,100
3,monash_m1_quarterly,chronos-2,spikes_intensity,20.0,1.9517237029995171,0.09699167505186451,100
3,monash_m1_quarterly,chronos-t5,spikes_intensity,20.0,1.7201805832562231,0.09180514256685629,100
3,monash_m1_quarterly,chronos-2,spikes_intensity,30.0,2.4469507839097577,0.08487585069979695,100
3,monash_m1_quarterly,chronos-t5,spikes_intensity,30.0,1.7062801422353102,0.09897076174793205,100
3,monash_m1_quarterly,chronos-2,spikes_intensity,40.0,3.9389833300693895,0.14728632025615043,100
3,monash_m1_quarterly,chronos-t5,spikes_intensity,40.0,1.6979240210635427,0.08964378360650165,100
3,monash_m1_quarterly,chronos-2,spikes_density,0.01,2.396544274217902,0.08304547301295517,100
3,monash_m1_quarterly,chronos-t5,spikes_density,0.01,2.4556427883632637,0.0951641164223865,100
3,monash_m1_quarterly,chronos-2,spikes_density,0.02,1.8255159736289783,0.08154748165193758,100
3,monash_m1_quarterly,chronos-t5,spikes_density,0.02,1.74153959836465,0.1033362779342052,100
3,monash_m1_quarterly,chronos-2,spikes_density,0.05,2.2341766786491406,0.10973906341922315,100
3,monash_m1_quarterly,chronos-t5,spikes_density,0.05,2.1611840864967715,0.08748375451375878,100
3,monash_m1_quarterly,chronos-2,spikes_density,0.08,2.059609879136711,0.11027509704422007,100
3,monash_m1_quarterly,chronos-t5,spikes_density,0.08,1.7857547028840546,0.0980038488093093,100
3,monash_m1_quarterly,chronos-2,spikes_density,0.12,2.593141110544839,0.20164736391000027,100
3,monash_m1_quarterly,chronos-t5,spikes_density,0.12,1.8851764495050634,0.09033195601159963,100
3,monash_m1_quarterly,chronos-2,spikes_density,0.16,3.322443292791076,0.15504580309734692,100
3,monash_m1_quarterly,chronos-t5,spikes_density,0.16,1.8242478073145676,0.0921727127735103,100
3,monash_m1_quarterly,chronos-2,spikes_density,0.2,3.7008721250487144,0.19336951250905385,100
3,monash_m1_quarterly,chronos-t5,spikes_density,0.2,2.0754623409557276,0.10144837389798492,100
3,monash_m1_quarterly,chronos-2,spikes_density,0.3,5.465544733356073,0.36969046386206195,100
3,monash_m1_quarterly,chronos-t5,spikes_density,0.3,2.2197876636806324,0.09976762607145595,100
3,monash_m1_quarterly,chronos-2,spikes_density,0.4,6.150318110704518,0.5098105619585778,100
3,monash_m1_quarterly,chronos-t5,spikes_density,0.4,3.681356979745038,0.17693930512315423,100
3,monash_m1_yearly,chronos-2,clean,0.0,3.637927031199332,0.07096940204212351,100
3,monash_m1_yearly,chronos-t5,clean,0.0,4.823545795122051,0.07595260901075239,100
3,monash_m1_yearly,chronos-2,spikes_intensity,1.0,4.494506927813364,0.06305670438912042,100
3,monash_m1_yearly,chronos-t5,spikes_intensity,1.0,5.186329676012966,0.08309659716173454,100
3,monash_m1_yearly,chronos-2,spikes_intensity,2.0,4.7091447053580575,0.06647493162722168,100
3,monash_m1_yearly,chronos-t5,spikes_intensity,2.0,5.517199925288741,0.08179672164664473,100
3,monash_m1_yearly,chronos-2,spikes_intensity,4.0,5.385244496421221,0.22639590918804586,100
3,monash_m1_yearly,chronos-t5,spikes_intensity,4.0,6.169748559201856,0.39684777820183176,100
3,monash_m1_yearly,chronos-2,spikes_intensity,6.0,4.983438490250998,0.07898448123919621,100
3,monash_m1_yearly,chronos-t5,spikes_intensity,6.0,6.761027416310234,0.08067852475459311,100
3,monash_m1_yearly,chronos-2,spikes_intensity,8.0,5.538064241773143,0.07272926984318889,100
3,monash_m1_yearly,chronos-t5,spikes_intensity,8.0,6.66562804846291,0.08458702032552609,100
3,monash_m1_yearly,chronos-2,spikes_intensity,12.0,4.594492797314649,0.11820989747462926,100
3,monash_m1_yearly,chronos-t5,spikes_intensity,12.0,5.244598116416468,0.10110982394671203,100
3,monash_m1_yearly,chronos-2,spikes_intensity,16.0,5.464644294176147,0.12144455750160105,100
3,monash_m1_yearly,chronos-t5,spikes_intensity,16.0,7.6845600073805285,0.12092358380911764,100
3,monash_m1_yearly,chronos-2,spikes_intensity,20.0,5.303801880030499,0.1069134061842133,100
3,monash_m1_yearly,chronos-t5,spikes_intensity,20.0,7.891523343947228,0.10106656823607228,100
3,monash_m1_yearly,chronos-2,spikes_intensity,30.0,8.662728422161038,0.09839122544972162,100
3,monash_m1_yearly,chronos-t5,spikes_intensity,30.0,13.115679579726411,0.08287521031302736,100
3,monash_m1_yearly,chronos-2,spikes_intensity,40.0,7.5705126090751245,0.09636704511185544,100
3,monash_m1_yearly,chronos-t5,spikes_intensity,40.0,5.2794570928355045,0.08028392360502713,100
3,monash_m1_yearly,chronos-2,spikes_density,0.01,5.598767816597583,0.10118440038121394,100
3,monash_m1_yearly,chronos-t5,spikes_density,0.01,6.1935582270066085,0.08382778974805428,100
3,monash_m1_yearly,chronos-2,spikes_density,0.02,6.151627195798684,0.07092731754103627,100
3,monash_m1_yearly,chronos-t5,spikes_density,0.02,5.512774815201551,0.09242736215440038,100
3,monash_m1_yearly,chronos-2,spikes_density,0.05,5.13053833270011,0.06435511303710856,100
3,monash_m1_yearly,chronos-t5,spikes_density,0.05,6.029442607913063,0.09992095258723005,100
3,monash_m1_yearly,chronos-2,spikes_density,0.08,6.30613117241597,0.49226740745717673,100
3,monash_m1_yearly,chronos-t5,spikes_density,0.08,7.451907954987725,0.9228560722085489,100
3,monash_m1_yearly,chronos-2,spikes_density,0.12,7.5145673271809,0.21774681460882572,100
3,monash_m1_yearly,chronos-t5,spikes_density,0.12,5.61504629511658,0.07957019734879445,100
3,monash_m1_yearly,chronos-2,spikes_density,0.16,8.51859385546794,0.28689705510362723,100
3,monash_m1_yearly,chronos-t5,spikes_density,0.16,6.14159864657929,0.10870799809298275,100
3,monash_m1_yearly,chronos-2,spikes_density,0.2,8.04098155438182,0.3862066982502726,100
3,monash_m1_yearly,chronos-t5,spikes_density,0.2,6.984648231164895,0.13993471701032273,100
3,monash_m1_yearly,chronos-2,spikes_density,0.3,14.143476463369423,0.8102164450628722,100
3,monash_m1_yearly,chronos-t5,spikes_density,0.3,8.397994485162444,0.2585512743451568,100
3,monash_m1_yearly,chronos-2,spikes_density,0.4,14.74342609509976,1.5031815038683438,100
3,monash_m1_yearly,chronos-t5,spikes_density,0.4,9.9067956470471,0.2976816330879617,100
3,monash_m3_monthly,chronos-2,clean,0.0,0.811635633079432,0.08901184204854988,100
3,monash_m3_monthly,chronos-t5,clean,0.0,0.8150714385681976,0.09131791894402103,100
3,monash_m3_monthly,chronos-2,spikes_intensity,1.0,0.8977382131629619,0.09571730640868875,100
3,monash_m3_monthly,chronos-t5,spikes_intensity,1.0,0.8741556913078241,0.09544969470148787,100
3,monash_m3_monthly,chronos-2,spikes_intensity,2.0,0.93262990237576,0.09938451586173208,100
3,monash_m3_monthly,chronos-t5,spikes_intensity,2.0,0.8787732463684266,0.09685824409056015,100
3,monash_m3_monthly,chronos-2,spikes_intensity,4.0,0.9094531404543048,0.09943850384605583,100
3,monash_m3_monthly,chronos-t5,spikes_intensity,4.0,0.973114558301855,0.10311957633335184,100
3,monash_m3_monthly,chronos-2,spikes_intensity,6.0,0.9487853061672854,0.1063846388889525,100
3,monash_m3_monthly,chronos-t5,spikes_intensity,6.0,0.9629930212048794,0.11069233212934625,100
3,monash_m3_monthly,chronos-2,spikes_intensity,8.0,0.940109017303965,0.10092469476331617,100
3,monash_m3_monthly,chronos-t5,spikes_intensity,8.0,0.9158530468137237,0.09965802786706125,100
3,monash_m3_monthly,chronos-2,spikes_intensity,12.0,0.9080564110115822,0.09897859498860652,100
3,monash_m3_monthly,chronos-t5,spikes_intensity,12.0,0.8887060034146363,0.09805241620969074,100
3,monash_m3_monthly,chronos-2,spikes_intensity,16.0,0.955348484733134,0.10429207603584881,100
3,monash_m3_monthly,chronos-t5,spikes_intensity,16.0,0.8921738338408616,0.10064491134724565,100
3,monash_m3_monthly,chronos-2,spikes_intensity,20.0,1.1898862534288814,0.11693629220971978,100
3,monash_m3_monthly,chronos-t5,spikes_intensity,20.0,0.9137051539578815,0.10072514277529256,100
3,monash_m3_monthly,chronos-2,spikes_intensity,30.0,1.1071811753437073,0.1106352345383177,100
3,monash_m3_monthly,chronos-t5,spikes_intensity,30.0,0.8935991433775409,0.09865558936777998,100
3,monash_m3_monthly,chronos-2,spikes_intensity,40.0,2.291476029231441,0.14283564567677687,100
3,monash_m3_monthly,chronos-t5,spikes_intensity,40.0,0.8711255749012949,0.10057238632602733,100
3,monash_m3_monthly,chronos-2,spikes_density,0.01,1.0134199458252886,0.11601613819892902,100
3,monash_m3_monthly,chronos-t5,spikes_density,0.01,0.825676935141708,0.0932893448182909,100
3,monash_m3_monthly,chronos-2,spikes_density,0.02,0.8343071343218634,0.09251488390359151,100
3,monash_m3_monthly,chronos-t5,spikes_density,0.02,0.8445471610664325,0.09531774401005257,100
3,monash_m3_monthly,chronos-2,spikes_density,0.05,1.047759941686622,0.11611441082734276,100
3,monash_m3_monthly,chronos-t5,spikes_density,0.05,0.9640863348937732,0.10556950693018313,100
3,monash_m3_monthly,chronos-2,spikes_density,0.08,1.1681137707299243,0.1371693779589061,100
3,monash_m3_monthly,chronos-t5,spikes_density,0.08,0.9002329314040345,0.10129187145015515,100
3,monash_m3_monthly,chronos-2,spikes_density,0.12,1.3584710309366874,0.16972564257182296,100
3,monash_m3_monthly,chronos-t5,spikes_density,0.12,1.0411626026360448,0.11771622400007223,100
3,monash_m3_monthly,chronos-2,spikes_density,0.16,1.666890566522533,0.214669188789456,100
3,monash_m3_monthly,chronos-t5,spikes_density,0.16,1.009774459638381,0.12391757581126776,100
3,monash_m3_monthly,chronos-2,spikes_density,0.2,1.9891914641755506,0.26497615084747156,100
3,monash_m3_monthly,chronos-t5,spikes_density,0.2,1.5110382704452245,0.1363857529607596,100
3,monash_m3_monthly,chronos-2,spikes_density,0.3,2.3392350278208562,0.41195317880274607,100
3,monash_m3_monthly,chronos-t5,spikes_density,0.3,2.8305132380010067,0.18351614332197752,100
3,monash_m3_monthly,chronos-2,spikes_density,0.4,3.1664300292447245,0.7158458635493137,100
3,monash_m3_monthly,chronos-t5,spikes_density,0.4,3.924942502527084,0.31110150402913933,100
3,monash_m3_quarterly,chronos-2,clean,0.0,1.2542640597019636,0.07384750980066322,100
3,monash_m3_quarterly,chronos-t5,clean,0.0,1.3449826637286066,0.08044743909076209,100
3,monash_m3_quarterly,chronos-2,spikes_intensity,1.0,1.5079831212757517,0.08928345633121569,100
3,monash_m3_quarterly,chronos-t5,spikes_intensity,1.0,1.5395011592510752,0.09562902124992807,100
3,monash_m3_quarterly,chronos-2,spikes_intensity,2.0,1.412961327673812,0.08132780566912154,100
3,monash_m3_quarterly,chronos-t5,spikes_intensity,2.0,1.4867891279868468,0.08727526773719149,100
3,monash_m3_quarterly,chronos-2,spikes_intensity,4.0,1.4480130816266716,0.0840921660047564,100
3,monash_m3_quarterly,chronos-t5,spikes_intensity,4.0,1.5010495835735833,0.08820003690905352,100
3,monash_m3_quarterly,chronos-2,spikes_intensity,6.0,1.5261021480733734,0.08952807066637816,100
3,monash_m3_quarterly,chronos-t5,spikes_intensity,6.0,1.7419560684131028,0.08548735406985329,100
3,monash_m3_quarterly,chronos-2,spikes_intensity,8.0,1.4483911954587145,0.08861486351237152,100
3,monash_m3_quarterly,chronos-t5,spikes_intensity,8.0,1.6394990255417434,0.0995288327358552,100
3,monash_m3_quarterly,chronos-2,spikes_intensity,12.0,1.4418766647868102,0.09238650198713085,100
3,monash_m3_quarterly,chronos-t5,spikes_intensity,12.0,1.4124673748355858,0.08248480765331312,100
3,monash_m3_quarterly,chronos-2,spikes_intensity,16.0,2.4309338683222426,0.1293168188190786,100
3,monash_m3_quarterly,chronos-t5,spikes_intensity,16.0,2.337629584415312,0.1303049249667826,100
3,monash_m3_quarterly,chronos-2,spikes_intensity,20.0,1.6593233289173441,0.09979067728060849,100
3,monash_m3_quarterly,chronos-t5,spikes_intensity,20.0,1.7539951455691283,0.09493237599627362,100
3,monash_m3_quarterly,chronos-2,spikes_intensity,30.0,1.8398886085349948,0.10027395814878227,100
3,monash_m3_quarterly,chronos-t5,spikes_intensity,30.0,2.169543077549037,0.08882559051944733,100
3,monash_m3_quarterly,chronos-2,spikes_intensity,40.0,1.779154847607363,0.1147496557322713,100
3,monash_m3_quarterly,chronos-t5,spikes_intensity,40.0,1.3788470404045086,0.08292361649808143,100
3,monash_m3_quarterly,chronos-2,spikes_density,0.01,1.4505628597376679,0.09195203990007408,100
3,monash_m3_quarterly,chronos-t5,spikes_density,0.01,1.4371388064367254,0.09871848165512212,100
3,monash_m3_quarterly,chronos-2,spikes_density,0.02,2.0355793924160412,0.0927879460844267,100
3,monash_m3_quarterly,chronos-t5,spikes_density,0.02,1.8983571296401487,0.08973596447446802,100
3,monash_m3_quarterly,chronos-2,spikes_density,0.05,1.7488358691703263,0.11302118950346035,100
3,monash_m3_quarterly,chronos-t5,spikes_density,0.05,1.4238417800763863,0.09072985115423127,100
3,monash_m3_quarterly,chronos-2,spikes_density,0.08,2.242125930414758,0.1297974829999372,100
3,monash_m3_quarterly,chronos-t5,spikes_density,0.08,1.8676582272051558,0.09328451504849292,100
3,monash_m3_quarterly,chronos-2,spikes_density,0.12,2.4580070757342996,0.16668809338945,100
3,monash_m3_quarterly,chronos-t5,spikes_density,0.12,1.67116282094665,0.09732489726021804,100
3,monash_m3_quarterly,chronos-2,spikes_density,0.16,3.0985678233768543,0.2170205153945059,100
3,monash_m3_quarterly,chronos-t5,spikes_density,0.16,1.95359434587574,0.11903222602279923,100
3,monash_m3_quarterly,chronos-2,spikes_density,0.2,3.5068126590623683,0.2448968609280443,100
3,monash_m3_quarterly,chronos-t5,spikes_density,0.2,2.397059810978166,0.12078064267123872,100
3,monash_m3_quarterly,chronos-2,spikes_density,0.3,4.551221102605031,0.39775123816090974,100
3,monash_m3_quarterly,chronos-t5,spikes_density,0.3,3.1103109868901027,0.15314819840724483,100
3,monash_m3_quarterly,chronos-2,spikes_density,0.4,6.598607628340012,0.6344642913344445,100
3,monash_m3_quarterly,chronos-t5,spikes_density,0.4,4.844404864315997,0.22659719126845904,100
3,monash_m3_yearly,chronos-2,clean,0.0,3.0132092403527664,0.14670256385058947,100
3,monash_m3_yearly,chronos-t5,clean,0.0,3.6216888884414833,0.16363054950874786,100
3,monash_m3_yearly,chronos-2,spikes_intensity,1.0,3.2359837603347805,0.1500843966144854,100
3,monash_m3_yearly,chronos-t5,spikes_intensity,1.0,3.8180367586831636,0.1664556082140771,100
3,monash_m3_yearly,chronos-2,spikes_intensity,2.0,3.7406440304433097,0.16163657047810603,100
3,monash_m3_yearly,chronos-t5,spikes_intensity,2.0,4.208300504231882,0.18702188834201403,100
3,monash_m3_yearly,chronos-2,spikes_intensity,4.0,3.927537043677297,0.17580050276438464,100
3,monash_m3_yearly,chronos-t5,spikes_intensity,4.0,5.116367649342648,0.18652287321827846,100
3,monash_m3_yearly,chronos-2,spikes_intensity,6.0,3.691358795806886,0.1769484137939911,100
3,monash_m3_yearly,chronos-t5,spikes_intensity,6.0,4.361596874419369,0.2173905048965947,100
3,monash_m3_yearly,chronos-2,spikes_intensity,8.0,4.286612632334218,0.2173717683149039,100
3,monash_m3_yearly,chronos-t5,spikes_intensity,8.0,6.492672551104808,0.26707612049217627,100
3,monash_m3_yearly,chronos-2,spikes_intensity,12.0,3.3644073742286333,0.14909737487934002,100
3,monash_m3_yearly,chronos-t5,spikes_intensity,12.0,4.126540676730118,0.18654946858774535,100
3,monash_m3_yearly,chronos-2,spikes_intensity,16.0,3.995139616654526,0.2025415741673055,100
3,monash_m3_yearly,chronos-t5,spikes_intensity,16.0,4.61359900294012,0.2138872687489407,100
3,monash_m3_yearly,chronos-2,spikes_intensity,20.0,4.653519160734804,0.20582043257438154,100
3,monash_m3_yearly,chronos-t5,spikes_intensity,20.0,6.7181928388152805,0.27453926170315635,100
3,monash_m3_yearly,chronos-2,spikes_intensity,30.0,5.797950311095304,0.3561558613900083,100
3,monash_m3_yearly,chronos-t5,spikes_intensity,30.0,5.442914608004497,0.25891453009787235,100
3,monash_m3_yearly,chronos-2,spikes_intensity,40.0,4.605222156405895,0.22225205632924508,100
3,monash_m3_yearly,chronos-t5,spikes_intensity,40.0,3.8131903400399096,0.16832726492667804,100
3,monash_m3_yearly,chronos-2,spikes_density,0.01,3.981750016882864,0.1766735473939049,100
3,monash_m3_yearly,chronos-t5,spikes_density,0.01,4.38342364992543,0.1989344754285012,100
3,monash_m3_yearly,chronos-2,spikes_density,0.02,3.790334747527563,0.1937605821398517,100
3,monash_m3_yearly,chronos-t5,spikes_density,0.02,4.287007945531307,0.2340666843606212,100
3,monash_m3_yearly,chronos-2,spikes_density,0.05,4.452711417195564,0.2295560423630024,100
3,monash_m3_yearly,chronos-t5,spikes_density,0.05,5.070599772955231,0.20203878613248386,100
3,monash_m3_yearly,chronos-2,spikes_density,0.08,4.491147468819114,0.21187195993469377,100
3,monash_m3_yearly,chronos-t5,spikes_density,0.08,3.806910823665005,0.16609006996558418,100
3,monash_m3_yearly,chronos-2,spikes_density,0.12,6.637358871603559,0.30744879819492715,100
3,monash_m3_yearly,chronos-t5,spikes_density,0.12,4.361683889845387,0.17988527669331628,100
3,monash_m3_yearly,chronos-2,spikes_density,0.16,7.87979985946084,0.41632590684918364,100
3,monash_m3_yearly,chronos-t5,spikes_density,0.16,5.436352734425711,0.20104122076390973,100
3,monash_m3_yearly,chronos-2,spikes_density,0.2,9.409289675072099,0.4723206797491561,100
3,monash_m3_yearly,chronos-t5,spikes_density,0.2,6.470228774027854,0.21503767694445303,100
3,monash_m3_yearly,chronos-2,spikes_density,0.3,10.207048146845418,0.6403762638756267,100
3,monash_m3_yearly,chronos-t5,spikes_density,0.3,6.607961429821926,0.24527298407261863,100
3,monash_m3_yearly,chronos-2,spikes_density,0.4,16.081209141260377,0.9058092363342012,100
3,monash_m3_yearly,chronos-t5,spikes_density,0.4,7.0753039996077645,0.29512683308114696,100
3,m4_quarterly,chronos-2,clean,0.0,1.1058863737967675,0.07350590730709108,100
3,m4_quarterly,chronos-t5,clean,0.0,1.1581052109990417,0.0773551725837553,100
3,m4_quarterly,chronos-2,spikes_intensity,1.0,1.2872656332128505,0.08533660681175995,100
3,m4_quarterly,chronos-t5,spikes_intensity,1.0,1.39750084523715,0.0944491587766786,100
3,m4_quarterly,chronos-2,spikes_intensity,2.0,1.2465203960386144,0.08094117484443435,100
3,m4_quarterly,chronos-t5,spikes_intensity,2.0,1.3963892961186832,0.09051893562460779,100
3,m4_quarterly,chronos-2,spikes_intensity,4.0,1.2683387265928439,0.08307436441760621,100
3,m4_quarterly,chronos-t5,spikes_intensity,4.0,1.7306469108781557,0.0933026298238197,100
3,m4_quarterly,chronos-2,spikes_intensity,6.0,1.2874551100770708,0.082937998968973,100
3,m4_quarterly,chronos-t5,spikes_intensity,6.0,1.3509360788410303,0.09312840175899637,100
3,m4_quarterly,chronos-2,spikes_intensity,8.0,1.2234782683120229,0.08103892955439378,100
3,m4_quarterly,chronos-t5,spikes_intensity,8.0,1.2365812934821798,0.08016827316733074,100
3,m4_quarterly,chronos-2,spikes_intensity,12.0,1.4135288643743424,0.08624907656138742,100
3,m4_quarterly,chronos-t5,spikes_intensity,12.0,1.4206780475293692,0.0811354205490962,100
3,m4_quarterly,chronos-2,spikes_intensity,16.0,1.364596885750525,0.08634480079012885,100
3,m4_quarterly,chronos-t5,spikes_intensity,16.0,1.2017243840523042,0.07873920842775789,100
3,m4_quarterly,chronos-2,spikes_intensity,20.0,1.619948740812709,0.10550760002605765,100
3,m4_quarterly,chronos-t5,spikes_intensity,20.0,1.2610161140123182,0.0878998043061435,100
3,m4_quarterly,chronos-2,spikes_intensity,30.0,1.7416098354047984,0.11405282882591851,100
3,m4_quarterly,chronos-t5,spikes_intensity,30.0,1.2528219456204974,0.08258732765552636,100
3,m4_quarterly,chronos-2,spikes_intensity,40.0,1.7717320794654403,0.12954946944266088,100
3,m4_quarterly,chronos-t5,spikes_intensity,40.0,1.1851547759576289,0.0757026991196429,100
3,m4_quarterly,chronos-2,spikes_density,0.01,1.2170456544167114,0.08277576103525595,100
3,m4_quarterly,chronos-t5,spikes_density,0.01,1.3649260526888747,0.10431806320626374,100
3,m4_quarterly,chronos-2,spikes_density,0.02,1.5002857367796176,0.08685248509044209,100
3,m4_quarterly,chronos-t5,spikes_density,0.02,2.1660578607881416,0.09398006614932235,100
3,m4_quarterly,chronos-2,spikes_density,0.05,1.4487365391766267,0.10926285031426144,100
3,m4_quarterly,chronos-t5,spikes_density,0.05,1.4860523132517849,0.08195285010167475,100
3,m4_quarterly,chronos-2,spikes_density,0.08,1.91239075933954,0.1295286476971636,100
3,m4_quarterly,chronos-t5,spikes_density,0.08,1.2576461917301907,0.07916394928071474,100
3,m4_quarterly,chronos-2,spikes_density,0.12,2.0411196371495386,0.16415137883536066,100
3,m4_quarterly,chronos-t5,spikes_density,0.12,1.360870210387402,0.0868633561573488,100
3,m4_quarterly,chronos-2,spikes_density,0.16,3.4561528103621115,0.21418371150505364,100
3,m4_quarterly,chronos-t5,spikes_density,0.16,2.633628364066409,0.12706508391412838,100
3,m4_quarterly,chronos-2,spikes_density,0.2,4.758388182933157,0.2945269996179971,100
3,m4_quarterly,chronos-t5,spikes_density,0.2,1.9694803258290583,0.12507876532590248,100
3,m4_quarterly,chronos-2,spikes_density,0.3,6.471175372949196,0.5082314695780923,100
3,m4_quarterly,chronos-t5,spikes_density,0.3,3.3351661604591785,0.17871495849033942,100
3,m4_quarterly,chronos-2,spikes_density,0.4,7.453451671387757,0.7511471025727027,100
3,m4_quarterly,chronos-t5,spikes_density,0.4,7.868303778722979,0.3519803059312188,100
3,m4_yearly,chronos-2,clean,0.0,3.003324720876421,0.11662203541969743,100
3,m4_yearly,chronos-t5,clean,0.0,3.529473569174229,0.1379362281424307,100
3,m4_yearly,chronos-2,spikes_intensity,1.0,3.583159135637404,0.12598562390792045,100
3,m4_yearly,chronos-t5,spikes_intensity,1.0,3.8339385632882856,0.14561217812951094,100
3,m4_yearly,chronos-2,spikes_intensity,2.0,3.7627998031128893,0.13891299946174218,100
3,m4_yearly,chronos-t5,spikes_intensity,2.0,4.0393775592102426,0.1660879026852935,100
3,m4_yearly,chronos-2,spikes_intensity,4.0,3.5077779437963477,0.13200287031096603,100
3,m4_yearly,chronos-t5,spikes_intensity,4.0,4.588469648481761,0.16311410319893227,100
3,m4_yearly,chronos-2,spikes_intensity,6.0,4.0760628994098695,0.1332187082431032,100
3,m4_yearly,chronos-t5,spikes_intensity,6.0,4.9637223047574555,0.16324420855110733,100
3,m4_yearly,chronos-2,spikes_intensity,8.0,3.859970299571637,0.1457867683233663,100
3,m4_yearly,chronos-t5,spikes_intensity,8.0,4.325991095740533,0.15337488372962113,100
3,m4_yearly,chronos-2,spikes_intensity,12.0,4.641232478646771,0.19388077255199107,100
3,m4_yearly,chronos-t5,spikes_intensity,12.0,6.908586328136326,0.28773945590608574,100
3,m4_yearly,chronos-2,spikes_intensity,16.0,3.955970150686726,0.16294887862432975,100
3,m4_yearly,chronos-t5,spikes_intensity,16.0,6.437091915963763,0.29721184569751524,100
3,m4_yearly,chronos-2,spikes_intensity,20.0,4.843492781470923,0.1689334766991673,100
3,m4_yearly,chronos-t5,spikes_intensity,20.0,6.541252647206557,0.19576485836828217,100
3,m4_yearly,chronos-2,spikes_intensity,30.0,4.263742399935715,0.18741511001421418,100
3,m4_yearly,chronos-t5,spikes_intensity,30.0,5.04678014843347,0.19797404845115688,100
3,m4_yearly,chronos-2,spikes_intensity,40.0,5.646519864914256,0.2450604037037848,100
3,m4_yearly,chronos-t5,spikes_intensity,40.0,3.646191093100424,0.14306838611763792,100
3,m4_yearly,chronos-2,spikes_density,0.01,4.204720122172972,0.15497678989613498,100
3,m4_yearly,chronos-t5,spikes_density,0.01,5.599899641947883,0.19616559067014597,100
3,m4_yearly,chronos-2,spikes_density,0.02,3.773667699843614,0.14250455357736802,100
3,m4_yearly,chronos-t5,spikes_density,0.02,8.736251900780815,0.19870826522568516,100
3,m4_yearly,chronos-2,spikes_density,0.05,4.352117969136463,0.17081651207586096,100
3,m4_yearly,chronos-t5,spikes_density,0.05,4.624156599180248,0.16384379976051502,100
3,m4_yearly,chronos-2,spikes_density,0.08,6.6103137051971155,0.2784583301410977,100
3,m4_yearly,chronos-t5,spikes_density,0.08,4.464216373284873,0.2047580543396316,100
3,m4_yearly,chronos-2,spikes_density,0.12,7.538836811650335,0.2908839692235935,100
3,m4_yearly,chronos-t5,spikes_density,0.12,4.576100450288221,0.15309846708722785,100
3,m4_yearly,chronos-2,spikes_density,0.16,11.405450993667143,0.39689063542348924,100
3,m4_yearly,chronos-t5,spikes_density,0.16,4.835320612878332,0.17041726063171592,100
3,m4_yearly,chronos-2,spikes_density,0.2,11.324522727621925,0.4288622373687116,100
3,m4_yearly,chronos-t5,spikes_density,0.2,4.700988469044572,0.1726722976922212,100
3,m4_yearly,chronos-2,spikes_density,0.3,17.40989687293954,0.6827483982906206,100
3,m4_yearly,chronos-t5,spikes_density,0.3,8.804789795854918,0.23096599646210336,100
3,m4_yearly,chronos-2,spikes_density,0.4,21.026872630892687,0.9328914349491328,100
3,m4_yearly,chronos-t5,spikes_density,0.4,15.375924926035896,0.36773990274384727,100
3,m5,chronos-2,clean,0.0,0.8902796015181903,0.5276950502475531,100
3,m5,chronos-t5,clean,0.0,0.9152554329702737,0.5647185148180599,100
3,m5,chronos-2,spikes_intensity,1.0,0.8895775486214517,0.5254464368577078,100
3,m5,chronos-t5,spikes_intensity,1.0,0.9150433743887019,0.5765249822248935,100
3,m5,chronos-2,spikes_intensity,2.0,0.8916792954120771,0.5288230073994251,100
3,m5,chronos-t5,spikes_intensity,2.0,0.9242732151666236,0.5672299085195445,100
3,m5,chronos-2,spikes_intensity,4.0,0.8979418343025707,0.5358850795477487,100
3,m5,chronos-t5,spikes_intensity,4.0,0.9120673810710466,0.5674743452785491,100
3,m5,chronos-2,spikes_intensity,6.0,0.8979688705663648,0.5355306124675827,100
3,m5,chronos-t5,spikes_intensity,6.0,0.9302149979851151,0.576203321374848,100
3,m5,chronos-2,spikes_intensity,8.0,0.9019043264056589,0.5348124739442285,100
3,m5,chronos-t5,spikes_intensity,8.0,0.9201017423000832,0.581755167089495,100
3,m5,chronos-2,spikes_intensity,12.0,0.9182792445699913,0.5525545920323548,100
3,m5,chronos-t5,spikes_intensity,12.0,0.9056869040391712,0.5648767844550824,100
3,m5,chronos-2,spikes_intensity,16.0,0.9161489034967695,0.5531335724417095,100
3,m5,chronos-t5,spikes_intensity,16.0,0.9096019623993188,0.5733572494528559,100
3,m5,chronos-2,spikes_intensity,20.0,0.9225976802299728,0.5653175660237855,100
3,m5,chronos-t5,spikes_intensity,20.0,0.9154549148776647,0.5790333323315973,100
3,m5,chronos-2,spikes_intensity,30.0,0.9329173044909544,0.581859108492238,100
3,m5,chronos-t5,spikes_intensity,30.0,0.9209002363783114,0.579446868764569,100
3,m5,chronos-2,spikes_intensity,40.0,0.935051143189933,0.5871513512222275,100
3,m5,chronos-t5,spikes_intensity,40.0,0.9120329598377687,0.572366107666407,100
3,m5,chronos-2,spikes_density,0.01,0.9003672922405715,0.5327205824615631,100
3,m5,chronos-t5,spikes_density,0.01,0.9040026230017111,0.5584570520465846,100
3,m5,chronos-2,spikes_density,0.02,0.901801965250857,0.5342902522465807,100
3,m5,chronos-t5,spikes_density,0.02,0.9192351193733632,0.5639096647703067,100
3,m5,chronos-2,spikes_density,0.05,0.9268331895412371,0.5659826960216776,100
3,m5,chronos-t5,spikes_density,0.05,0.8971769632139366,0.5673945549954489,100
3,m5,chronos-2,spikes_density,0.08,0.943133670044524,0.6034082434623906,100
3,m5,chronos-t5,spikes_density,0.08,0.9242342185505822,0.5837992843794558,100
3,m5,chronos-2,spikes_density,0.12,0.9666793662926741,0.650646902660492,100
3,m5,chronos-t5,spikes_density,0.12,0.9078869291673137,0.5766946950665255,100
3,m5,chronos-2,spikes_density,0.16,1.0102449467162882,0.7220515910183978,100
3,m5,chronos-t5,spikes_density,0.16,0.9074842642513139,0.5839799489924677,100
3,m5,chronos-2,spikes_density,0.2,1.0354435776979696,0.8223498720242561,100
3,m5,chronos-t5,spikes_density,0.2,0.9117945935293973,0.5901531399550382,100
3,m5,chronos-2,spikes_density,0.3,1.1078688797262637,1.4247260353169255,100
3,m5,chronos-t5,spikes_density,0.3,0.9343081871957596,0.6561962857623993,100
3,m5,chronos-2,spikes_density,0.4,1.2183082295103862,2.6059566751345624,100
3,m5,chronos-t5,spikes_density,0.4,0.9438683991010628,0.682918288864388,100
3,nn5,chronos-2,clean,0.0,0.5565058217844888,0.14566301635161222,100
3,nn5,chronos-t5,clean,0.0,0.6061354766023722,0.16582509942003024,100
3,nn5,chronos-2,spikes_intensity,1.0,0.5615030192986068,0.14647677133488393,100
3,nn5,chronos-t5,spikes_intensity,1.0,0.5888389454779722,0.16274191514183228,100
3,nn5,chronos-2,spikes_intensity,2.0,0.5697023207121167,0.14808953885817147,100
3,nn5,chronos-t5,spikes_intensity,2.0,0.5923484897910406,0.16360610287932895,100
3,nn5,chronos-2,spikes_intensity,4.0,0.5799062754404781,0.15102452702938296,100
3,nn5,chronos-t5,spikes_intensity,4.0,0.6289826731338551,0.17275570153477826,100
3,nn5,chronos-2,spikes_intensity,6.0,0.5673699080060143,0.1477595803631678,100
3,nn5,chronos-t5,spikes_intensity,6.0,0.6237142405224215,0.17035006750748488,100
3,nn5,chronos-2,spikes_intensity,8.0,0.5607186797067211,0.14721099876246288,100
3,nn5,chronos-t5,spikes_intensity,8.0,0.6110793602861081,0.16675325482453807,100
3,nn5,chronos-2,spikes_intensity,12.0,0.5635967540776562,0.14851329033414845,100
3,nn5,chronos-t5,spikes_intensity,12.0,0.589706233017784,0.1609189320927617,100
3,nn5,chronos-2,spikes_intensity,16.0,0.5692805608012527,0.15018775780720342,100
3,nn5,chronos-t5,spikes_intensity,16.0,0.5959164506777762,0.1618096932406148,100
3,nn5,chronos-2,spikes_intensity,20.0,0.5715395621778796,0.15222419028887488,100
3,nn5,chronos-t5,spikes_intensity,20.0,0.5934112138339125,0.15966565965542015,100
3,nn5,chronos-2,spikes_intensity,30.0,0.5860885511922564,0.1548887292965324,100
3,nn5,chronos-t5,spikes_intensity,30.0,0.5950804915385912,0.16110837277953566,100
3,nn5,chronos-2,spikes_intensity,40.0,0.6087350069416048,0.16041307343061975,100
3,nn5,chronos-t5,spikes_intensity,40.0,0.5929597690415617,0.1594111706373074,100
3,nn5,chronos-2,spikes_density,0.01,0.5638101269625023,0.1478562136604164,100
3,nn5,chronos-t5,spikes_density,0.01,0.5951932691632933,0.16244675954225343,100
3,nn5,chronos-2,spikes_density,0.02,0.5715929595663954,0.14943422893375313,100
3,nn5,chronos-t5,spikes_density,0.02,0.600963299942308,0.16343161355761582,100
3,nn5,chronos-2,spikes_density,0.05,0.5765198335315989,0.15284009905688165,100
3,nn5,chronos-t5,spikes_density,0.05,0.5979634629591605,0.1612902241785776,100
3,nn5,chronos-2,spikes_density,0.08,0.6426162659186586,0.17567325063771777,100
3,nn5,chronos-t5,spikes_density,0.08,0.6037433785791394,0.16141997770535066,100
3,nn5,chronos-2,spikes_density,0.12,0.8168782009822988,0.24140557913987404,100
3,nn5,chronos-t5,spikes_density,0.12,0.6347580413901938,0.16880688295990942,100
3,nn5,chronos-2,spikes_density,0.16,0.9475649382419902,0.3042356654179898,100
3,nn5,chronos-t5,spikes_density,0.16,0.7120624900943715,0.18934015206972896,100
3,nn5,chronos-2,spikes_density,0.2,0.9970933674530241,0.35792054850930843,100
3,nn5,chronos-t5,spikes_density,0.2,0.8004193987622394,0.21133472351965063,100
3,nn5,chronos-2,spikes_density,0.3,1.0563723022055476,0.567509328981687,100
3,nn5,chronos-t5,spikes_density,0.3,1.2217614879103715,0.33407227181779975,100
3,nn5,chronos-2,spikes_density,0.4,1.119959258144528,1.0408212600977425,100
3,nn5,chronos-t5,spikes_density,0.4,1.0781385926965836,0.33033607537026605,100
3,monash_nn5_weekly,chronos-2,clean,0.0,0.85885852195396,0.07810001991339675,100
3,monash_nn5_weekly,chronos-t5,clean,0.0,0.9317544038071133,0.08646755932363669,100
3,monash_nn5_weekly,chronos-2,spikes_intensity,1.0,0.8808685463101155,0.07920322918077287,100
3,monash_nn5_weekly,chronos-t5,spikes_intensity,1.0,0.9487500971027854,0.08741009643439625,100
3,monash_nn5_weekly,chronos-2,spikes_intensity,2.0,0.88820243765868,0.0801834269305764,100
3,monash_nn5_weekly,chronos-t5,spikes_intensity,2.0,0.9425587071712035,0.08686449278890074,100
3,monash_nn5_weekly,chronos-2,spikes_intensity,4.0,0.9226314721400988,0.08429754600197392,100
3,monash_nn5_weekly,chronos-t5,spikes_intensity,4.0,0.9563235422743257,0.08922832341143526,100
3,monash_nn5_weekly,chronos-2,spikes_intensity,6.0,0.9168612700056075,0.08369471553805034,100
3,monash_nn5_weekly,chronos-t5,spikes_intensity,6.0,0.9320384837674642,0.08701421718213607,100
3,monash_nn5_weekly,chronos-2,spikes_intensity,8.0,0.9649933516253517,0.08740729943041693,100
3,monash_nn5_weekly,chronos-t5,spikes_intensity,8.0,0.9477763059287864,0.08861872881126541,100
3,monash_nn5_weekly,chronos-2,spikes_intensity,12.0,0.911026706098821,0.08414689566453816,100
3,monash_nn5_weekly,chronos-t5,spikes_intensity,12.0,0.9177453190877277,0.08560838376941599,100
3,monash_nn5_weekly,chronos-2,spikes_intensity,16.0,0.931711390867172,0.08763368119620198,100
3,monash_nn5_weekly,chronos-t5,spikes_intensity,16.0,0.9261139307837389,0.08607868320368377,100
3,monash_nn5_weekly,chronos-2,spikes_intensity,20.0,0.96050693099848,0.089725739615753,100
3,monash_nn5_weekly,chronos-t5,spikes_intensity,20.0,0.928475874173744,0.08595454093335239,100
3,monash_nn5_weekly,chronos-2,spikes_intensity,30.0,0.9372627746692939,0.09252852870961988,100
3,monash_nn5_weekly,chronos-t5,spikes_intensity,30.0,0.9487912269085758,0.08672402391703077,100
3,monash_nn5_weekly,chronos-2,spikes_intensity,40.0,0.9704255262036747,0.09204920981229667,100
3,monash_nn5_weekly,chronos-t5,spikes_intensity,40.0,0.9472557960756239,0.08688672646881022,100
3,monash_nn5_weekly,chronos-2,spikes_density,0.01,1.0788568440743191,0.1031142846291705,100
3,monash_nn5_weekly,chronos-t5,spikes_density,0.01,0.9408931030268752,0.0906858164968464,100
3,monash_nn5_weekly,chronos-2,spikes_density,0.02,0.8990468650210766,0.08558548573063798,100
3,monash_nn5_weekly,chronos-t5,spikes_density,0.02,0.9267568812615414,0.08640440360610552,100
3,monash_nn5_weekly,chronos-2,spikes_density,0.05,1.0100859266022617,0.0953367197687363,100
3,monash_nn5_weekly,chronos-t5,spikes_density,0.05,0.9407153521994565,0.08719784198041514,100
3,monash_nn5_weekly,chronos-2,spikes_density,0.08,1.205844305565166,0.10870955165536007,100
3,monash_nn5_weekly,chronos-t5,spikes_density,0.08,0.9238512631204192,0.08506010166743108,100
3,monash_nn5_weekly,chronos-2,spikes_density,0.12,1.0553603608911357,0.11679897044425047,100
3,monash_nn5_weekly,chronos-t5,spikes_density,0.12,0.9294718841931154,0.08560242244748748,100
3,monash_nn5_weekly,chronos-2,spikes_density,0.16,1.1122473060931979,0.13275657956569792,100
3,monash_nn5_weekly,chronos-t5,spikes_density,0.16,0.9486018142704887,0.08823722804735176,100
3,monash_nn5_weekly,chronos-2,spikes_density,0.2,1.1106363558350256,0.1491377269415948,100
3,monash_nn5_weekly,chronos-t5,spikes_density,0.2,0.964316442346915,0.08786059548762239,100
3,monash_nn5_weekly,chronos-2,spikes_density,0.3,1.313054833261992,0.2617945944885038,100
3,monash_nn5_weekly,chronos-t5,spikes_density,0.3,1.1923699125957952,0.12711090472366549,100
3,monash_nn5_weekly,chronos-2,spikes_density,0.4,1.6961263463635623,0.42419414128908606,100
3,monash_nn5_weekly,chronos-t5,spikes_density,0.4,2.0926570430041904,0.22278118005293557,100
3,monash_tourism_monthly,chronos-2,clean,0.0,1.3430131286102536,0.06909977408430708,100
3,monash_tourism_monthly,chronos-t5,clean,0.0,1.8051369685502838,0.09647651554413017,100
3,monash_tourism_monthly,chronos-2,spikes_intensity,1.0,1.3851419659359583,0.0731474176651144,100
3,monash_tourism_monthly,chronos-t5,spikes_intensity,1.0,1.8963750680611062,0.10284820129338398,100
3,monash_tourism_monthly,chronos-2,spikes_intensity,2.0,1.4270080120731454,0.07872991182059223,100
3,monash_tourism_monthly,chronos-t5,spikes_intensity,2.0,1.9480680238137158,0.11894297856157604,100
3,monash_tourism_monthly,chronos-2,spikes_intensity,4.0,1.4499138699334297,0.0825108011166184,100
3,monash_tourism_monthly,chronos-t5,spikes_intensity,4.0,2.007963764934135,0.11618613041197608,100
3,monash_tourism_monthly,chronos-2,spikes_intensity,6.0,1.5399211236181478,0.09087638202226203,100
3,monash_tourism_monthly,chronos-t5,spikes_intensity,6.0,2.0022961503112864,0.11213108288666364,100
3,monash_tourism_monthly,chronos-2,spikes_intensity,8.0,1.5292083699788406,0.09263405644270192,100
3,monash_tourism_monthly,chronos-t5,spikes_intensity,8.0,2.045017219883511,0.11025924769050077,100
3,monash_tourism_monthly,chronos-2,spikes_intensity,12.0,1.5786696779637404,0.09301913879980182,100
3,monash_tourism_monthly,chronos-t5,spikes_intensity,12.0,1.8606514120632294,0.09968527853672743,100
3,monash_tourism_monthly,chronos-2,spikes_intensity,16.0,1.6993768415267414,0.10026718264369419,100
3,monash_tourism_monthly,chronos-t5,spikes_intensity,16.0,1.859249185631683,0.1016593995077605,100
3,monash_tourism_monthly,chronos-2,spikes_intensity,20.0,1.709162105131293,0.10634592830840492,100
3,monash_tourism_monthly,chronos-t5,spikes_intensity,20.0,1.878638016218736,0.09905402182704065,100
3,monash_tourism_monthly,chronos-2,spikes_intensity,30.0,1.7949390050269052,0.12368415768513584,100
3,monash_tourism_monthly,chronos-t5,spikes_intensity,30.0,1.8174278953888505,0.09839448344108682,100
3,monash_tourism_monthly,chronos-2,spikes_intensity,40.0,1.8317661822440414,0.11381814875510377,100
3,monash_tourism_monthly,chronos-t5,spikes_intensity,40.0,1.8201071666106274,0.09548939978649254,100
3,monash_tourism_monthly,chronos-2,spikes_density,0.01,1.3850569156697599,0.0711920342254028,100
3,monash_tourism_monthly,chronos-t5,spikes_density,0.01,1.845354542644626,0.09498383530654547,100
3,monash_tourism_monthly,chronos-2,spikes_density,0.02,1.4207919141335175,0.0773091259383426,100
3,monash_tourism_monthly,chronos-t5,spikes_density,0.02,1.8309837840226721,0.09296356160648031,100
3,monash_tourism_monthly,chronos-2,spikes_density,0.05,1.7125069213011666,0.10543865464228047,100
3,monash_tourism_monthly,chronos-t5,spikes_density,0.05,1.8875761575323644,0.09518847375024653,100
3,monash_tourism_monthly,chronos-2,spikes_density,0.08,2.104733536291958,0.15359278987298028,100
3,monash_tourism_monthly,chronos-t5,spikes_density,0.08,1.9152280228631822,0.10873785572128637,100
3,monash_tourism_monthly,chronos-2,spikes_density,0.12,2.6914469435857886,0.22130089625579985,100
3,monash_tourism_monthly,chronos-t5,spikes_density,0.12,1.9913826641332737,0.1143986863070636,100
3,monash_tourism_monthly,chronos-2,spikes_density,0.16,3.4141717334837436,0.30430819015952,100
3,monash_tourism_monthly,chronos-t5,spikes_density,0.16,2.2641525381107743,0.1365563664987938,100
3,monash_tourism_monthly,chronos-2,spikes_density,0.2,3.8071359995536733,0.36951910623358913,100
3,monash_tourism_monthly,chronos-t5,spikes_density,0.2,3.209413771037461,0.19971651949257008,100
3,monash_tourism_monthly,chronos-2,spikes_density,0.3,4.668056678682445,0.5744902234237764,100
3,monash_tourism_monthly,chronos-t5,spikes_density,0.3,3.8133247243043047,0.29140612059571763,100
3,monash_tourism_monthly,chronos-2,spikes_density,0.4,4.657263821684981,0.8301379848037476,100
3,monash_tourism_monthly,chronos-t5,spikes_density,0.4,7.994340222542187,0.7674982516344793,100
3,monash_tourism_quarterly,chronos-2,clean,0.0,1.5904319369414341,0.07053812492950641,100
3,monash_tourism_quarterly,chronos-t5,clean,0.0,1.7206499430180093,0.07650739574266475,100
3,monash_tourism_quarterly,chronos-2,spikes_intensity,1.0,1.7362936226946544,0.07916085581086413,100
3,monash_tourism_quarterly,chronos-t5,spikes_intensity,1.0,1.9970317001412992,0.09601944368467463,100
3,monash_tourism_quarterly,chronos-2,spikes_intensity,2.0,1.8065184079342567,0.08634363557576008,100
3,monash_tourism_quarterly,chronos-t5,spikes_intensity,2.0,2.0296734016462796,0.09121069375189458,100
3,monash_tourism_quarterly,chronos-2,spikes_intensity,4.0,1.7919141230972642,0.09923332172503413,100
3,monash_tourism_quarterly,chronos-t5,spikes_intensity,4.0,2.296394536170546,0.09189183536642355,100
3,monash_tourism_quarterly,chronos-2,spikes_intensity,6.0,1.943644307514079,0.10783704712301197,100
3,monash_tourism_quarterly,chronos-t5,spikes_intensity,6.0,1.9642256601565842,0.08811276943297715,100
3,monash_tourism_quarterly,chronos-2,spikes_intensity,8.0,1.8375016761174685,0.10144558365489029,100
3,monash_tourism_quarterly,chronos-t5,spikes_intensity,8.0,1.8962155239629113,0.08727225925076891,100
3,monash_tourism_quarterly,chronos-2,spikes_intensity,12.0,1.9749236699421109,0.1084206194682954,100
3,monash_tourism_quarterly,chronos-t5,spikes_intensity,12.0,1.9051649086260243,0.1066072379432556,100
3,monash_tourism_quarterly,chronos-2,spikes_intensity,16.0,2.216432524063732,0.12163628973860773,100
3,monash_tourism_quarterly,chronos-t5,spikes_intensity,16.0,1.9120191706663752,0.0856274931391067,100
3,monash_tourism_quarterly,chronos-2,spikes_intensity,20.0,2.241686769821876,0.11298022902224956,100
3,monash_tourism_quarterly,chronos-t5,spikes_intensity,20.0,1.8063075039689942,0.08332273764538407,100
3,monash_tourism_quarterly,chronos-2,spikes_intensity,30.0,2.6185371312961268,0.1259205543628622,100
3,monash_tourism_quarterly,chronos-t5,spikes_intensity,30.0,1.8272543614099193,0.07801857710103438,100
3,monash_tourism_quarterly,chronos-2,spikes_intensity,40.0,2.60797379691497,0.1951110319711555,100
3,monash_tourism_quarterly,chronos-t5,spikes_intensity,40.0,1.6923759088359276,0.06685926810721247,100
3,monash_tourism_quarterly,chronos-2,spikes_density,0.01,2.3717670922836684,0.5842917405716388,100
3,monash_tourism_quarterly,chronos-t5,spikes_density,0.01,1.782796461425612,0.19943801069148515,100
3,monash_tourism_quarterly,chronos-2,spikes_density,0.02,2.259422885718132,0.07620514293069791,100
3,monash_tourism_quarterly,chronos-t5,spikes_density,0.02,1.7547055548933377,0.07505635587599822,100
3,monash_tourism_quarterly,chronos-2,spikes_density,0.05,2.0325748359874067,0.10027609283262247,100
3,monash_tourism_quarterly,chronos-t5,spikes_density,0.05,1.8892917741143587,0.07880160118216978,100
3,monash_tourism_quarterly,chronos-2,spikes_density,0.08,3.1004358929601312,0.21243071598803512,100
3,monash_tourism_quarterly,chronos-t5,spikes_density,0.08,1.7861324292541496,0.07195882491634455,100
3,monash_tourism_quarterly,chronos-2,spikes_density,0.12,3.3115838476291106,0.20768559579799295,100
3,monash_tourism_quarterly,chronos-t5,spikes_density,0.12,2.2517298909197616,0.12208115448573552,100
3,monash_tourism_quarterly,chronos-2,spikes_density,0.16,4.122779521474046,0.309601165241858,100
3,monash_tourism_quarterly,chronos-t5,spikes_density,0.16,2.0245847062479645,0.10736062834780598,100
3,monash_tourism_quarterly,chronos-2,spikes_density,0.2,4.708469011072351,0.3822277187343943,100
3,monash_tourism_quarterly,chronos-t5,spikes_density,0.2,2.8080656148377052,0.2174082272437857,100
3,monash_tourism_quarterly,chronos-2,spikes_density,0.3,5.799775166220675,0.573120744096062,100
3,monash_tourism_quarterly,chronos-t5,spikes_density,0.3,5.638444723425193,0.32483754942984966,100
3,monash_tourism_quarterly,chronos-2,spikes_density,0.4,6.365809099890961,0.9490147335104397,100
3,monash_tourism_quarterly,chronos-t5,spikes_density,0.4,8.185455806653481,0.5948802347693567,100
3,monash_tourism_yearly,chronos-2,clean,0.0,3.5704327729167913,0.16546482529220838,100
3,monash_tourism_yearly,chronos-t5,clean,0.0,3.969176114023335,0.22389626929547035,100
3,monash_tourism_yearly,chronos-2,spikes_intensity,1.0,3.606840022527913,0.18850889927783798,100
3,monash_tourism_yearly,chronos-t5,spikes_intensity,1.0,4.024444519742865,0.24098939456965005,100
3,monash_tourism_yearly,chronos-2,spikes_intensity,2.0,3.657747727613545,0.2639568243600291,100
3,monash_tourism_yearly,chronos-t5,spikes_intensity,2.0,4.184022170016976,0.31514459998646854,100
3,monash_tourism_yearly,chronos-2,spikes_intensity,4.0,3.61708456907001,0.166057424403059,100
3,monash_tourism_yearly,chronos-t5,spikes_intensity,4.0,4.532798932194578,0.23086948106032765,100
3,monash_tourism_yearly,chronos-2,spikes_intensity,6.0,3.905829147475446,0.18729152287637327,100
3,monash_tourism_yearly,chronos-t5,spikes_intensity,6.0,4.961424862908537,0.24789301049210297,100
3,monash_tourism_yearly,chronos-2,spikes_intensity,8.0,3.5690297358137606,0.15530066704044324,100
3,monash_tourism_yearly,chronos-t5,spikes_intensity,8.0,4.343111060034389,0.20500140711390052,100
3,monash_tourism_yearly,chronos-2,spikes_intensity,12.0,3.3786815089567046,0.1643250005779958,100
3,monash_tourism_yearly,chronos-t5,spikes_intensity,12.0,5.596564290293206,0.2159310756636003,100
3,monash_tourism_yearly,chronos-2,spikes_intensity,16.0,4.2195312855892295,0.217890088853794,100
3,monash_tourism_yearly,chronos-t5,spikes_intensity,16.0,4.992745557276504,0.2957456892227366,100
3,monash_tourism_yearly,chronos-2,spikes_intensity,20.0,3.19357363326322,0.19192338845932955,100
3,monash_tourism_yearly,chronos-t5,spikes_intensity,20.0,4.048449913663105,0.19665965362968155,100
3,monash_tourism_yearly,chronos-2,spikes_intensity,30.0,4.359769992072609,0.21370964701643502,100
3,monash_tourism_yearly,chronos-t5,spikes_intensity,30.0,7.220368881020141,0.27142656660300735,100
3,monash_tourism_yearly,chronos-2,spikes_intensity,40.0,4.176649263190398,0.20390561386774503,100
3,monash_tourism_yearly,chronos-t5,spikes_intensity,40.0,5.761654312455699,0.18394998405234722,100
3,monash_tourism_yearly,chronos-2,spikes_density,0.01,4.023292394690441,0.2045577425553941,100
3,monash_tourism_yearly,chronos-t5,spikes_density,0.01,4.669466127645558,0.20716402563711234,100
3,monash_tourism_yearly,chronos-2,spikes_density,0.02,4.3834210731936505,0.17857431752578268,100
3,monash_tourism_yearly,chronos-t5,spikes_density,0.02,4.400249796700693,0.23979283875789134,100
3,monash_tourism_yearly,chronos-2,spikes_density,0.05,4.314989936635193,0.15827354437231544,100
3,monash_tourism_yearly,chronos-t5,spikes_density,0.05,5.576452776392516,0.2091353851696556,100
3,monash_tourism_yearly,chronos-2,spikes_density,0.08,4.6482220805919185,0.24452548712896865,100
3,monash_tourism_yearly,chronos-t5,spikes_density,0.08,4.183524175660412,0.2777510349465457,100
3,monash_tourism_yearly,chronos-2,spikes_density,0.12,6.267772465527905,0.22597918477855966,100
3,monash_tourism_yearly,chronos-t5,spikes_density,0.12,4.436183130367748,0.26610170381027065,100
3,monash_tourism_yearly,chronos-2,spikes_density,0.16,6.851606974711038,0.2387693491753865,100
3,monash_tourism_yearly,chronos-t5,spikes_density,0.16,5.103495073207628,0.21795415954955477,100
3,monash_tourism_yearly,chronos-2,spikes_density,0.2,7.559936317714005,0.24556741765326645,100
3,monash_tourism_yearly,chronos-t5,spikes_density,0.2,4.193797360605324,0.19612212075750032,100
3,monash_tourism_yearly,chronos-2,spikes_density,0.3,8.763112609222617,0.9938816718944423,100
3,monash_tourism_yearly,chronos-t5,spikes_density,0.3,4.431237261154666,1.1794402155927939,100
3,monash_tourism_yearly,chronos-2,spikes_density,0.4,15.599333727619605,0.7096596057641057,100
3,monash_tourism_yearly,chronos-t5,spikes_density,0.4,5.200430078613466,0.17982367101496718,100
3,monash_traffic,chronos-2,clean,0.0,0.8271235376076017,0.2736839843613832,100
3,monash_traffic,chronos-t5,clean,0.0,0.8164206544661762,0.2847577724421275,100
3,monash_traffic,chronos-2,spikes_intensity,1.0,0.8148949129309725,0.2634790115654366,100
3,monash_traffic,chronos-t5,spikes_intensity,1.0,0.8411261228298269,0.2852886790328337,100
3,monash_traffic,chronos-2,spikes_intensity,2.0,0.8410449459038021,0.2690733767444215,100
3,monash_traffic,chronos-t5,spikes_intensity,2.0,0.8165509354819624,0.27432573118755377,100
3,monash_traffic,chronos-2,spikes_intensity,4.0,0.8292699788072186,0.26580054804342246,100
3,monash_traffic,chronos-t5,spikes_intensity,4.0,0.8171823606883585,0.27904300629840617,100
3,monash_traffic,chronos-2,spikes_intensity,6.0,0.870917455388981,0.27727739650518,100
3,monash_traffic,chronos-t5,spikes_intensity,6.0,0.8129982167536395,0.2783190809576357,100
3,monash_traffic,chronos-2,spikes_intensity,8.0,0.8777470963263199,0.28297425341815036,100
3,monash_traffic,chronos-t5,spikes_intensity,8.0,0.8227290419352613,0.2773620484118066,100
3,monash_traffic,chronos-2,spikes_intensity,12.0,0.900153356781323,0.29218950532867294,100
3,monash_traffic,chronos-t5,spikes_intensity,12.0,0.830759399407631,0.28139810709436086,100
3,monash_traffic,chronos-2,spikes_intensity,16.0,0.9088860867652649,0.29050650636229725,100
3,monash_traffic,chronos-t5,spikes_intensity,16.0,0.8227820290196108,0.2820506914937211,100
3,monash_traffic,chronos-2,spikes_intensity,20.0,0.923330117826722,0.2862725447179623,100
3,monash_traffic,chronos-t5,spikes_intensity,20.0,0.8435878542975808,0.2852031519003031,100
3,monash_traffic,chronos-2,spikes_intensity,30.0,1.0077904193451097,0.3113679174876611,100
3,monash_traffic,chronos-t5,spikes_intensity,30.0,0.8563144619850421,0.28832681329911547,100
3,monash_traffic,chronos-2,spikes_intensity,40.0,1.0456164144065163,0.31530951298817,100
3,monash_traffic,chronos-t5,spikes_intensity,40.0,0.8806546924937394,0.3058009225072804,100
3,monash_traffic,chronos-2,spikes_density,0.01,0.8353221782044681,0.2728972148964999,100
3,monash_traffic,chronos-t5,spikes_density,0.01,0.8511366723952444,0.2931313335451413,100
3,monash_traffic,chronos-2,spikes_density,0.02,0.8503101905237198,0.2775767323688129,100
3,monash_traffic,chronos-t5,spikes_density,0.02,0.8372076771345023,0.28625675564993514,100
3,monash_traffic,chronos-2,spikes_density,0.05,0.9440530507230938,0.30092486983316874,100
3,monash_traffic,chronos-t5,spikes_density,0.05,0.8342147023238227,0.287532837642795,100
3,monash_traffic,chronos-2,spikes_density,0.08,1.0928344525348832,0.33150671566336026,100
3,monash_traffic,chronos-t5,spikes_density,0.08,0.8258992659693558,0.28077256174980686,100
3,monash_traffic,chronos-2,spikes_density,0.12,1.325476427683949,0.39602369684820604,100
3,monash_traffic,chronos-t5,spikes_density,0.12,0.8104787049553583,0.2750164164311207,100
3,monash_traffic,chronos-2,spikes_density,0.16,1.5168609795058758,0.48415016463748173,100
3,monash_traffic,chronos-t5,spikes_density,0.16,0.8250732864432327,0.30196858134128407,100
3,monash_traffic,chronos-2,spikes_density,0.2,1.6456311158732009,0.547849713992658,100
3,monash_traffic,chronos-t5,spikes_density,0.2,0.8711240753098036,0.34025963000645437,100
3,monash_traffic,chronos-2,spikes_density,0.3,1.914318096309646,1.0463329324140607,100
3,monash_traffic,chronos-t5,spikes_density,0.3,0.9014979753347556,0.3948280347356436,100
3,monash_traffic,chronos-2,spikes_density,0.4,1.9673905956481283,2.133191435879846,100
3,monash_traffic,chronos-t5,spikes_density,0.4,1.4746253009193868,0.6602082180410461,100
3,monash_weather,chronos-2,clean,0.0,0.9775839384301249,0.12512084985369903,100
3,monash_weather,chronos-t5,clean,0.0,1.0414143068397272,0.14619750074743998,100
3,monash_weather,chronos-2,spikes_intensity,1.0,0.9765095087589961,0.12598367109660033,100
3,monash_weather,chronos-t5,spikes_intensity,1.0,1.0169878295948112,0.14543172885786268,100
3,monash_weather,chronos-2,spikes_intensity,2.0,0.9784453588179761,0.1266569825126719,100
3,monash_weather,chronos-t5,spikes_intensity,2.0,1.0319451204708585,0.14876309899102183,100
3,monash_weather,chronos-2,spikes_intensity,4.0,0.9721503734630379,0.1277206657328932,100
3,monash_weather,chronos-t5,spikes_intensity,4.0,1.0317591866554021,0.1497319271972874,100
3,monash_weather,chronos-2,spikes_intensity,6.0,0.9743953293762863,0.12861972347576056,100
3,monash_weather,chronos-t5,spikes_intensity,6.0,1.032810071689526,0.1489764131106039,100
3,monash_weather,chronos-2,spikes_intensity,8.0,0.9759823498572348,0.12904077705106992,100
3,monash_weather,chronos-t5,spikes_intensity,8.0,1.0547712514917518,0.14883747114392915,100
3,monash_weather,chronos-2,spikes_intensity,12.0,0.9764911446403451,0.1304189907245791,100
3,monash_weather,chronos-t5,spikes_intensity,12.0,1.0661079165999379,0.14738466068548534,100
3,monash_weather,chronos-2,spikes_intensity,16.0,0.9821947744099322,0.1314518159464191,100
3,monash_weather,chronos-t5,spikes_intensity,16.0,1.3573266375999635,0.16686956636324587,100
3,monash_weather,chronos-2,spikes_intensity,20.0,0.9843048028624662,0.1318636877854391,100
3,monash_weather,chronos-t5,spikes_intensity,20.0,1.0374068071290343,0.14450021540716093,100
3,monash_weather,chronos-2,spikes_intensity,30.0,0.9994637917203152,0.13450837071576974,100
3,monash_weather,chronos-t5,spikes_intensity,30.0,1.0418653274749643,0.1522312164190417,100
3,monash_weather,chronos-2,spikes_intensity,40.0,1.0150594087875928,0.1384886009116324,100
3,monash_weather,chronos-t5,spikes_intensity,40.0,1.0532160967505937,0.15457469474010757,100
3,monash_weather,chronos-2,spikes_density,0.01,0.9703861367286739,0.12610678354039156,100
3,monash_weather,chronos-t5,spikes_density,0.01,1.033178238664708,0.14496610393460263,100
3,monash_weather,chronos-2,spikes_density,0.02,0.9821195369198229,0.1276540109953748,100
3,monash_weather,chronos-t5,spikes_density,0.02,1.0297982928519207,0.14574015102326424,100
3,monash_weather,chronos-2,spikes_density,0.05,1.0236001269113604,0.13273517250128108,100
3,monash_weather,chronos-t5,spikes_density,0.05,1.0668335215938407,0.14442247925510732,100
3,monash_weather,chronos-2,spikes_density,0.08,1.0036910669677432,0.1421167950334238,100
3,monash_weather,chronos-t5,spikes_density,0.08,1.0370276288554765,0.14306935466353543,100
3,monash_weather,chronos-2,spikes_density,0.12,1.057745848851655,0.1852056636616464,100
3,monash_weather,chronos-t5,spikes_density,0.12,1.0293297369886638,0.14488532555323508,100
3,monash_weather,chronos-2,spikes_density,0.16,1.2809615703854225,0.27662754785961485,100
3,monash_weather,chronos-t5,spikes_density,0.16,1.028974021472966,0.15362988407422523,100
3,monash_weather,chronos-2,spikes_density,0.2,1.6721843547217623,0.37218803842650516,100
3,monash_weather,chronos-t5,spikes_density,0.2,1.2875125671648275,0.15368684333850424,100
3,monash_weather,chronos-2,spikes_density,0.3,2.2282902785809857,0.7154568409238293,100
3,monash_weather,chronos-t5,spikes_density,0.3,1.1070964822746168,0.18299091230421577,100
3,monash_weather,chronos-2,spikes_density,0.4,2.3485796370635743,1.4928715367366496,100
3,monash_weather,chronos-t5,spikes_density,0.4,2.0579316403073555,0.3586775278436314,100
