seed,dataset,model,family,severity,MASE,WQL,n_series
0,monash_australian_electricity,chronos-2,clean,0.0,0.6271804180014168,0.030672134058366392,5
0,monash_australian_electricity,chronos-t5,clean,0.0,1.184876521529985,0.06980471901413274,5
0,monash_australian_electricity,chronos-2,regime_trend,0.5,1.905909754000273,0.10617292728528106,5
0,monash_australian_electricity,chronos-t5,regime_trend,0.5,2.4987506641943202,0.16924585777604775,5
0,monash_australian_electricity,chronos-2,regime_trend,1.0,3.0634874930425013,0.208760796247891,5
0,monash_australian_electricity,chronos-t5,regime_trend,1.0,2.5350665150901355,0.1548997097265139,5
0,monash_australian_electricity,chronos-2,regime_trend,2.0,5.815390289578687,0.4092471704923245,5
0,monash_australian_electricity,chronos-t5,regime_trend,2.0,6.066136153340521,0.43567356123794343,5
0,monash_australian_electricity,chronos-2,regime_trend,4.0,12.449561487904669,0.8843985187891312,5
0,monash_australian_electricity,chronos-t5,regime_trend,4.0,11.250779287701338,0.8063435900535914,5
0,monash_australian_electricity,chronos-2,regime_trend,8.0,25.67217984398034,1.8059686111753956,5
0,monash_australian_electricity,chronos-t5,regime_trend,8.0,25.675230383418427,1.8301023625551263,5
0,monash_australian_electricity,chronos-2,regime_trend,12.0,37.59237480772439,2.7039610714649496,5
0,monash_australian_electricity,chronos-t5,regime_trend,12.0,38.14272975130754,2.7587293245394218,5
0,monash_australian_electricity,chronos-2,regime_trend,16.0,51.186893226266164,3.6480264245180525,5
0,monash_australian_electricity,chronos-t5,regime_trend,16.0,50.94295241897826,3.60763508340897,5
0,monash_australian_electricity,chronos-2,regime_trend,20.0,63.83666492782496,4.5589746836234495,5
0,monash_australian_electricity,chronos-t5,regime_trend,20.0,63.60894232108644,4.521261782758718,5
0,monash_cif_2016,chronos-2,clean,0.0,0.9366922139796068,0.011260000608145472,72
0,monash_cif_2016,chronos-t5,clean,0.0,0.9939565580468096,0.013888063123188202,72
0,monash_cif_2016,chronos-2,regime_trend,0.5,1.4505396021609147,0.1449887783198706,72
0,monash_cif_2016,chronos-t5,regime_trend,0.5,1.3980252892208556,0.12386339920841419,72
0,monash_cif_2016,chronos-2,regime_trend,1.0,2.456496074182818,0.23176980360677396,72
0,monash_cif_2016,chronos-t5,regime_trend,1.0,2.2779041896490275,0.19889811057515905,72
0,monash_cif_2016,chronos-2,regime_trend,2.0,4.552428467351373,0.44250132280746746,72
0,monash_cif_2016,chronos-t5,regime_trend,2.0,3.996492791105024,0.3876461762150613,72
0,monash_cif_2016,chronos-2,regime_trend,4.0,9.510240164694608,0.8723091870231923,72
0,monash_cif_2016,chronos-t5,regime_trend,4.0,8.624229222147726,0.8415067742789658,72
0,monash_cif_2016,chronos-2,regime_trend,8.0,18.689720346717532,1.758956518951929,72
0,monash_cif_2016,chronos-t5,regime_trend,8.0,17.016621445657204,1.8492408430511986,72
0,monash_cif_2016,chronos-2,regime_trend,12.0,28.482002030517577,2.5589147189927477,72
0,monash_cif_2016,chronos-t5,regime_trend,12.0,25.686005169490077,2.107778847339245,72
0,monash_cif_2016,chronos-2,regime_trend,16.0,38.1817156897656,3.4609111819223974,72
0,monash_cif_2016,chronos-t5,regime_trend,16.0,35.37113567047268,2.9161044439205863,72
0,monash_cif_2016,chronos-2,regime_trend,20.0,47.71665806947109,4.353352490484436,72
0,monash_cif_2016,chronos-t5,regime_trend,20.0,43.774865615134246,3.6758772329906853,72
0,monash_car_parts,chronos-2,clean,0.0,0.894274873223502,1.0267238668417118,100
0,monash_car_parts,chronos-t5,clean,0.0,0.9210502929532033,1.0933709569566032,100
0,monash_car_parts,chronos-2,regime_trend,0.5,1.5055943757325425,1.7319625008978337,100
0,monash_car_parts,chronos-t5,regime_trend,0.5,1.7774601204965836,2.409836544574935,100
0,monash_car_parts,chronos-2,regime_trend,1.0,2.33298266237394,2.675508881166037,100
0,monash_car_parts,chronos-t5,regime_trend,1.0,2.37888583990976,3.1548331068311417,100
0,monash_car_parts,chronos-2,regime_trend,2.0,3.8759413337147537,4.848364974012469,100
0,monash_car_parts,chronos-t5,regime_trend,2.0,3.179320906853635,4.218032574299031,100
0,monash_car_parts,chronos-2,regime_trend,4.0,7.464104424581775,9.343956742323403,100
0,monash_car_parts,chronos-t5,regime_trend,4.0,6.1966139275135195,8.901319499280508,100
0,monash_car_parts,chronos-2,regime_trend,8.0,16.12047638028193,21.848513087659782,100
0,monash_car_parts,chronos-t5,regime_trend,8.0,14.618761537105893,22.09679003521294,100
0,monash_car_parts,chronos-2,regime_trend,12.0,24.52192459217095,34.796645492662826,100
0,monash_car_parts,chronos-t5,regime_trend,12.0,23.51096710730817,36.30101761376307,100
0,monash_car_parts,chronos-2,regime_trend,16.0,33.75656964345954,47.31015896099498,100
0,monash_car_parts,chronos-t5,regime_trend,16.0,32.306582305732576,50.85701431309757,100
0,monash_car_parts,chronos-2,regime_trend,20.0,44.37911753415241,64.8933260641738,100
0,monash_car_parts,chronos-t5,regime_trend,20.0,39.967392414772114,67.94151372964134,100
0,monash_covid_deaths,chronos-2,clean,0.0,43.033524543394854,0.027007980152812278,100
0,monash_covid_deaths,chronos-t5,clean,0.0,50.51105006993207,0.05064252697631826,100
0,monash_covid_deaths,chronos-2,regime_trend,0.5,74.71678319634827,0.2453970925107651,100
0,monash_covid_deaths,chronos-t5,regime_trend,0.5,81.06811082724049,0.23546997769348085,100
0,monash_covid_deaths,chronos-2,regime_trend,1.0,102.97349539184363,0.5031247123556771,100
0,monash_covid_deaths,chronos-t5,regime_trend,1.0,106.04103090985807,0.4994439235899119,100
0,monash_covid_deaths,chronos-2,regime_trend,2.0,172.5624775553034,0.9180821745343172,100
0,monash_covid_deaths,chronos-t5,regime_trend,2.0,171.3906333846764,0.9036223582153953,100
0,monash_covid_deaths,chronos-2,regime_trend,4.0,319.4122131834259,1.823355386082712,100
0,monash_covid_deaths,chronos-t5,regime_trend,4.0,305.508396227193,1.6898782235485228,100
0,monash_covid_deaths,chronos-2,regime_trend,8.0,612.9131613840212,3.7593344373523556,100
0,monash_covid_deaths,chronos-t5,regime_trend,8.0,534.8817549228388,3.430000957710761,100
0,monash_covid_deaths,chronos-2,regime_trend,12.0,908.086527688487,5.623744112854892,100
0,monash_covid_deaths,chronos-t5,regime_trend,12.0,769.3559871971407,3.6701107269287983,100
0,monash_covid_deaths,chronos-2,regime_trend,16.0,1238.633047909274,7.551283709057884,100
0,monash_covid_deaths,chronos-t5,regime_trend,16.0,1035.800656101906,5.0113895289489285,100
0,monash_covid_deaths,chronos-2,regime_trend,20.0,1506.6352344741408,9.47319386289811,100
0,monash_covid_deaths,chronos-t5,regime_trend,20.0,1188.0138227730758,7.140527673480376,100
0,dominick,chronos-2,clean,0.0,0.8295138231556268,0.24857655709519688,100
0,dominick,chronos-t5,clean,0.0,0.7698056257095454,0.2595823699292185,100
0,dominick,chronos-2,regime_trend,0.5,1.81805135227805,0.5026729427514512,100
0,dominick,chronos-t5,regime_trend,0.5,1.8019381358442939,0.5299863005670802,100
0,dominick,chronos-2,regime_trend,1.0,2.790628815581589,0.7824392660617323,100
0,dominick,chronos-t5,regime_trend,1.0,2.755144917640698,0.8251187143547104,100
0,dominick,chronos-2,regime_trend,2.0,5.1400933701519715,1.458632255594615,100
0,dominick,chronos-t5,regime_trend,2.0,5.139842475872675,1.5134660756835194,100
0,dominick,chronos-2,regime_trend,4.0,10.079623438930023,2.8673433400732034,100
0,dominick,chronos-t5,regime_trend,4.0,9.74344460154416,2.9130371506721326,100
0,dominick,chronos-2,regime_trend,8.0,19.58275058703262,5.766407601237938,100
0,dominick,chronos-t5,regime_trend,8.0,19.115854379410752,5.7650066845264325,100
0,dominick,chronos-2,regime_trend,12.0,29.65492672205494,8.856473244827832,100
0,dominick,chronos-t5,regime_trend,12.0,28.69247372533853,8.649784872836738,100
0,dominick,chronos-2,regime_trend,16.0,39.717253589889154,11.937758146683247,100
0,dominick,chronos-t5,regime_trend,16.0,38.280307844343106,11.563546607107146,100
0,dominick,chronos-2,regime_trend,20.0,49.552319822338944,14.899599769652395,100
0,dominick,chronos-t5,regime_trend,20.0,47.448523295450414,14.281680157417428,100
0,ercot,chronos-2,clean,0.0,0.8417995516641943,0.02604302222263971,8
0,ercot,chronos-t5,clean,0.0,0.5921761197102479,0.016429956422712208,8
0,ercot,chronos-2,regime_trend,0.5,2.262410156615092,0.06159822455838028,8
0,ercot,chronos-t5,regime_trend,0.5,2.085562612373747,0.0639453627366316,8
0,ercot,chronos-2,regime_trend,1.0,4.217083775429681,0.11627978377334086,8
0,ercot,chronos-t5,regime_trend,1.0,4.234657277088955,0.1385739433821637,8
0,ercot,chronos-2,regime_trend,2.0,9.218664227479572,0.3221073253209974,8
0,ercot,chronos-t5,regime_trend,2.0,8.693466953281252,0.3046838217467928,8
0,ercot,chronos-2,regime_trend,4.0,16.66924395608233,0.5648019466668601,8
0,ercot,chronos-t5,regime_trend,4.0,16.94708430803427,0.5887956774986648,8
0,ercot,chronos-2,regime_trend,8.0,34.413607295386136,1.1773543323646654,8
0,ercot,chronos-t5,regime_trend,8.0,34.90318920440183,1.2000695709435372,8
0,ercot,chronos-2,regime_trend,12.0,51.528416417919324,1.7834249666812216,8
0,ercot,chronos-t5,regime_trend,12.0,51.70473327606286,1.7993507621505564,8
0,ercot,chronos-2,regime_trend,16.0,69.34365004811009,2.411018784003621,8
0,ercot,chronos-t5,regime_trend,16.0,69.32491200780872,2.413102636551196,8
0,ercot,chronos-2,regime_trend,20.0,86.85759939769008,3.0296622961018844,8
0,ercot,chronos-t5,regime_trend,20.0,86.75050636908217,3.021010795107007,8
0,exchange_rate,chronos-2,clean,0.0,1.816427573959804,0.011831282159531213,8
0,exchange_rate,chronos-t5,clean,0.0,1.9953892153692887,0.012882097841430835,8
0,exchange_rate,chronos-2,regime_trend,0.5,16.943310513999084,0.0835943073022995,8
0,exchange_rate,chronos-t5,regime_trend,0.5,17.48078223921408,0.08476774672047883,8
0,exchange_rate,chronos-2,regime_trend,1.0,33.075866936717674,0.14884092984948694,8
0,exchange_rate,chronos-t5,regime_trend,1.0,33.573729454886994,0.15068155257600713,8
0,exchange_rate,chronos-2,regime_trend,2.0,66.39658220983416,0.30279155823694365,8
0,exchange_rate,chronos-t5,regime_trend,2.0,66.79662202658007,0.305569886056521,8
0,exchange_rate,chronos-2,regime_trend,4.0,130.86397572030162,0.6228335710967955,8
0,exchange_rate,chronos-t5,regime_trend,4.0,132.44676872596386,0.6301193444716783,8
0,exchange_rate,chronos-2,regime_trend,8.0,262.7182151305212,1.2704977743762464,8
0,exchange_rate,chronos-t5,regime_trend,8.0,268.7571069134821,1.2897034195745667,8
0,exchange_rate,chronos-2,regime_trend,12.0,399.5002750104425,1.906546204224204,8
0,exchange_rate,chronos-t5,regime_trend,12.0,402.8454404585422,1.937086617057452,8
0,exchange_rate,chronos-2,regime_trend,16.0,526.8737717472518,2.54879499278036,8
0,exchange_rate,chronos-t5,regime_trend,16.0,538.1961771960015,2.5887493533510346,8
0,exchange_rate,chronos-2,regime_trend,20.0,658.8943721234706,3.1741386524305617,8
0,exchange_rate,chronos-t5,regime_trend,20.0,673.9235858001542,3.245112867793162,8
0,monash_fred_md,chronos-2,clean,0.0,0.4532046285633289,0.02010413991667694,100
0,monash_fred_md,chronos-t5,clean,0.0,0.4444821362323673,0.016194905629114045,100
0,monash_fred_md,chronos-2,regime_trend,0.5,5.248267567010697,0.1117241673122066,100
0,monash_fred_md,chronos-t5,regime_trend,0.5,5.2358926891252064,0.11725003529503862,100
0,monash_fred_md,chronos-2,regime_trend,1.0,10.381782514249183,0.21032128698350894,100
0,monash_fred_md,chronos-t5,regime_trend,1.0,10.381142054238097,0.21720597548670548,100
0,monash_fred_md,chronos-2,regime_trend,2.0,20.804667192350863,0.41954915333687326,100
0,monash_fred_md,chronos-t5,regime_trend,2.0,20.832940810134858,0.4186785798967327,100
0,monash_fred_md,chronos-2,regime_trend,4.0,41.70276137998879,0.8329648625431892,100
0,monash_fred_md,chronos-t5,regime_trend,4.0,41.62974511725706,0.8356431770886219,100
0,monash_fred_md,chronos-2,regime_trend,8.0,83.38340096609643,1.6517713693510685,100
0,monash_fred_md,chronos-t5,regime_trend,8.0,83.49236472811195,1.6478868489593146,100
0,monash_fred_md,chronos-2,regime_trend,12.0,125.43237687419008,2.494510771486404,100
0,monash_fred_md,chronos-t5,regime_trend,12.0,125.24349918743249,2.468441765652619,100
0,monash_fred_md,chronos-2,regime_trend,16.0,167.1094713339883,3.3316526232165327,100
0,monash_fred_md,chronos-t5,regime_trend,16.0,167.0204061006878,3.3645428515567297,100
0,monash_fred_md,chronos-2,regime_trend,20.0,208.73062635947068,4.164886718291156,100
0,monash_fred_md,chronos-t5,regime_trend,20.0,208.84330520234474,4.172643250585175,100
0,monash_hospital,chronos-2,clean,0.0,0.7870107936415635,0.061281917662917254,100
0,monash_hospital,chronos-t5,clean,0.0,0.843113891375496,0.0672613080996605,100
0,monash_hospital,chronos-2,regime_trend,0.5,0.8341394732670627,0.06797117290865166,100
0,monash_hospital,chronos-t5,regime_trend,0.5,0.888080111268082,0.07481450179060802,100
0,monash_hospital,chronos-2,regime_trend,1.0,1.0315958567697987,0.10346895505474933,100
0,monash_hospital,chronos-t5,regime_trend,1.0,1.0540796128188499,0.09426044233177491,100
0,monash_hospital,chronos-2,regime_trend,2.0,1.7329202193421338,0.2052146258375478,100
0,monash_hospital,chronos-t5,regime_trend,2.0,1.7713234334154655,0.1980868173831841,100
0,monash_hospital,chronos-2,regime_trend,4.0,4.000116157142944,0.46746355323689,100
0,monash_hospital,chronos-t5,regime_trend,4.0,3.8934258326055624,0.4602651035596159,100
0,monash_hospital,chronos-2,regime_trend,8.0,9.708301094951883,1.1434121269816315,100
0,monash_hospital,chronos-t5,regime_trend,8.0,9.023898477725782,1.084977225387536,100
0,monash_hospital,chronos-2,regime_trend,12.0,15.242907515696395,1.801953546239529,100
0,monash_hospital,chronos-t5,regime_trend,12.0,14.349628515348243,1.7607495830355988,100
0,monash_hospital,chronos-2,regime_trend,16.0,20.027930466938862,2.318196555677517,100
0,monash_hospital,chronos-t5,regime_trend,16.0,18.692651236131532,2.26801318864532,100
0,monash_hospital,chronos-2,regime_trend,20.0,25.812429697612412,2.9872445843807025,100
0,monash_hospital,chronos-t5,regime_trend,20.0,23.588898811111875,2.8198778895098915,100
0,monash_m1_monthly,chronos-2,clean,0.0,1.0252822007023978,0.27221328295504754,100
0,monash_m1_monthly,chronos-t5,clean,0.0,1.1643013260136694,0.2078109446865823,100
0,monash_m1_monthly,chronos-2,regime_trend,0.5,1.3291194529974684,0.25480412405347824,100
0,monash_m1_monthly,chronos-t5,regime_trend,0.5,1.4100114120839986,0.21254672158174925,100
0,monash_m1_monthly,chronos-2,regime_trend,1.0,1.7873389744675592,0.36397939369800775,100
0,monash_m1_monthly,chronos-t5,regime_trend,1.0,1.768037301402094,0.24046520377273609,100
0,monash_m1_monthly,chronos-2,regime_trend,2.0,3.3475399447347516,0.5446316718013154,100
0,monash_m1_monthly,chronos-t5,regime_trend,2.0,3.031982209266647,0.3741581545332961,100
0,monash_m1_monthly,chronos-2,regime_trend,4.0,6.958405668375189,0.9568034042084419,100
0,monash_m1_monthly,chronos-t5,regime_trend,4.0,6.231706803175211,0.9279315040690856,100
0,monash_m1_monthly,chronos-2,regime_trend,8.0,15.659804459906397,2.284527786179519,100
0,monash_m1_monthly,chronos-t5,regime_trend,8.0,14.319010591592168,2.4527524588227383,100
0,monash_m1_monthly,chronos-2,regime_trend,12.0,24.162288115414142,4.277077380417054,100
0,monash_m1_monthly,chronos-t5,regime_trend,12.0,21.49235471352914,3.7905133887994733,100
0,monash_m1_monthly,chronos-2,regime_trend,16.0,32.12940528163392,6.166449684476194,100
0,monash_m1_monthly,chronos-t5,regime_trend,16.0,28.747196723708925,5.293937575649185,100
0,monash_m1_monthly,chronos-2,regime_trend,20.0,40.55634872508376,5.0554857449200785,100
0,monash_m1_monthly,chronos-t5,regime_trend,20.0,36.22695794872046,5.005246534618965,100
0,monash_m1_quarterly,chronos-2,clean,0.0,1.5766614979688591,0.07952721348399153,100
0,monash_m1_quarterly,chronos-t5,clean,0.0,1.7384235644141037,0.09519332234953765,100
0,monash_m1_quarterly,chronos-2,regime_trend,0.5,2.2029490866245496,0.0792506588524826,100
0,monash_m1_quarterly,chronos-t5,regime_trend,0.5,2.216808922980116,0.09149342538605057,100
0,monash_m1_quarterly,chronos-2,regime_trend,1.0,3.1929668771768864,0.1183047328706765,100
0,monash_m1_quarterly,chronos-t5,regime_trend,1.0,3.227232165635083,0.14280884579705166,100
0,monash_m1_quarterly,chronos-2,regime_trend,2.0,5.898352139894151,0.17448117545980332,100
0,monash_m1_quarterly,chronos-t5,regime_trend,2.0,5.781116355805485,0.19123170807368411,100
0,monash_m1_quarterly,chronos-2,regime_trend,4.0,11.460407849214768,0.39174642772060864,100
0,monash_m1_quarterly,chronos-t5,regime_trend,4.0,10.836268913203293,0.4349214472927124,100
0,monash_m1_quarterly,chronos-2,regime_trend,8.0,23.95140397194487,1.0579092802534769,100
0,monash_m1_quarterly,chronos-t5,regime_trend,8.0,22.048743971324722,1.0568003548227658,100
0,monash_m1_quarterly,chronos-2,regime_trend,12.0,36.72143943562851,1.6581547351474826,100
0,monash_m1_quarterly,chronos-t5,regime_trend,12.0,33.23042595152413,1.6617064820792888,100
0,monash_m1_quarterly,chronos-2,regime_trend,16.0,49.13291444622535,2.4421204914704826,100
0,monash_m1_quarterly,chronos-t5,regime_trend,16.0,45.06733642517773,2.2343749610135353,100
0,monash_m1_quarterly,chronos-2,regime_trend,20.0,62.35879680770855,2.7821719889821606,100
0,monash_m1_quarterly,chronos-t5,regime_trend,20.0,56.63972361913497,2.6244898452237018,100
0,monash_m1_yearly,chronos-2,clean,0.0,3.637927031199332,0.07096940204212351,100
0,monash_m1_yearly,chronos-t5,clean,0.0,4.8763596590243115,0.0831845042523565,100
0,monash_m1_yearly,chronos-2,regime_trend,0.5,4.471174123298799,0.08403368345568069,100
0,monash_m1_yearly,chronos-t5,regime_trend,0.5,5.275996630683951,0.09659145813072809,100
0,monash_m1_yearly,chronos-2,regime_trend,1.0,6.128631393260551,0.21407725262327182,100
0,monash_m1_yearly,chronos-t5,regime_trend,1.0,5.951814736980352,0.24776931023925267,100
0,monash_m1_yearly,chronos-2,regime_trend,2.0,9.016523878369314,0.36539499694963395,100
0,monash_m1_yearly,chronos-t5,regime_trend,2.0,7.977746682680109,0.4119005009703259,100
0,monash_m1_yearly,chronos-2,regime_trend,4.0,17.130448924755953,0.8500576470407007,100
0,monash_m1_yearly,chronos-t5,regime_trend,4.0,14.95890268461512,0.8504340532838947,100
0,monash_m1_yearly,chronos-2,regime_trend,8.0,33.34893646457952,1.6340145432181776,100
0,monash_m1_yearly,chronos-t5,regime_trend,8.0,27.89802315538523,1.5693809539132602,100
0,monash_m1_yearly,chronos-2,regime_trend,12.0,46.15607949718586,2.6196403755794098,100
0,monash_m1_yearly,chronos-t5,regime_trend,12.0,39.550731199743254,2.442918773069435,100
0,monash_m1_yearly,chronos-2,regime_trend,16.0,62.650434291037115,2.961836168194173,100
0,monash_m1_yearly,chronos-t5,regime_trend,16.0,53.992445927966585,2.962912502839167,100
0,monash_m1_yearly,chronos-2,regime_trend,20.0,78.3105143178559,3.640989725765257,100
0,monash_m1_yearly,chronos-t5,regime_trend,20.0,66.24230099362894,3.77781816851052,100
0,monash_m3_monthly,chronos-2,clean,0.0,0.811635633079432,0.08901184204854988,100
0,monash_m3_monthly,chronos-t5,clean,0.0,0.8309916385062547,0.09316264892827573,100
0,monash_m3_monthly,chronos-2,regime_trend,0.5,1.4893008064191113,0.13708291878631448,100
0,monash_m3_monthly,chronos-t5,regime_trend,0.5,1.4100202933104538,0.13512929452929442,100
0,monash_m3_monthly,chronos-2,regime_trend,1.0,2.4493782133947883,0.21517386876179592,100
0,monash_m3_monthly,chronos-t5,regime_trend,1.0,2.3902020374096207,0.2139038039572083,100
0,monash_m3_monthly,chronos-2,regime_trend,2.0,4.36432537523425,0.3819101733081786,100
0,monash_m3_monthly,chronos-t5,regime_trend,2.0,4.203545648016044,0.3891232092296413,100
0,monash_m3_monthly,chronos-2,regime_trend,4.0,8.835160575809267,0.8489580567159938,100
0,monash_m3_monthly,chronos-t5,regime_trend,4.0,8.31488957612024,0.8223700917032212,100
0,monash_m3_monthly,chronos-2,regime_trend,8.0,18.330717917121554,1.8262090256806884,100
0,monash_m3_monthly,chronos-t5,regime_trend,8.0,16.616654903310316,1.6982651649966194,100
0,monash_m3_monthly,chronos-2,regime_trend,12.0,27.87776707093333,2.811328065139788,100
0,monash_m3_monthly,chronos-t5,regime_trend,12.0,25.598253654202225,2.638575736425108,100
0,monash_m3_monthly,chronos-2,regime_trend,16.0,37.745360395115924,3.817270052132225,100
0,monash_m3_monthly,chronos-t5,regime_trend,16.0,35.401134821047904,3.694782156956133,100
0,monash_m3_monthly,chronos-2,regime_trend,20.0,47.19317228307744,4.830056942745336,100
0,monash_m3_monthly,chronos-t5,regime_trend,20.0,43.661010482239,4.694019365396427,100
0,monash_m3_quarterly,chronos-2,clean,0.0,1.2542640597019636,0.07384750980066322,100
0,monash_m3_quarterly,chronos-t5,clean,0.0,1.3468232787559626,0.08104382148146834,100
0,monash_m3_quarterly,chronos-2,regime_trend,0.5,2.079885908697031,0.11495470442621279,100
0,monash_m3_quarterly,chronos-t5,regime_trend,0.5,2.064947480816229,0.11870059960964346,100
0,monash_m3_quarterly,chronos-2,regime_trend,1.0,3.0589931500466476,0.17199669667327078,100
0,monash_m3_quarterly,chronos-t5,regime_trend,1.0,3.028881818864525,0.17809605105816223,100
0,monash_m3_quarterly,chronos-2,regime_trend,2.0,5.770871039969511,0.332676859238454,100
0,monash_m3_quarterly,chronos-t5,regime_trend,2.0,5.725449012141146,0.33571956190523045,100
0,monash_m3_quarterly,chronos-2,regime_trend,4.0,11.767815559538326,0.6981446905669264,100
0,monash_m3_quarterly,chronos-t5,regime_trend,4.0,11.175391950859062,0.6863758094658667,100
0,monash_m3_quarterly,chronos-2,regime_trend,8.0,24.263878394793636,1.4710275260688217,100
0,monash_m3_quarterly,chronos-t5,regime_trend,8.0,22.048488086953203,1.3614696493951237,100
0,monash_m3_quarterly,chronos-2,regime_trend,12.0,37.58776006667992,2.3157663251691902,100
0,monash_m3_quarterly,chronos-t5,regime_trend,12.0,33.51438572962127,2.1508957533550292,100
0,monash_m3_quarterly,chronos-2,regime_trend,16.0,50.12687952376324,3.039436746647726,100
0,monash_m3_quarterly,chronos-t5,regime_trend,16.0,45.21985152200805,2.861985619238536,100
0,monash_m3_quarterly,chronos-2,regime_trend,20.0,62.59284802471288,3.8406827408367854,100
0,monash_m3_quarterly,chronos-t5,regime_trend,20.0,55.76837952998088,3.587458361109795,100
0,monash_m3_yearly,chronos-2,clean,0.0,3.0132092403527664,0.14670256385058947,100
0,monash_m3_yearly,chronos-t5,clean,0.0,3.66514553814015,0.16514826763270746,100
0,monash_m3_yearly,chronos-2,regime_trend,0.5,3.9180472533733437,0.17454732412399127,100
0,monash_m3_yearly,chronos-t5,regime_trend,0.5,4.070810608952785,0.18155518716613822,100
0,monash_m3_yearly,chronos-2,regime_trend,1.0,5.610521560432836,0.23395442483548073,100
0,monash_m3_yearly,chronos-t5,regime_trend,1.0,5.460576209447958,0.23516432276724775,100
0,monash_m3_yearly,chronos-2,regime_trend,2.0,9.671255670919686,0.38289921484322575,100
0,monash_m3_yearly,chronos-t5,regime_trend,2.0,9.083488551545061,0.3911263281875889,100
0,monash_m3_yearly,chronos-2,regime_trend,4.0,17.98696382698959,0.7273285555064383,100
0,monash_m3_yearly,chronos-t5,regime_trend,4.0,16.59055782207743,0.7530217226550426,100
0,monash_m3_yearly,chronos-2,regime_trend,8.0,34.994416019773574,1.4147287287449497,100
0,monash_m3_yearly,chronos-t5,regime_trend,8.0,31.839848085794245,1.4237953001156645,100
0,monash_m3_yearly,chronos-2,regime_trend,12.0,53.3180505822811,2.191522758125251,100
0,monash_m3_yearly,chronos-t5,regime_trend,12.0,48.003560603880345,2.224770224807075,100
0,monash_m3_yearly,chronos-2,regime_trend,16.0,70.6550926278911,2.9570141829619807,100
0,monash_m3_yearly,chronos-t5,regime_trend,16.0,62.900679900213134,2.9683673038499623,100
0,monash_m3_yearly,chronos-2,regime_trend,20.0,92.81576740410271,3.8385796087188857,100
0,monash_m3_yearly,chronos-t5,regime_trend,20.0,78.8703626933165,3.7527416042083397,100
0,m4_quarterly,chronos-2,clean,0.0,1.1058863737967675,0.07350590730709108,100
0,m4_quarterly,chronos-t5,clean,0.0,1.1786944819900755,0.07799704990156442,100
0,m4_quarterly,chronos-2,regime_trend,0.5,2.449824234505573,0.1299831376317515,100
0,m4_quarterly,chronos-t5,regime_trend,0.5,2.5171863903440514,0.13786993603951198,100
0,m4_quarterly,chronos-2,regime_trend,1.0,4.0359889637758934,0.21065537705743598,100
0,m4_quarterly,chronos-t5,regime_trend,1.0,3.9757019217324467,0.21094619117599742,100
0,m4_quarterly,chronos-2,regime_trend,2.0,8.205836413177705,0.44476327776851016,100
0,m4_quarterly,chronos-t5,regime_trend,2.0,8.095782782450925,0.4705328648056152,100
0,m4_quarterly,chronos-2,regime_trend,4.0,16.50149444520731,0.8980652922325051,100
0,m4_quarterly,chronos-t5,regime_trend,4.0,15.973487913304975,0.9184275336590102,100
0,m4_quarterly,chronos-2,regime_trend,8.0,33.90417343282884,1.920420105175427,100
0,m4_quarterly,chronos-t5,regime_trend,8.0,32.4840508942313,1.9080962683783262,100
0,m4_quarterly,chronos-2,regime_trend,12.0,51.46596631642601,2.9640785955351996,100
0,m4_quarterly,chronos-t5,regime_trend,12.0,49.06359813116033,2.859768060939901,100
0,m4_quarterly,chronos-2,regime_trend,16.0,69.05221645481465,4.042319508544022,100
0,m4_quarterly,chronos-t5,regime_trend,16.0,65.78822422918995,3.931255536234017,100
0,m4_quarterly,chronos-2,regime_trend,20.0,86.49418334133541,5.069953014451871,100
0,m4_quarterly,chronos-t5,regime_trend,20.0,81.93550894544573,4.861434706332777,100
0,m4_yearly,chronos-2,clean,0.0,3.003324720876421,0.11662203541969743,100
0,m4_yearly,chronos-t5,clean,0.0,3.6359417595136,0.1411881404039837,100
0,m4_yearly,chronos-2,regime_trend,0.5,5.581480271161073,0.1744422170152837,100
0,m4_yearly,chronos-t5,regime_trend,0.5,5.854690893063338,0.19333978867351215,100
0,m4_yearly,chronos-2,regime_trend,1.0,9.349321616985778,0.28126665684535673,100
0,m4_yearly,chronos-t5,regime_trend,1.0,9.1240862668455,0.30310394982920413,100
0,m4_yearly,chronos-2,regime_trend,2.0,16.980376383847197,0.4917509248049694,100
0,m4_yearly,chronos-t5,regime_trend,2.0,16.071366026477182,0.4985403357404849,100
0,m4_yearly,chronos-2,regime_trend,4.0,34.244847194861634,0.9495996048689399,100
0,m4_yearly,chronos-t5,regime_trend,4.0,31.489882411175405,0.9545378594174984,100
0,m4_yearly,chronos-2,regime_trend,8.0,68.7050714531224,1.971738754159532,100
0,m4_yearly,chronos-t5,regime_trend,8.0,61.52844103135707,1.8976155815707574,100
0,m4_yearly,chronos-2,regime_trend,12.0,102.24351462210262,2.8615562093087354,100
0,m4_yearly,chronos-t5,regime_trend,12.0,90.51231146961739,2.7670526423835007,100
0,m4_yearly,chronos-2,regime_trend,16.0,137.92677682452336,3.978520272207091,100
0,m4_yearly,chronos-t5,regime_trend,16.0,120.222305453961,3.817356473752764,100
0,m4_yearly,chronos-2,regime_trend,20.0,174.429403539263,4.95635345822058,100
0,m4_yearly,chronos-t5,regime_trend,20.0,145.78608416618187,4.580157760998588,100
0,m5,chronos-2,clean,0.0,0.8902796015181903,0.5276950502475531,100
0,m5,chronos-t5,clean,0.0,0.9247766879614568,0.5681063337717701,100
0,m5,chronos-2,regime_trend,0.5,1.344863592584814,0.6996305479712639,100
0,m5,chronos-t5,regime_trend,0.5,1.2677415742078109,0.7422264814752072,100
0,m5,chronos-2,regime_trend,1.0,1.925966662181684,1.0189419231129158,100
0,m5,chronos-t5,regime_trend,1.0,1.6585352030459872,1.0319897151521455,100
0,m5,chronos-2,regime_trend,2.0,3.163302302932134,1.7283272857854302,100
0,m5,chronos-t5,regime_trend,2.0,2.8787911154247943,1.809566891813223,100
0,m5,chronos-2,regime_trend,4.0,6.104657146807948,3.6460829924210554,100
0,m5,chronos-t5,regime_trend,4.0,5.855844140081949,3.504495826029754,100
0,m5,chronos-2,regime_trend,8.0,12.21927958635914,7.651508076728924,100
0,m5,chronos-t5,regime_trend,8.0,12.262360948070556,7.834443370627572,100
0,m5,chronos-2,regime_trend,12.0,18.274300530463368,11.51244814835994,100
0,m5,chronos-t5,regime_trend,12.0,18.32332190349855,11.711325306082756,100
0,m5,chronos-2,regime_trend,16.0,24.350480742596826,15.465727836826696,100
0,m5,chronos-t5,regime_trend,16.0,24.426199077751175,15.549242134662304,100
0,m5,chronos-2,regime_trend,20.0,30.478748694833673,19.526014498850188,100
0,m5,chronos-t5,regime_trend,20.0,30.467135092328817,19.630306023215212,100
0,nn5,chronos-2,clean,0.0,0.5565058217844888,0.14566301635161222,100
0,nn5,chronos-t5,clean,0.0,0.5969987423541144,0.16408221610894136,100
0,nn5,chronos-2,regime_trend,0.5,0.7192965819243975,0.18701777935493497,100
0,nn5,chronos-t5,regime_trend,0.5,0.7111613983244663,0.20064553856841394,100
0,nn5,chronos-2,regime_trend,1.0,1.116456610929268,0.3016661427249836,100
0,nn5,chronos-t5,regime_trend,1.0,1.0964059661851338,0.32344886284590196,100
0,nn5,chronos-2,regime_trend,2.0,2.1967566966169456,0.6428883991834796,100
0,nn5,chronos-t5,regime_trend,2.0,1.9673060446993904,0.6099309414853494,100
0,nn5,chronos-2,regime_trend,4.0,4.60127702962404,1.4167357739135964,100
0,nn5,chronos-t5,regime_trend,4.0,3.952143648301965,1.2527609276132055,100
0,nn5,chronos-2,regime_trend,8.0,9.470960429738716,2.994342142568214,100
0,nn5,chronos-t5,regime_trend,8.0,8.243200699731918,2.6492516453396586,100
0,nn5,chronos-2,regime_trend,12.0,14.246956395950491,4.546682882780406,100
0,nn5,chronos-t5,regime_trend,12.0,12.38622704455214,3.9893905561599374,100
0,nn5,chronos-2,regime_trend,16.0,19.033732276624487,6.1027349127040615,100
0,nn5,chronos-t5,regime_trend,16.0,16.626940065896246,5.388175750515217,100
0,nn5,chronos-2,regime_trend,20.0,23.819476436227486,7.639580173701922,100
0,nn5,chronos-t5,regime_trend,20.0,21.08867005548873,6.876191915543261,100
0,monash_nn5_weekly,chronos-2,clean,0.0,0.85885852195396,0.07810001991339675,100
0,monash_nn5_weekly,chronos-t5,clean,0.0,0.927747677516852,0.08524856989114549,100
0,monash_nn5_weekly,chronos-2,regime_trend,0.5,0.9143325467157148,0.08252847956866062,100
0,monash_nn5_weekly,chronos-t5,regime_trend,0.5,0.959369087427421,0.0881380059020131,100
0,monash_nn5_weekly,chronos-2,regime_trend,1.0,1.197127227848172,0.1063477379863551,100
0,monash_nn5_weekly,chronos-t5,regime_trend,1.0,1.24321228586366,0.11568133985262613,100
0,monash_nn5_weekly,chronos-2,regime_trend,2.0,1.929639100966436,0.17696597830997188,100
0,monash_nn5_weekly,chronos-t5,regime_trend,2.0,1.7961479067695465,0.1711789561870812,100
0,monash_nn5_weekly,chronos-2,regime_trend,4.0,4.289372613606783,0.42265881508455444,100
0,monash_nn5_weekly,chronos-t5,regime_trend,4.0,4.188360482324814,0.4356381366682557,100
0,monash_nn5_weekly,chronos-2,regime_trend,8.0,9.784845721029525,1.0148519890182035,100
0,monash_nn5_weekly,chronos-t5,regime_trend,8.0,9.296772920003347,1.0066991094993345,100
0,monash_nn5_weekly,chronos-2,regime_trend,12.0,15.372957688041978,1.6306392776573113,100
0,monash_nn5_weekly,chronos-t5,regime_trend,12.0,14.574819359111538,1.5914435373186242,100
0,monash_nn5_weekly,chronos-2,regime_trend,16.0,20.743870356992943,2.2297075826140316,100
0,monash_nn5_weekly,chronos-t5,regime_trend,16.0,19.648700290823836,2.1629189509480558,100
0,monash_nn5_weekly,chronos-2,regime_trend,20.0,25.841852663718374,2.792417559444227,100
0,monash_nn5_weekly,chronos-t5,regime_trend,20.0,24.43385811341619,2.7045980302059216,100
0,monash_tourism_monthly,chronos-2,clean,0.0,1.3430131286102536,0.06909977408430708,100
0,monash_tourism_monthly,chronos-t5,clean,0.0,1.8250258884111448,0.09874367276269612,100
0,monash_tourism_monthly,chronos-2,regime_trend,0.5,1.9063542227324228,0.12718291554537917,100
0,monash_tourism_monthly,chronos-t5,regime_trend,0.5,2.2442017781787302,0.15301460386526133,100
0,monash_tourism_monthly,chronos-2,regime_trend,1.0,3.1294321469851534,0.24353531921423008,100
0,monash_tourism_monthly,chronos-t5,regime_trend,1.0,3.2854676101529634,0.25049224223796435,100
0,monash_tourism_monthly,chronos-2,regime_trend,2.0,6.097145787483296,0.5598415386482719,100
0,monash_tourism_monthly,chronos-t5,regime_trend,2.0,5.8275009318248445,0.5471754622043624,100
0,monash_tourism_monthly,chronos-2,regime_trend,4.0,12.278978715237745,1.148477404568185,100
0,monash_tourism_monthly,chronos-t5,regime_trend,4.0,11.456904575053112,1.0983500070455925,100
0,monash_tourism_monthly,chronos-2,regime_trend,8.0,25.032339809980442,2.34638754843823,100
0,monash_tourism_monthly,chronos-t5,regime_trend,8.0,22.472368177601965,2.205022983179558,100
0,monash_tourism_monthly,chronos-2,regime_trend,12.0,37.604345042127896,3.5764580684837934,100
0,monash_tourism_monthly,chronos-t5,regime_trend,12.0,33.08203195827995,3.268290759018095,100
0,monash_tourism_monthly,chronos-2,regime_trend,16.0,50.14431687671633,4.827886823640613,100
0,monash_tourism_monthly,chronos-t5,regime_trend,16.0,43.97354633208805,4.302191887953107,100
0,monash_tourism_monthly,chronos-2,regime_trend,20.0,62.744489279892576,6.065274161822978,100
0,monash_tourism_monthly,chronos-t5,regime_trend,20.0,54.779650829140685,5.463292144089043,100
0,monash_tourism_quarterly,chronos-2,clean,0.0,1.5904319369414341,0.07053812492950641,100
0,monash_tourism_quarterly,chronos-t5,clean,0.0,1.7731710809614634,0.0813262242642433,100
0,monash_tourism_quarterly,chronos-2,regime_trend,0.5,2.4452348688368217,0.1417058054769092,100
0,monash_tourism_quarterly,chronos-t5,regime_trend,0.5,2.724339242293396,0.1565978340591238,100
0,monash_tourism_quarterly,chronos-2,regime_trend,1.0,4.008844940343803,0.23598139117736952,100
0,monash_tourism_quarterly,chronos-t5,regime_trend,1.0,4.375425868612288,0.28497912331388187,100
0,monash_tourism_quarterly,chronos-2,regime_trend,2.0,7.63498527509905,0.5366282059850004,100
0,monash_tourism_quarterly,chronos-t5,regime_trend,2.0,7.948480327925496,0.6034445832307088,100
0,monash_tourism_quarterly,chronos-2,regime_trend,4.0,15.652200957974138,1.1519762531736015,100
0,monash_tourism_quarterly,chronos-t5,regime_trend,4.0,15.433008626877665,1.1886051362837844,100
0,monash_tourism_quarterly,chronos-2,regime_trend,8.0,32.787103321314596,2.4065692734115403,100
0,monash_tourism_quarterly,chronos-t5,regime_trend,8.0,30.74782876625867,2.379990720957423,100
0,monash_tourism_quarterly,chronos-2,regime_trend,12.0,50.07194301720274,3.7584563709124827,100
0,monash_tourism_quarterly,chronos-t5,regime_trend,12.0,46.35273633316128,3.4884813658096303,100
0,monash_tourism_quarterly,chronos-2,regime_trend,16.0,67.20928476784884,5.0850064665479895,100
0,monash_tourism_quarterly,chronos-t5,regime_trend,16.0,61.51371381963214,4.633030036935633,100
0,monash_tourism_quarterly,chronos-2,regime_trend,20.0,84.22216883686582,6.437508258171113,100
0,monash_tourism_quarterly,chronos-t5,regime_trend,20.0,78.0400014410748,6.0759694479141615,100
0,monash_tourism_yearly,chronos-2,clean,0.0,3.5704327729167913,0.16546482529220838,100
0,monash_tourism_yearly,chronos-t5,clean,0.0,3.92046404635849,0.20636477957446603,100
0,monash_tourism_yearly,chronos-2,regime_trend,0.5,4.5229402973772075,0.2006341623893625,100
0,monash_tourism_yearly,chronos-t5,regime_trend,0.5,4.72141361061926,0.2506153090109008,100
0,monash_tourism_yearly,chronos-2,regime_trend,1.0,5.397769933246333,0.22158829752120246,100
0,monash_tourism_yearly,chronos-t5,regime_trend,1.0,5.504758896297585,0.261960936094795,100
0,monash_tourism_yearly,chronos-2,regime_trend,2.0,9.008943917198952,0.24285726120820042,100
0,monash_tourism_yearly,chronos-t5,regime_trend,2.0,8.5949361235887,0.25367275660257477,100
0,monash_tourism_yearly,chronos-2,regime_trend,4.0,15.456752710696133,0.3633258774425807,100
0,monash_tourism_yearly,chronos-t5,regime_trend,4.0,14.398796252780794,0.34447035698529965,100
0,monash_tourism_yearly,chronos-2,regime_trend,8.0,34.70443397701069,1.037269010041259,100
0,monash_tourism_yearly,chronos-t5,regime_trend,8.0,29.380079909055752,1.1166727813128208,100
0,monash_tourism_yearly,chronos-2,regime_trend,12.0,53.14559982044427,1.4769960381118346,100
0,monash_tourism_yearly,chronos-t5,regime_trend,12.0,43.957511963074786,1.5297337944919887,100
0,monash_tourism_yearly,chronos-2,regime_trend,16.0,71.84685427085877,1.5589896617381016,100
0,monash_tourism_yearly,chronos-t5,regime_trend,16.0,58.75575335702602,2.215093258383516,100
0,monash_tourism_yearly,chronos-2,regime_trend,20.0,93.57060771914013,2.1422969848212663,100
0,monash_tourism_yearly,chronos-t5,regime_trend,20.0,74.39043700060705,2.6415567425826705,100
0,monash_traffic,chronos-2,clean,0.0,0.8271235376076017,0.2736839843613832,100
0,monash_traffic,chronos-t5,clean,0.0,0.8261989519378098,0.28583288361576575,100
0,monash_traffic,chronos-2,regime_trend,0.5,1.6384075413752706,0.49945275289102853,100
0,monash_traffic,chronos-t5,regime_trend,0.5,1.59001796834205,0.49527179134490557,100
0,monash_traffic,chronos-2,regime_trend,1.0,2.7278404214554257,0.8260364623548582,100
0,monash_traffic,chronos-t5,regime_trend,1.0,2.642153955521481,0.8085093164030085,100
0,monash_traffic,chronos-2,regime_trend,2.0,5.261010382312864,1.5714259489683318,100
0,monash_traffic,chronos-t5,regime_trend,2.0,5.077372518973425,1.523239134401541,100
0,monash_traffic,chronos-2,regime_trend,4.0,10.686295488118446,3.21249610362176,100
0,monash_traffic,chronos-t5,regime_trend,4.0,10.403818796002547,3.1297835897931825,100
0,monash_traffic,chronos-2,regime_trend,8.0,21.107586591419064,6.300751874794676,100
0,monash_traffic,chronos-t5,regime_trend,8.0,20.892063726693312,6.218731600569043,100
0,monash_traffic,chronos-2,regime_trend,12.0,31.817047610408828,9.486023149284245,100
0,monash_traffic,chronos-t5,regime_trend,12.0,31.626099234297957,9.421054501457053,100
0,monash_traffic,chronos-2,regime_trend,16.0,42.121288744687384,12.630475102498488,100
0,monash_traffic,chronos-t5,regime_trend,16.0,41.85453868653454,12.556437670178525,100
0,monash_traffic,chronos-2,regime_trend,20.0,52.837385011223674,15.880173310379114,100
0,monash_traffic,chronos-t5,regime_trend,20.0,52.725476284702225,15.852103382053858,100
0,monash_weather,chronos-2,clean,0.0,0.9775839384301249,0.12512084985369903,100
0,monash_weather,chronos-t5,clean,0.0,1.0990147455497612,0.1459395953061903,100
0,monash_weather,chronos-2,regime_trend,0.5,1.581233090193212,0.2600035294930707,100
0,monash_weather,chronos-t5,regime_trend,0.5,1.5680325846987107,0.27345426243721055,100
0,monash_weather,chronos-2,regime_trend,1.0,2.643809091784393,0.4977891799455004,100
0,monash_weather,chronos-t5,regime_trend,1.0,2.590861304138356,0.5181821098592603,100
0,monash_weather,chronos-2,regime_trend,2.0,4.962588154900878,1.0499172947102708,100
0,monash_weather,chronos-t5,regime_trend,2.0,4.921443671935084,1.0434072265121828,100
0,monash_weather,chronos-2,regime_trend,4.0,9.631263379825521,2.1523726254763242,100
0,monash_weather,chronos-t5,regime_trend,4.0,9.510263202681966,2.1099252803887465,100
0,monash_weather,chronos-2,regime_trend,8.0,19.25014419588142,4.370403873002978,100
0,monash_weather,chronos-t5,regime_trend,8.0,19.11171854575298,4.33172954378591,100
0,monash_weather,chronos-2,regime_trend,12.0,29.116134882316537,6.566606400552988,100
0,monash_weather,chronos-t5,regime_trend,12.0,28.906927476614456,6.577990751224593,100
0,monash_weather,chronos-2,regime_trend,16.0,38.667834595606585,8.795292783207481,100
0,monash_weather,chronos-t5,regime_trend,16.0,38.81945476335858,8.804506957255814,100
0,monash_weather,chronos-2,regime_trend,20.0,48.495993111265165,11.00142359538831,100
0,monash_weather,chronos-t5,regime_trend,20.0,48.49385816445366,11.016859049183232,100
1,monash_australian_electricity,chronos-2,clean,0.0,0.6271804180014168,0.030672134058366392,5
1,monash_australian_electricity,chronos-t5,clean,0.0,1.2351202924396794,0.07077585268548575,5
1,monash_australian_electricity,chronos-2,regime_trend,0.5,1.989663855363786,0.11253160714968075,5
1,monash_australian_electricity,chronos-t5,regime_trend,0.5,1.789546182391997,0.08735436814492159,5
1,monash_australian_electricity,chronos-2,regime_trend,1.0,3.5029165574071452,0.2270925102837027,5
1,monash_australian_electricity,chronos-t5,regime_trend,1.0,4.242930190661386,0.2863255050848154,5
1,monash_australian_electricity,chronos-2,regime_trend,2.0,6.120067099468695,0.4294361708800254,5
1,monash_australian_electricity,chronos-t5,regime_trend,2.0,5.281428028445417,0.36888939160929646,5
1,monash_australian_electricity,chronos-2,regime_trend,4.0,12.342079813353523,0.8854475616641978,5
1,monash_australian_electricity,chronos-t5,regime_trend,4.0,11.727276300333084,0.8567345737808056,5
1,monash_australian_electricity,chronos-2,regime_trend,8.0,25.005897933097636,1.7965030221004727,5
1,monash_australian_electricity,chronos-t5,regime_trend,8.0,24.404213351729247,1.7571712393169316,5
1,monash_australian_electricity,chronos-2,regime_trend,12.0,37.648955667871626,2.7076312778463243,5
1,monash_australian_electricity,chronos-t5,regime_trend,12.0,37.38474265289583,2.6941946658364495,5
1,monash_australian_electricity,chronos-2,regime_trend,16.0,51.024520031732,3.6367488392579626,5
1,monash_australian_electricity,chronos-t5,regime_trend,16.0,51.57470096553111,3.665978909080943,5
1,monash_australian_electricity,chronos-2,regime_trend,20.0,63.64030915635161,4.540396984174612,5
1,monash_australian_electricity,chronos-t5,regime_trend,20.0,63.679772294250895,4.553682442968974,5
1,monash_cif_2016,chronos-2,clean,0.0,0.9366922139796068,0.011260000608145472,72
1,monash_cif_2016,chronos-t5,clean,0.0,0.992070958270815,0.017714431213233836,72
1,monash_cif_2016,chronos-2,regime_trend,0.5,1.4911864920083018,0.135205483040132,72
1,monash_cif_2016,chronos-t5,regime_trend,0.5,1.463724381055111,0.08675568047256728,72
1,monash_cif_2016,chronos-2,regime_trend,1.0,2.502439869579885,0.23125071584493367,72
1,monash_cif_2016,chronos-t5,regime_trend,1.0,2.232050801855149,0.196581270248683,72
1,monash_cif_2016,chronos-2,regime_trend,2.0,4.707006677444923,0.46802800488323776,72
1,monash_cif_2016,chronos-t5,regime_trend,2.0,4.3295313983401265,0.43361594251551755,72
1,monash_cif_2016,chronos-2,regime_trend,4.0,9.487440981101015,0.8744012603311576,72
1,monash_cif_2016,chronos-t5,regime_trend,4.0,8.61977352452331,0.8805277597462493,72
1,monash_cif_2016,chronos-2,regime_trend,8.0,18.683669700401396,1.7422706170217106,72
1,monash_cif_2016,chronos-t5,regime_trend,8.0,17.271158840269884,1.473209391448128,72
1,monash_cif_2016,chronos-2,regime_trend,12.0,28.572965416194013,2.697709424141454,72
1,monash_cif_2016,chronos-t5,regime_trend,12.0,26.14778786419902,2.8061863301112697,72
1,monash_cif_2016,chronos-2,regime_trend,16.0,38.25708694832909,3.715555661796855,72
1,monash_cif_2016,chronos-t5,regime_trend,16.0,35.750852080386004,3.8511445264645556,72
1,monash_cif_2016,chronos-2,regime_trend,20.0,47.887620115366225,4.619597636565237,72
1,monash_cif_2016,chronos-t5,regime_trend,20.0,44.60288063398379,4.7089883898300835,72
1,monash_car_parts,chronos-2,clean,0.0,0.894274873223502,1.0267238668417118,100
1,monash_car_parts,chronos-t5,clean,0.0,0.9278086532382319,1.0887049027681621,100
1,monash_car_parts,chronos-2,regime_trend,0.5,1.5053131955713053,1.7316248174023179,100
1,monash_car_parts,chronos-t5,regime_trend,0.5,1.7712811450487427,2.254317320889332,100
1,monash_car_parts,chronos-2,regime_trend,1.0,2.255082010633678,2.477126042284194,100
1,monash_car_parts,chronos-t5,regime_trend,1.0,2.290829556508548,3.056891451673943,100
1,monash_car_parts,chronos-2,regime_trend,2.0,3.9127872858629686,4.518139198327353,100
1,monash_car_parts,chronos-t5,regime_trend,2.0,3.6772608490942202,4.511394142584702,100
1,monash_car_parts,chronos-2,regime_trend,4.0,7.159847520648137,9.194736900791215,100
1,monash_car_parts,chronos-t5,regime_trend,4.0,5.894056082356667,9.129578086135696,100
1,monash_car_parts,chronos-2,regime_trend,8.0,15.421240246247123,21.896181213737712,100
1,monash_car_parts,chronos-t5,regime_trend,8.0,13.849395479486587,22.16229049596168,100
1,monash_car_parts,chronos-2,regime_trend,12.0,24.638788899226142,36.520220337921245,100
1,monash_car_parts,chronos-t5,regime_trend,12.0,24.24814946410564,38.868811067735535,100
1,monash_car_parts,chronos-2,regime_trend,16.0,35.5553066149005,49.50504186649134,100
1,monash_car_parts,chronos-t5,regime_trend,16.0,32.39568617326967,51.81864685695229,100
1,monash_car_parts,chronos-2,regime_trend,20.0,43.41424831931194,61.77863978731094,100
1,monash_car_parts,chronos-t5,regime_trend,20.0,38.54524644128512,63.9927630382591,100
1,monash_covid_deaths,chronos-2,clean,0.0,43.033524543394854,0.027007980152812278,100
1,monash_covid_deaths,chronos-t5,clean,0.0,51.029100707053985,0.047865729798931445,100
1,monash_covid_deaths,chronos-2,regime_trend,0.5,73.74335982408188,0.2450748978647757,100
1,monash_covid_deaths,chronos-t5,regime_trend,0.5,81.01382196087867,0.258156532917391,100
1,monash_covid_deaths,chronos-2,regime_trend,1.0,105.74237326417679,0.4899077495725682,100
1,monash_covid_deaths,chronos-t5,regime_trend,1.0,111.49926150982444,0.46463607816982333,100
1,monash_covid_deaths,chronos-2,regime_trend,2.0,165.1346573748598,0.921810698632341,100
1,monash_covid_deaths,chronos-t5,regime_trend,2.0,164.26327214841638,0.9163065586809922,100
1,monash_covid_deaths,chronos-2,regime_trend,4.0,323.083084517595,1.9029984135279916,100
1,monash_covid_deaths,chronos-t5,regime_trend,4.0,306.96942242144814,1.7047091082797317,100
1,monash_covid_deaths,chronos-2,regime_trend,8.0,602.3643499718108,3.75467865903361,100
1,monash_covid_deaths,chronos-t5,regime_trend,8.0,522.8749617651382,3.262566970412754,100
1,monash_covid_deaths,chronos-2,regime_trend,12.0,904.5289636674337,5.607002712657017,100
1,monash_covid_deaths,chronos-t5,regime_trend,12.0,765.0946791487082,3.7713784732750972,100
1,monash_covid_deaths,chronos-2,regime_trend,16.0,1215.5025301581056,7.541355317111461,100
1,monash_covid_deaths,chronos-t5,regime_trend,16.0,1001.0654526206915,5.083362999354973,100
1,monash_covid_deaths,chronos-2,regime_trend,20.0,1512.4335598108025,9.457706910493734,100
1,monash_covid_deaths,chronos-t5,regime_trend,20.0,1231.438426166231,6.097398910619811,100
1,dominick,chronos-2,clean,0.0,0.8295138231556268,0.24857655709519688,100
1,dominick,chronos-t5,clean,0.0,0.8092148443255169,0.25540229064750997,100
1,dominick,chronos-2,regime_trend,0.5,1.8534610459228589,0.5020933912438563,100
1,dominick,chronos-t5,regime_trend,0.5,1.8525093555960084,0.5498502518177604,100
1,dominick,chronos-2,regime_trend,1.0,2.7479930025721813,0.7607552222738209,100
1,dominick,chronos-t5,regime_trend,1.0,2.802771637256691,0.8136792876938486,100
1,dominick,chronos-2,regime_trend,2.0,5.0102505770041015,1.4091387940340105,100
1,dominick,chronos-t5,regime_trend,2.0,5.087747048227059,1.4917804729117807,100
1,dominick,chronos-2,regime_trend,4.0,9.961119089994341,2.9263877157879157,100
1,dominick,chronos-t5,regime_trend,4.0,9.97121663338069,2.9787824965612417,100
1,dominick,chronos-2,regime_trend,8.0,19.83555947406891,5.866956187402258,100
1,dominick,chronos-t5,regime_trend,8.0,19.267310937700994,5.8559684436995685,100
1,dominick,chronos-2,regime_trend,12.0,29.78100654446109,8.86224238105517,100
1,dominick,chronos-t5,regime_trend,12.0,28.7717516652241,8.648246018351317,100
1,dominick,chronos-2,regime_trend,16.0,39.83010767648025,11.959783280638531,100
1,dominick,chronos-t5,regime_trend,16.0,38.498935420185546,11.66951861328694,100
1,dominick,chronos-2,regime_trend,20.0,49.742685500082096,14.924410733344502,100
1,dominick,chronos-t5,regime_trend,20.0,47.93827752744472,14.378584151111276,100
1,ercot,chronos-2,clean,0.0,0.8417995516641943,0.02604302222263971,8
1,ercot,chronos-t5,clean,0.0,0.5712387073465397,0.015413922974700154,8
1,ercot,chronos-2,regime_trend,0.5,2.035067868004346,0.04853795690893256,8
1,ercot,chronos-t5,regime_trend,0.5,2.2724117635353203,0.06747943638857487,8
1,ercot,chronos-2,regime_trend,1.0,4.65859927041769,0.15662973229234847,8
1,ercot,chronos-t5,regime_trend,1.0,4.370086326952034,0.15014851491025608,8
1,ercot,chronos-2,regime_trend,2.0,9.170289369387927,0.32170113214962254,8
1,ercot,chronos-t5,regime_trend,2.0,8.773261539130273,0.3045590480240637,8
1,ercot,chronos-2,regime_trend,4.0,17.494692619149543,0.6022486517035219,8
1,ercot,chronos-t5,regime_trend,4.0,17.379282924356477,0.5976999325866591,8
1,ercot,chronos-2,regime_trend,8.0,35.15350652244239,1.2300100336678015,8
1,ercot,chronos-t5,regime_trend,8.0,35.453843035901976,1.2498229060743136,8
1,ercot,chronos-2,regime_trend,12.0,51.68123863843169,1.7902529693862155,8
1,ercot,chronos-t5,regime_trend,12.0,51.78894986466844,1.7994693676470064,8
1,ercot,chronos-2,regime_trend,16.0,69.19269140211502,2.4016364527450853,8
1,ercot,chronos-t5,regime_trend,16.0,69.28144023962848,2.4101005659388908,8
1,ercot,chronos-2,regime_trend,20.0,86.50245473406046,3.0093412113161566,8
1,ercot,chronos-t5,regime_trend,20.0,86.57410054619834,3.0100744003509354,8
1,exchange_rate,chronos-2,clean,0.0,1.816427573959804,0.011831282159531213,8
1,exchange_rate,chronos-t5,clean,0.0,2.1051456080790114,0.012312062402220863,8
1,exchange_rate,chronos-2,regime_trend,0.5,16.787326561224873,0.07664825464054142,8
1,exchange_rate,chronos-t5,regime_trend,0.5,16.827087935229862,0.07329513926220019,8
1,exchange_rate,chronos-2,regime_trend,1.0,33.27152961511332,0.15095974723034275,8
1,exchange_rate,chronos-t5,regime_trend,1.0,33.784474810456665,0.15389432198682754,8
1,exchange_rate,chronos-2,regime_trend,2.0,66.76300537664832,0.30929232587521954,8
1,exchange_rate,chronos-t5,regime_trend,2.0,67.19344495173021,0.30812541905154617,8
1,exchange_rate,chronos-2,regime_trend,4.0,130.63341847823855,0.6203288411669532,8
1,exchange_rate,chronos-t5,regime_trend,4.0,131.85803883638235,0.6267217045857789,8
1,exchange_rate,chronos-2,regime_trend,8.0,262.25500711198913,1.2704268907477934,8
1,exchange_rate,chronos-t5,regime_trend,8.0,268.30532893355183,1.2862689493396895,8
1,exchange_rate,chronos-2,regime_trend,12.0,394.1161969448227,1.8926346888659964,8
1,exchange_rate,chronos-t5,regime_trend,12.0,403.89009997544053,1.9370409127026624,8
1,exchange_rate,chronos-2,regime_trend,16.0,523.1986231017248,2.5232465534022195,8
1,exchange_rate,chronos-t5,regime_trend,16.0,537.8115114033092,2.5811281038833496,8
1,exchange_rate,chronos-2,regime_trend,20.0,666.049370019155,3.215284153232083,8
1,exchange_rate,chronos-t5,regime_trend,20.0,671.4533953213872,3.240958417538477,8
1,monash_fred_md,chronos-2,clean,0.0,0.4532046285633289,0.02010413991667694,100
1,monash_fred_md,chronos-t5,clean,0.0,0.4218845561714114,0.016003771733888037,100
1,monash_fred_md,chronos-2,regime_trend,0.5,5.234145623417398,0.10639946777440941,100
1,monash_fred_md,chronos-t5,regime_trend,0.5,5.160387905112247,0.10102376883276222,100
1,monash_fred_md,chronos-2,regime_trend,1.0,10.380907691448929,0.20657820399814503,100
1,monash_fred_md,chronos-t5,regime_trend,1.0,10.34934104501966,0.20309613826839049,100
1,monash_fred_md,chronos-2,regime_trend,2.0,20.75556875364015,0.41763354661455954,100
1,monash_fred_md,chronos-t5,regime_trend,2.0,20.785290054447227,0.4251950922678272,100
1,monash_fred_md,chronos-2,regime_trend,4.0,41.669039569848294,0.8259299463571038,100
1,monash_fred_md,chronos-t5,regime_trend,4.0,41.630939857387304,0.820240706987629,100
1,monash_fred_md,chronos-2,regime_trend,8.0,83.47703436081525,1.665370442844707,100
1,monash_fred_md,chronos-t5,regime_trend,8.0,83.4133947932717,1.6676669699051774,100
1,monash_fred_md,chronos-2,regime_trend,12.0,125.40606171683733,2.477108968930524,100
1,monash_fred_md,chronos-t5,regime_trend,12.0,125.16413192010523,2.5141437914355627,100
1,monash_fred_md,chronos-2,regime_trend,16.0,167.07572726782684,3.3183161438906144,100
1,monash_fred_md,chronos-t5,regime_trend,16.0,166.92197676951633,3.2944860746845688,100
1,monash_fred_md,chronos-2,regime_trend,20.0,208.68207003383736,4.1569539089578065,100
1,monash_fred_md,chronos-t5,regime_trend,20.0,208.73057794733452,4.190089461096205,100
1,monash_hospital,chronos-2,clean,0.0,0.7870107936415635,0.061281917662917254,100
1,monash_hospital,chronos-t5,clean,0.0,0.8368099757027945,0.06626061619188243,100
1,monash_hospital,chronos-2,regime_trend,0.5,0.8488164266369881,0.06813231144026831,100
1,monash_hospital,chronos-t5,regime_trend,0.5,0.8853050413176716,0.07253123731980078,100
1,monash_hospital,chronos-2,regime_trend,1.0,1.0332948604483443,0.0966748633871242,100
1,monash_hospital,chronos-t5,regime_trend,1.0,1.0876093184631093,0.09965363964768595,100
1,monash_hospital,chronos-2,regime_trend,2.0,1.717280224706562,0.20156910510223167,100
1,monash_hospital,chronos-t5,regime_trend,2.0,1.7533739681080722,0.19782065455939513,100
1,monash_hospital,chronos-2,regime_trend,4.0,4.0442045372215905,0.46508376722939243,100
1,monash_hospital,chronos-t5,regime_trend,4.0,3.9067314360567194,0.45719351650689904,100
1,monash_hospital,chronos-2,regime_trend,8.0,9.59765222021888,1.0970536562184676,100
1,monash_hospital,chronos-t5,regime_trend,8.0,8.548433126977018,1.0313425036196724,100
1,monash_hospital,chronos-2,regime_trend,12.0,15.096634153803658,1.7615451630459167,100
1,monash_hospital,chronos-t5,regime_trend,12.0,14.233948667144874,1.6999950686937046,100
1,monash_hospital,chronos-2,regime_trend,16.0,20.767858890798784,2.44387936024368,100
1,monash_hospital,chronos-t5,regime_trend,16.0,19.08453539869336,2.37525652786489,100
1,monash_hospital,chronos-2,regime_trend,20.0,25.374161332132882,2.959186984094439,100
1,monash_hospital,chronos-t5,regime_trend,20.0,23.741968015920904,2.9078092786597303,100
1,monash_m1_monthly,chronos-2,clean,0.0,1.0252822007023978,0.27221328295504754,100
1,monash_m1_monthly,chronos-t5,clean,0.0,1.1516468268682487,0.18440826126024026,100
1,monash_m1_monthly,chronos-2,regime_trend,0.5,1.2467047031035723,0.26975103330044264,100
1,monash_m1_monthly,chronos-t5,regime_trend,0.5,1.3298472329203788,0.21820511552080682,100
1,monash_m1_monthly,chronos-2,regime_trend,1.0,1.8119365692034706,0.3661539624038882,100
1,monash_m1_monthly,chronos-t5,regime_trend,1.0,1.7899361399786085,0.24175567716122812,100
1,monash_m1_monthly,chronos-2,regime_trend,2.0,3.1622929058484726,0.30112788189409145,100
1,monash_m1_monthly,chronos-t5,regime_trend,2.0,2.94879753909511,0.3007541939522372,100
1,monash_m1_monthly,chronos-2,regime_trend,4.0,6.95036077868234,0.5259038140788675,100
1,monash_m1_monthly,chronos-t5,regime_trend,4.0,6.288986067208474,0.5511487378820933,100
1,monash_m1_monthly,chronos-2,regime_trend,8.0,15.352765708406091,1.6067889803190392,100
1,monash_m1_monthly,chronos-t5,regime_trend,8.0,13.85628672679802,1.3412627597060855,100
1,monash_m1_monthly,chronos-2,regime_trend,12.0,24.481653141062658,4.225144904901552,100
1,monash_m1_monthly,chronos-t5,regime_trend,12.0,21.907302673723827,3.6645503586087975,100
1,monash_m1_monthly,chronos-2,regime_trend,16.0,32.298677621952166,6.091330651846322,100
1,monash_m1_monthly,chronos-t5,regime_trend,16.0,28.498184525065525,5.300193171650959,100
1,monash_m1_monthly,chronos-2,regime_trend,20.0,41.33444834315485,8.195835582692348,100
1,monash_m1_monthly,chronos-t5,regime_trend,20.0,37.896050894597685,7.562091079032189,100
1,monash_m1_quarterly,chronos-2,clean,0.0,1.5766614979688591,0.07952721348399153,100
1,monash_m1_quarterly,chronos-t5,clean,0.0,1.762670262288231,0.10089561893706252,100
1,monash_m1_quarterly,chronos-2,regime_trend,0.5,2.1868732819115597,0.09456694964649418,100
1,monash_m1_quarterly,chronos-t5,regime_trend,0.5,2.2178259682177344,0.11478362516444311,100
1,monash_m1_quarterly,chronos-2,regime_trend,1.0,3.07299064386772,0.1388308653119618,100
1,monash_m1_quarterly,chronos-t5,regime_trend,1.0,3.0744226970649438,0.15882439220358868,100
1,monash_m1_quarterly,chronos-2,regime_trend,2.0,5.598398295400111,0.20379672556064923,100
1,monash_m1_quarterly,chronos-t5,regime_trend,2.0,5.622780626661366,0.21635076028513678,100
1,monash_m1_quarterly,chronos-2,regime_trend,4.0,11.596461411735033,0.4081027642225914,100
1,monash_m1_quarterly,chronos-t5,regime_trend,4.0,11.1403661852764,0.45003894005618494,100
1,monash_m1_quarterly,chronos-2,regime_trend,8.0,23.403367961799358,1.0655859517349502,100
1,monash_m1_quarterly,chronos-t5,regime_trend,8.0,21.59819001902511,1.044774238212191,100
1,monash_m1_quarterly,chronos-2,regime_trend,12.0,36.44523990857855,1.5627028387922288,100
1,monash_m1_quarterly,chronos-t5,regime_trend,12.0,32.61213932530652,1.552665220546307,100
1,monash_m1_quarterly,chronos-2,regime_trend,16.0,49.035583781484426,2.3051070637261963,100
1,monash_m1_quarterly,chronos-t5,regime_trend,16.0,44.169098074737114,2.1482730506279615,100
1,monash_m1_quarterly,chronos-2,regime_trend,20.0,61.775306961443974,2.987413523316225,100
1,monash_m1_quarterly,chronos-t5,regime_trend,20.0,56.1552601294205,2.6631656722565418,100
1,monash_m1_yearly,chronos-2,clean,0.0,3.637927031199332,0.07096940204212351,100
1,monash_m1_yearly,chronos-t5,clean,0.0,4.892145086756286,0.07591765936732309,100
1,monash_m1_yearly,chronos-2,regime_trend,0.5,4.234084151762849,0.09258126618267866,100
1,monash_m1_yearly,chronos-t5,regime_trend,0.5,5.172177343555061,0.12582675215338399,100
1,monash_m1_yearly,chronos-2,regime_trend,1.0,6.195490500475174,0.15757461137243348,100
1,monash_m1_yearly,chronos-t5,regime_trend,1.0,6.248768063521939,0.17859121044739704,100
1,monash_m1_yearly,chronos-2,regime_trend,2.0,9.423360913240144,0.3279340793865424,100
1,monash_m1_yearly,chronos-t5,regime_trend,2.0,8.264466277851527,0.36063202494517327,100
1,monash_m1_yearly,chronos-2,regime_trend,4.0,17.618679597644142,0.8459501229806214,100
1,monash_m1_yearly,chronos-t5,regime_trend,4.0,15.276083628188713,0.8577883568096003,100
1,monash_m1_yearly,chronos-2,regime_trend,8.0,32.22670296880746,1.6434612374827866,100
1,monash_m1_yearly,chronos-t5,regime_trend,8.0,27.522606148839284,1.6104774038720047,100
1,monash_m1_yearly,chronos-2,regime_trend,12.0,47.15776867760764,2.253632817759903,100
1,monash_m1_yearly,chronos-t5,regime_trend,12.0,41.98833968060135,2.3003276845187988,100
1,monash_m1_yearly,chronos-2,regime_trend,16.0,61.597548791430334,3.122976399852048,100
1,monash_m1_yearly,chronos-t5,regime_trend,16.0,54.349968117393935,3.048671566733608,100
1,monash_m1_yearly,chronos-2,regime_trend,20.0,79.18608156568955,3.8447799181155355,100
1,monash_m1_yearly,chronos-t5,regime_trend,20.0,67.4785032457652,3.730826166138963,100
1,monash_m3_monthly,chronos-2,clean,0.0,0.811635633079432,0.08901184204854988,100
1,monash_m3_monthly,chronos-t5,clean,0.0,0.8336913098884566,0.09309821568682108,100
1,monash_m3_monthly,chronos-2,regime_trend,0.5,1.4496243504825514,0.13267586820398292,100
1,monash_m3_monthly,chronos-t5,regime_trend,0.5,1.3593644955451782,0.12701401157518458,100
1,monash_m3_monthly,chronos-2,regime_trend,1.0,2.377791196526523,0.19990084590951138,100
1,monash_m3_monthly,chronos-t5,regime_trend,1.0,2.2593499907893024,0.20030355321162324,100
1,monash_m3_monthly,chronos-2,regime_trend,2.0,4.172678912336404,0.3699411118346083,100
1,monash_m3_monthly,chronos-t5,regime_trend,2.0,4.051464708262453,0.3777880614833881,100
1,monash_m3_monthly,chronos-2,regime_trend,4.0,8.84510427547146,0.8021074911847907,100
1,monash_m3_monthly,chronos-t5,regime_trend,4.0,8.341428866115596,0.7763004480335667,100
1,monash_m3_monthly,chronos-2,regime_trend,8.0,18.505334324050363,1.8482030498455115,100
1,monash_m3_monthly,chronos-t5,regime_trend,8.0,16.72197555750097,1.722097488379826,100
1,monash_m3_monthly,chronos-2,regime_trend,12.0,28.115195788768457,2.8040028499252276,100
1,monash_m3_monthly,chronos-t5,regime_trend,12.0,25.781215673732916,2.654980576784686,100
1,monash_m3_monthly,chronos-2,regime_trend,16.0,37.69887354745507,3.886728658875348,100
1,monash_m3_monthly,chronos-t5,regime_trend,16.0,35.161966617411025,3.775297394707528,100
1,monash_m3_monthly,chronos-2,regime_trend,20.0,47.45806176518672,4.881323364947976,100
1,monash_m3_monthly,chronos-t5,regime_trend,20.0,43.299179727685704,4.63302420013875,100
1,monash_m3_quarterly,chronos-2,clean,0.0,1.2542640597019636,0.07384750980066322,100
1,monash_m3_quarterly,chronos-t5,clean,0.0,1.3704702167460743,0.08130982480072382,100
1,monash_m3_quarterly,chronos-2,regime_trend,0.5,1.9913753774124368,0.11312974971905182,100
1,monash_m3_quarterly,chronos-t5,regime_trend,0.5,1.9356581539484798,0.11175549537572896,100
1,monash_m3_quarterly,chronos-2,regime_trend,1.0,3.2351998465832077,0.17787897499568892,100
1,monash_m3_quarterly,chronos-t5,regime_trend,1.0,3.198896127924122,0.18342369692077243,100
1,monash_m3_quarterly,chronos-2,regime_trend,2.0,5.783970048776797,0.334284816222626,100
1,monash_m3_quarterly,chronos-t5,regime_trend,2.0,5.628984246665546,0.3386698360685773,100
1,monash_m3_quarterly,chronos-2,regime_trend,4.0,11.597420999223909,0.6843050905293997,100
1,monash_m3_quarterly,chronos-t5,regime_trend,4.0,11.006029085300124,0.6597742791133488,100
1,monash_m3_quarterly,chronos-2,regime_trend,8.0,24.649671043385162,1.4752545695855614,100
1,monash_m3_quarterly,chronos-t5,regime_trend,8.0,22.686156276097073,1.3943353763210906,100
1,monash_m3_quarterly,chronos-2,regime_trend,12.0,37.640663956137736,2.288585167776981,100
1,monash_m3_quarterly,chronos-t5,regime_trend,12.0,33.116373848005814,2.112467469967218,100
1,monash_m3_quarterly,chronos-2,regime_trend,16.0,50.22434303248181,3.0944821386591967,100
1,monash_m3_quarterly,chronos-t5,regime_trend,16.0,44.56440164354339,2.877630268865502,100
1,monash_m3_quarterly,chronos-2,regime_trend,20.0,63.72660845111422,3.9235286447798177,100
1,monash_m3_quarterly,chronos-t5,regime_trend,20.0,57.09874640456883,3.6816333398027217,100
1,monash_m3_yearly,chronos-2,clean,0.0,3.0132092403527664,0.14670256385058947,100
1,monash_m3_yearly,chronos-t5,clean,0.0,3.5624616395047783,0.16021827417695378,100
1,monash_m3_yearly,chronos-2,regime_trend,0.5,4.2522850137376285,0.1776236582109511,100
1,monash_m3_yearly,chronos-t5,regime_trend,0.5,4.353503076392782,0.1879891178003741,100
1,monash_m3_yearly,chronos-2,regime_trend,1.0,6.075731886072758,0.2356693763575709,100
1,monash_m3_yearly,chronos-t5,regime_trend,1.0,5.8166608579488805,0.23868006646596582,100
1,monash_m3_yearly,chronos-2,regime_trend,2.0,9.518612371216346,0.3740509139863884,100
1,monash_m3_yearly,chronos-t5,regime_trend,2.0,8.967519767562893,0.3901392751328783,100
1,monash_m3_yearly,chronos-2,regime_trend,4.0,17.290117805576,0.7105548468177422,100
1,monash_m3_yearly,chronos-t5,regime_trend,4.0,16.158716043981986,0.7312744586203663,100
1,monash_m3_yearly,chronos-2,regime_trend,8.0,35.44505948719434,1.4351532802872624,100
1,monash_m3_yearly,chronos-t5,regime_trend,8.0,32.52467023947583,1.4944481470459334,100
1,monash_m3_yearly,chronos-2,regime_trend,12.0,52.69645174252677,2.1642699268132266,100
1,monash_m3_yearly,chronos-t5,regime_trend,12.0,47.70024593247895,2.192973403773362,100
1,monash_m3_yearly,chronos-2,regime_trend,16.0,70.18494460255619,2.9743647395875765,100
1,monash_m3_yearly,chronos-t5,regime_trend,16.0,62.69858838982164,2.974624343429289,100
1,monash_m3_yearly,chronos-2,regime_trend,20.0,89.04150472064963,3.7416919226422842,100
1,monash_m3_yearly,chronos-t5,regime_trend,20.0,78.37628672995334,3.6720358980218513,100
1,m4_quarterly,chronos-2,clean,0.0,1.1058863737967675,0.07350590730709108,100
1,m4_quarterly,chronos-t5,clean,0.0,1.1645004993191832,0.07642013996145958,100
1,m4_quarterly,chronos-2,regime_trend,0.5,2.3054766514242435,0.13341869997766576,100
1,m4_quarterly,chronos-t5,regime_trend,0.5,2.3563133542485115,0.1363963284240549,100
1,m4_quarterly,chronos-2,regime_trend,1.0,4.1000746601256415,0.2197450532838402,100
1,m4_quarterly,chronos-t5,regime_trend,1.0,4.0761529956268365,0.23772378731112573,100
1,m4_quarterly,chronos-2,regime_trend,2.0,8.015198639308425,0.41657764263954916,100
1,m4_quarterly,chronos-t5,regime_trend,2.0,8.0594204610612,0.4448011127411395,100
1,m4_quarterly,chronos-2,regime_trend,4.0,16.76905168240984,0.9291380135073012,100
1,m4_quarterly,chronos-t5,regime_trend,4.0,16.37603757926751,0.9375987693429911,100
1,m4_quarterly,chronos-2,regime_trend,8.0,34.154772649004144,1.9639039747100944,100
1,m4_quarterly,chronos-t5,regime_trend,8.0,32.63131393766552,1.926157005587038,100
1,m4_quarterly,chronos-2,regime_trend,12.0,51.776349847233334,2.9963843777337664,100
1,m4_quarterly,chronos-t5,regime_trend,12.0,49.48975574485887,2.9400973037139346,100
1,m4_quarterly,chronos-2,regime_trend,16.0,69.79119611951265,4.071678109008648,100
1,m4_quarterly,chronos-t5,regime_trend,16.0,66.15600125365648,3.880513015643492,100
1,m4_quarterly,chronos-2,regime_trend,20.0,86.70837449245283,5.068969398014233,100
1,m4_quarterly,chronos-t5,regime_trend,20.0,82.7895000044812,4.867647053093638,100
1,m4_yearly,chronos-2,clean,0.0,3.003324720876421,0.11662203541969743,100
1,m4_yearly,chronos-t5,clean,0.0,3.5809912438732536,0.14044178782510824,100
1,m4_yearly,chronos-2,regime_trend,0.5,5.238537539855193,0.16348578630606608,100
1,m4_yearly,chronos-t5,regime_trend,0.5,5.484687355019066,0.18685850517135755,100
1,m4_yearly,chronos-2,regime_trend,1.0,9.668420540013512,0.2918612741983452,100
1,m4_yearly,chronos-t5,regime_trend,1.0,9.310086022362524,0.3077116786757766,100
1,m4_yearly,chronos-2,regime_trend,2.0,16.937772569218893,0.5021780063427537,100
1,m4_yearly,chronos-t5,regime_trend,2.0,16.295687829325452,0.5222561213797863,100
1,m4_yearly,chronos-2,regime_trend,4.0,32.670452245404505,0.8982340092545642,100
1,m4_yearly,chronos-t5,regime_trend,4.0,30.814541329975995,0.9077570006073107,100
1,m4_yearly,chronos-2,regime_trend,8.0,69.0336138540695,1.9239160038288452,100
1,m4_yearly,chronos-t5,regime_trend,8.0,61.16676777956469,1.8620473086596858,100
1,m4_yearly,chronos-2,regime_trend,12.0,104.01010290222857,2.931474572452599,100
1,m4_yearly,chronos-t5,regime_trend,12.0,91.36475346903408,2.8046625844259054,100
1,m4_yearly,chronos-2,regime_trend,16.0,139.87748476945063,3.9808794931746254,100
1,m4_yearly,chronos-t5,regime_trend,16.0,122.68908761742678,3.8225171608360284,100
1,m4_yearly,chronos-2,regime_trend,20.0,172.671166759171,4.93002868051388,100
1,m4_yearly,chronos-t5,regime_trend,20.0,147.9934791587619,4.660339117468444,100
1,m5,chronos-2,clean,0.0,0.8902796015181903,0.5276950502475531,100
1,m5,chronos-t5,clean,0.0,0.910826665911667,0.5632179002680662,100
1,m5,chronos-2,regime_trend,0.5,1.3328278750244635,0.6797503784665805,100
1,m5,chronos-t5,regime_trend,0.5,1.2373416002974098,0.7068971253570185,100
1,m5,chronos-2,regime_trend,1.0,1.8352240373328976,0.9667296574984834,100
1,m5,chronos-t5,regime_trend,1.0,1.6661682310547115,1.01558819096268,100
1,m5,chronos-2,regime_trend,2.0,3.220567264359616,1.7424754029415788,100
1,m5,chronos-t5,regime_trend,2.0,2.851690661104577,1.7718486578711492,100
1,m5,chronos-2,regime_trend,4.0,6.19213878807762,3.644918388303795,100
1,m5,chronos-t5,regime_trend,4.0,5.832124086570116,3.583051609649665,100
1,m5,chronos-2,regime_trend,8.0,12.015876383029795,7.515029630447586,100
1,m5,chronos-t5,regime_trend,8.0,12.043337534094986,7.52325119984933,100
1,m5,chronos-2,regime_trend,12.0,18.3028960137833,11.574661571715147,100
1,m5,chronos-t5,regime_trend,12.0,18.421589242778943,11.682878372789439,100
1,m5,chronos-2,regime_trend,16.0,24.344702755574456,15.430296096403794,100
1,m5,chronos-t5,regime_trend,16.0,24.636294038298324,15.819288997484158,100
1,m5,chronos-2,regime_trend,20.0,30.370325188378274,19.35975817576,100
1,m5,chronos-t5,regime_trend,20.0,30.506626021932117,19.572814388666696,100
1,nn5,chronos-2,clean,0.0,0.5565058217844888,0.14566301635161222,100
1,nn5,chronos-t5,clean,0.0,0.6014266768446973,0.16549701921978835,100
1,nn5,chronos-2,regime_trend,0.5,0.7108593451606995,0.18457152074550195,100
1,nn5,chronos-t5,regime_trend,0.5,0.7278559587969587,0.20565374274778975,100
1,nn5,chronos-2,regime_trend,1.0,1.0636269588523861,0.2860244884939926,100
1,nn5,chronos-t5,regime_trend,1.0,1.031487504571468,0.30365639061010086,100
1,nn5,chronos-2,regime_trend,2.0,2.1261726071202713,0.6297708063255363,100
1,nn5,chronos-t5,regime_trend,2.0,1.9914893223968249,0.6147395541666358,100
1,nn5,chronos-2,regime_trend,4.0,4.58638976489263,1.4237450201166906,100
1,nn5,chronos-t5,regime_trend,4.0,3.9214736048520384,1.2491154933384165,100
1,nn5,chronos-2,regime_trend,8.0,9.424492974408764,2.9907588506579046,100
1,nn5,chronos-t5,regime_trend,8.0,8.184289004003325,2.638224487637787,100
1,nn5,chronos-2,regime_trend,12.0,14.173593877303032,4.523440912355635,100
1,nn5,chronos-t5,regime_trend,12.0,12.32819870472054,3.9731737512989604,100
1,nn5,chronos-2,regime_trend,16.0,18.980268585441703,6.0859516121821855,100
1,nn5,chronos-t5,regime_trend,16.0,16.595161379783033,5.401392770918425,100
1,nn5,chronos-2,regime_trend,20.0,23.89083847567202,7.692675866953176,100
1,nn5,chronos-t5,regime_trend,20.0,21.06382877322543,6.871557260907335,100
1,monash_nn5_weekly,chronos-2,clean,0.0,0.85885852195396,0.07810001991339675,100
1,monash_nn5_weekly,chronos-t5,clean,0.0,0.940325060548796,0.08671858320994612,100
1,monash_nn5_weekly,chronos-2,regime_trend,0.5,0.9279474532235961,0.08456816096177512,100
1,monash_nn5_weekly,chronos-t5,regime_trend,0.5,1.013909496638676,0.0951166684736774,100
1,monash_nn5_weekly,chronos-2,regime_trend,1.0,1.1738461885126685,0.10395025561925145,100
1,monash_nn5_weekly,chronos-t5,regime_trend,1.0,1.2081922015085984,0.11238245007957971,100
1,monash_nn5_weekly,chronos-2,regime_trend,2.0,1.9293831793249379,0.17571018919122894,100
1,monash_nn5_weekly,chronos-t5,regime_trend,2.0,1.922990679153702,0.18456008386088738,100
1,monash_nn5_weekly,chronos-2,regime_trend,4.0,4.3052488272927905,0.4178626653181759,100
1,monash_nn5_weekly,chronos-t5,regime_trend,4.0,4.19228757872551,0.42823542579938245,100
1,monash_nn5_weekly,chronos-2,regime_trend,8.0,10.019431329127233,1.0405699084097835,100
1,monash_nn5_weekly,chronos-t5,regime_trend,8.0,9.448676858496068,1.0214130277297169,100
1,monash_nn5_weekly,chronos-2,regime_trend,12.0,15.419805458701257,1.6387254685125752,100
1,monash_nn5_weekly,chronos-t5,regime_trend,12.0,14.413350713579343,1.57778140125865,100
1,monash_nn5_weekly,chronos-2,regime_trend,16.0,20.798661226098364,2.2373788688075407,100
1,monash_nn5_weekly,chronos-t5,regime_trend,16.0,19.740708885210548,2.175584636089551,100
1,monash_nn5_weekly,chronos-2,regime_trend,20.0,25.902761785565744,2.797997404541859,100
1,monash_nn5_weekly,chronos-t5,regime_trend,20.0,24.37971179817984,2.7015091971431624,100
1,monash_tourism_monthly,chronos-2,clean,0.0,1.3430131286102536,0.06909977408430708,100
1,monash_tourism_monthly,chronos-t5,clean,0.0,1.8047984473996008,0.09545792498455835,100
1,monash_tourism_monthly,chronos-2,regime_trend,0.5,1.9301796484769194,0.1302588006093573,100
1,monash_tourism_monthly,chronos-t5,regime_trend,0.5,2.189831862156014,0.16031972551459317,100
1,monash_tourism_monthly,chronos-2,regime_trend,1.0,3.11681634032677,0.2491345909692565,100
1,monash_tourism_monthly,chronos-t5,regime_trend,1.0,3.2827169068743878,0.27582762074877176,100
1,monash_tourism_monthly,chronos-2,regime_trend,2.0,5.942401858344461,0.5434645013377472,100
1,monash_tourism_monthly,chronos-t5,regime_trend,2.0,5.626564680943179,0.5312588469038683,100
1,monash_tourism_monthly,chronos-2,regime_trend,4.0,11.99652770472756,1.1218656472295885,100
1,monash_tourism_monthly,chronos-t5,regime_trend,4.0,11.270553105080396,1.108894764156503,100
1,monash_tourism_monthly,chronos-2,regime_trend,8.0,24.81413101363944,2.3350827750163843,100
1,monash_tourism_monthly,chronos-t5,regime_trend,8.0,22.411902722802825,2.2080137972087353,100
1,monash_tourism_monthly,chronos-2,regime_trend,12.0,37.56888088139176,3.582844969721205,100
1,monash_tourism_monthly,chronos-t5,regime_trend,12.0,33.540021686977134,3.3341599134405153,100
1,monash_tourism_monthly,chronos-2,regime_trend,16.0,50.339161114317676,4.850275324628836,100
1,monash_tourism_monthly,chronos-t5,regime_trend,16.0,43.559712636272145,4.276782270480756,100
1,monash_tourism_monthly,chronos-2,regime_trend,20.0,63.222403935188595,6.0778558692712386,100
1,monash_tourism_monthly,chronos-t5,regime_trend,20.0,54.684849010414496,5.4320404874438815,100
1,monash_tourism_quarterly,chronos-2,clean,0.0,1.5904319369414341,0.07053812492950641,100
1,monash_tourism_quarterly,chronos-t5,clean,0.0,1.7124200613958953,0.08037115570594315,100
1,monash_tourism_quarterly,chronos-2,regime_trend,0.5,2.3530833398240194,0.13588572222465492,100
1,monash_tourism_quarterly,chronos-t5,regime_trend,0.5,2.5497057496939397,0.14046617781869053,100
1,monash_tourism_quarterly,chronos-2,regime_trend,1.0,3.755784078312122,0.25103521867850676,100
1,monash_tourism_quarterly,chronos-t5,regime_trend,1.0,4.061778626848277,0.2836072064763352,100
1,monash_tourism_quarterly,chronos-2,regime_trend,2.0,7.525731165094921,0.5526165955259964,100
1,monash_tourism_quarterly,chronos-t5,regime_trend,2.0,7.854304240984004,0.6224038516594681,100
1,monash_tourism_quarterly,chronos-2,regime_trend,4.0,15.456531187331215,1.167273081870277,100
1,monash_tourism_quarterly,chronos-t5,regime_trend,4.0,15.534694688742295,1.2239022901650596,100
1,monash_tourism_quarterly,chronos-2,regime_trend,8.0,32.96193092803649,2.4717785305703006,100
1,monash_tourism_quarterly,chronos-t5,regime_trend,8.0,30.84971680375959,2.4840307941579582,100
1,monash_tourism_quarterly,chronos-2,regime_trend,12.0,50.03149519762041,3.777643361727986,100
1,monash_tourism_quarterly,chronos-t5,regime_trend,12.0,46.110906956361866,3.633098187226728,100
1,monash_tourism_quarterly,chronos-2,regime_trend,16.0,67.21185106635566,5.10144369621119,100
1,monash_tourism_quarterly,chronos-t5,regime_trend,16.0,61.558996390828035,4.934694155406714,100
1,monash_tourism_quarterly,chronos-2,regime_trend,20.0,83.85604048304401,6.432619450439849,100
1,monash_tourism_quarterly,chronos-t5,regime_trend,20.0,76.9303289643649,6.029422238002696,100
1,monash_tourism_yearly,chronos-2,clean,0.0,3.5704327729167913,0.16546482529220838,100
1,monash_tourism_yearly,chronos-t5,clean,0.0,3.946960149549127,0.2034639774743393,100
1,monash_tourism_yearly,chronos-2,regime_trend,0.5,4.198899883153743,0.16873109039496537,100
1,monash_tourism_yearly,chronos-t5,regime_trend,0.5,4.425137242363766,0.17125652438333605,100
1,monash_tourism_yearly,chronos-2,regime_trend,1.0,5.37243700498329,0.17794178473510563,100
1,monash_tourism_yearly,chronos-t5,regime_trend,1.0,5.369095725580341,0.1785569422719855,100
1,monash_tourism_yearly,chronos-2,regime_trend,2.0,8.775295938661662,0.32729440049307396,100
1,monash_tourism_yearly,chronos-t5,regime_trend,2.0,8.371301475128126,0.3788132033907943,100
1,monash_tourism_yearly,chronos-2,regime_trend,4.0,16.459254040184387,0.3658515196510007,100
1,monash_tourism_yearly,chronos-t5,regime_trend,4.0,14.756161282062472,0.3393566653265641,100
1,monash_tourism_yearly,chronos-2,regime_trend,8.0,34.386546984488426,0.697142390912204,100
1,monash_tourism_yearly,chronos-t5,regime_trend,8.0,28.929460846053203,0.7972678771433233,100
1,monash_tourism_yearly,chronos-2,regime_trend,12.0,53.86872711573264,1.1158527630011086,100
1,monash_tourism_yearly,chronos-t5,regime_trend,12.0,45.061694628713376,1.3612257729533508,100
1,monash_tourism_yearly,chronos-2,regime_trend,16.0,73.19142769621968,1.9264731415582415,100
1,monash_tourism_yearly,chronos-t5,regime_trend,16.0,58.39662635211714,2.0637124225067907,100
1,monash_tourism_yearly,chronos-2,regime_trend,20.0,92.727443213894,2.0944138820910023,100
1,monash_tourism_yearly,chronos-t5,regime_trend,20.0,73.62529407218892,2.4291083613476876,100
1,monash_traffic,chronos-2,clean,0.0,0.8271235376076017,0.2736839843613832,100
1,monash_traffic,chronos-t5,clean,0.0,0.8216134085683118,0.2819226652646958,100
1,monash_traffic,chronos-2,regime_trend,0.5,1.5246083651117697,0.47929017198929874,100
1,monash_traffic,chronos-t5,regime_trend,0.5,1.5433275502974924,0.4987961617430291,100
1,monash_traffic,chronos-2,regime_trend,1.0,2.833153088826654,0.850853426908403,100
1,monash_traffic,chronos-t5,regime_trend,1.0,2.735681208520652,0.8297030278820697,100
1,monash_traffic,chronos-2,regime_trend,2.0,5.183269469986574,1.5461768814287464,100
1,monash_traffic,chronos-t5,regime_trend,2.0,4.936236357443975,1.4805581769458023,100
1,monash_traffic,chronos-2,regime_trend,4.0,10.55284666159025,3.156186085233021,100
1,monash_traffic,chronos-t5,regime_trend,4.0,10.252380018980716,3.0508434657886547,100
1,monash_traffic,chronos-2,regime_trend,8.0,21.300044564732378,6.42466124896144,100
1,monash_traffic,chronos-t5,regime_trend,8.0,21.018228953209505,6.342473637135382,100
1,monash_traffic,chronos-2,regime_trend,12.0,31.545580648132,9.384636041433707,100
1,monash_traffic,chronos-t5,regime_trend,12.0,31.384857692720416,9.341650729435663,100
1,monash_traffic,chronos-2,regime_trend,16.0,42.1522609048604,12.573009747785246,100
1,monash_traffic,chronos-t5,regime_trend,16.0,41.96204827995211,12.519430251729382,100
1,monash_traffic,chronos-2,regime_trend,20.0,53.07997991353085,15.940610918780733,100
1,monash_traffic,chronos-t5,regime_trend,20.0,52.974661498229324,15.840986184913893,100
1,monash_weather,chronos-2,clean,0.0,0.9775839384301249,0.12512084985369903,100
1,monash_weather,chronos-t5,clean,0.0,1.078029983833665,0.1451518384210959,100
1,monash_weather,chronos-2,regime_trend,0.5,1.596311119624333,0.2628806870308841,100
1,monash_weather,chronos-t5,regime_trend,0.5,1.671569953503714,0.28478379268646753,100
1,monash_weather,chronos-2,regime_trend,1.0,2.6641159056317645,0.49817880269529646,100
1,monash_weather,chronos-t5,regime_trend,1.0,2.628893984614091,0.5231650468425701,100
1,monash_weather,chronos-2,regime_trend,2.0,4.911345717246991,1.0362170147906133,100
1,monash_weather,chronos-t5,regime_trend,2.0,4.883958180940028,1.0413752994307799,100
1,monash_weather,chronos-2,regime_trend,4.0,9.776092377055734,2.1509641797584202,100
1,monash_weather,chronos-t5,regime_trend,4.0,9.365485902125549,2.106525416970941,100
1,monash_weather,chronos-2,regime_trend,8.0,19.46419116290871,4.369442155828787,100
1,monash_weather,chronos-t5,regime_trend,8.0,19.182120254604506,4.345263166118237,100
1,monash_weather,chronos-2,regime_trend,12.0,28.981996156181133,6.585071767132575,100
1,monash_weather,chronos-t5,regime_trend,12.0,29.05105798579505,6.602701471673116,100
1,monash_weather,chronos-2,regime_trend,16.0,38.68802841128359,8.76233077821368,100
1,monash_weather,chronos-t5,regime_trend,16.0,38.71458975124363,8.807554331424583,100
1,monash_weather,chronos-2,regime_trend,20.0,48.50326331919139,11.00792688403662,100
1,monash_weather,chronos-t5,regime_trend,20.0,48.354900863198864,11.035046718695378,100
2,monash_australian_electricity,chronos-2,clean,0.0,0.6271804180014168,0.030672134058366392,5
2,monash_australian_electricity,chronos-t5,clean,0.0,1.1239121449882667,0.06558439215655776,5
2,monash_australian_electricity,chronos-2,regime_trend,0.5,1.3731773643561798,0.08615670295104486,5
2,monash_australian_electricity,chronos-t5,regime_trend,0.5,2.053000260275236,0.12117323233892158,5
2,monash_australian_electricity,chronos-2,regime_trend,1.0,2.8580356731100363,0.19640720910891118,5
2,monash_australian_electricity,chronos-t5,regime_trend,1.0,3.0573521895215747,0.2158599425809882,5
2,monash_australian_electricity,chronos-2,regime_trend,2.0,6.779893394167275,0.4661244128635387,5
2,monash_australian_electricity,chronos-t5,regime_trend,2.0,6.958509915956049,0.45087916433473946,5
2,monash_australian_electricity,chronos-2,regime_trend,4.0,12.991949070094359,0.9034260553500171,5
2,monash_australian_electricity,chronos-t5,regime_trend,4.0,13.42980838741989,0.9567782945901828,5
2,monash_australian_electricity,chronos-2,regime_trend,8.0,25.59835740845919,1.8147084863207879,5
2,monash_australian_electricity,chronos-t5,regime_trend,8.0,26.25629330547972,1.8621636954603495,5
2,monash_australian_electricity,chronos-2,regime_trend,12.0,37.57324559263686,2.6939674266686695,5
2,monash_australian_electricity,chronos-t5,regime_trend,12.0,37.76763729068173,2.7212370547811444,5
2,monash_australian_electricity,chronos-2,regime_trend,16.0,50.29003762122729,3.615119912351187,5
2,monash_australian_electricity,chronos-t5,regime_trend,16.0,50.62013121839324,3.661612247329028,5
2,monash_australian_electricity,chronos-2,regime_trend,20.0,62.893790484105644,4.52811460763685,5
2,monash_australian_electricity,chronos-t5,regime_trend,20.0,62.670913025517876,4.5077143114194715,5
2,monash_cif_2016,chronos-2,clean,0.0,0.9366922139796068,0.011260000608145472,72
2,monash_cif_2016,chronos-t5,clean,0.0,1.006516284474616,0.015502326229382017,72
2,monash_cif_2016,chronos-2,regime_trend,0.5,1.5754352059347292,0.13469254026324523,72
2,monash_cif_2016,chronos-t5,regime_trend,0.5,1.474160179782225,0.09585981101439275,72
2,monash_cif_2016,chronos-2,regime_trend,1.0,2.6553247725518467,0.26529941654076933,72
2,monash_cif_2016,chronos-t5,regime_trend,1.0,2.52205979849469,0.22124730481446395,72
2,monash_cif_2016,chronos-2,regime_trend,2.0,4.737004183607201,0.4718111553382856,72
2,monash_cif_2016,chronos-t5,regime_trend,2.0,4.37656073775647,0.43971733594040674,72
2,monash_cif_2016,chronos-2,regime_trend,4.0,9.478430602721167,0.9001122827185816,72
2,monash_cif_2016,chronos-t5,regime_trend,4.0,8.386671739174947,0.7596408828918363,72
2,monash_cif_2016,chronos-2,regime_trend,8.0,18.627189307613502,1.753964515763421,72
2,monash_cif_2016,chronos-t5,regime_trend,8.0,16.68996005911545,1.6487772188433092,72
2,monash_cif_2016,chronos-2,regime_trend,12.0,28.33831430151105,2.694113770705862,72
2,monash_cif_2016,chronos-t5,regime_trend,12.0,25.84903794795103,2.79037760374472,72
2,monash_cif_2016,chronos-2,regime_trend,16.0,38.092526305791615,3.458667134918652,72
2,monash_cif_2016,chronos-t5,regime_trend,16.0,35.278608660863455,2.870673796455676,72
2,monash_cif_2016,chronos-2,regime_trend,20.0,47.52704173641904,4.354488403851452,72
2,monash_cif_2016,chronos-t5,regime_trend,20.0,43.923178488681565,3.5574572836524587,72
2,monash_car_parts,chronos-2,clean,0.0,0.894274873223502,1.0267238668417118,100
2,monash_car_parts,chronos-t5,clean,0.0,0.9342777473363588,1.0958056115690562,100
2,monash_car_parts,chronos-2,regime_trend,0.5,1.5339777774801864,1.7505194328274531,100
2,monash_car_parts,chronos-t5,regime_trend,0.5,1.9467551370394272,2.4453513608622615,100
2,monash_car_parts,chronos-2,regime_trend,1.0,2.3100507847407097,2.5105162668280605,100
2,monash_car_parts,chronos-t5,regime_trend,1.0,2.3949544556028646,2.9321719568428564,100
2,monash_car_parts,chronos-2,regime_trend,2.0,3.8730366486467926,4.781643084671893,100
2,monash_car_parts,chronos-t5,regime_trend,2.0,3.586890317760751,4.519296838146671,100
2,monash_car_parts,chronos-2,regime_trend,4.0,7.1495605743436075,9.75791508236078,100
2,monash_car_parts,chronos-t5,regime_trend,4.0,6.129740911956364,10.108496303689371,100
2,monash_car_parts,chronos-2,regime_trend,8.0,15.379088969019644,21.90602683113484,100
2,monash_car_parts,chronos-t5,regime_trend,8.0,14.233358639799118,22.203370009531007,100
2,monash_car_parts,chronos-2,regime_trend,12.0,25.58397689377633,36.06816140186407,100
2,monash_car_parts,chronos-t5,regime_trend,12.0,24.220071373895298,38.0748808902284,100
2,monash_car_parts,chronos-2,regime_trend,16.0,35.55142064913912,51.82978709591235,100
2,monash_car_parts,chronos-t5,regime_trend,16.0,35.00394370404323,56.23999601331744,100
2,monash_car_parts,chronos-2,regime_trend,20.0,44.062271800582344,65.11941244505157,100
2,monash_car_parts,chronos-t5,regime_trend,20.0,39.80146275592446,69.71464187210411,100
2,monash_covid_deaths,chronos-2,clean,0.0,43.033524543394854,0.027007980152812278,100
2,monash_covid_deaths,chronos-t5,clean,0.0,50.64871801535297,0.04566989202948332,100
2,monash_covid_deaths,chronos-2,regime_trend,0.5,75.64193276686069,0.24618424738056138,100
2,monash_covid_deaths,chronos-t5,regime_trend,0.5,80.28303330932124,0.2505657884633536,100
2,monash_covid_deaths,chronos-2,regime_trend,1.0,107.95198774059374,0.49908099996970684,100
2,monash_covid_deaths,chronos-t5,regime_trend,1.0,112.59812926713683,0.47928130468250824,100
2,monash_covid_deaths,chronos-2,regime_trend,2.0,168.50712214810028,0.8982249589114129,100
2,monash_covid_deaths,chronos-t5,regime_trend,2.0,169.33935612563965,0.8969677101993986,100
2,monash_covid_deaths,chronos-2,regime_trend,4.0,318.4370244166894,1.8954350221679535,100
2,monash_covid_deaths,chronos-t5,regime_trend,4.0,297.84632176239523,1.6846439393618466,100
2,monash_covid_deaths,chronos-2,regime_trend,8.0,626.300493887128,3.8021750426223417,100
2,monash_covid_deaths,chronos-t5,regime_trend,8.0,556.7025199334714,3.5287710333718127,100
2,monash_covid_deaths,chronos-2,regime_trend,12.0,911.5369620968136,5.709584433353368,100
2,monash_covid_deaths,chronos-t5,regime_trend,12.0,774.1471988116643,4.99160879242368,100
2,monash_covid_deaths,chronos-2,regime_trend,16.0,1232.0669574041283,7.529545749771677,100
2,monash_covid_deaths,chronos-t5,regime_trend,16.0,1020.9967150706054,5.272501940633255,100
2,monash_covid_deaths,chronos-2,regime_trend,20.0,1510.9190436112458,9.494525414903366,100
2,monash_covid_deaths,chronos-t5,regime_trend,20.0,1242.6655797361223,7.713401549568208,100
2,dominick,chronos-2,clean,0.0,0.8295138231556268,0.24857655709519688,100
2,dominick,chronos-t5,clean,0.0,0.7894598181419168,0.26186693572828657,100
2,dominick,chronos-2,regime_trend,0.5,1.7567165385139014,0.4829264453224855,100
2,dominick,chronos-t5,regime_trend,0.5,1.7570668830831682,0.5189056624469592,100
2,dominick,chronos-2,regime_trend,1.0,2.902969582279036,0.7992756172096122,100
2,dominick,chronos-t5,regime_trend,1.0,2.8080995632517043,0.8495735752130779,100
2,dominick,chronos-2,regime_trend,2.0,4.926966846303863,1.4217822562227416,100
2,dominick,chronos-t5,regime_trend,2.0,4.912759774791942,1.4712557297163373,100
2,dominick,chronos-2,regime_trend,4.0,10.069798932835175,2.896017293192853,100
2,dominick,chronos-t5,regime_trend,4.0,9.833563991129177,2.9660827153017966,100
2,dominick,chronos-2,regime_trend,8.0,19.814964806815922,5.881947279905656,100
2,dominick,chronos-t5,regime_trend,8.0,19.266460179523836,5.865901082015906,100
2,dominick,chronos-2,regime_trend,12.0,29.766053776433306,8.856069063370231,100
2,dominick,chronos-t5,regime_trend,12.0,28.763837265706734,8.690428172469108,100
2,dominick,chronos-2,regime_trend,16.0,39.80739509077441,11.920410437072373,100
2,dominick,chronos-t5,regime_trend,16.0,38.305222771811536,11.590539975679912,100
2,dominick,chronos-2,regime_trend,20.0,49.667524160262566,15.01310581421343,100
2,dominick,chronos-t5,regime_trend,20.0,47.99030420671354,14.445179987966393,100
2,ercot,chronos-2,clean,0.0,0.8417995516641943,0.02604302222263971,8
2,ercot,chronos-t5,clean,0.0,0.590129416435134,0.01615848222454339,8
2,ercot,chronos-2,regime_trend,0.5,2.5176027403207937,0.08053023139962898,8
2,ercot,chronos-t5,regime_trend,0.5,2.1748530231983403,0.06711101436006595,8
2,ercot,chronos-2,regime_trend,1.0,4.9547477755485225,0.1608599918987903,8
2,ercot,chronos-t5,regime_trend,1.0,4.630403460795011,0.15097294616498605,8
2,ercot,chronos-2,regime_trend,2.0,8.577307216079967,0.2915997033003343,8
2,ercot,chronos-t5,regime_trend,2.0,8.680809279673694,0.29517828493364545,8
2,ercot,chronos-2,regime_trend,4.0,17.646224675605836,0.6206487637517618,8
2,ercot,chronos-t5,regime_trend,4.0,17.571578331078808,0.6095500483481195,8
2,ercot,chronos-2,regime_trend,8.0,34.36871224152163,1.2003677983133292,8
2,ercot,chronos-t5,regime_trend,8.0,34.47649271759349,1.207721507795319,8
2,ercot,chronos-2,regime_trend,12.0,52.384847929069444,1.8342629653445515,8
2,ercot,chronos-t5,regime_trend,12.0,52.421362825210004,1.8497639514928703,8
2,ercot,chronos-2,regime_trend,16.0,69.72858843196389,2.4245658630132394,8
2,ercot,chronos-t5,regime_trend,16.0,69.49814159185898,2.417307486200416,8
2,ercot,chronos-2,regime_trend,20.0,86.53774941978624,3.019364172004059,8
2,ercot,chronos-t5,regime_trend,20.0,86.6856328520139,3.038050001086873,8
2,exchange_rate,chronos-2,clean,0.0,1.816427573959804,0.011831282159531213,8
2,exchange_rate,chronos-t5,clean,0.0,2.0055468821482716,0.014973430134166025,8
2,exchange_rate,chronos-2,regime_trend,0.5,16.739891951245664,0.07233742288261197,8
2,exchange_rate,chronos-t5,regime_trend,0.5,17.236732938621646,0.07382874341788011,8
2,exchange_rate,chronos-2,regime_trend,1.0,32.7432647544196,0.14373700502918504,8
2,exchange_rate,chronos-t5,regime_trend,1.0,32.69630273793366,0.14347839685129815,8
2,exchange_rate,chronos-2,regime_trend,2.0,66.03854554583398,0.30982833831640083,8
2,exchange_rate,chronos-t5,regime_trend,2.0,66.86820612274079,0.3120583167242787,8
2,exchange_rate,chronos-2,regime_trend,4.0,131.7632955595984,0.63095756285135,8
2,exchange_rate,chronos-t5,regime_trend,4.0,132.76413633518175,0.633185859182251,8
2,exchange_rate,chronos-2,regime_trend,8.0,265.7884973082238,1.2631056027388026,8
2,exchange_rate,chronos-t5,regime_trend,8.0,267.38341088268555,1.2796549535621333,8
2,exchange_rate,chronos-2,regime_trend,12.0,397.017392031623,1.8867432383668847,8
2,exchange_rate,chronos-t5,regime_trend,12.0,402.19457573972454,1.931084665912251,8
2,exchange_rate,chronos-2,regime_trend,16.0,532.3976213811078,2.5537275626407205,8
2,exchange_rate,chronos-t5,regime_trend,16.0,536.614723111488,2.590411121960159,8
2,exchange_rate,chronos-2,regime_trend,20.0,659.6551283403811,3.1964120309176387,8
2,exchange_rate,chronos-t5,regime_trend,20.0,673.8465815928678,3.2434535546264502,8
2,monash_fred_md,chronos-2,clean,0.0,0.4532046285633289,0.02010413991667694,100
2,monash_fred_md,chronos-t5,clean,0.0,0.427867472255334,0.01694340741383009,100
2,monash_fred_md,chronos-2,regime_trend,0.5,5.257389496335154,0.10663657911420647,100
2,monash_fred_md,chronos-t5,regime_trend,0.5,5.265165000595422,0.10609019279130118,100
2,monash_fred_md,chronos-2,regime_trend,1.0,10.329396363651764,0.2124570207603328,100
2,monash_fred_md,chronos-t5,regime_trend,1.0,10.344821693725683,0.2230058594836738,100
2,monash_fred_md,chronos-2,regime_trend,2.0,20.803027359930294,0.4191642600573776,100
2,monash_fred_md,chronos-t5,regime_trend,2.0,20.796723131669747,0.42672110325620555,100
2,monash_fred_md,chronos-2,regime_trend,4.0,41.71241601322074,0.8326379104553553,100
2,monash_fred_md,chronos-t5,regime_trend,4.0,41.614144097811916,0.8296386330807386,100
2,monash_fred_md,chronos-2,regime_trend,8.0,83.45544062219196,1.6691891156101741,100
2,monash_fred_md,chronos-t5,regime_trend,8.0,83.46665079235221,1.6764548724195831,100
2,monash_fred_md,chronos-2,regime_trend,12.0,125.3159575076903,2.4896798743192923,100
2,monash_fred_md,chronos-t5,regime_trend,12.0,125.04827436815617,2.534844614376625,100
2,monash_fred_md,chronos-2,regime_trend,16.0,167.09650894244717,3.3117951173969775,100
2,monash_fred_md,chronos-t5,regime_trend,16.0,167.03348959222427,3.350738735841861,100
2,monash_fred_md,chronos-2,regime_trend,20.0,208.4654912190541,4.1639058011148515,100
2,monash_fred_md,chronos-t5,regime_trend,20.0,208.96089545420776,4.15942228959136,100
2,monash_hospital,chronos-2,clean,0.0,0.7870107936415635,0.061281917662917254,100
2,monash_hospital,chronos-t5,clean,0.0,0.8473987894250309,0.06636948039133085,100
2,monash_hospital,chronos-2,regime_trend,0.5,0.835656413790458,0.07905614841633384,100
2,monash_hospital,chronos-t5,regime_trend,0.5,0.8736473051115119,0.07528238043346991,100
2,monash_hospital,chronos-2,regime_trend,1.0,1.0884285220536347,0.11879593451242898,100
2,monash_hospital,chronos-t5,regime_trend,1.0,1.110874777514495,0.10930467973012442,100
2,monash_hospital,chronos-2,regime_trend,2.0,1.7288804337077253,0.1959830284551469,100
2,monash_hospital,chronos-t5,regime_trend,2.0,1.8728847400079254,0.19363628099002725,100
2,monash_hospital,chronos-2,regime_trend,4.0,3.984277587318064,0.4690356064026752,100
2,monash_hospital,chronos-t5,regime_trend,4.0,3.846473921432477,0.45779822096276324,100
2,monash_hospital,chronos-2,regime_trend,8.0,9.592942341303827,1.1215710518483002,100
2,monash_hospital,chronos-t5,regime_trend,8.0,8.942674036561666,1.0885889027227347,100
2,monash_hospital,chronos-2,regime_trend,12.0,15.191785264378336,1.7745904848770842,100
2,monash_hospital,chronos-t5,regime_trend,12.0,13.850297182131834,1.622622089843433,100
2,monash_hospital,chronos-2,regime_trend,16.0,20.374251487044834,2.4056246547259676,100
2,monash_hospital,chronos-t5,regime_trend,16.0,18.933272355115186,2.2922783899815418,100
2,monash_hospital,chronos-2,regime_trend,20.0,25.518971377600845,2.9796166748066946,100
2,monash_hospital,chronos-t5,regime_trend,20.0,23.605007330390826,2.7787439022530043,100
2,monash_m1_monthly,chronos-2,clean,0.0,1.0252822007023978,0.27221328295504754,100
2,monash_m1_monthly,chronos-t5,clean,0.0,1.1522915325453502,0.1844654587416395,100
2,monash_m1_monthly,chronos-2,regime_trend,0.5,1.3692531474547367,0.3180114990678646,100
2,monash_m1_monthly,chronos-t5,regime_trend,0.5,1.378160793573504,0.21189217897079846,100
2,monash_m1_monthly,chronos-2,regime_trend,1.0,1.8550350579084214,0.2501570003578264,100
2,monash_m1_monthly,chronos-t5,regime_trend,1.0,1.8776602907892415,0.23332116922987042,100
2,monash_m1_monthly,chronos-2,regime_trend,2.0,3.1169835307013574,0.3340460025916516,100
2,monash_m1_monthly,chronos-t5,regime_trend,2.0,2.9746265882138303,0.32226817345533487,100
2,monash_m1_monthly,chronos-2,regime_trend,4.0,6.715052800511146,0.5469530673097375,100
2,monash_m1_monthly,chronos-t5,regime_trend,4.0,6.067011875528517,0.5696573506367596,100
2,monash_m1_monthly,chronos-2,regime_trend,8.0,15.573394275967102,2.2868059480863505,100
2,monash_m1_monthly,chronos-t5,regime_trend,8.0,14.164790640398742,2.537391434474505,100
2,monash_m1_monthly,chronos-2,regime_trend,12.0,24.349549087711388,2.848499528616148,100
2,monash_m1_monthly,chronos-t5,regime_trend,12.0,21.322245206767835,2.689878136095831,100
2,monash_m1_monthly,chronos-2,regime_trend,16.0,32.594614589028154,4.170079802063544,100
2,monash_m1_monthly,chronos-t5,regime_trend,16.0,29.94766165994624,3.7965363393739135,100
2,monash_m1_monthly,chronos-2,regime_trend,20.0,40.69523354211816,5.024838364445979,100
2,monash_m1_monthly,chronos-t5,regime_trend,20.0,36.70586761492848,5.049750539798563,100
2,monash_m1_quarterly,chronos-2,clean,0.0,1.5766614979688591,0.07952721348399153,100
2,monash_m1_quarterly,chronos-t5,clean,0.0,1.76231167146434,0.09888932977930749,100
2,monash_m1_quarterly,chronos-2,regime_trend,0.5,2.281190375269679,0.09528283160253713,100
2,monash_m1_quarterly,chronos-t5,regime_trend,0.5,2.3656622498664706,0.11318495056392067,100
2,monash_m1_quarterly,chronos-2,regime_trend,1.0,3.2594056568354848,0.11906574684768237,100
2,monash_m1_quarterly,chronos-t5,regime_trend,1.0,3.27294817248634,0.15291440949652366,100
2,monash_m1_quarterly,chronos-2,regime_trend,2.0,5.813813697786591,0.1989532804899274,100
2,monash_m1_quarterly,chronos-t5,regime_trend,2.0,5.709776338287141,0.2188812547347501,100
2,monash_m1_quarterly,chronos-2,regime_trend,4.0,11.37691301515359,0.41434106299344586,100
2,monash_m1_quarterly,chronos-t5,regime_trend,4.0,10.784652454543178,0.4329852828957541,100
2,monash_m1_quarterly,chronos-2,regime_trend,8.0,23.87637110626109,0.9416806825790148,100
2,monash_m1_quarterly,chronos-t5,regime_trend,8.0,21.92540409379214,1.0267530292701008,100
2,monash_m1_quarterly,chronos-2,regime_trend,12.0,36.647487381669585,1.5165574683376626,100
2,monash_m1_quarterly,chronos-t5,regime_trend,12.0,33.544244341052405,1.523782694932725,100
2,monash_m1_quarterly,chronos-2,regime_trend,16.0,49.15918654292396,2.2238963625785497,100
2,monash_m1_quarterly,chronos-t5,regime_trend,16.0,44.31300214616512,2.1227198807326877,100
2,monash_m1_quarterly,chronos-2,regime_trend,20.0,62.365510758067416,3.018127865784705,100
2,monash_m1_quarterly,chronos-t5,regime_trend,20.0,55.87279241876633,2.7270586216326334,100
2,monash_m1_yearly,chronos-2,clean,0.0,3.637927031199332,0.07096940204212351,100
2,monash_m1_yearly,chronos-t5,clean,0.0,4.8881433720229355,0.09447796327690816,100
2,monash_m1_yearly,chronos-2,regime_trend,0.5,4.26542400315375,0.11714938469178257,100
2,monash_m1_yearly,chronos-t5,regime_trend,0.5,5.107138943066881,0.1533644402959693,100
2,monash_m1_yearly,chronos-2,regime_trend,1.0,6.285951666579883,0.16770627139608232,100
2,monash_m1_yearly,chronos-t5,regime_trend,1.0,6.694244601332176,0.1964541486356554,100
2,monash_m1_yearly,chronos-2,regime_trend,2.0,9.832148943433223,0.36843361076371445,100
2,monash_m1_yearly,chronos-t5,regime_trend,2.0,8.897423808583273,0.41682155769767243,100
2,monash_m1_yearly,chronos-2,regime_trend,4.0,16.393872919665295,0.798571679137703,100
2,monash_m1_yearly,chronos-t5,regime_trend,4.0,15.353201461699463,0.8280358580338038,100
2,monash_m1_yearly,chronos-2,regime_trend,8.0,31.205019080624993,1.70716801364641,100
2,monash_m1_yearly,chronos-t5,regime_trend,8.0,27.778958671025297,1.6311645222131466,100
2,monash_m1_yearly,chronos-2,regime_trend,12.0,47.1958399003581,2.2258615769744594,100
2,monash_m1_yearly,chronos-t5,regime_trend,12.0,40.38742344080599,2.214152504795773,100
2,monash_m1_yearly,chronos-2,regime_trend,16.0,63.42264117961632,2.9464562224090547,100
2,monash_m1_yearly,chronos-t5,regime_trend,16.0,54.31941410045135,3.0158085092786675,100
2,monash_m1_yearly,chronos-2,regime_trend,20.0,78.44571880547264,4.243574494007488,100
2,monash_m1_yearly,chronos-t5,regime_trend,20.0,68.04961207028326,4.141424227685996,100
2,monash_m3_monthly,chronos-2,clean,0.0,0.811635633079432,0.08901184204854988,100
2,monash_m3_monthly,chronos-t5,clean,0.0,0.8306611370085272,0.09180431282613696,100
2,monash_m3_monthly,chronos-2,regime_trend,0.5,1.4290725992246118,0.13193783963269318,100
2,monash_m3_monthly,chronos-t5,regime_trend,0.5,1.3366207243672013,0.12636457281201832,100
2,monash_m3_monthly,chronos-2,regime_trend,1.0,2.2397615154589605,0.18735492076889745,100
2,monash_m3_monthly,chronos-t5,regime_trend,1.0,2.149714842958185,0.1928834230016062,100
2,monash_m3_monthly,chronos-2,regime_trend,2.0,4.282192057069484,0.379568176502773,100
2,monash_m3_monthly,chronos-t5,regime_trend,2.0,4.145542397510367,0.3863039443177644,100
2,monash_m3_monthly,chronos-2,regime_trend,4.0,8.831587353173267,0.8350741309600901,100
2,monash_m3_monthly,chronos-t5,regime_trend,4.0,8.322633650182482,0.7954173714064217,100
2,monash_m3_monthly,chronos-2,regime_trend,8.0,18.800416412939008,1.84399384643886,100
2,monash_m3_monthly,chronos-t5,regime_trend,8.0,17.32884010579291,1.728228396544129,100
2,monash_m3_monthly,chronos-2,regime_trend,12.0,28.351444201396703,2.9290459651901193,100
2,monash_m3_monthly,chronos-t5,regime_trend,12.0,26.51142937593161,2.817073862315252,100
2,monash_m3_monthly,chronos-2,regime_trend,16.0,38.40994176345551,3.936365264201856,100
2,monash_m3_monthly,chronos-t5,regime_trend,16.0,36.54303379211243,3.875608057222623,100
2,monash_m3_monthly,chronos-2,regime_trend,20.0,47.63834849447413,4.9287087352386045,100
2,monash_m3_monthly,chronos-t5,regime_trend,20.0,45.231129575784024,4.793639112641847,100
2,monash_m3_quarterly,chronos-2,clean,0.0,1.2542640597019636,0.07384750980066322,100
2,monash_m3_quarterly,chronos-t5,clean,0.0,1.3430482252381102,0.07994968601530622,100
2,monash_m3_quarterly,chronos-2,regime_trend,0.5,1.9659838751980572,0.10865624009230489,100
2,monash_m3_quarterly,chronos-t5,regime_trend,0.5,1.9421745293586912,0.11177752323256786,100
2,monash_m3_quarterly,chronos-2,regime_trend,1.0,3.157024804032401,0.17678245112824673,100
2,monash_m3_quarterly,chronos-t5,regime_trend,1.0,3.098213318611464,0.17957822283293778,100
2,monash_m3_quarterly,chronos-2,regime_trend,2.0,5.556409590028782,0.32034973071767137,100
2,monash_m3_quarterly,chronos-t5,regime_trend,2.0,5.581857150532553,0.3292485405222524,100
2,monash_m3_quarterly,chronos-2,regime_trend,4.0,11.801663758614692,0.6939580746213053,100
2,monash_m3_quarterly,chronos-t5,regime_trend,4.0,11.40686415025872,0.6837650145459584,100
2,monash_m3_quarterly,chronos-2,regime_trend,8.0,24.779361624017724,1.499807768364276,100
2,monash_m3_quarterly,chronos-t5,regime_trend,8.0,22.742203924666754,1.4170088250639128,100
2,monash_m3_quarterly,chronos-2,regime_trend,12.0,37.68961948076189,2.3157770425274062,100
2,monash_m3_quarterly,chronos-t5,regime_trend,12.0,33.738713647407096,2.1627145519814035,100
2,monash_m3_quarterly,chronos-2,regime_trend,16.0,50.068000687917184,3.032887065473631,100
2,monash_m3_quarterly,chronos-t5,regime_trend,16.0,44.18603768109288,2.7803202312449624,100
2,monash_m3_quarterly,chronos-2,regime_trend,20.0,63.03661916881852,3.8146883479754528,100
2,monash_m3_quarterly,chronos-t5,regime_trend,20.0,56.120130263549164,3.550977915628808,100
2,monash_m3_yearly,chronos-2,clean,0.0,3.0132092403527664,0.14670256385058947,100
2,monash_m3_yearly,chronos-t5,clean,0.0,3.6143229556511582,0.16170070422475177,100
2,monash_m3_yearly,chronos-2,regime_trend,0.5,4.320615257980891,0.18702536879150808,100
2,monash_m3_yearly,chronos-t5,regime_trend,0.5,4.610261420610923,0.20166680179102045,100
2,monash_m3_yearly,chronos-2,regime_trend,1.0,6.116215884696008,0.259330380058848,100
2,monash_m3_yearly,chronos-t5,regime_trend,1.0,5.941585012610933,0.25951391294578163,100
2,monash_m3_yearly,chronos-2,regime_trend,2.0,9.492414479777477,0.39089103439914835,100
2,monash_m3_yearly,chronos-t5,regime_trend,2.0,8.727970105858178,0.3814383819540824,100
2,monash_m3_yearly,chronos-2,regime_trend,4.0,18.242221211436156,0.7175293720865197,100
2,monash_m3_yearly,chronos-t5,regime_trend,4.0,17.0255973433303,0.7573119888961636,100
2,monash_m3_yearly,chronos-2,regime_trend,8.0,34.2231319737656,1.3644732077026616,100
2,monash_m3_yearly,chronos-t5,regime_trend,8.0,31.766827098283812,1.394668401797075,100
2,monash_m3_yearly,chronos-2,regime_trend,12.0,54.40653498768897,2.2955691683534494,100
2,monash_m3_yearly,chronos-t5,regime_trend,12.0,48.92511962337152,2.295811692518199,100
2,monash_m3_yearly,chronos-2,regime_trend,16.0,72.64131076053782,3.07330764684769,100
2,monash_m3_yearly,chronos-t5,regime_trend,16.0,63.774226572834316,3.033545944419181,100
2,monash_m3_yearly,chronos-2,regime_trend,20.0,89.65927713891203,3.760326795343556,100
2,monash_m3_yearly,chronos-t5,regime_trend,20.0,77.61570178013399,3.6821116696804146,100
2,m4_quarterly,chronos-2,clean,0.0,1.1058863737967675,0.07350590730709108,100
2,m4_quarterly,chronos-t5,clean,0.0,1.151341465241016,0.07586913130873835,100
2,m4_quarterly,chronos-2,regime_trend,0.5,2.361289224153659,0.1308924809676123,100
2,m4_quarterly,chronos-t5,regime_trend,0.5,2.4064943387976725,0.1416019451239926,100
2,m4_quarterly,chronos-2,regime_trend,1.0,4.2868469847417,0.22336058845877035,100
2,m4_quarterly,chronos-t5,regime_trend,1.0,4.245321158515467,0.23662733540057287,100
2,m4_quarterly,chronos-2,regime_trend,2.0,8.226750867254378,0.447614332334974,100
2,m4_quarterly,chronos-t5,regime_trend,2.0,8.063365614521443,0.44682128500334023,100
2,m4_quarterly,chronos-2,regime_trend,4.0,16.380343181578585,0.9061467605701178,100
2,m4_quarterly,chronos-t5,regime_trend,4.0,16.09446157386672,0.93664979374488,100
2,m4_quarterly,chronos-2,regime_trend,8.0,33.930641256884954,1.9016056832203563,100
2,m4_quarterly,chronos-t5,regime_trend,8.0,32.29702317077369,1.8581888957538932,100
2,m4_quarterly,chronos-2,regime_trend,12.0,51.727409770357866,3.004572627605535,100
2,m4_quarterly,chronos-t5,regime_trend,12.0,49.231447257637676,2.8874993210797038,100
2,m4_quarterly,chronos-2,regime_trend,16.0,68.83414224388012,4.00024559073434,100
2,m4_quarterly,chronos-t5,regime_trend,16.0,64.47906248059944,3.789377718152581,100
2,m4_quarterly,chronos-2,regime_trend,20.0,87.01107493659686,5.125645835726488,100
2,m4_quarterly,chronos-t5,regime_trend,20.0,82.2970592637135,4.895159011351802,100
2,m4_yearly,chronos-2,clean,0.0,3.003324720876421,0.11662203541969743,100
2,m4_yearly,chronos-t5,clean,0.0,3.6600454327492042,0.14319400273286906,100
2,m4_yearly,chronos-2,regime_trend,0.5,5.621660831016902,0.1827756815609314,100
2,m4_yearly,chronos-t5,regime_trend,0.5,5.827606549807529,0.20452618912683618,100
2,m4_yearly,chronos-2,regime_trend,1.0,9.555477430848438,0.3014944482518704,100
2,m4_yearly,chronos-t5,regime_trend,1.0,8.953285169059118,0.3152019840605388,100
2,m4_yearly,chronos-2,regime_trend,2.0,17.230027782524527,0.49216213434108913,100
2,m4_yearly,chronos-t5,regime_trend,2.0,16.006860732907807,0.4959042495277315,100
2,m4_yearly,chronos-2,regime_trend,4.0,33.865446654111544,0.9763615247669963,100
2,m4_yearly,chronos-t5,regime_trend,4.0,31.273361118695533,0.9845415332818948,100
2,m4_yearly,chronos-2,regime_trend,8.0,69.07015069373946,1.8985895684029517,100
2,m4_yearly,chronos-t5,regime_trend,8.0,60.696259167311275,1.8150469040799946,100
2,m4_yearly,chronos-2,regime_trend,12.0,102.71834503800847,2.9239193898947473,100
2,m4_yearly,chronos-t5,regime_trend,12.0,89.66365692270062,2.780106373578836,100
2,m4_yearly,chronos-2,regime_trend,16.0,137.79158059713777,3.9406232517692743,100
2,m4_yearly,chronos-t5,regime_trend,16.0,119.89350279441992,3.806202981749527,100
2,m4_yearly,chronos-2,regime_trend,20.0,172.4913491504508,4.7792821555242435,100
2,m4_yearly,chronos-t5,regime_trend,20.0,146.0044224825225,4.481140771500729,100
2,m5,chronos-2,clean,0.0,0.8902796015181903,0.5276950502475531,100
2,m5,chronos-t5,clean,0.0,0.9166725389602469,0.5674313269320713,100
2,m5,chronos-2,regime_trend,0.5,1.3188109965013621,0.6790655090855806,100
2,m5,chronos-t5,regime_trend,0.5,1.225957259475617,0.7020399580837614,100
2,m5,chronos-2,regime_trend,1.0,1.8713243136714621,0.9827621614159414,100
2,m5,chronos-t5,regime_trend,1.0,1.6642581825442766,0.9957622147253531,100
2,m5,chronos-2,regime_trend,2.0,3.249941203106215,1.862814307454872,100
2,m5,chronos-t5,regime_trend,2.0,2.967339910077955,1.9395679175419203,100
2,m5,chronos-2,regime_trend,4.0,6.156158704853046,3.6879545782317,100
2,m5,chronos-t5,regime_trend,4.0,5.84676469232573,3.5772339517232172,100
2,m5,chronos-2,regime_trend,8.0,12.214116573156653,7.6198855270906956,100
2,m5,chronos-t5,regime_trend,8.0,12.274013635939353,7.7347814839020925,100
2,m5,chronos-2,regime_trend,12.0,18.295469214371302,11.559680529757085,100
2,m5,chronos-t5,regime_trend,12.0,18.42732515283595,11.741048340776295,100
2,m5,chronos-2,regime_trend,16.0,24.40280140108229,15.407194338032598,100
2,m5,chronos-t5,regime_trend,16.0,24.560057608358495,15.72846249321438,100
2,m5,chronos-2,regime_trend,20.0,30.556266929196436,19.440202693820464,100
2,m5,chronos-t5,regime_trend,20.0,30.535596614686405,19.568619243048516,100
2,nn5,chronos-2,clean,0.0,0.5565058217844888,0.14566301635161222,100
2,nn5,chronos-t5,clean,0.0,0.6000159933410386,0.1650447363959824,100
2,nn5,chronos-2,regime_trend,0.5,0.7243058159998377,0.1893162462352146,100
2,nn5,chronos-t5,regime_trend,0.5,0.7193963572068914,0.20141587398409566,100
2,nn5,chronos-2,regime_trend,1.0,1.0878296347064609,0.29805757680017186,100
2,nn5,chronos-t5,regime_trend,1.0,1.0476951765997706,0.3115974110520277,100
2,nn5,chronos-2,regime_trend,2.0,2.200849404419873,0.6474979954849525,100
2,nn5,chronos-t5,regime_trend,2.0,1.9665634888839165,0.6100979448701592,100
2,nn5,chronos-2,regime_trend,4.0,4.646920897376293,1.43355395574419,100
2,nn5,chronos-t5,regime_trend,4.0,3.9536988461510902,1.2576283223462879,100
2,nn5,chronos-2,regime_trend,8.0,9.372394784647863,2.967783769472715,100
2,nn5,chronos-t5,regime_trend,8.0,8.158740057119447,2.6341816473030715,100
2,nn5,chronos-2,regime_trend,12.0,14.173871991399002,4.533918832495251,100
2,nn5,chronos-t5,regime_trend,12.0,12.35643525856848,4.005657941480188,100
2,nn5,chronos-2,regime_trend,16.0,19.05701164944038,6.114139507097719,100
2,nn5,chronos-t5,regime_trend,16.0,16.671234328430558,5.409238344011475,100
2,nn5,chronos-2,regime_trend,20.0,23.836389176854343,7.670705776437616,100
2,nn5,chronos-t5,regime_trend,20.0,21.153173900261013,6.901886483573275,100
2,monash_nn5_weekly,chronos-2,clean,0.0,0.85885852195396,0.07810001991339675,100
2,monash_nn5_weekly,chronos-t5,clean,0.0,0.9418119094482781,0.0873005607174508,100
2,monash_nn5_weekly,chronos-2,regime_trend,0.5,0.940785259266992,0.08574120817041758,100
2,monash_nn5_weekly,chronos-t5,regime_trend,0.5,1.016610219404719,0.09510038633748295,100
2,monash_nn5_weekly,chronos-2,regime_trend,1.0,1.1388349556785073,0.10131901309903832,100
2,monash_nn5_weekly,chronos-t5,regime_trend,1.0,1.1461812263341526,0.10784989331461396,100
2,monash_nn5_weekly,chronos-2,regime_trend,2.0,2.0079853540822232,0.181930341345508,100
2,monash_nn5_weekly,chronos-t5,regime_trend,2.0,1.9586737240972392,0.1873006617845817,100
2,monash_nn5_weekly,chronos-2,regime_trend,4.0,4.550091204364708,0.44843823127630017,100
2,monash_nn5_weekly,chronos-t5,regime_trend,4.0,4.442308155357088,0.46346716151864853,100
2,monash_nn5_weekly,chronos-2,regime_trend,8.0,9.905934934815342,1.0280561588355484,100
2,monash_nn5_weekly,chronos-t5,regime_trend,8.0,9.333575143668993,1.0061553744178158,100
2,monash_nn5_weekly,chronos-2,regime_trend,12.0,15.318668413577932,1.6296072757861684,100
2,monash_nn5_weekly,chronos-t5,regime_trend,12.0,14.295314011404086,1.5688766290504537,100
2,monash_nn5_weekly,chronos-2,regime_trend,16.0,20.48697406515664,2.1985232321501282,100
2,monash_nn5_weekly,chronos-t5,regime_trend,16.0,19.283627274719425,2.1324464318906697,100
2,monash_nn5_weekly,chronos-2,regime_trend,20.0,26.00901177089315,2.813028660730451,100
2,monash_nn5_weekly,chronos-t5,regime_trend,20.0,24.550953663185613,2.724709728696255,100
2,monash_tourism_monthly,chronos-2,clean,0.0,1.3430131286102536,0.06909977408430708,100
2,monash_tourism_monthly,chronos-t5,clean,0.0,1.7935620067719764,0.09479131508975674,100
2,monash_tourism_monthly,chronos-2,regime_trend,0.5,2.092978927885276,0.13917217852436833,100
2,monash_tourism_monthly,chronos-t5,regime_trend,0.5,2.3914359420001565,0.1682246176160237,100
2,monash_tourism_monthly,chronos-2,regime_trend,1.0,3.115544189767348,0.25167084426854736,100
2,monash_tourism_monthly,chronos-t5,regime_trend,1.0,3.293691018896591,0.27213604755916226,100
2,monash_tourism_monthly,chronos-2,regime_trend,2.0,6.060698302004632,0.5591560860247718,100
2,monash_tourism_monthly,chronos-t5,regime_trend,2.0,5.744429402393683,0.5489420805964738,100
2,monash_tourism_monthly,chronos-2,regime_trend,4.0,12.248361841630722,1.1503666909543915,100
2,monash_tourism_monthly,chronos-t5,regime_trend,4.0,11.304093407480266,1.0979344541095863,100
2,monash_tourism_monthly,chronos-2,regime_trend,8.0,25.1105525564319,2.341786610026927,100
2,monash_tourism_monthly,chronos-t5,regime_trend,8.0,22.23709879045903,2.194900534066626,100
2,monash_tourism_monthly,chronos-2,regime_trend,12.0,37.47655284035556,3.5629907730748798,100
2,monash_tourism_monthly,chronos-t5,regime_trend,12.0,33.198711271976435,3.2721251624674643,100
2,monash_tourism_monthly,chronos-2,regime_trend,16.0,49.968467147618185,4.800944992209185,100
2,monash_tourism_monthly,chronos-t5,regime_trend,16.0,43.525710197993305,4.274378754095449,100
2,monash_tourism_monthly,chronos-2,regime_trend,20.0,63.13721119646733,6.079079183944835,100
2,monash_tourism_monthly,chronos-t5,regime_trend,20.0,55.25578145914528,5.402299668876221,100
2,monash_tourism_quarterly,chronos-2,clean,0.0,1.5904319369414341,0.07053812492950641,100
2,monash_tourism_quarterly,chronos-t5,clean,0.0,1.7504306874546842,0.07897634837601752,100
2,monash_tourism_quarterly,chronos-2,regime_trend,0.5,2.5556467875218565,0.14461630960630403,100
2,monash_tourism_quarterly,chronos-t5,regime_trend,0.5,2.7640500354804582,0.1402446754026159,100
2,monash_tourism_quarterly,chronos-2,regime_trend,1.0,3.956566884077449,0.22357583100816633,100
2,monash_tourism_quarterly,chronos-t5,regime_trend,1.0,4.115229857701387,0.26544251597723306,100
2,monash_tourism_quarterly,chronos-2,regime_trend,2.0,7.67532795601544,0.5266352264606872,100
2,monash_tourism_quarterly,chronos-t5,regime_trend,2.0,7.784273118706881,0.6132622821968359,100
2,monash_tourism_quarterly,chronos-2,regime_trend,4.0,15.961319975846406,1.1835454052785457,100
2,monash_tourism_quarterly,chronos-t5,regime_trend,4.0,15.867547701920525,1.226467224007968,100
2,monash_tourism_quarterly,chronos-2,regime_trend,8.0,32.833269925063824,2.4488121208425246,100
2,monash_tourism_quarterly,chronos-t5,regime_trend,8.0,30.758069330853242,2.4902990676189756,100
2,monash_tourism_quarterly,chronos-2,regime_trend,12.0,50.27532203509753,3.804693944302075,100
2,monash_tourism_quarterly,chronos-t5,regime_trend,12.0,45.76811973770216,3.58536803020753,100
2,monash_tourism_quarterly,chronos-2,regime_trend,16.0,67.26307157944571,5.098001142301217,100
2,monash_tourism_quarterly,chronos-t5,regime_trend,16.0,62.4187940093433,4.887346848869137,100
2,monash_tourism_quarterly,chronos-2,regime_trend,20.0,83.6791426447924,6.404243253480211,100
2,monash_tourism_quarterly,chronos-t5,regime_trend,20.0,76.86444914604206,6.080727907917469,100
2,monash_tourism_yearly,chronos-2,clean,0.0,3.5704327729167913,0.16546482529220838,100
2,monash_tourism_yearly,chronos-t5,clean,0.0,3.936152370690512,0.2050591187673575,100
2,monash_tourism_yearly,chronos-2,regime_trend,0.5,4.342768312909606,0.18807899894728655,100
2,monash_tourism_yearly,chronos-t5,regime_trend,0.5,4.631292649518714,0.25078813001637684,100
2,monash_tourism_yearly,chronos-2,regime_trend,1.0,5.239224727886945,0.21175466215205385,100
2,monash_tourism_yearly,chronos-t5,regime_trend,1.0,5.407366718970213,0.27106637300288633,100
2,monash_tourism_yearly,chronos-2,regime_trend,2.0,8.55946467599314,0.24409099224490063,100
2,monash_tourism_yearly,chronos-t5,regime_trend,2.0,8.16027400803191,0.24750140872761447,100
2,monash_tourism_yearly,chronos-2,regime_trend,4.0,17.329432320777343,0.5844506700741845,100
2,monash_tourism_yearly,chronos-t5,regime_trend,4.0,15.192621753984278,0.6232139491902751,100
2,monash_tourism_yearly,chronos-2,regime_trend,8.0,35.436322283699326,1.0319870121895467,100
2,monash_tourism_yearly,chronos-t5,regime_trend,8.0,29.535601911961184,1.0826187229775148,100
2,monash_tourism_yearly,chronos-2,regime_trend,12.0,53.5975417445284,1.4653283582778418,100
2,monash_tourism_yearly,chronos-t5,regime_trend,12.0,43.87858212056852,1.4745418009472029,100
2,monash_tourism_yearly,chronos-2,regime_trend,16.0,74.62926722031536,1.9341740445475937,100
2,monash_tourism_yearly,chronos-t5,regime_trend,16.0,59.77626408378683,2.004862939706288,100
2,monash_tourism_yearly,chronos-2,regime_trend,20.0,93.33385854856307,2.110886019377262,100
2,monash_tourism_yearly,chronos-t5,regime_trend,20.0,73.65361236722987,2.490429027759777,100
2,monash_traffic,chronos-2,clean,0.0,0.8271235376076017,0.2736839843613832,100
2,monash_traffic,chronos-t5,clean,0.0,0.8160766380565383,0.28036386007284686,100
2,monash_traffic,chronos-2,regime_trend,0.5,1.5862032293843016,0.4855327133627873,100
2,monash_traffic,chronos-t5,regime_trend,0.5,1.572459062061121,0.4968185622766907,100
2,monash_traffic,chronos-2,regime_trend,1.0,2.750686482540691,0.8426663004663965,100
2,monash_traffic,chronos-t5,regime_trend,1.0,2.780122162069337,0.8585666623091096,100
2,monash_traffic,chronos-2,regime_trend,2.0,5.3605722550673285,1.604040765141579,100
2,monash_traffic,chronos-t5,regime_trend,2.0,5.130118173744705,1.5378513522412487,100
2,monash_traffic,chronos-2,regime_trend,4.0,10.54192556884722,3.095325868020007,100
2,monash_traffic,chronos-t5,regime_trend,4.0,10.284809559549615,3.0085417769878036,100
2,monash_traffic,chronos-2,regime_trend,8.0,21.067599665632546,6.3243938511671605,100
2,monash_traffic,chronos-t5,regime_trend,8.0,20.822879676149775,6.243172180508915,100
2,monash_traffic,chronos-2,regime_trend,12.0,31.838662027922375,9.551720884606963,100
2,monash_traffic,chronos-t5,regime_trend,12.0,31.679641547800045,9.506500178300318,100
2,monash_traffic,chronos-2,regime_trend,16.0,42.37889057195233,12.719521470339123,100
2,monash_traffic,chronos-t5,regime_trend,16.0,42.15534543939658,12.642799482056166,100
2,monash_traffic,chronos-2,regime_trend,20.0,52.78592637175002,15.802463817908738,100
2,monash_traffic,chronos-t5,regime_trend,20.0,52.66720982562977,15.775895011558731,100
2,monash_weather,chronos-2,clean,0.0,0.9775839384301249,0.12512084985369903,100
2,monash_weather,chronos-t5,clean,0.0,1.0082126969768732,0.1447345434448121,100
2,monash_weather,chronos-2,regime_trend,0.5,1.5794120842603965,0.2610294566728666,100
2,monash_weather,chronos-t5,regime_trend,0.5,1.6508846662419892,0.2816660023579226,100
2,monash_weather,chronos-2,regime_trend,1.0,2.627810854140394,0.4995710495851684,100
2,monash_weather,chronos-t5,regime_trend,1.0,2.639152763535703,0.5144884314814139,100
2,monash_weather,chronos-2,regime_trend,2.0,4.899767081340513,1.0395935924284927,100
2,monash_weather,chronos-t5,regime_trend,2.0,4.903599532940454,1.032818776462094,100
2,monash_weather,chronos-2,regime_trend,4.0,9.868055866806287,2.1757766893282313,100
2,monash_weather,chronos-t5,regime_trend,4.0,9.492898892985222,2.125419778993061,100
2,monash_weather,chronos-2,regime_trend,8.0,19.25390029442828,4.366383634466939,100
2,monash_weather,chronos-t5,regime_trend,8.0,19.24277218133105,4.336033285810585,100
2,monash_weather,chronos-2,regime_trend,12.0,28.95150689699209,6.5835780062508675,100
2,monash_weather,chronos-t5,regime_trend,12.0,29.122114529089973,6.5583167055304505,100
2,monash_weather,chronos-2,regime_trend,16.0,38.585503250984424,8.78252638838883,100
2,monash_weather,chronos-t5,regime_trend,16.0,38.93622919281077,8.818724280428805,100
2,monash_weather,chronos-2,regime_trend,20.0,48.59641982650923,11.019207158700882,100
2,monash_weather,chronos-t5,regime_trend,20.0,48.513159922189914,11.040333267689668,100
3,monash_australian_electricity,chronos-2,clean,0.0,0.6271804180014168,0.030672134058366392,5
3,monash_australian_electricity,chronos-t5,clean,0.0,1.3547706249109244,0.07520130070570943,5
3,monash_australian_electricity,chronos-2,regime_trend,0.5,1.6045181539070785,0.10025295026265141,5
3,monash_australian_electricity,chronos-t5,regime_trend,0.5,2.084653231497511,0.1600665427897903,5
3,monash_australian_electricity,chronos-2,regime_trend,1.0,3.491037776289156,0.2301428192176979,5
3,monash_australian_electricity,chronos-t5,regime_trend,1.0,3.706195383261205,0.22370977298702766,5
3,monash_australian_electricity,chronos-2,regime_trend,2.0,6.568108118892734,0.4470133587408002,5
3,monash_australian_electricity,chronos-t5,regime_trend,2.0,7.310525164174565,0.5093590595616485,5
3,monash_australian_electricity,chronos-2,regime_trend,4.0,12.980734504903626,0.8939233895184248,5
3,monash_australian_electricity,chronos-t5,regime_trend,4.0,13.151413982285813,0.9211592669378299,5
3,monash_australian_electricity,chronos-2,regime_trend,8.0,25.878695593093315,1.8252002988309417,5
3,monash_australian_electricity,chronos-t5,regime_trend,8.0,25.387584123205457,1.7738324058253836,5
3,monash_australian_electricity,chronos-2,regime_trend,12.0,37.74026123377031,2.7054063064760174,5
3,monash_australian_electricity,chronos-t5,regime_trend,12.0,37.24948180467634,2.668820382782176,5
3,monash_australian_electricity,chronos-2,regime_trend,16.0,51.097552010375054,3.6375471971033497,5
3,monash_australian_electricity,chronos-t5,regime_trend,16.0,51.279540387872565,3.6590322405851623,5
3,monash_australian_electricity,chronos-2,regime_trend,20.0,63.775732866039576,4.558198689844091,5
3,monash_australian_electricity,chronos-t5,regime_trend,20.0,63.57059643227095,4.5105271806904055,5
3,monash_cif_2016,chronos-2,clean,0.0,0.9366922139796068,0.011260000608145472,72
3,monash_cif_2016,chronos-t5,clean,0.0,0.9886009617746289,0.013292816150331017,72
3,monash_cif_2016,chronos-2,regime_trend,0.5,1.5044328266017468,0.13587090799743481,72
3,monash_cif_2016,chronos-t5,regime_trend,0.5,1.4973152154848168,0.09007884946610066,72
3,monash_cif_2016,chronos-2,regime_trend,1.0,2.4994649919106178,0.22846043348510248,72
3,monash_cif_2016,chronos-t5,regime_trend,1.0,2.2739414992913303,0.1942333860307181,72
3,monash_cif_2016,chronos-2,regime_trend,2.0,4.544323393461031,0.4708113044005963,72
3,monash_cif_2016,chronos-t5,regime_trend,2.0,3.9227215425142723,0.4248052150941899,72
3,monash_cif_2016,chronos-2,regime_trend,4.0,9.393594184728695,0.8760619915629515,72
3,monash_cif_2016,chronos-t5,regime_trend,4.0,8.363287398102981,0.8727197671468265,72
3,monash_cif_2016,chronos-2,regime_trend,8.0,19.191036681088985,1.7415911802764632,72
3,monash_cif_2016,chronos-t5,regime_trend,8.0,16.974581751727982,1.3645299265748203,72
3,monash_cif_2016,chronos-2,regime_trend,12.0,28.69149357706261,2.5526541738993354,72
3,monash_cif_2016,chronos-t5,regime_trend,12.0,26.042302654356316,2.0461348525410887,72
3,monash_cif_2016,chronos-2,regime_trend,16.0,38.098225325270306,3.72099610748269,72
3,monash_cif_2016,chronos-t5,regime_trend,16.0,35.52063040664921,3.736876523550267,72
3,monash_cif_2016,chronos-2,regime_trend,20.0,47.484977546839566,4.377377914163379,72
3,monash_cif_2016,chronos-t5,regime_trend,20.0,44.65778332125023,3.5655404050497097,72
3,monash_car_parts,chronos-2,clean,0.0,0.894274873223502,1.0267238668417118,100
3,monash_car_parts,chronos-t5,clean,0.0,0.9295560412626811,1.0944139478218193,100
3,monash_car_parts,chronos-2,regime_trend,0.5,1.5245071352550505,1.7433813194237133,100
3,monash_car_parts,chronos-t5,regime_trend,0.5,1.8498101553030186,2.5020675671525345,100
3,monash_car_parts,chronos-2,regime_trend,1.0,2.286465903602311,2.462821412401231,100
3,monash_car_parts,chronos-t5,regime_trend,1.0,2.301176816186506,2.8403677741155113,100
3,monash_car_parts,chronos-2,regime_trend,2.0,3.9879297491105077,4.550100408712499,100
3,monash_car_parts,chronos-t5,regime_trend,2.0,3.6422114586423073,4.562914286091202,100
3,monash_car_parts,chronos-2,regime_trend,4.0,7.140803632240826,9.501967703942025,100
3,monash_car_parts,chronos-t5,regime_trend,4.0,5.9920819703962795,9.285633920348518,100
3,monash_car_parts,chronos-2,regime_trend,8.0,16.617537689572234,23.358420539820283,100
3,monash_car_parts,chronos-t5,regime_trend,8.0,15.372850952188207,24.316029985859544,100
3,monash_car_parts,chronos-2,regime_trend,12.0,25.245741407754505,36.122623008627315,100
3,monash_car_parts,chronos-t5,regime_trend,12.0,23.424385260981026,38.83179007431961,100
3,monash_car_parts,chronos-2,regime_trend,16.0,34.370127567539264,51.27725745894597,100
3,monash_car_parts,chronos-t5,regime_trend,16.0,32.51188118250128,55.3603560337721,100
3,monash_car_parts,chronos-2,regime_trend,20.0,43.910291867796,63.73985874944,100
3,monash_car_parts,chronos-t5,regime_trend,20.0,41.79739190061443,69.23623847005719,100
3,monash_covid_deaths,chronos-2,clean,0.0,43.033524543394854,0.027007980152812278,100
3,monash_covid_deaths,chronos-t5,clean,0.0,50.73362761654871,0.050689161696923064,100
3,monash_covid_deaths,chronos-2,regime_trend,0.5,73.63995917657486,0.24898334939632966,100
3,monash_covid_deaths,chronos-t5,regime_trend,0.5,79.30667371703134,0.2677842554459358,100
3,monash_covid_deaths,chronos-2,regime_trend,1.0,104.50546187278415,0.4775264487752491,100
3,monash_covid_deaths,chronos-t5,regime_trend,1.0,109.69790502043962,0.4453011416207423,100
3,monash_covid_deaths,chronos-2,regime_trend,2.0,172.69348063759134,0.93435143828977,100
3,monash_covid_deaths,chronos-t5,regime_trend,2.0,170.32834328728856,0.8954158993545802,100
3,monash_covid_deaths,chronos-2,regime_trend,4.0,320.28603030276395,1.8337183550990825,100
3,monash_covid_deaths,chronos-t5,regime_trend,4.0,299.6972683755584,1.7431392435205346,100
3,monash_covid_deaths,chronos-2,regime_trend,8.0,613.0737462574119,3.7739263756618775,100
3,monash_covid_deaths,chronos-t5,regime_trend,8.0,543.3901708765903,3.379231133347643,100
3,monash_covid_deaths,chronos-2,regime_trend,12.0,923.0356165276165,5.64664155417306,100
3,monash_covid_deaths,chronos-t5,regime_trend,12.0,781.1570429118866,4.559712653996926,100
3,monash_covid_deaths,chronos-2,regime_trend,16.0,1223.9882494964343,7.545652343890416,100
3,monash_covid_deaths,chronos-t5,regime_trend,16.0,1005.455532505383,5.4189586203603,100
3,monash_covid_deaths,chronos-2,regime_trend,20.0,1517.0766929949868,9.479945347559712,100
3,monash_covid_deaths,chronos-t5,regime_trend,20.0,1217.3240391770394,7.680112346067342,100
3,dominick,chronos-2,clean,0.0,0.8295138231556268,0.24857655709519688,100
3,dominick,chronos-t5,clean,0.0,0.7802533885328738,0.25761833141619506,100
3,dominick,chronos-2,regime_trend,0.5,1.8216290042521945,0.5000010487250326,100
3,dominick,chronos-t5,regime_trend,0.5,1.8140526646823956,0.5312742826163191,100
3,dominick,chronos-2,regime_trend,1.0,2.827243522499141,0.7971996957513667,100
3,dominick,chronos-t5,regime_trend,1.0,2.8270354477567343,0.860594034531073,100
3,dominick,chronos-2,regime_trend,2.0,5.163464653925712,1.443568004089813,100
3,dominick,chronos-t5,regime_trend,2.0,4.97158432397302,1.4645048160207865,100
3,dominick,chronos-2,regime_trend,4.0,9.71969282227683,2.833979392715124,100
3,dominick,chronos-t5,regime_trend,4.0,9.661534852240875,2.893855692524571,100
3,dominick,chronos-2,regime_trend,8.0,19.864483772306084,5.888121115614034,100
3,dominick,chronos-t5,regime_trend,8.0,19.47167086738766,5.9209459207150354,100
3,dominick,chronos-2,regime_trend,12.0,29.775196404292892,8.924746612996605,100
3,dominick,chronos-t5,regime_trend,12.0,29.024312831606906,8.811837583078622,100
3,dominick,chronos-2,regime_trend,16.0,39.81750291462579,11.94826287539788,100
3,dominick,chronos-t5,regime_trend,16.0,38.14651477571772,11.535713365495472,100
3,dominick,chronos-2,regime_trend,20.0,49.69667111657849,15.001272596880792,100
3,dominick,chronos-t5,regime_trend,20.0,47.84777291964636,14.421690201613384,100
3,ercot,chronos-2,clean,0.0,0.8417995516641943,0.02604302222263971,8
3,ercot,chronos-t5,clean,0.0,0.6038444665396613,0.015400947842446817,8
3,ercot,chronos-2,regime_trend,0.5,2.169454278062621,0.06936472236708326,8
3,ercot,chronos-t5,regime_trend,0.5,2.1115071751115546,0.06617443437150605,8
3,ercot,chronos-2,regime_trend,1.0,3.9500864251619507,0.14410854583800956,8
3,ercot,chronos-t5,regime_trend,1.0,4.077195617829343,0.13797302075640797,8
3,ercot,chronos-2,regime_trend,2.0,8.574786007943127,0.29880816163863305,8
3,ercot,chronos-t5,regime_trend,2.0,8.424210592775335,0.292419652228774,8
3,ercot,chronos-2,regime_trend,4.0,16.944971523723265,0.5685708888890845,8
3,ercot,chronos-t5,regime_trend,4.0,17.060844217485098,0.5878660107466428,8
3,ercot,chronos-2,regime_trend,8.0,34.583639829998276,1.2062904526696157,8
3,ercot,chronos-t5,regime_trend,8.0,34.96949083650222,1.2342794617077635,8
3,ercot,chronos-2,regime_trend,12.0,52.33606985111616,1.8270991163152859,8
3,ercot,chronos-t5,regime_trend,12.0,52.35494341805198,1.8357608187514987,8
3,ercot,chronos-2,regime_trend,16.0,69.1420165085197,2.4011076241247964,8
3,ercot,chronos-t5,regime_trend,16.0,69.20954720230526,2.4078284114072903,8
3,ercot,chronos-2,regime_trend,20.0,86.72303339594345,3.0213063178036,8
3,ercot,chronos-t5,regime_trend,20.0,86.58917806343918,3.0172878353065147,8
3,exchange_rate,chronos-2,clean,0.0,1.816427573959804,0.011831282159531213,8
3,exchange_rate,chronos-t5,clean,0.0,2.1966565104402576,0.016143964343842652,8
3,exchange_rate,chronos-2,regime_trend,0.5,16.973703811983377,0.07936220184289798,8
3,exchange_rate,chronos-t5,regime_trend,0.5,17.347769786721074,0.081010535357695,8
3,exchange_rate,chronos-2,regime_trend,1.0,33.930237779106726,0.163974232176231,8
3,exchange_rate,chronos-t5,regime_trend,1.0,33.94359286134563,0.16226086610143897,8
3,exchange_rate,chronos-2,regime_trend,2.0,65.76288397594787,0.31116546230419095,8
3,exchange_rate,chronos-t5,regime_trend,2.0,66.6004761450071,0.3145985977002032,8
3,exchange_rate,chronos-2,regime_trend,4.0,132.84033911686947,0.6313600069334111,8
3,exchange_rate,chronos-t5,regime_trend,4.0,132.2621874539231,0.6343960468902798,8
3,exchange_rate,chronos-2,regime_trend,8.0,262.3175180954666,1.2729901303531332,8
3,exchange_rate,chronos-t5,regime_trend,8.0,268.0564815911043,1.2859310417874097,8
3,exchange_rate,chronos-2,regime_trend,12.0,399.07409820414273,1.9105189589708758,8
3,exchange_rate,chronos-t5,regime_trend,12.0,402.83825493616644,1.937220846748473,8
3,exchange_rate,chronos-2,regime_trend,16.0,532.0545981114964,2.5363372929686205,8
3,exchange_rate,chronos-t5,regime_trend,16.0,536.2164359131108,2.5810154636770326,8
3,exchange_rate,chronos-2,regime_trend,20.0,660.8620818859891,3.141606385967067,8
3,exchange_rate,chronos-t5,regime_trend,20.0,671.7536187046178,3.239378521236774,8
3,monash_fred_md,chronos-2,clean,0.0,0.4532046285633289,0.02010413991667694,100
3,monash_fred_md,chronos-t5,clean,0.0,0.4312534044732423,0.01347143426312163,100
3,monash_fred_md,chronos-2,regime_trend,0.5,5.3219166298804685,0.1078778631984203,100
3,monash_fred_md,chronos-t5,regime_trend,0.5,5.305213760228063,0.1146852434249696,100
3,monash_fred_md,chronos-2,regime_trend,1.0,10.409453149330288,0.21557186137403508,100
3,monash_fred_md,chronos-t5,regime_trend,1.0,10.432770458652243,0.2147575392391358,100
3,monash_fred_md,chronos-2,regime_trend,2.0,20.735915498211426,0.41141052159916686,100
3,monash_fred_md,chronos-t5,regime_trend,2.0,20.790155362172893,0.4177939201452371,100
3,monash_fred_md,chronos-2,regime_trend,4.0,41.63550051894049,0.8328416818993526,100
3,monash_fred_md,chronos-t5,regime_trend,4.0,41.647510607288794,0.8273047319518385,100
3,monash_fred_md,chronos-2,regime_trend,8.0,83.38001915720854,1.6472140339181292,100
3,monash_fred_md,chronos-t5,regime_trend,8.0,83.38653302288017,1.6635166887919173,100
3,monash_fred_md,chronos-2,regime_trend,12.0,125.27174249576957,2.495937253566131,100
3,monash_fred_md,chronos-t5,regime_trend,12.0,125.27354391190407,2.4923147711921536,100
3,monash_fred_md,chronos-2,regime_trend,16.0,167.12584143234736,3.323979998068703,100
3,monash_fred_md,chronos-t5,regime_trend,16.0,166.97212207092272,3.341643494097813,100
3,monash_fred_md,chronos-2,regime_trend,20.0,208.72275925444202,4.155384057753063,100
3,monash_fred_md,chronos-t5,regime_trend,20.0,208.90217521769839,4.102477273382549,100
3,monash_hospital,chronos-2,clean,0.0,0.7870107936415635,0.061281917662917254,100
3,monash_hospital,chronos-t5,clean,0.0,0.8380871920408511,0.06750327125477268,100
3,monash_hospital,chronos-2,regime_trend,0.5,0.8262783319819172,0.06607254746567298,100
3,monash_hospital,chronos-t5,regime_trend,0.5,0.8789930550794903,0.07691556630145509,100
3,monash_hospital,chronos-2,regime_trend,1.0,0.9545089421539626,0.10145084478493656,100
3,monash_hospital,chronos-t5,regime_trend,1.0,1.02416381610508,0.09647089626070784,100
3,monash_hospital,chronos-2,regime_trend,2.0,1.6888654762705313,0.19756642643294717,100
3,monash_hospital,chronos-t5,regime_trend,2.0,1.7724121438205376,0.20104685603983452,100
3,monash_hospital,chronos-2,regime_trend,4.0,4.153764069178452,0.47380988590138734,100
3,monash_hospital,chronos-t5,regime_trend,4.0,3.993351616999391,0.4601527251805399,100
3,monash_hospital,chronos-2,regime_trend,8.0,9.512439086883555,1.130328613149938,100
3,monash_hospital,chronos-t5,regime_trend,8.0,8.794664219058305,1.0985499175138544,100
3,monash_hospital,chronos-2,regime_trend,12.0,14.874744403552008,1.719960370298196,100
3,monash_hospital,chronos-t5,regime_trend,12.0,13.449395204704658,1.6415082774247933,100
3,monash_hospital,chronos-2,regime_trend,16.0,20.208370935355298,2.380563439819075,100
3,monash_hospital,chronos-t5,regime_trend,16.0,18.45597423274505,2.282862010980711,100
3,monash_hospital,chronos-2,regime_trend,20.0,25.781798035798612,3.0199256416731677,100
3,monash_hospital,chronos-t5,regime_trend,20.0,24.0299798369947,2.8877047065747057,100
3,monash_m1_monthly,chronos-2,clean,0.0,1.0252822007023978,0.27221328295504754,100
3,monash_m1_monthly,chronos-t5,clean,0.0,1.1486790327780196,0.1917302197195143,100
3,monash_m1_monthly,chronos-2,regime_trend,0.5,1.298428068949709,0.2953295790282168,100
3,monash_m1_monthly,chronos-t5,regime_trend,0.5,1.3619161333547583,0.21691478496198557,100
3,monash_m1_monthly,chronos-2,regime_trend,1.0,1.7355996787437704,0.24835082162062808,100
3,monash_m1_monthly,chronos-t5,regime_trend,1.0,1.636421941890845,0.2072043313997793,100
3,monash_m1_monthly,chronos-2,regime_trend,2.0,3.1652725525644123,0.3295372246548128,100
3,monash_m1_monthly,chronos-t5,regime_trend,2.0,2.9433991310346697,0.3197194373555135,100
3,monash_m1_monthly,chronos-2,regime_trend,4.0,6.859853896089555,0.5096975650805491,100
3,monash_m1_monthly,chronos-t5,regime_trend,4.0,6.0465575868777135,0.5639111122058418,100
3,monash_m1_monthly,chronos-2,regime_trend,8.0,15.52965147602296,2.346674396603218,100
3,monash_m1_monthly,chronos-t5,regime_trend,8.0,13.676507288110793,2.543151830275833,100
3,monash_m1_monthly,chronos-2,regime_trend,12.0,23.963642808457685,2.910483729854608,100
3,monash_m1_monthly,chronos-t5,regime_trend,12.0,20.79641093875427,2.6967851223964194,100
3,monash_m1_monthly,chronos-2,regime_trend,16.0,33.26608888009833,4.048060443582283,100
3,monash_m1_monthly,chronos-t5,regime_trend,16.0,29.596641443949576,3.6748145453139944,100
3,monash_m1_monthly,chronos-2,regime_trend,20.0,40.99427273530678,7.902696295742491,100
3,monash_m1_monthly,chronos-t5,regime_trend,20.0,37.25271339821488,7.166586695667042,100
3,monash_m1_quarterly,chronos-2,clean,0.0,1.5766614979688591,0.07952721348399153,100
3,monash_m1_quarterly,chronos-t5,clean,0.0,1.788606283231385,0.09999113600450919,100
3,monash_m1_quarterly,chronos-2,regime_trend,0.5,2.238806088139063,0.09362671320849132,100
3,monash_m1_quarterly,chronos-t5,regime_trend,0.5,2.2867118488122515,0.10626333871837942,100
3,monash_m1_quarterly,chronos-2,regime_trend,1.0,3.3216759373656974,0.16176812183919942,100
3,monash_m1_quarterly,chronos-t5,regime_trend,1.0,3.2406453976756335,0.18625036383326804,100
3,monash_m1_quarterly,chronos-2,regime_trend,2.0,5.68534565412942,0.18072359807808297,100
3,monash_m1_quarterly,chronos-t5,regime_trend,2.0,5.640771910790229,0.18750841085397882,100
3,monash_m1_quarterly,chronos-2,regime_trend,4.0,11.379743457008969,0.38693452699462677,100
3,monash_m1_quarterly,chronos-t5,regime_trend,4.0,10.770003724984058,0.40062535640185115,100
3,monash_m1_quarterly,chronos-2,regime_trend,8.0,23.53975953909696,0.9356541627362763,100
3,monash_m1_quarterly,chronos-t5,regime_trend,8.0,21.241646509117583,0.9571334081482628,100
3,monash_m1_quarterly,chronos-2,regime_trend,12.0,36.64691905009532,1.4573473673882242,100
3,monash_m1_quarterly,chronos-t5,regime_trend,12.0,32.94813352851379,1.5257810438906547,100
3,monash_m1_quarterly,chronos-2,regime_trend,16.0,49.19638749852425,2.3066999568456312,100
3,monash_m1_quarterly,chronos-t5,regime_trend,16.0,44.032717075483646,2.1138022233528893,100
3,monash_m1_quarterly,chronos-2,regime_trend,20.0,62.60134314211623,2.791580300948633,100
3,monash_m1_quarterly,chronos-t5,regime_trend,20.0,57.53631284119746,2.5817228573119904,100
3,monash_m1_yearly,chronos-2,clean,0.0,3.637927031199332,0.07096940204212351,100
3,monash_m1_yearly,chronos-t5,clean,0.0,4.823545795122051,0.07595260901075239,100
3,monash_m1_yearly,chronos-2,regime_trend,0.5,4.460456917969837,0.08181906643458065,100
3,monash_m1_yearly,chronos-t5,regime_trend,0.5,5.244405042902295,0.08414416553801249,100
3,monash_m1_yearly,chronos-2,regime_trend,1.0,6.294251037114187,0.1454154560488397,100
3,monash_m1_yearly,chronos-t5,regime_trend,1.0,6.238192614441329,0.1539081389507852,100
3,monash_m1_yearly,chronos-2,regime_trend,2.0,9.291495041832919,0.33260944085632027,100
3,monash_m1_yearly,chronos-t5,regime_trend,2.0,8.756069785228886,0.36910487235891887,100
3,monash_m1_yearly,chronos-2,regime_trend,4.0,17.178260347459776,0.826399212103487,100
3,monash_m1_yearly,chronos-t5,regime_trend,4.0,15.72389593909197,0.8445740231773425,100
3,monash_m1_yearly,chronos-2,regime_trend,8.0,31.84903823669802,1.6032718037960363,100
3,monash_m1_yearly,chronos-t5,regime_trend,8.0,27.233861920988744,1.570530300045664,100
3,monash_m1_yearly,chronos-2,regime_trend,12.0,47.31097247513535,2.245899293245575,100
3,monash_m1_yearly,chronos-t5,regime_trend,12.0,40.840414298178196,2.357544070371633,100
3,monash_m1_yearly,chronos-2,regime_trend,16.0,63.809171564074255,2.9719124264617225,100
3,monash_m1_yearly,chronos-t5,regime_trend,16.0,54.12969083700432,3.048074790161221,100
3,monash_m1_yearly,chronos-2,regime_trend,20.0,78.1051404708294,3.645101854527021,100
3,monash_m1_yearly,chronos-t5,regime_trend,20.0,67.45888459471333,3.727197726828342,100
3,monash_m3_monthly,chronos-2,clean,0.0,0.811635633079432,0.08901184204854988,100
3,monash_m3_monthly,chronos-t5,clean,0.0,0.8150714385681976,0.09131791894402103,100
3,monash_m3_monthly,chronos-2,regime_trend,0.5,1.4195389213319167,0.13264332223905642,100
3,monash_m3_monthly,chronos-t5,regime_trend,0.5,1.3355453135319335,0.12820877319678392,100
3,monash_m3_monthly,chronos-2,regime_trend,1.0,2.2348796438012157,0.19832390693777577,100
3,monash_m3_monthly,chronos-t5,regime_trend,1.0,2.1533003269917965,0.19792013907938538,100
3,monash_m3_monthly,chronos-2,regime_trend,2.0,4.448537142889916,0.3818128340998357,100
3,monash_m3_monthly,chronos-t5,regime_trend,2.0,4.242952010025534,0.38350065891912993,100
3,monash_m3_monthly,chronos-2,regime_trend,4.0,8.821691663115445,0.8159890550008947,100
3,monash_m3_monthly,chronos-t5,regime_trend,4.0,8.228313697687947,0.7785119835317962,100
3,monash_m3_monthly,chronos-2,regime_trend,8.0,18.715879237593384,1.8634347868069456,100
3,monash_m3_monthly,chronos-t5,regime_trend,8.0,17.32514449287712,1.7576805027555387,100
3,monash_m3_monthly,chronos-2,regime_trend,12.0,28.54139588252221,2.8956704183354836,100
3,monash_m3_monthly,chronos-t5,regime_trend,12.0,26.574618973529514,2.773493355331285,100
3,monash_m3_monthly,chronos-2,regime_trend,16.0,37.36669860296468,3.7262773976204184,100
3,monash_m3_monthly,chronos-t5,regime_trend,16.0,35.42794651397658,3.658822857885736,100
3,monash_m3_monthly,chronos-2,regime_trend,20.0,47.12126770362138,4.8185180683209365,100
3,monash_m3_monthly,chronos-t5,regime_trend,20.0,44.06989920615091,4.696609450781651,100
3,monash_m3_quarterly,chronos-2,clean,0.0,1.2542640597019636,0.07384750980066322,100
3,monash_m3_quarterly,chronos-t5,clean,0.0,1.3449826637286066,0.08044743909076209,100
3,monash_m3_quarterly,chronos-2,regime_trend,0.5,1.908491578750581,0.10450119659517454,100
3,monash_m3_quarterly,chronos-t5,regime_trend,0.5,1.9910803030587723,0.11191938419650126,100
3,monash_m3_quarterly,chronos-2,regime_trend,1.0,3.1990171646602863,0.17872088370597272,100
3,monash_m3_quarterly,chronos-t5,regime_trend,1.0,3.164999605750749,0.18657648566816767,100
3,monash_m3_quarterly,chronos-2,regime_trend,2.0,5.915408918502776,0.3491625687998745,100
3,monash_m3_quarterly,chronos-t5,regime_trend,2.0,5.8132148081316135,0.3550064672891843,100
3,monash_m3_quarterly,chronos-2,regime_trend,4.0,11.657357454239554,0.6896975625413945,100
3,monash_m3_quarterly,chronos-t5,regime_trend,4.0,11.144247666197112,0.6809104449722824,100
3,monash_m3_quarterly,chronos-2,regime_trend,8.0,24.54033410362168,1.4962638892909113,100
3,monash_m3_quarterly,chronos-t5,regime_trend,8.0,22.37157039690235,1.39545488294378,100
3,monash_m3_quarterly,chronos-2,regime_trend,12.0,37.490676164266716,2.2834223898937123,100
3,monash_m3_quarterly,chronos-t5,regime_trend,12.0,33.31772330704876,2.1146774509304076,100
3,monash_m3_quarterly,chronos-2,regime_trend,16.0,50.763544739578826,3.0636479131153553,100
3,monash_m3_quarterly,chronos-t5,regime_trend,16.0,44.90226177234688,2.8298495731611215,100
3,monash_m3_quarterly,chronos-2,regime_trend,20.0,63.36660014454125,3.892195772325682,100
3,monash_m3_quarterly,chronos-t5,regime_trend,20.0,56.13205638781712,3.612993420738104,100
3,monash_m3_yearly,chronos-2,clean,0.0,3.0132092403527664,0.14670256385058947,100
3,monash_m3_yearly,chronos-t5,clean,0.0,3.6216888884414833,0.16363054950874786,100
3,monash_m3_yearly,chronos-2,regime_trend,0.5,4.423404106486999,0.18786749245017964,100
3,monash_m3_yearly,chronos-t5,regime_trend,0.5,4.494536000044707,0.19699302807492758,100
3,monash_m3_yearly,chronos-2,regime_trend,1.0,5.900591989649377,0.2442573346191447,100
3,monash_m3_yearly,chronos-t5,regime_trend,1.0,5.669873436476341,0.24175292953254257,100
3,monash_m3_yearly,chronos-2,regime_trend,2.0,9.646471559525551,0.38273116653861455,100
3,monash_m3_yearly,chronos-t5,regime_trend,2.0,8.952948679051866,0.3893949325875841,100
3,monash_m3_yearly,chronos-2,regime_trend,4.0,17.456388404774128,0.695212033351185,100
3,monash_m3_yearly,chronos-t5,regime_trend,4.0,16.808528225540627,0.7467175013252807,100
3,monash_m3_yearly,chronos-2,regime_trend,8.0,35.47411615393482,1.4582526700123315,100
3,monash_m3_yearly,chronos-t5,regime_trend,8.0,32.90897021870603,1.4960369732907493,100
3,monash_m3_yearly,chronos-2,regime_trend,12.0,53.495833787960485,2.1906751065284022,100
3,monash_m3_yearly,chronos-t5,regime_trend,12.0,48.37667524976288,2.2275802877622777,100
3,monash_m3_yearly,chronos-2,regime_trend,16.0,71.69540395362715,3.0248134134483977,100
3,monash_m3_yearly,chronos-t5,regime_trend,16.0,63.50974568604833,3.0042943959395934,100
3,monash_m3_yearly,chronos-2,regime_trend,20.0,90.10647632221468,3.7923724128113463,100
3,monash_m3_yearly,chronos-t5,regime_trend,20.0,77.32054810861878,3.6854077579509337,100
3,m4_quarterly,chronos-2,clean,0.0,1.1058863737967675,0.07350590730709108,100
3,m4_quarterly,chronos-t5,clean,0.0,1.1581052109990417,0.0773551725837553,100
3,m4_quarterly,chronos-2,regime_trend,0.5,2.3662330816435055,0.1318329613730223,100
3,m4_quarterly,chronos-t5,regime_trend,0.5,2.3239054777988195,0.1369270024959798,100
3,m4_quarterly,chronos-2,regime_trend,1.0,3.934725060793257,0.19964334863961702,100
3,m4_quarterly,chronos-t5,regime_trend,1.0,3.9047834018061076,0.21184618731165988,100
3,m4_quarterly,chronos-2,regime_trend,2.0,8.169252472165951,0.4549974648484608,100
3,m4_quarterly,chronos-t5,regime_trend,2.0,8.049184994064214,0.4614309666269427,100
3,m4_quarterly,chronos-2,regime_trend,4.0,16.617657101935933,0.9492313906558009,100
3,m4_quarterly,chronos-t5,regime_trend,4.0,16.090744920646966,0.9345174827226805,100
3,m4_quarterly,chronos-2,regime_trend,8.0,34.119902250889666,1.9314448700054727,100
3,m4_quarterly,chronos-t5,regime_trend,8.0,32.91796063085446,1.918469436152608,100
3,m4_quarterly,chronos-2,regime_trend,12.0,51.61186192065239,2.9647440507625564,100
3,m4_quarterly,chronos-t5,regime_trend,12.0,48.80218414813988,2.862803053080193,100
3,m4_quarterly,chronos-2,regime_trend,16.0,68.99625480336213,4.007655044492658,100
3,m4_quarterly,chronos-t5,regime_trend,16.0,65.65489157112276,3.888706398812273,100
3,m4_quarterly,chronos-2,regime_trend,20.0,86.48900460620571,5.064876654761168,100
3,m4_quarterly,chronos-t5,regime_trend,20.0,82.36128997957894,4.872467034917921,100
3,m4_yearly,chronos-2,clean,0.0,3.003324720876421,0.11662203541969743,100
3,m4_yearly,chronos-t5,clean,0.0,3.529473569174229,0.1379362281424307,100
3,m4_yearly,chronos-2,regime_trend,0.5,5.381810248026592,0.16616362888469552,100
3,m4_yearly,chronos-t5,regime_trend,0.5,5.5855150847072865,0.19069989791755773,100
3,m4_yearly,chronos-2,regime_trend,1.0,9.241775034101469,0.28328710074167385,100
3,m4_yearly,chronos-t5,regime_trend,1.0,8.836254950538699,0.2895028279076852,100
3,m4_yearly,chronos-2,regime_trend,2.0,16.878616596289927,0.4805998756268434,100
3,m4_yearly,chronos-t5,regime_trend,2.0,15.461650288843988,0.47265621843266786,100
3,m4_yearly,chronos-2,regime_trend,4.0,34.67051437774645,0.9774239853155066,100
3,m4_yearly,chronos-t5,regime_trend,4.0,32.14062613284066,0.9781490158779891,100
3,m4_yearly,chronos-2,regime_trend,8.0,68.07800438568273,1.9651264910279664,100
3,m4_yearly,chronos-t5,regime_trend,8.0,59.855977991698154,1.8687613365422335,100
3,m4_yearly,chronos-2,regime_trend,12.0,104.41333655155098,2.9613450757343314,100
3,m4_yearly,chronos-t5,regime_trend,12.0,91.5080870366519,2.843489431642439,100
3,m4_yearly,chronos-2,regime_trend,16.0,136.09519673515922,3.886466363217527,100
3,m4_yearly,chronos-t5,regime_trend,16.0,117.31978041917706,3.6897291112531496,100
3,m4_yearly,chronos-2,regime_trend,20.0,173.20591503739212,4.979430490505127,100
3,m4_yearly,chronos-t5,regime_trend,20.0,148.22047618372423,4.696040952413974,100
3,m5,chronos-2,clean,0.0,0.8902796015181903,0.5276950502475531,100
3,m5,chronos-t5,clean,0.0,0.9152554329702737,0.5647185148180599,100
3,m5,chronos-2,regime_trend,0.5,1.3568944354468762,0.6995561002033492,100
3,m5,chronos-t5,regime_trend,0.5,1.2534872240841495,0.7557738030910364,100
3,m5,chronos-2,regime_trend,1.0,1.8846133754823178,0.9162545589237554,100
3,m5,chronos-t5,regime_trend,1.0,1.6347100720339696,0.8847509445533475,100
3,m5,chronos-2,regime_trend,2.0,3.2265564961879303,1.7756499848528127,100
3,m5,chronos-t5,regime_trend,2.0,2.900993693868074,1.7183454910610854,100
3,m5,chronos-2,regime_trend,4.0,6.247788546231971,3.789852474785418,100
3,m5,chronos-t5,regime_trend,4.0,6.0209017417884585,3.759245501342633,100
3,m5,chronos-2,regime_trend,8.0,12.262780075759778,7.681298814431544,100
3,m5,chronos-t5,regime_trend,8.0,12.285043203532966,7.75190895610287,100
3,m5,chronos-2,regime_trend,12.0,18.177093032737965,11.528772996242077,100
3,m5,chronos-t5,regime_trend,12.0,18.235537462115467,11.645671986169573,100
3,m5,chronos-2,regime_trend,16.0,24.2538085643761,15.419865232362062,100
3,m5,chronos-t5,regime_trend,16.0,24.41241422841867,15.601462394395261,100
3,m5,chronos-2,regime_trend,20.0,30.54080153728748,19.511165884934655,100
3,m5,chronos-t5,regime_trend,20.0,30.660204267429787,19.761717564006307,100
3,nn5,chronos-2,clean,0.0,0.5565058217844888,0.14566301635161222,100
3,nn5,chronos-t5,clean,0.0,0.6061354766023722,0.16582509942003024,100
3,nn5,chronos-2,regime_trend,0.5,0.7244711318115845,0.18866274465193042,100
3,nn5,chronos-t5,regime_trend,0.5,0.7266829753906706,0.204515889073938,100
3,nn5,chronos-2,regime_trend,1.0,1.1044850481122201,0.2953968570445512,100
3,nn5,chronos-t5,regime_trend,1.0,1.0531071153632017,0.30767516081940155,100
3,nn5,chronos-2,regime_trend,2.0,2.227319954272466,0.6504485594741377,100
3,nn5,chronos-t5,regime_trend,2.0,1.9799482226530942,0.60903483735768,100
3,nn5,chronos-2,regime_trend,4.0,4.568538468999481,1.4045129466152326,100
3,nn5,chronos-t5,regime_trend,4.0,3.9413337338849397,1.2490386909898332,100
3,nn5,chronos-2,regime_trend,8.0,9.460017411473745,2.997287107693003,100
3,nn5,chronos-t5,regime_trend,8.0,8.193726126173125,2.641761552472037,100
3,nn5,chronos-2,regime_trend,12.0,14.221794281950013,4.545709997821756,100
3,nn5,chronos-t5,regime_trend,12.0,12.38755204753349,3.9964986015093635,100
3,nn5,chronos-2,regime_trend,16.0,18.963502802604086,6.077845744589549,100
3,nn5,chronos-t5,regime_trend,16.0,16.606928291460445,5.386829499107799,100
3,nn5,chronos-2,regime_trend,20.0,23.82957412516111,7.6650326491684995,100
3,nn5,chronos-t5,regime_trend,20.0,21.234274637213943,6.905608758041218,100
3,monash_nn5_weekly,chronos-2,clean,0.0,0.85885852195396,0.07810001991339675,100
3,monash_nn5_weekly,chronos-t5,clean,0.0,0.9317544038071133,0.08646755932363669,100
3,monash_nn5_weekly,chronos-2,regime_trend,0.5,0.9412518927174891,0.08518293014105696,100
3,monash_nn5_weekly,chronos-t5,regime_trend,0.5,0.9911678108626405,0.0919473924776656,100
3,monash_nn5_weekly,chronos-2,regime_trend,1.0,1.219983806466312,0.10898675185024319,100
3,monash_nn5_weekly,chronos-t5,regime_trend,1.0,1.2457050614630858,0.11737581071224581,100
3,monash_nn5_weekly,chronos-2,regime_trend,2.0,1.8982728896955823,0.1722538375636197,100
3,monash_nn5_weekly,chronos-t5,regime_trend,2.0,1.8427595449586267,0.17369894352327697,100
3,monash_nn5_weekly,chronos-2,regime_trend,4.0,4.369468457397333,0.4282399930996059,100
3,monash_nn5_weekly,chronos-t5,regime_trend,4.0,4.229810259012626,0.43804236211395603,100
3,monash_nn5_weekly,chronos-2,regime_trend,8.0,9.986129697185113,1.0399018195156973,100
3,monash_nn5_weekly,chronos-t5,regime_trend,8.0,9.276139227107862,1.0015317210586867,100
3,monash_nn5_weekly,chronos-2,regime_trend,12.0,15.410498984606331,1.6359244492940492,100
3,monash_nn5_weekly,chronos-t5,regime_trend,12.0,14.361702759048056,1.571276456905808,100
3,monash_nn5_weekly,chronos-2,regime_trend,16.0,20.436996508610452,2.197758917646358,100
3,monash_nn5_weekly,chronos-t5,regime_trend,16.0,19.456085272158585,2.1445771135452802,100
3,monash_nn5_weekly,chronos-2,regime_trend,20.0,26.170926614392002,2.82900476936421,100
3,monash_nn5_weekly,chronos-t5,regime_trend,20.0,24.514862765275666,2.7083003377828825,100
3,monash_tourism_monthly,chronos-2,clean,0.0,1.3430131286102536,0.06909977408430708,100
3,monash_tourism_monthly,chronos-t5,clean,0.0,1.8051369685502838,0.09647651554413017,100
3,monash_tourism_monthly,chronos-2,regime_trend,0.5,1.996296767040353,0.13489162598807675,100
3,monash_tourism_monthly,chronos-t5,regime_trend,0.5,2.3989699320607305,0.17225148119999803,100
3,monash_tourism_monthly,chronos-2,regime_trend,1.0,3.1508356635649464,0.23517029095231765,100
3,monash_tourism_monthly,chronos-t5,regime_trend,1.0,3.4817384061034016,0.2710666356207873,100
3,monash_tourism_monthly,chronos-2,regime_trend,2.0,6.005058392650951,0.5307423373547651,100
3,monash_tourism_monthly,chronos-t5,regime_trend,2.0,5.853489365950907,0.5302418602363279,100
3,monash_tourism_monthly,chronos-2,regime_trend,4.0,12.355610866332043,1.1386181570976455,100
3,monash_tourism_monthly,chronos-t5,regime_trend,4.0,11.62497345135722,1.1040156819630296,100
3,monash_tourism_monthly,chronos-2,regime_trend,8.0,24.67083352258629,2.3228658256433388,100
3,monash_tourism_monthly,chronos-t5,regime_trend,8.0,22.336098614414105,2.2236195291513505,100
3,monash_tourism_monthly,chronos-2,regime_trend,12.0,37.56545652245116,3.5794424713087034,100
3,monash_tourism_monthly,chronos-t5,regime_trend,12.0,33.0790493472084,3.3004613550074757,100
3,monash_tourism_monthly,chronos-2,regime_trend,16.0,50.124549577981234,4.795648367148135,100
3,monash_tourism_monthly,chronos-t5,regime_trend,16.0,44.00400340881819,4.341331932342909,100
3,monash_tourism_monthly,chronos-2,regime_trend,20.0,63.143017677595054,6.047569069391217,100
3,monash_tourism_monthly,chronos-t5,regime_trend,20.0,54.73979888301617,5.33669261826914,100
3,monash_tourism_quarterly,chronos-2,clean,0.0,1.5904319369414341,0.07053812492950641,100
3,monash_tourism_quarterly,chronos-t5,clean,0.0,1.7206499430180093,0.07650739574266475,100
3,monash_tourism_quarterly,chronos-2,regime_trend,0.5,2.381333245809791,0.1325914027125651,100
3,monash_tourism_quarterly,chronos-t5,regime_trend,0.5,2.5819207435134524,0.14368654363175082,100
3,monash_tourism_quarterly,chronos-2,regime_trend,1.0,3.867587517261195,0.2358292329232184,100
3,monash_tourism_quarterly,chronos-t5,regime_trend,1.0,4.086385155354227,0.2831144318006145,100
3,monash_tourism_quarterly,chronos-2,regime_trend,2.0,7.438979871487286,0.5488981643634685,100
3,monash_tourism_quarterly,chronos-t5,regime_trend,2.0,7.687347266007637,0.6141748023478739,100
3,monash_tourism_quarterly,chronos-2,regime_trend,4.0,16.060294053593488,1.134246811844901,100
3,monash_tourism_quarterly,chronos-t5,regime_trend,4.0,15.835439967040465,1.1775892121199094,100
3,monash_tourism_quarterly,chronos-2,regime_trend,8.0,32.8488192590662,2.4358780963652102,100
3,monash_tourism_quarterly,chronos-t5,regime_trend,8.0,30.74561330738161,2.460523799945971,100
3,monash_tourism_quarterly,chronos-2,regime_trend,12.0,50.19535222328623,3.7476466537570454,100
3,monash_tourism_quarterly,chronos-t5,regime_trend,12.0,46.090924565641075,3.4415060665998047,100
3,monash_tourism_quarterly,chronos-2,regime_trend,16.0,67.18864119461408,5.077891949722446,100
3,monash_tourism_quarterly,chronos-t5,regime_trend,16.0,61.81243556624678,5.064194788307317,100
3,monash_tourism_quarterly,chronos-2,regime_trend,20.0,84.07565329233756,6.402492948615286,100
3,monash_tourism_quarterly,chronos-t5,regime_trend,20.0,77.05435018045578,6.164607547299401,100
3,monash_tourism_yearly,chronos-2,clean,0.0,3.5704327729167913,0.16546482529220838,100
3,monash_tourism_yearly,chronos-t5,clean,0.0,3.969176114023335,0.22389626929547035,100
3,monash_tourism_yearly,chronos-2,regime_trend,0.5,4.253925489670277,0.16489953438113894,100
3,monash_tourism_yearly,chronos-t5,regime_trend,0.5,4.54394924375797,0.21540430283168302,100
3,monash_tourism_yearly,chronos-2,regime_trend,1.0,5.587237447500288,0.191083200347956,100
3,monash_tourism_yearly,chronos-t5,regime_trend,1.0,5.5681390808781455,0.22696441256251512,100
3,monash_tourism_yearly,chronos-2,regime_trend,2.0,9.150933940221325,0.34594902445230546,100
3,monash_tourism_yearly,chronos-t5,regime_trend,2.0,8.834780596868322,0.3865151290577893,100
3,monash_tourism_yearly,chronos-2,regime_trend,4.0,15.764390868376493,0.3612105527264782,100
3,monash_tourism_yearly,chronos-t5,regime_trend,4.0,14.267638915991329,0.3538476002915426,100
3,monash_tourism_yearly,chronos-2,regime_trend,8.0,35.13297988884314,0.7088933535662881,100
3,monash_tourism_yearly,chronos-t5,regime_trend,8.0,29.904141338455464,0.823231515805818,100
3,monash_tourism_yearly,chronos-2,regime_trend,12.0,54.796707147734196,1.563182796399939,100
3,monash_tourism_yearly,chronos-t5,regime_trend,12.0,44.849806750567915,1.5402312007756238,100
3,monash_tourism_yearly,chronos-2,regime_trend,16.0,72.62828232460762,1.5577965577618658,100
3,monash_tourism_yearly,chronos-t5,regime_trend,16.0,58.6929526524948,2.5023843271872312,100
3,monash_tourism_yearly,chronos-2,regime_trend,20.0,95.28550109361983,2.357927064550916,100
3,monash_tourism_yearly,chronos-t5,regime_trend,20.0,75.24062190587777,2.602769653017239,100
3,monash_traffic,chronos-2,clean,0.0,0.8271235376076017,0.2736839843613832,100
3,monash_traffic,chronos-t5,clean,0.0,0.8164206544661762,0.2847577724421275,100
3,monash_traffic,chronos-2,regime_trend,0.5,1.5569640841447632,0.4689493203451869,100
3,monash_traffic,chronos-t5,regime_trend,0.5,1.5704188056603259,0.4843104356896043,100
3,monash_traffic,chronos-2,regime_trend,1.0,2.7603626103533916,0.821018828565227,100
3,monash_traffic,chronos-t5,regime_trend,1.0,2.7033608538475993,0.807749122330611,100
3,monash_traffic,chronos-2,regime_trend,2.0,5.336894587916334,1.600815336914181,100
3,monash_traffic,chronos-t5,regime_trend,2.0,5.087502617887904,1.529846021608464,100
3,monash_traffic,chronos-2,regime_trend,4.0,10.544435578638234,3.094805294211337,100
3,monash_traffic,chronos-t5,regime_trend,4.0,10.199877666863124,2.980048688694093,100
3,monash_traffic,chronos-2,regime_trend,8.0,21.144999678541154,6.301125941381464,100
3,monash_traffic,chronos-t5,regime_trend,8.0,20.881155456019616,6.228532737671437,100
3,monash_traffic,chronos-2,regime_trend,12.0,31.90378698306004,9.556500949920961,100
3,monash_traffic,chronos-t5,regime_trend,12.0,31.66752824152446,9.47904185686724,100
3,monash_traffic,chronos-2,regime_trend,16.0,42.300410961309964,12.595421399253775,100
3,monash_traffic,chronos-t5,regime_trend,16.0,42.16519959904562,12.559293366017663,100
3,monash_traffic,chronos-2,regime_trend,20.0,52.849749491084175,15.798836677443932,100
3,monash_traffic,chronos-t5,regime_trend,20.0,52.666433229803864,15.741471948079699,100
3,monash_weather,chronos-2,clean,0.0,0.9775839384301249,0.12512084985369903,100
3,monash_weather,chronos-t5,clean,0.0,1.0414143068397272,0.14619750074743998,100
3,monash_weather,chronos-2,regime_trend,0.5,1.6087999353555018,0.26440917858606094,100
3,monash_weather,chronos-t5,regime_trend,0.5,1.607154520568653,0.28111806356951263,100
3,monash_weather,chronos-2,regime_trend,1.0,2.627961391253032,0.5018177105053988,100
3,monash_weather,chronos-t5,regime_trend,1.0,2.637429311342008,0.5172596040430085,100
3,monash_weather,chronos-2,regime_trend,2.0,4.894618116653332,1.0358064089658612,100
3,monash_weather,chronos-t5,regime_trend,2.0,4.930618487750873,1.0316933458076731,100
3,monash_weather,chronos-2,regime_trend,4.0,9.59754360851399,2.1459634272947756,100
3,monash_weather,chronos-t5,regime_trend,4.0,9.624668925298353,2.1163804223584584,100
3,monash_weather,chronos-2,regime_trend,8.0,19.24950400972285,4.364920637612105,100
3,monash_weather,chronos-t5,regime_trend,8.0,19.118988964906304,4.331236459622247,100
3,monash_weather,chronos-2,regime_trend,12.0,28.861127406114814,6.558611336445157,100
3,monash_weather,chronos-t5,regime_trend,12.0,28.85036848793515,6.526578159399258,100
3,monash_weather,chronos-2,regime_trend,16.0,38.58461379369801,8.783377949997544,100
3,monash_weather,chronos-t5,regime_trend,16.0,38.8627671356882,8.787457661120232,100
3,monash_weather,chronos-2,regime_trend,20.0,48.23104607668397,11.000841633257554,100
3,monash_weather,chronos-t5,regime_trend,20.0,48.7028992315083,11.013469011196309,100
